f_Hz,teorico_re,teorico_im,"Medido (simplificado, 3 patrones)_re","Medido (simplificado, 3 patrones)_im","Medido (completo, 4 patrones, Automático)_re","Medido (completo, 4 patrones, Automático)_im","Medido (completo, 4 patrones, Clásico)_re","Medido (completo, 4 patrones, Clásico)_im"
100000000.0,18.892340933288118,-5.542610473608728,25.696321718456968,-2.480186674268276,18.89234093328813,-5.542610473608736,18.89234093328813,-5.542610473608736
105000000.0,18.713303752639895,-5.751881288461378,25.583677619934086,-2.767210664193255,18.713303752639842,-5.751881288461367,18.713303752639842,-5.751881288461367
110000000.0,18.529971687304702,-5.952984049101251,25.59257006472995,-2.9698119826241,18.5299716873047,-5.9529840491012465,18.5299716873047,-5.9529840491012465
115000000.0,18.342804364066208,-6.145877044586238,25.498235403679587,-3.1744841302937488,18.342804364066257,-6.1458770445862525,18.342804364066257,-6.1458770445862525
120000000.0,18.152251840445203,-6.330547604478702,25.44538858823701,-3.3517399728683985,18.152251840445217,-6.3305476044787135,18.152251840445217,-6.3305476044787135
125000000.0,17.958752750946473,-6.507010398661679,25.258732657535774,-3.5776736346048943,17.958752750946477,-6.507010398661686,17.958752750946477,-6.507010398661686
130000000.0,17.762732681420562,-6.675305643445125,25.23630884467847,-3.781781561250102,17.762732681420573,-6.675305643445128,17.762732681420573,-6.675305643445128
135000000.0,17.56460276975707,-6.835497241916246,25.130052882189144,-3.9956997458805925,17.564602769757034,-6.83549724191623,17.564602769757034,-6.83549724191623
140000000.0,17.36475852801473,-6.98767088465788,24.998438243643378,-4.228181177598085,17.3647585280147,-6.98767088465787,17.3647585280147,-6.98767088465787
145000000.0,17.163578878422676,-7.131932134853948,24.95037229895293,-4.430734209562831,17.163578878422594,-7.13193213485392,17.163578878422594,-7.13193213485392
150000000.0,16.961425393462807,-7.268404519503966,24.860548391785994,-4.624473959753191,16.961425393462818,-7.268404519503973,16.961425393462818,-7.268404519503973
155000000.0,16.758641728456972,-7.397227646055304,24.739097696969846,-4.830439182825866,16.75864172845696,-7.397227646055302,16.75864172845696,-7.397227646055302
160000000.0,16.555553233715802,-7.518555361300709,24.61414551230436,-4.978148530411654,16.555553233715784,-7.518555361300694,16.555553233715784,-7.518555361300694
165000000.0,16.352466732332218,-7.632553966939499,24.549965734966648,-5.09147173393577,16.352466732332203,-7.6325539669394935,16.352466732332203,-7.6325539669394935
170000000.0,16.149670449088177,-7.739400503814059,24.419391021163513,-5.278847537190826,16.149670449088198,-7.739400503814071,16.149670449088198,-7.739400503814071
175000000.0,15.947434075651017,-7.839281114550227,24.343831188462733,-5.433042908642448,15.94743407565102,-7.839281114550237,15.94743407565102,-7.839281114550237
180000000.0,15.746008957226046,-7.932389492183315,24.21221959003274,-5.661989045445572,15.74600895722606,-7.932389492183326,15.74600895722606,-7.932389492183326
185000000.0,15.545628386064188,-8.01892542036448,24.068368048877634,-5.784478787339101,15.545628386064132,-8.018925420364452,15.545628386064132,-8.018925420364452
190000000.0,15.346507987657626,-8.099093408931546,24.020682639116455,-5.950246394992735,15.346507987657589,-8.099093408931532,15.346507987657589,-8.099093408931532
195000000.0,15.148846186053895,-8.17310142700317,23.922442457329534,-6.091089676087264,15.148846186053923,-8.173101427003177,15.148846186053923,-8.173101427003177
200000000.0,14.952824735444045,-8.24115973431935,23.79960299784954,-6.255053340476955,14.952824735444054,-8.24115973431936,14.952824735444054,-8.24115973431936
205000000.0,14.75860930599985,-8.303479810302878,23.63528104212076,-6.435140030036993,14.758609305999865,-8.303479810302893,14.758609305999865,-8.303479810302893
210000000.0,14.566350112819272,-8.360273379250199,23.569115977589696,-6.609772076504399,14.566350112819295,-8.36027337925021,14.566350112819295,-8.36027337925021
215000000.0,14.37618257776199,-8.411751529167516,23.425742236076147,-6.705600066759545,14.376182577761965,-8.411751529167509,14.376182577761965,-8.411751529167509
220000000.0,14.188228014895415,-8.458123921037833,23.296987943870946,-6.866686232885691,14.188228014895401,-8.458123921037831,14.188228014895401,-8.458123921037831
225000000.0,14.002594331207078,-8.499598084724516,23.191628852642495,-6.991160510215339,14.002594331207119,-8.49959808472454,14.002594331207119,-8.49959808472454
230000000.0,13.819376735155704,-8.536378797272944,23.0918485097033,-7.150713837164554,13.819376735155721,-8.536378797272945,13.819376735155721,-8.536378797272945
235000000.0,13.638658446518448,-8.56866753905017,22.97190031464838,-7.2340284005186355,13.638658446518452,-8.568667539050157,13.638658446518452,-8.568667539050157
240000000.0,13.460511401835342,-8.596662022948653,22.824418231097727,-7.416352245815348,13.460511401835346,-8.59666202294866,13.460511401835346,-8.59666202294866
245000000.0,13.284996950547228,-8.620555791760546,22.72167030497121,-7.471498230131445,13.284996950547217,-8.620555791760545,13.284996950547217,-8.620555791760545
250000000.0,13.11216653766517,-8.640537878790235,22.626139864969566,-7.589939828663143,13.11216653766518,-8.64053787879025,13.11216653766518,-8.64053787879025
255000000.0,12.942062369494211,-8.656792526802453,22.449734458558297,-7.735312114691427,12.9420623694942,-8.656792526802452,12.9420623694942,-8.656792526802452
260000000.0,12.774718059561346,-8.669498960489525,22.354603901167774,-7.792703626843666,12.774718059561366,-8.669498960489534,12.774718059561366,-8.669498960489534
265000000.0,12.610159252466355,-8.678831207774005,22.207163695621684,-7.91214690482249,12.61015925246638,-8.678831207774019,12.61015925246638,-8.678831207774019
270000000.0,12.448404223885497,-8.684957965431863,22.076001519232026,-8.025468768884222,12.44840422388548,-8.684957965431858,12.44840422388548,-8.684957965431858
275000000.0,12.289464455414372,-8.688042504718888,21.963731749197283,-8.160965992017728,12.289464455414372,-8.688042504718897,12.289464455414372,-8.688042504718897
280000000.0,12.13334518333933,-8.688242612900586,21.850809953823862,-8.215522296880781,12.133345183339312,-8.688242612900577,12.133345183339312,-8.688242612900577
285000000.0,11.980045920780183,-8.685710566818083,21.705669565634953,-8.330973711777172,11.980045920780162,-8.685710566818074,11.980045920780162,-8.685710566818074
290000000.0,11.829560952953631,-8.680593134862988,21.58573341399066,-8.427701806639794,11.829560952953663,-8.680593134863008,11.829560952953663,-8.680593134863008
295000000.0,11.681879805570171,-8.673031603978572,21.46545333723606,-8.520691775414418,11.681879805570157,-8.67303160397856,11.681879805570157,-8.67303160397856
300000000.0,11.536987686601272,-8.66316182854895,21.340365370091448,-8.630565906030201,11.536987686601256,-8.663161828548933,11.536987686601256,-8.663161828548933
305000000.0,11.39486590184136,-8.651114298279015,21.21668725794282,-8.69217415262222,11.394865901841346,-8.651114298279008,11.394865901841346,-8.651114298279008
310000000.0,11.255492244844406,-8.63701422240285,21.09229701263543,-8.800117112518835,11.25549224484442,-8.637014222402847,11.25549224484442,-8.637014222402847
315000000.0,11.118841361941088,-8.620981627785557,20.937644415129142,-8.846462964738878,11.118841361941088,-8.620981627785572,11.118841361941088,-8.620981627785572
320000000.0,10.984885093142669,-8.603131468701118,20.825394774654896,-8.931013597200847,10.98488509314269,-8.603131468701134,10.98488509314269,-8.603131468701134
325000000.0,10.853592789814957,-8.583573746275968,20.709940349774275,-9.02129584153694,10.853592789814924,-8.58357374627594,10.853592789814924,-8.58357374627594
330000000.0,10.724931610062923,-8.562413635783578,20.546697766896337,-9.062691585309427,10.724931610062896,-8.56241363578355,10.724931610062896,-8.56241363578355
335000000.0,10.59886679280626,-8.539751620159262,20.436158737921435,-9.177585339079284,10.598866792806245,-8.539751620159251,10.598866792806245,-8.539751620159251
340000000.0,10.475361911550777,-8.515683628276207,20.307746576713793,-9.211589890763761,10.475361911550761,-8.51568362827619,10.475361911550761,-8.51568362827619
345000000.0,10.354379108872282,-8.4903011766834,20.19299088650806,-9.28779711035902,10.354379108872294,-8.49030117668341,10.354379108872294,-8.49030117668341
350000000.0,10.235879312630423,-8.463691513654041,20.060022430087034,-9.34071287913579,10.235879312630397,-8.463691513654027,10.235879312630397,-8.463691513654027
355000000.0,10.119822434921605,-8.435937764529218,19.926770643169803,-9.41108350848066,10.119822434921618,-8.43593776452923,10.119822434921618,-8.43593776452923
360000000.0,10.006167554764232,-8.407119077466696,19.803718516498982,-9.451107872343126,10.006167554764206,-8.407119077466675,10.006167554764206,-8.407119077466675
365000000.0,9.894873085487351,-8.377310768819015,19.678073619446515,-9.522615972391003,9.894873085487367,-8.377310768819022,9.894873085487367,-8.377310768819022
370000000.0,9.785896927766837,-8.3465844674691,19.5980477934959,-9.571737404222375,9.78589692776684,-8.346584467469105,9.78589692776684,-8.346584467469105
375000000.0,9.67919660922228,-8.31500825754622,19.44532261700029,-9.649013201889767,9.679196609222263,-8.315008257546213,9.679196609222263,-8.315008257546213
380000000.0,9.574729411453877,-8.282646819030441,19.311246151900637,-9.671442145025754,9.574729411453891,-8.282646819030457,9.574729411453891,-8.282646819030457
385000000.0,9.472452485362734,-8.24956156583078,19.179164731777565,-9.725642830769736,9.472452485362709,-8.249561565830762,9.472452485362709,-8.249561565830762
390000000.0,9.372322955560497,-8.21581078099132,19.065408953732334,-9.74770264992301,9.372322955560502,-8.215810780991339,9.372322955560502,-8.215810780991339
395000000.0,9.274298014635999,-8.181449748741441,18.950120245565067,-9.807802841845602,9.274298014635981,-8.181449748741423,9.274298014635981,-8.181449748741423
400000000.0,9.178335008008048,-8.146530883161375,18.828682038037527,-9.847554068223676,9.178335008008045,-8.146530883161365,9.178335008008045,-8.146530883161365
405000000.0,9.08439151005489,-8.111103853283328,18.709503827006287,-9.923164311167138,9.084391510054884,-8.111103853283328,9.084391510054884,-8.111103853283328
410000000.0,8.99242539217283,-8.07521570449159,18.586981726319202,-9.956743054282313,8.992425392172835,-8.075215704491596,8.992425392172835,-8.075215704491596
415000000.0,8.902394883378953,-8.0389109761233,18.471596039662817,-9.979689724898494,8.902394883378935,-8.038910976123297,8.902394883378935,-8.038910976123297
420000000.0,8.814258624036544,-8.002231815204953,18.33418060699859,-9.998529901953733,8.814258624036531,-8.002231815204949,8.814258624036531,-8.002231815204949
425000000.0,8.727975713246211,-7.965218086288876,18.207847991686048,-10.05578618740401,8.727975713246213,-7.965218086288882,8.727975713246213,-7.965218086288882
430000000.0,8.643505750411641,-7.927907477379345,18.10815725533207,-10.081712734399343,8.643505750411636,-7.927907477379341,8.643505750411636,-7.927907477379341
435000000.0,8.560808871456008,-7.890335601959803,17.985989132716668,-10.111540650538297,8.560808871455999,-7.890335601959794,8.560808871455999,-7.890335601959794
440000000.0,8.479845780133626,-7.852536097151451,17.86931820439016,-10.139823463671926,8.47984578013364,-7.852536097151464,8.47984578013364,-7.852536097151464
445000000.0,8.400577774851344,-7.814540718049475,17.752944430925897,-10.166705919437248,8.400577774851353,-7.814540718049487,8.400577774851353,-7.814540718049487
450000000.0,8.322966771385726,-7.776379428296552,17.63968417437014,-10.187690781234787,8.322966771385715,-7.776379428296547,8.322966771385715,-7.776379428296547
455000000.0,8.246975321854874,-7.738080486964634,17.537577070541644,-10.210010088379287,8.246975321854874,-7.738080486964642,8.246975321854874,-7.738080486964642
460000000.0,8.172566630278194,-7.699670531825169,17.409136482689195,-10.23178889696934,8.172566630278192,-7.699670531825167,8.172566630278192,-7.699670531825167
465000000.0,8.099704565033157,-7.661174659095513,17.31184295664339,-10.268179380930205,8.099704565033154,-7.661174659095509,8.099704565033154,-7.661174659095509
470000000.0,8.028353668495354,-7.622616499755205,17.190063590525533,-10.276680262557967,8.028353668495356,-7.622616499755213,8.028353668495356,-7.622616499755213
475000000.0,7.958479164126733,-7.584018292530393,17.07314891843685,-10.279220570639517,7.958479164126713,-7.584018292530382,7.958479164126713,-7.584018292530382
480000000.0,7.8900469612567266,-7.545400953648111,16.967638539250213,-10.312547253953403,7.890046961256716,-7.545400953648091,7.890046961256716,-7.545400953648091
485000000.0,7.823023657782241,-7.5067841434644755,16.860412280028612,-10.343331397951516,7.823023657782233,-7.506784143464471,7.823023657782233,-7.506784143464471
490000000.0,7.757376540994814,-7.468186330072335,16.761147734098554,-10.350841858404646,7.757376540994828,-7.468186330072355,7.757376540994828,-7.468186330072355
495000000.0,7.693073586726776,-7.4296248499946005,16.654426778034683,-10.37283074722972,7.693073586726765,-7.4296248499945925,7.693073586726765,-7.4296248499945925
500000000.0,7.630083456992943,-7.391115966069417,16.535653079446977,-10.390677213955007,7.630083456992939,-7.391115966069409,7.630083456992939,-7.391115966069409
505000000.0,7.568375496290066,-7.352674922632898,16.436071990443754,-10.397362342476466,7.568375496290035,-7.352674922632882,7.568375496290035,-7.352674922632882
510000000.0,7.507919726702932,-7.314315998103936,16.324370771073692,-10.405132960848414,7.507919726702924,-7.314315998103931,7.507919726702924,-7.314315998103931
515000000.0,7.448686841953702,-7.2760525550742425,16.232835530119292,-10.421675009366098,7.44868684195369,-7.276052555074234,7.44868684195369,-7.276052555074234
520000000.0,7.3906482005195455,-7.237897088004877,16.135459974407983,-10.429445821940922,7.390648200519538,-7.237897088004873,7.390648200519538,-7.237897088004873
525000000.0,7.333775817933024,-7.199861268628452,16.036857623568373,-10.415798255450653,7.333775817933029,-7.199861268628458,7.333775817933029,-7.199861268628458
530000000.0,7.27804235836982,-7.161955989153886,15.925319985432253,-10.432650715852233,7.278042358369824,-7.16195598915389,7.278042358369824,-7.16195598915389
535000000.0,7.223421125619271,-7.124191403368009,15.806369930534334,-10.433588500448653,7.223421125619274,-7.124191403368018,7.223421125619274,-7.124191403368018
540000000.0,7.16988605352471,-7.086576965725705,15.711171577801068,-10.445026313823966,7.1698860535247055,-7.086576965725702,7.1698860535247055,-7.086576965725702
545000000.0,7.117411695972904,-7.049121468517496,15.624808680975596,-10.451685566485457,7.117411695972916,-7.049121468517511,7.117411695972916,-7.049121468517511
550000000.0,7.065973216504574,-7.011833077200646,15.536733985952184,-10.440160799220779,7.0659732165045765,-7.0118330772006425,7.0659732165045765,-7.0118330772006425
555000000.0,7.0155463776114235,-6.97471936397691,15.441093494978833,-10.449768001467742,7.015546377611421,-6.974719363976911,7.015546377611421,-6.974719363976911
560000000.0,6.966107529778985,-6.937787339697242,15.33051125816982,-10.448139301925043,6.966107529778986,-6.937787339697243,6.966107529778986,-6.937787339697243
565000000.0,6.917633600328909,-6.901043484170755,15.250280695185554,-10.444547214503789,6.9176336003289025,-6.9010434841707475,6.9176336003289025,-6.9010434841707475
570000000.0,6.870102082109206,-6.864493774952363,15.147670193984203,-10.452932948007165,6.870102082109194,-6.864493774952359,6.870102082109194,-6.864493774952359
575000000.0,6.823491022076142,-6.828143714680669,15.061745867376693,-10.436245543941174,6.823491022076122,-6.828143714680656,6.823491022076122,-6.828143714680656
580000000.0,6.777779009807152,-6.791998357034757,14.971426347022051,-10.438328117812778,6.777779009807147,-6.791998357034751,6.777779009807147,-6.791998357034751
585000000.0,6.732945165980075,-6.756062331375814,14.872331240799495,-10.435522299385147,6.732945165980073,-6.756062331375808,6.732945165980073,-6.756062331375808
590000000.0,6.6889691308504045,-6.720339866136743,14.773835994792156,-10.438159345399638,6.688969130850411,-6.720339866136741,6.688969130850411,-6.720339866136741
595000000.0,6.645831052754762,-6.684834811020221,14.691260679678042,-10.43277997332201,6.645831052754777,-6.684834811020234,6.645831052754777,-6.684834811020234
600000000.0,6.603511576665866,-6.64955065806313,14.598927680751695,-10.424025562809474,6.603511576665861,-6.649550658063119,6.603511576665861,-6.649550658063119
605000000.0,6.561991832821301,-6.614490561622643,14.522142338227432,-10.415836810370097,6.561991832821294,-6.614490561622635,6.561991832821294,-6.614490561622635
610000000.0,6.521253425445857,-6.579657357336913,14.454069165924807,-10.419479591337737,6.521253425445857,-6.579657357336907,6.521253425445857,-6.579657357336907
615000000.0,6.481278421584939,-6.545053580110838,14.3386887129884,-10.416502191804794,6.481278421584949,-6.545053580110843,6.481278421584949,-6.545053580110843
620000000.0,6.442049340064224,-6.510681481175117,14.264197463388843,-10.389613339731985,6.442049340064218,-6.510681481175114,6.442049340064218,-6.510681481175114
625000000.0,6.403549140588947,-6.476543044264613,14.184901552543737,-10.399736469312792,6.4035491405889315,-6.476543044264604,6.4035491405889315,-6.476543044264604
630000000.0,6.365761212994318,-6.44264000095986,14.086762080309652,-10.388985576330281,6.365761212994327,-6.4426400009598686,6.365761212994327,-6.4426400009598686
635000000.0,6.328669366656971,-6.4089738452335245,14.01669349345162,-10.378556584207612,6.328669366656988,-6.408973845233541,6.328669366656988,-6.408973845233541
640000000.0,6.2922578200758865,-6.375545847241667,13.945434860453794,-10.370830026856988,6.292257820075881,-6.375545847241666,6.292257820075881,-6.375545847241666
645000000.0,6.256511190629885,-6.342357066397697,13.8684076460172,-10.35262963584718,6.256511190629881,-6.342357066397692,6.256511190629881,-6.342357066397692
650000000.0,6.221414484517564,-6.3094083637652005,13.783177403056373,-10.349184345305947,6.221414484517551,-6.309408363765189,6.221414484517551,-6.309408363765189
655000000.0,6.186953086884478,-6.276700413803944,13.699873836701455,-10.33070137693014,6.186953086884483,-6.276700413803943,6.186953086884483,-6.276700413803943
660000000.0,6.15311275214134,-6.244233715501804,13.62338520943998,-10.315535639473312,6.153112752141341,-6.244233715501806,6.153112752141341,-6.244233715501806
665000000.0,6.119879594476179,-6.212008602923737,13.556020725259097,-10.2957042282064,6.119879594476175,-6.212008602923731,6.119879594476175,-6.212008602923731
670000000.0,6.087240078562518,-6.180025255207329,13.466725297761942,-10.300032499098252,6.087240078562539,-6.180025255207344,6.087240078562539,-6.180025255207344
675000000.0,6.0551810104649855,-6.148283706033122,13.400902186745956,-10.28716529336888,6.055181010464983,-6.148283706033119,6.055181010464983,-6.148283706033119
680000000.0,6.023689528743061,-6.116783852596378,13.324026397971396,-10.270201705836833,6.0236895287430645,-6.116783852596377,6.0236895287430645,-6.116783852596377
685000000.0,5.992753095753132,-6.085525464105772,13.2589689978559,-10.266961811764462,5.992753095753121,-6.085525464105764,5.992753095753121,-6.085525464105764
690000000.0,5.962359489148467,-6.054508189833083,13.189320238246022,-10.25683362296799,5.962359489148465,-6.054508189833078,5.962359489148465,-6.054508189833078
695000000.0,5.932496793576319,-6.023731566736875,13.104516240264221,-10.240150978121056,5.932496793576322,-6.023731566736881,5.932496793576322,-6.023731566736881
700000000.0,5.903153392570884,-5.993195026681945,13.0313859133749,-10.216157171146095,5.903153392570882,-5.9931950266819385,5.903153392570882,-5.9931950266819385
705000000.0,5.874317960640549,-5.962897903275204,12.966826881119784,-10.201381272823792,5.874317960640551,-5.9628979032752,5.874317960640551,-5.9628979032752
710000000.0,5.845979455547516,-5.932839438337695,12.898989834982025,-10.182291380829183,5.845979455547506,-5.932839438337687,5.845979455547506,-5.932839438337687
715000000.0,5.818127110777603,-5.903018788031354,12.826830867981167,-10.166876615221131,5.818127110777593,-5.903018788031346,5.818127110777593,-5.903018788031346
720000000.0,5.790750428197797,-5.8734350286582755,12.776541224348744,-10.162968607803677,5.790750428197795,-5.873435028658276,5.790750428197795,-5.873435028658276
725000000.0,5.763839170898944,-5.84408716214927,12.702272559108676,-10.149093735765726,5.763839170898939,-5.844087162149268,5.763839170898939,-5.844087162149268
730000000.0,5.7373833562207,-5.814974121257696,12.61477011412073,-10.124146490869556,5.737383356220681,-5.8149741212576815,5.737383356220681,-5.8149741212576815
735000000.0,5.711373248955862,-5.786094774473717,12.562970800502182,-10.108934038650997,5.711373248955863,-5.786094774473719,5.711373248955863,-5.786094774473719
740000000.0,5.685799354730884,-5.757447930673357,12.493557984937564,-10.104531929842707,5.685799354730868,-5.757447930673346,5.685799354730868,-5.757447930673346
745000000.0,5.660652413559449,-5.729032343516031,12.430542468312973,-10.080349060859257,5.66065241355945,-5.729032343516031,5.66065241355945,-5.729032343516031
750000000.0,5.635923393565767,-5.700846715603459,12.367251625978328,-10.055744482879767,5.635923393565763,-5.700846715603455,5.635923393565763,-5.700846715603455
755000000.0,5.6116034848742595,-5.6728897024123075,12.298675298951691,-10.045486795998826,5.611603484874249,-5.672889702412299,5.611603484874249,-5.672889702412299
760000000.0,5.587684093662201,-5.645159916012183,12.242878710543822,-10.021738686323445,5.587684093662202,-5.6451599160121795,5.587684093662202,-5.6451599160121795
765000000.0,5.564156836371891,-5.617655928580074,12.188326711111888,-9.99380997356303,5.564156836371888,-5.6176559285800725,5.564156836371888,-5.6176559285800725
770000000.0,5.541013534078864,-5.590376275721718,12.118093019159982,-9.977858939403145,5.541013534078862,-5.590376275721725,5.541013534078862,-5.590376275721725
775000000.0,5.518246207012668,-5.563319459609883,12.05613298623855,-9.963418769421997,5.518246207012659,-5.563319459609879,5.518246207012659,-5.563319459609879
780000000.0,5.495847069226712,-5.536483951949001,11.992799495232862,-9.925474277166023,5.495847069226726,-5.536483951949013,5.495847069226726,-5.536483951949013
785000000.0,5.473808523413706,-5.509868196775131,11.944071332509324,-9.925726444375526,5.473808523413704,-5.50986819677513,5.473808523413704,-5.50986819677513
790000000.0,5.4521231558632275,-5.48347061309976,11.874391752575699,-9.906164533435224,5.45212315586321,-5.483470613099746,5.45212315586321,-5.483470613099746
795000000.0,5.43078373155797,-5.4572895974055236,11.821788547318333,-9.879667191902064,5.430783731557959,-5.457289597405517,5.430783731557959,-5.457289597405517
800000000.0,5.409783189405256,-5.431323526001486,11.759216226462556,-9.867041573334959,5.409783189405251,-5.431323526001486,5.409783189405251,-5.431323526001486
805000000.0,5.389114637600445,-5.405570757245288,11.707853204172276,-9.848026632320051,5.3891146376004535,-5.405570757245297,5.3891146376004535,-5.405570757245297
810000000.0,5.3687713491188775,-5.380029633639011,11.647403887176033,-9.827651187748401,5.368771349118877,-5.380029633639012,5.368771349118877,-5.380029633639012
815000000.0,5.348746757333083,-5.354698483805339,11.584420291256407,-9.799731898685566,5.348746757333086,-5.354698483805345,5.348746757333086,-5.354698483805345
820000000.0,5.329034451751971,-5.329575624350197,11.539950410870906,-9.782997723620042,5.32903445175198,-5.329575624350201,5.32903445175198,-5.329575624350201
825000000.0,5.309628173878841,-5.304659361617786,11.477501158484717,-9.767216904735125,5.309628173878837,-5.304659361617779,5.309628173878837,-5.304659361617779
830000000.0,5.290521813185046,-5.279947993343573,11.427543193327233,-9.745399963077679,5.290521813185055,-5.279947993343584,5.290521813185055,-5.279947993343584
835000000.0,5.2717094031962155,-5.255439810210539,11.360115478716102,-9.703949071721555,5.271709403196231,-5.255439810210555,5.271709403196231,-5.255439810210555
840000000.0,5.253185117688026,-5.231133097313758,11.328586209937779,-9.690476404404574,5.253185117688025,-5.231133097313755,5.253185117688025,-5.231133097313755
845000000.0,5.234943266988532,-5.207026135538011,11.269189381497075,-9.665066055156037,5.234943266988536,-5.2070261355380065,5.234943266988536,-5.2070261355380065
850000000.0,5.21697829438415,-5.183117202853032,11.213254015981194,-9.648203717421588,5.216978294384143,-5.183117202853032,5.216978294384143,-5.183117202853032
855000000.0,5.19928477262644,-5.15940457553062,11.170162078548493,-9.62789112061301,5.199284772626431,-5.159404575530621,5.199284772626431,-5.159404575530621
860000000.0,5.181857400536905,-5.135886529287752,11.111091520664203,-9.611281823429263,5.181857400536896,-5.135886529287743,5.181857400536896,-5.135886529287743
865000000.0,5.164690999707073,-5.11256134035952,11.06295951467488,-9.578372160753739,5.164690999707073,-5.1125613403595205,5.164690999707073,-5.1125613403595205
870000000.0,5.147780511291193,-5.0894272865055905,11.019816908590341,-9.555077725769227,5.147780511291201,-5.0894272865055985,5.147780511291201,-5.0894272865055985
875000000.0,5.131120992888967,-5.066482647953656,10.97310557238412,-9.533307449562962,5.131120992888971,-5.066482647953664,5.131120992888971,-5.066482647953664
880000000.0,5.114707615515734,-5.04372570828319,10.914072347200836,-9.512476200725002,5.1147076155157345,-5.043725708283197,5.1147076155157345,-5.043725708283197
885000000.0,5.098535660657678,-5.021154755252634,10.87202106961946,-9.492098858390072,5.098535660657671,-5.02115475525262,5.098535660657671,-5.02115475525262
890000000.0,5.082600517409615,-4.998768081573014,10.81748143621129,-9.470272184520155,5.082600517409622,-4.9987680815730124,5.082600517409622,-4.9987680815730124
895000000.0,5.0668976796929925,-4.976563985630776,10.77046506248997,-9.452932162308272,5.066897679692995,-4.976563985630778,5.066897679692995,-4.976563985630778
900000000.0,5.051422743551852,-4.95454077216256,10.723831034030841,-9.423836451493514,5.051422743551856,-4.954540772162565,5.051422743551856,-4.954540772162565
905000000.0,5.036171404524456,-4.932696752884418,10.68446258377121,-9.398360253789587,5.036171404524452,-4.9326967528844134,5.036171404524452,-4.9326967528844134
910000000.0,5.02113945508847,-4.911030247077927,10.636601748060126,-9.377158956890188,5.021139455088465,-4.911030247077919,5.021139455088465,-4.911030247077919
915000000.0,5.00632278217752,-4.889539582135462,10.58239894689535,-9.359842038629965,5.006322782177524,-4.889539582135465,5.006322782177524,-4.889539582135465
920000000.0,4.991717364767108,-4.868223094066803,10.553754021031367,-9.341170192938304,4.991717364767095,-4.868223094066794,4.991717364767095,-4.868223094066794
925000000.0,4.977319271527856,-4.847079127969165,10.495486474740181,-9.309853787404142,4.977319271527865,-4.847079127969174,4.977319271527865,-4.847079127969174
930000000.0,4.963124658544137,-4.826106038462576,10.459068991727928,-9.28980704468662,4.963124658544141,-4.826106038462574,4.963124658544141,-4.826106038462574
935000000.0,4.949129767096189,-4.805302190092489,10.416497501441473,-9.270405563971973,4.949129767096195,-4.805302190092491,4.949129767096195,-4.805302190092491
940000000.0,4.93533092150388,-4.784665957701368,10.375606340980548,-9.244755673790374,4.93533092150388,-4.784665957701367,4.93533092150388,-4.784665957701367
945000000.0,4.921724527030314,-4.764195726770948,10.333271527291933,-9.229834693852794,4.921724527030315,-4.764195726770952,4.921724527030315,-4.764195726770952
950000000.0,4.908307067843559,-4.74388989373673,10.282917133032127,-9.204076926045365,4.9083070678435625,-4.74388989373673,4.9083070678435625,-4.74388989373673
955000000.0,4.895075105034775,-4.723746866276248,10.247496177998162,-9.171741023717749,4.8950751050347865,-4.723746866276258,4.8950751050347865,-4.723746866276258
960000000.0,4.882025274691136,-4.703765063572509,10.200063475152188,-9.151066078997621,4.882025274691134,-4.703765063572509,4.882025274691134,-4.703765063572509
965000000.0,4.869154286021907,-4.683942916553988,10.155261522438352,-9.13588719933808,4.869154286021921,-4.683942916553996,4.869154286021921,-4.683942916553996
970000000.0,4.85645891953616,-4.66427886811246,10.110154143056949,-9.108615486013747,4.856458919536156,-4.6642788681124605,4.856458919536156,-4.6642788681124605
975000000.0,4.843936025270609,-4.644771373299879,10.077088324958181,-9.092873191994348,4.843936025270608,-4.644771373299878,4.843936025270608,-4.644771373299878
980000000.0,4.831582521066097,-4.625418899505498,10.032492660357143,-9.060174630075668,4.831582521066091,-4.6254188995055,4.831582521066091,-4.6254188995055
985000000.0,4.8193953908913265,-4.606219926614285,9.991778218032605,-9.023907081563998,4.819395390891324,-4.606219926614281,4.819395390891324,-4.606219926614281
990000000.0,4.807371683212452,-4.5871729471477245,9.952880574529361,-9.01713348664862,4.807371683212461,-4.587172947147729,4.807371683212461,-4.587172947147729
995000000.0,4.795508509407195,-4.568276466387975,9.907721891948048,-8.99276389879592,4.795508509407204,-4.568276466387978,4.795508509407204,-4.568276466387978
1000000000.0,4.783803042222188,-4.5495290024863255,9.867762189264408,-8.986269324833184,4.78380304222218,-4.549529002486323,4.78380304222218,-4.549529002486323
1005000000.0,4.772252514272285,-4.5309290865568475,9.83975526586906,-8.951813932309369,4.772252514272287,-4.530929086556848,4.772252514272287,-4.530929086556848
1010000000.0,4.760854216580617,-4.5124752627560945,9.793161480724352,-8.929685008598282,4.760854216580621,-4.512475262756102,4.760854216580621,-4.512475262756102
1015000000.0,4.749605497158214,-4.494166088349645,9.761994749363103,-8.906798857342517,4.749605497158213,-4.494166088349641,4.749605497158213,-4.494166088349641
1020000000.0,4.738503759622034,-4.476000133766259,9.711801663841229,-8.898069648158803,4.738503759622035,-4.476000133766259,4.738503759622035,-4.476000133766259
1025000000.0,4.727546461850287,-4.457975982640377,9.675117843830398,-8.869779586544634,4.727546461850283,-4.4579759826403755,4.727546461850283,-4.4579759826403755
1030000000.0,4.716731114673967,-4.440092231843628,9.647994813632335,-8.837755558180271,4.716731114673973,-4.440092231843634,4.716731114673973,-4.440092231843634
1035000000.0,4.70605528060356,-4.422347491506032,9.608352827379317,-8.818881341234144,4.706055280603552,-4.422347491506022,4.706055280603552,-4.422347491506022
1040000000.0,4.69551657258988,-4.404740385027482,9.578866729719069,-8.791883187184967,4.695516572589885,-4.404740385027486,4.695516572589885,-4.404740385027486
1045000000.0,4.6851126528180735,-4.387269549080118,9.544118491168273,-8.783339039666664,4.685112652818092,-4.387269549080134,4.685112652818092,-4.387269549080134
1050000000.0,4.674841231533812,-4.369933633602133,9.501870112393739,-8.743097385387355,4.674841231533812,-4.369933633602137,4.674841231533812,-4.369933633602137
1055000000.0,4.664700065900765,-4.352731301783549,9.473126930772647,-8.71993234763451,4.6647000659007585,-4.3527313017835425,4.6647000659007585,-4.3527313017835425
1060000000.0,4.654686958888419,-4.33566123004446,9.433565405338392,-8.705658751262133,4.654686958888412,-4.335661230044452,4.654686958888412,-4.335661230044452
1065000000.0,4.644799758189419,-4.318722108006216,9.398365170048846,-8.686053929835591,4.644799758189413,-4.31872210800621,4.644799758189413,-4.31872210800621
1070000000.0,4.635036355165517,-4.301912638456002,9.360758585062372,-8.664823185481435,4.635036355165524,-4.3019126384560105,4.635036355165524,-4.3019126384560105
1075000000.0,4.625394683821378,-4.28523153730523,9.334264133677712,-8.637967965619394,4.625394683821377,-4.285231537305229,4.625394683821377,-4.285231537305229
1080000000.0,4.615872719805386,-4.268677533542172,9.30127785893491,-8.617079525473173,4.615872719805378,-4.268677533542167,4.615872719805378,-4.268677533542167
1085000000.0,4.606468479436705,-4.252249369179179,9.268941919138532,-8.59910237056602,4.606468479436699,-4.252249369179176,4.606468479436699,-4.252249369179176
1090000000.0,4.597180018757848,-4.235945799194892,9.23863472882593,-8.579310264116057,4.597180018757838,-4.235945799194883,4.597180018757838,-4.235945799194883
1095000000.0,4.588005432612009,-4.219765591471761,9.19564593851841,-8.562974705466136,4.588005432612007,-4.21976559147176,4.588005432612007,-4.21976559147176
1100000000.0,4.578942853744462,-4.203707526729207,9.173550075215413,-8.5249700310337,4.578942853744473,-4.203707526729212,4.578942853744473,-4.203707526729212
1105000000.0,4.569990451927344,-4.18777039845274,9.126712027163416,-8.503432280754462,4.569990451927352,-4.187770398452741,4.569990451927352,-4.187770398452741
1110000000.0,4.561146433107156,-4.17195301281933,9.092105930711456,-8.483337228481606,4.561146433107142,-4.171953012819316,4.561146433107142,-4.171953012819316
1115000000.0,4.5524090385743285,-4.156254188619285,9.069763842459105,-8.469654568777832,4.552409038574322,-4.15625418861928,4.552409038574322,-4.15625418861928
1120000000.0,4.543776544154249,-4.140672757174942,9.03903591216518,-8.447049818396698,4.543776544154246,-4.140672757174941,4.543776544154246,-4.140672757174941
1125000000.0,4.535247259419121,-4.1252075622563655,9.005909134468787,-8.422309536064803,4.535247259419118,-4.125207562256364,4.535247259419118,-4.125207562256364
1130000000.0,4.52681952692008,-4.109857459994354,8.975689713526902,-8.404718451688067,4.526819526920077,-4.109857459994352,4.526819526920077,-4.109857459994352
1135000000.0,4.518491721438998,-4.0946213187908995,8.950854740090643,-8.378330998436395,4.5184917214389975,-4.0946213187908995,4.5184917214389975,-4.0946213187908995
1140000000.0,4.510262249259416,-4.079498019227401,8.915384379888424,-8.363374369440287,4.510262249259418,-4.079498019227407,4.510262249259418,-4.079498019227407
1145000000.0,4.50212954745607,-4.064486453970744,8.88764382410435,-8.343407921284774,4.502129547456064,-4.064486453970745,4.502129547456064,-4.064486453970745
1150000000.0,4.494092083202497,-4.049585527677502,8.853074708334479,-8.31162614110238,4.494092083202505,-4.049585527677503,4.494092083202505,-4.049585527677503
1155000000.0,4.4861483530962065,-4.034794156896405,8.830223074318791,-8.299132527394715,4.486148353096199,-4.034794156896397,4.486148353096199,-4.034794156896397
1160000000.0,4.478296882500932,-4.020111269969247,8.799394948010644,-8.264854484946218,4.47829688250093,-4.020111269969243,4.47829688250093,-4.020111269969243
1165000000.0,4.4705362249054925,-4.005535806930408,8.77631808267932,-8.25177111183141,4.470536224905494,-4.005535806930408,4.470536224905494,-4.005535806930408
1170000000.0,4.462864961298789,-3.9910667194051177,8.7430259833248,-8.236803469177476,4.462864961298792,-3.9910667194051226,4.462864961298792,-3.9910667194051226
1175000000.0,4.455281699560508,-3.9767029705066292,8.715803013349234,-8.207722990836123,4.455281699560502,-3.9767029705066244,4.455281699560502,-3.9767029705066244
1180000000.0,4.4477850738670766,-3.962443534732411,8.692739198388793,-8.190824136743263,4.447785073867077,-3.9624435347324085,4.447785073867077,-3.9624435347324085
1185000000.0,4.440373744112469,-3.948287397859512,8.663809851234983,-8.16999856312259,4.44037374411246,-3.9482873978595046,4.44037374411246,-3.9482873978595046
1190000000.0,4.4330463953434425,-3.9342335568391933,8.637002035890218,-8.140071957114504,4.433046395343437,-3.9342335568391897,4.433046395343437,-3.9342335568391897
1195000000.0,4.425801737208804,-3.9202810196909548,8.614022519761999,-8.130042851300653,4.4258017372088005,-3.920281019690949,4.4258017372088005,-3.920281019690949
1200000000.0,4.41863850342234,-3.9064288053960663,8.587330898252928,-8.104869946847161,4.418638503422347,-3.9064288053960703,4.418638503422347,-3.9064288053960703
1205000000.0,4.4115554512390105,-3.8926759437906866,8.556292877844037,-8.074007671889472,4.41155545123901,-3.8926759437906857,4.41155545123901,-3.8926759437906857
1210000000.0,4.404551360944073,-3.8790214754586843,8.535708624696953,-8.05893957325294,4.404551360944079,-3.87902147545869,4.404551360944079,-3.87902147545869
1215000000.0,4.397625035354761,-3.8654644516242365,8.509007415712869,-8.040493344338794,4.397625035354758,-3.865464451624232,4.397625035354758,-3.865464451624232
1220000000.0,4.390775299334184,-3.852003934044293,8.490239953650105,-8.02612247276478,4.39077529933419,-3.852003934044297,4.39077529933419,-3.852003934044297
1225000000.0,4.38400099931713,-3.8386389949009927,8.464680160573877,-8.002894077800509,4.384000999317131,-3.8386389949009905,4.384000999317131,-3.8386389949009905
1230000000.0,4.37730100284742,-3.8253687166940824,8.451792569206463,-7.9845917415647385,4.377301002847414,-3.825368716694076,4.377301002847414,-3.825368716694076
1235000000.0,4.370674198126541,-3.812192192133443,8.42676711470678,-7.957625466286482,4.370674198126526,-3.8121921921334327,4.370674198126526,-3.8121921921334327
1240000000.0,4.36411949357321,-3.799108524031759,8.39936963299091,-7.948635209470371,4.364119493573206,-3.799108524031758,4.364119493573206,-3.799108524031758
1245000000.0,4.357635817393618,-3.7861168251973965,8.387673469707856,-7.929132125437447,4.3576358173936,-3.786116825197387,4.3576358173936,-3.786116825197387
1250000000.0,4.35122211716203,-3.773216218327571,8.370306787621562,-7.899106970528674,4.351222117162028,-3.7732162183275673,4.351222117162028,-3.7732162183275673
1255000000.0,4.344877359411502,-3.7604058359018224,8.33925093523819,-7.89018046683227,4.344877359411498,-3.760405835901818,4.344877359411498,-3.760405835901818
1260000000.0,4.338600529234401,-3.747684820075878,8.316551988246209,-7.871586754304681,4.338600529234393,-3.7476848200758743,4.338600529234393,-3.7476848200758743
1265000000.0,4.332390629892512,-3.735052322575931,8.289474090433464,-7.854400254452561,4.332390629892521,-3.735052322575937,4.332390629892521,-3.735052322575937
1270000000.0,4.326246682436442,-3.7225075045933895,8.270293321042825,-7.832497158551836,4.326246682436434,-3.722507504593386,4.326246682436434,-3.722507504593386
1275000000.0,4.3201677253340955,-3.7100495366801334,8.25096943668023,-7.827382729301726,4.320167725334088,-3.7100495366801294,4.320167725334088,-3.7100495366801294
1280000000.0,4.314152814107972,-3.697677598644306,8.22270414742635,-7.809628228620976,4.314152814107966,-3.6976775986443005,4.314152814107966,-3.6976775986443005
1285000000.0,4.308201020981059,-3.6853908794467087,8.196850523177158,-7.790218986029942,4.308201020981039,-3.6853908794466967,4.308201020981039,-3.6853908794466967
1290000000.0,4.302311434531085,-3.673188577097782,8.169551331310096,-7.765432876442811,4.3023114345310844,-3.673188577097782,4.3023114345310844,-3.673188577097782
1295000000.0,4.296483159352927,-3.66106989855525,8.148316324716323,-7.75135459204425,4.296483159352929,-3.661069898555251,4.296483159352929,-3.661069898555251
1300000000.0,4.29071531572894,-3.6490340596224273,8.128678578495515,-7.74019112495216,4.29071531572893,-3.6490340596224216,4.29071531572893,-3.6490340596224216
1305000000.0,4.285007039307031,-3.637080284847228,8.100415514056255,-7.712811948662713,4.285007039307025,-3.6370802848472246,4.285007039307025,-3.6370802848472246
1310000000.0,4.279357480786233,-3.6252078074218916,8.082942832048763,-7.710279084307696,4.27935748078623,-3.625207807421888,4.27935748078623,-3.625207807421888
1315000000.0,4.27376580560963,-3.613415869083458,8.052544213996914,-7.686617440736048,4.273765805609638,-3.61341586908346,4.273765805609638,-3.61341586908346
1320000000.0,4.2682311936644055,-3.601703720015005,8.043041679069228,-7.6673184051062515,4.2682311936644055,-3.601703720015006,4.2682311936644055,-3.601703720015006
1325000000.0,4.262752838988856,-3.590070618747663,8.01546519884977,-7.648927516006903,4.262752838988859,-3.590070618747665,4.262752838988859,-3.590070618747665
1330000000.0,4.257329949486173,-3.5785158320634416,7.988810587813981,-7.635474912879008,4.257329949486169,-3.578515832063438,4.257329949486169,-3.578515832063438
1335000000.0,4.251961746644821,-3.5670386348988474,7.97991103976205,-7.610768455908478,4.251961746644833,-3.5670386348988536,4.251961746644833,-3.5670386348988536
1340000000.0,4.246647465265361,-3.555638310249359,7.94953287519537,-7.58168271281978,4.246647465265361,-3.5556383102493596,4.246647465265361,-3.5556383102493596
1345000000.0,4.241386353193521,-3.5443141490747214,7.928499339090301,-7.5803854069167445,4.241386353193519,-3.5443141490747223,4.241386353193519,-3.5443141490747223
1350000000.0,4.236177671059389,-3.533065450205097,7.905368544679863,-7.551251679220361,4.236177671059382,-3.5330654502050947,4.236177671059382,-3.5330654502050947
1355000000.0,4.231020692022543,-3.5218915202480843,7.885003814115732,-7.53473467613302,4.231020692022544,-3.521891520248086,4.231020692022544,-3.521891520248086
1360000000.0,4.225914701522988,-3.510791673496595,7.861723425283131,-7.512896246363154,4.225914701522988,-3.5107916734965925,4.225914701522988,-3.5107916734965925
1365000000.0,4.220858997037738,-3.499765231837626,7.849828766432337,-7.497164764403312,4.220858997037721,-3.499765231837615,4.220858997037721,-3.499765231837615
1370000000.0,4.2158528878429165,-3.488811524661895,7.829886336834959,-7.464078390774333,4.215852887842917,-3.4888115246618914,4.215852887842917,-3.4888115246618914
1375000000.0,4.210895694781209,-3.4779298887743795,7.807470735761551,-7.452556379284429,4.210895694781214,-3.4779298887743852,4.210895694781214,-3.4779298887743852
1380000000.0,4.2059867500345725,-3.4671196683057506,7.792034887121305,-7.43532821318716,4.20598675003458,-3.4671196683057572,4.20598675003458,-3.4671196683057572
1385000000.0,4.2011253969020235,-3.456380214624692,7.77037544169916,-7.416250392517626,4.201125396902026,-3.4563802146246974,4.201125396902026,-3.4563802146246974
1390000000.0,4.196310989582421,-3.4457108862511383,7.751506174399907,-7.3955936640139885,4.196310989582415,-3.445710886251135,4.196310989582415,-3.445710886251135
1395000000.0,4.191542892962081,-3.435111048770395,7.729690092838281,-7.383959861128207,4.191542892962083,-3.4351110487703944,4.191542892962083,-3.4351110487703944
1400000000.0,4.186820482407144,-3.4245800747481856,7.713786777921217,-7.359721134206715,4.186820482407131,-3.4245800747481763,4.186820482407131,-3.4245800747481763
1405000000.0,4.182143143560525,-3.4141173436465837,7.6923134154609585,-7.344095770188899,4.182143143560535,-3.414117343646587,4.182143143560535,-3.414117343646587
1410000000.0,4.177510272143386,-3.4037222417408595,7.6760744159802385,-7.326973829106975,4.177510272143387,-3.4037222417408586,4.177510272143387,-3.4037222417408586
1415000000.0,4.172921273760977,-3.3933941620372337,7.65773558695176,-7.309227167070069,4.17292127376097,-3.393394162037232,4.17292127376097,-3.393394162037232
1420000000.0,4.168375563712768,-3.3831325041915252,7.642762948135212,-7.296520795324618,4.168375563712771,-3.3831325041915288,4.168375563712771,-3.3831325041915288
1425000000.0,4.16387256680674,-3.37293667442871,7.624942625793656,-7.273666957952653,4.163872566806746,-3.372936674428718,4.163872566806746,-3.372936674428718
1430000000.0,4.159411717177753,-3.362806085463369,7.608268378883445,-7.257143433501245,4.159411717177746,-3.362806085463367,4.159411717177746,-3.362806085463367
1435000000.0,4.154992458109888,-3.3527401564210466,7.593533611597189,-7.240259028791604,4.154992458109877,-3.3527401564210453,4.154992458109877,-3.3527401564210453
1440000000.0,4.150614241862645,-3.342738312760485,7.566024535871433,-7.218587519396818,4.150614241862649,-3.3427383127604897,4.150614241862649,-3.3427383127604897
1445000000.0,4.14627652950094,-3.332799986196766,7.557043873530735,-7.201774581318584,4.146276529500928,-3.3327999861967617,4.146276529500928,-3.3327999861967617
1450000000.0,4.141978790728775,-3.322924614625325,7.536640347578514,-7.183979906249993,4.141978790728777,-3.32292461462533,4.141978790728777,-3.32292461462533
1455000000.0,4.137720503726504,-3.3131116420468545,7.516673960626493,-7.166174202564854,4.137720503726498,-3.31311164204685,4.137720503726498,-3.31311164204685
1460000000.0,4.13350115499162,-3.303360518493084,7.499228929533577,-7.148466561233182,4.13350115499162,-3.303360518493081,4.13350115499162,-3.303360518493081
1465000000.0,4.129320239182953,-3.29367069995343,7.487169851334125,-7.135390844825677,4.129320239182957,-3.2936706999534295,4.129320239182957,-3.2936706999534295
1470000000.0,4.125177258968219,-3.2840416483025106,7.468320826013445,-7.117648231603501,4.125177258968221,-3.284041648302511,4.125177258968221,-3.284041648302511
1475000000.0,4.121071724874829,-3.27447283122853,7.444336380908996,-7.099582761895949,4.121071724874832,-3.2744728312285325,4.121071724874832,-3.2744728312285325
1480000000.0,4.117003155143883,-3.264963722162509,7.436910479905853,-7.077967901543515,4.1170031551438875,-3.264963722162509,4.1170031551438875,-3.264963722162509
1485000000.0,4.112971075587264,-3.2555138002083743,7.411185282097133,-7.057660222238715,4.112971075587273,-3.255513800208376,4.112971075587273,-3.255513800208376
1490000000.0,4.1089750194477785,-3.2461225500738817,7.392466585340653,-7.0420771444113095,4.108975019447781,-3.246122550073883,4.108975019447781,-3.246122550073883
1495000000.0,4.105014527262249,-3.236789462002386,7.382562373210216,-7.0218640299433766,4.10501452726224,-3.236789462002381,4.10501452726224,-3.236789462002381
1500000000.0,4.101089146727494,-3.2275140317054354,7.356437216800041,-7.017567644722976,4.101089146727494,-3.2275140317054385,4.101089146727494,-3.2275140317054385
1505000000.0,4.097198432569148,-3.218295760296192,7.34949374532306,-6.993976478689023,4.097198432569135,-3.2182957602961846,4.097198432569135,-3.2182957602961846
1510000000.0,4.093341946413213,-3.2091341542236687,7.3287051640443135,-6.9830656190689515,4.093341946413212,-3.209134154223668,4.093341946413212,-3.209134154223668
1515000000.0,4.0895192566603225,-3.200028725207778,7.312333607999071,-6.955314716942773,4.089519256660325,-3.2000287252077784,4.089519256660325,-3.2000287252077784
1520000000.0,4.0857299383626176,-3.1909789901751813,7.300806650879367,-6.945118337114773,4.085729938362614,-3.1909789901751813,4.085729938362614,-3.1909789901751813
1525000000.0,4.0819735731032,-3.1819844711959355,7.2770176140367075,-6.928009270717381,4.0819735731031965,-3.1819844711959298,4.0819735731031965,-3.1819844711959298
1530000000.0,4.0782497488780844,-3.173044695420928,7.260680015681947,-6.912002482893513,4.078249748878073,-3.173044695420922,4.078249748878073,-3.173044695420922
1535000000.0,4.074558059980599,-3.16415919502009,7.248276129319405,-6.884576605646355,4.074558059980595,-3.1641591950200882,4.074558059980595,-3.1641591950200882
1540000000.0,4.070898106888182,-3.1553275071213878,7.233157809094312,-6.87375651967281,4.07089810688818,-3.1553275071213847,4.07089810688818,-3.1553275071213847
1545000000.0,4.067269496151505,-3.146549173750577,7.217532087445583,-6.857150981349114,4.0672694961515,-3.1465491737505715,4.0672694961515,-3.1465491737505715
1550000000.0,4.063671840285884,-3.1378237417717143,7.212546291120669,-6.833776517397969,4.063671840285887,-3.1378237417717174,4.063671840285887,-3.1378237417717174
1555000000.0,4.060104757664912,-3.129150762828424,7.181670868194933,-6.820379358371762,4.060104757664909,-3.129150762828424,4.060104757664909,-3.129150762828424
1560000000.0,4.056567872416278,-3.1205297932858995,7.171228114240973,-6.793630514881652,4.05656787241628,-3.1205297932859,4.05656787241628,-3.1205297932859
1565000000.0,4.0530608143197036,-3.1119603941736496,7.156213256105047,-6.781621379303063,4.053060814319705,-3.1119603941736482,4.053060814319705,-3.1119603941736482
1570000000.0,4.04958321870696,-3.1034421311289653,7.149875556508256,-6.756658041724982,4.049583218706945,-3.103442131128959,4.049583218706945,-3.103442131128959
1575000000.0,4.0461347263639205,-3.0949745743411086,7.133872493852599,-6.738930246812671,4.046134726363927,-3.094974574341113,4.046134726363927,-3.094974574341113
1580000000.0,4.042714983434593,-3.0865572984962113,7.108682788371715,-6.731700354376416,4.042714983434591,-3.0865572984962113,4.042714983434591,-3.0865572984962113
1585000000.0,4.039323641327084,-3.0781898827228793,7.098252858662565,-6.712109040938399,4.039323641327082,-3.078189882722879,4.039323641327082,-3.078189882722879
1590000000.0,4.035960356621478,-3.0698719105384966,7.078616777887966,-6.698836244635916,4.0359603566214775,-3.069871910538497,4.0359603566214775,-3.069871910538497
1595000000.0,4.032624790979544,-3.061602969796205,7.063028724373698,-6.682387097651219,4.032624790979532,-3.061602969796195,4.032624790979532,-3.061602969796195
1600000000.0,4.029316611056273,-3.05338265263258,7.049624901227832,-6.671737857639846,4.029316611056279,-3.0533826526325853,4.029316611056279,-3.0533826526325853
1605000000.0,4.02603548841317,-3.04521055541597,7.042387353520218,-6.649663935442933,4.026035488413165,-3.0452105554159656,4.026035488413165,-3.0452105554159656
1610000000.0,4.022781099433283,-3.0370862786955,7.01820097900899,-6.638163165203718,4.022781099433276,-3.0370862786954933,4.022781099433276,-3.0370862786954933
1615000000.0,4.019553125237925,-3.0290094271507373,7.015037349680458,-6.6184938523614925,4.019553125237923,-3.029009427150735,4.019553125237923,-3.029009427150735
1620000000.0,4.016351251605039,-3.0209796095420023,7.000349042933713,-6.601802428754781,4.016351251605027,-3.0209796095419943,4.016351251605027,-3.0209796095419943
1625000000.0,4.0131751688891875,-3.0129964386613253,6.977043252996121,-6.57454693313447,4.01317516888918,-3.0129964386613226,4.01317516888918,-3.0129964386613226
1630000000.0,4.01002457194312,-3.00505953128403,6.962448961354896,-6.573094312470749,4.010024571943113,-3.0050595312840223,4.010024571943113,-3.0050595312840223
1635000000.0,4.0068991600408825,-2.9971685081209514,6.9558757844356816,-6.556094386273556,4.006899160040873,-2.997168508120947,4.006899160040873,-2.997168508120947
1640000000.0,4.003798636802444,-2.98932299377127,6.947249878970727,-6.529292344158596,4.003798636802442,-2.989322993771268,4.003798636802442,-2.989322993771268
1645000000.0,4.000722710119788,-2.9815226166759516,6.938096590794902,-6.525525191173635,4.00072271011979,-2.9815226166759534,4.00072271011979,-2.9815226166759534
1650000000.0,3.9976710920844645,-2.9737670090718007,6.91705118833572,-6.510061356458625,3.997671092084465,-2.973767009071799,3.997671092084465,-2.973767009071799
1655000000.0,3.9946434989165405,-2.966055806946101,6.904998643423101,-6.488147789063618,3.994643498916546,-2.9660558069461076,3.994643498916546,-2.9660558069461076
1660000000.0,3.991639650894942,-2.9583886499918526,6.895824739117249,-6.482222859088716,3.9916396508949377,-2.9583886499918512,3.9916396508949377,-2.9583886499918512
1665000000.0,3.988659272289143,-2.950765181563581,6.880367960892796,-6.463352373148746,3.9886592722891407,-2.9507651815635842,3.9886592722891407,-2.9507651815635842
1670000000.0,3.985702091292176,-2.943185048633735,6.871175931302073,-6.449699376826791,3.985702091292176,-2.9431850486337328,3.985702091292176,-2.9431850486337328
1675000000.0,3.9827678399549375,-2.935647901749636,6.859101645147939,-6.4359488147075385,3.982767839954933,-2.935647901749634,3.982767839954933,-2.935647901749634
1680000000.0,3.979856254121759,-2.9281533949909955,6.849571329924605,-6.423248553190653,3.9798562541217564,-2.92815339499099,3.9798562541217564,-2.92815339499099
1685000000.0,3.9769670733672124,-2.920701185927986,6.841653218543881,-6.406085098140109,3.9769670733672173,-2.920701185927989,3.9769670733672173,-2.920701185927989
1690000000.0,3.9741000409341316,-2.913290935579853,6.827414354273237,-6.387496303849329,3.9741000409341414,-2.913290935579857,3.9741000409341414,-2.913290935579857
1695000000.0,3.971254903672811,-2.905922308374072,6.816692891795119,-6.3756589690599474,3.9712549036728104,-2.905922308374073,3.9712549036728104,-2.905922308374073
1700000000.0,3.96843141198137,-2.8985949721060273,6.805373311735992,-6.357793900880874,3.968431411981383,-2.898594972106032,3.968431411981383,-2.898594972106032
1705000000.0,3.9656293197472507,-2.8913085978992283,6.79199581272224,-6.339381124430684,3.965629319747251,-2.8913085978992266,3.965629319747251,-2.8913085978992266
1710000000.0,3.962848384289821,-2.8840628601660323,6.786674033266864,-6.326130904503519,3.962848384289809,-2.884062860166022,3.962848384289809,-2.884062860166022
1715000000.0,3.960088366304067,-2.8768574365688866,6.768191584418297,-6.308663944369196,3.9600883663040687,-2.876857436568888,3.9600883663040687,-2.876857436568888
1720000000.0,3.9573490298053517,-2.8696920079820702,6.766628037603047,-6.295188815606974,3.957349029805357,-2.869692007982072,3.957349029805357,-2.869692007982072
1725000000.0,3.954630142075207,-2.8625662584539393,6.757948094336973,-6.276893022763914,3.954630142075203,-2.8625662584539358,3.954630142075203,-2.8625662584539358
1730000000.0,3.9519314736081492,-2.8554798751696566,6.74340839513318,-6.259624824516836,3.9519314736081363,-2.855479875169648,3.9519314736081363,-2.855479875169648
1735000000.0,3.949252798059489,-2.8484325484144097,6.741912879039812,-6.235732585471966,3.9492527980594923,-2.8484325484144097,3.9492527980594923,-2.8484325484144097
1740000000.0,3.946593892194119,-2.841423971537112,6.726125830056496,-6.23052923706868,3.9465938921941173,-2.841423971537109,3.9465938921941173,-2.841423971537109
1745000000.0,3.943954535836252,-2.834453840914568,6.7238376377769224,-6.2144105991927985,3.943954535836245,-2.834453840914569,3.943954535836245,-2.834453840914569
1750000000.0,3.9413345118201004,-2.827521855916111,6.713677233313236,-6.202445554547005,3.9413345118201106,-2.827521855916118,3.9413345118201106,-2.827521855916118
1755000000.0,3.9387336059414677,-2.8206277188686966,6.7034654949680315,-6.193890941283279,3.938733605941469,-2.820627718868698,3.938733605941469,-2.820627718868698
1760000000.0,3.936151606910232,-2.8137711350224524,6.689181845416463,-6.181061732107443,3.936151606910227,-2.813771135022448,3.936151606910227,-2.813771135022448
1765000000.0,3.9335883063037165,-2.8069518125166737,6.68240330298271,-6.16950978703,3.933588306303712,-2.8069518125166715,3.933588306303712,-2.8069518125166715
1770000000.0,3.93104349852091,-2.8001694623462625,6.684546072196487,-6.1568507555651975,3.9310434985209204,-2.8001694623462696,3.9310434985209204,-2.8001694623462696
1775000000.0,3.9285169807375366,-2.7934237983286,6.667471753788693,-6.1483311995897,3.9285169807375464,-2.7934237983286057,3.9285169807375464,-2.7934237983286057
1780000000.0,3.9260085528619397,-2.7867145370708535,6.662382561695674,-6.148536910575877,3.9260085528619326,-2.7867145370708495,3.9260085528619326,-2.7867145370708495
1785000000.0,3.923518017491783,-2.7800413979376972,6.653796362030921,-6.1303622136136475,3.923518017491782,-2.780041397937697,3.923518017491782,-2.780041397937697
1790000000.0,3.921045179871536,-2.773404103019466,6.640499700466617,-6.118849012894708,3.921045179871542,-2.77340410301947,3.921045179871542,-2.77340410301947
1795000000.0,3.91858984785073,-2.7668023771007104,6.635275505027186,-6.107359747077565,3.918589847850727,-2.766802377100708,3.918589847850727,-2.766802377100708
1800000000.0,3.916151831842985,-2.7602359476291616,6.6199731121907135,-6.0994975414902015,3.916151831842989,-2.760235947629164,3.916151831842989,-2.760235947629164
1805000000.0,3.913730944785761,-2.753704544685101,6.605112431049123,-6.08643157782965,3.913730944785763,-2.7537045446851023,3.913730944785763,-2.7537045446851023
1810000000.0,3.9113270021008533,-2.747207900951124,6.596030934897765,-6.078101143451717,3.911327002100868,-2.7472079009511314,3.911327002100868,-2.7472079009511314
1815000000.0,3.908939821655589,-2.740745751682292,6.592491715161563,-6.067097897685143,3.9089398216555815,-2.74074575168229,3.9089398216555815,-2.74074575168229
1820000000.0,3.906569223724725,-2.7343178346766748,6.578866835859281,-6.056498645885624,3.9065692237247176,-2.7343178346766708,3.9065692237247176,-2.7343178346766708
1825000000.0,3.9042150309530337,-2.7279238902462715,6.574304436254088,-6.03841974061226,3.904215030953037,-2.7279238902462706,3.904215030953037,-2.7279238902462706
1830000000.0,3.901877068318549,-2.7215636611883034,6.559570838467991,-6.037653183304969,3.901877068318548,-2.721563661188301,3.901877068318548,-2.721563661188301
1835000000.0,3.8995551630964798,-2.7152368927568795,6.547829982274298,-6.029458832292665,3.899555163096479,-2.7152368927568786,3.899555163096479,-2.7152368927568786
1840000000.0,3.897249144823758,-2.7089433326350285,6.536001234841304,-6.017459785703692,3.8972491448237614,-2.708943332635028,3.8972491448237614,-2.708943332635028
1845000000.0,3.8949588452642208,-2.7026827309070893,6.522024065919035,-6.0075264307076495,3.8949588452642265,-2.702682730907091,3.8949588452642265,-2.702682730907091
1850000000.0,3.8926840983744104,-2.6964548400314534,6.519060095130016,-5.990735455591121,3.892684098374414,-2.6964548400314565,3.892684098374414,-2.6964548400314565
1855000000.0,3.8904247402699754,-2.6902594148136605,6.505281094828436,-5.98388431200913,3.8904247402699714,-2.6902594148136587,3.8904247402699714,-2.6902594148136587
1860000000.0,3.8881806091926707,-2.6840962123798437,6.500657964447811,-5.96775151285495,3.888180609192682,-2.684096212379852,3.888180609192682,-2.684096212379852
1865000000.0,3.8859515454779325,-2.6779649921505073,6.481056784930759,-5.954579786795502,3.885951545477932,-2.6779649921505064,3.885951545477932,-2.6779649921505064
1870000000.0,3.8837373915230278,-2.6718655158146407,6.467966758134122,-5.947739251347902,3.883737391523024,-2.671865515814639,3.883737391523024,-2.671865515814639
1875000000.0,3.88153799175576,-2.665797547304176,6.456732104758224,-5.9338745686508005,3.8815379917557626,-2.6657975473041806,3.8815379917557626,-2.6657975473041806
1880000000.0,3.8793531926037215,-2.659760852768755,6.450200677834638,-5.9172776259181274,3.879353192603715,-2.65976085276875,3.879353192603715,-2.65976085276875
1885000000.0,3.877182842464085,-2.6537552005508336,6.439459998123999,-5.907015536046485,3.877182842464081,-2.653755200550832,3.877182842464081,-2.653755200550832
1890000000.0,3.875026791673915,-2.6477803611610917,6.4226536897572455,-5.90831039207573,3.875026791673914,-2.647780361161093,3.875026791673914,-2.647780361161093
1895000000.0,3.8728848924810038,-2.64183610725417,6.425276883698377,-5.880635938038969,3.872884892481005,-2.641836107254167,3.872884892481005,-2.641836107254167
1900000000.0,3.870756999015203,-2.6359222136047027,6.405572877282365,-5.875647994358109,3.870756999015196,-2.6359222136046982,3.870756999015196,-2.6359222136046982
1905000000.0,3.868642967260258,-2.6300384570836624,6.404875326737316,-5.8725215646189515,3.8686429672602585,-2.6300384570836637,3.8686429672602585,-2.6300384570836637
1910000000.0,3.8665426550261257,-2.6241846166350067,6.394054065227518,-5.855546442451074,3.8665426550261177,-2.6241846166350027,3.8665426550261177,-2.6241846166350027
1915000000.0,3.864455921921766,-2.6183604732526202,6.391107268147417,-5.83414951688801,3.864455921921769,-2.61836047325262,3.864455921921769,-2.61836047325262
1920000000.0,3.8623826293284047,-2.612565809957545,6.377460985203192,-5.830173145922946,3.8623826293283967,-2.612565809957541,3.8623826293283967,-2.612565809957541
1925000000.0,3.860322640373251,-2.606800411775507,6.36066031400409,-5.813623554591552,3.860322640373261,-2.6068004117755117,3.860322640373261,-2.6068004117755117
1930000000.0,3.858275819903666,-2.601064065714721,6.353750840041415,-5.795846195528597,3.8582758199036573,-2.601064065714717,3.8582758199036573,-2.601064065714717
1935000000.0,3.8562420344617716,-2.5953565607439795,6.354422394757846,-5.788994243819686,3.85624203446177,-2.595356560743977,3.85624203446177,-2.595356560743977
1940000000.0,3.8542211522594894,-2.589677687771018,6.338383146128587,-5.7787236721807504,3.854221152259484,-2.5896776877710144,3.854221152259484,-2.5896776877710144
1945000000.0,3.8522130431540047,-2.584027239621155,6.329882061910918,-5.767377580708383,3.8522130431540034,-2.5840272396211557,3.8522130431540034,-2.5840272396211557
1950000000.0,3.8502175786236474,-2.5784050110161942,6.316652170613118,-5.752049172414032,3.850217578623648,-2.5784050110161933,3.850217578623648,-2.5784050110161933
1955000000.0,3.8482346317441776,-2.5728107985536033,6.306340653057964,-5.7356868336114175,3.848234631744191,-2.5728107985536077,3.848234631744191,-2.5728107985536077
1960000000.0,3.846264077165472,-2.567244400685946,6.3051155165158645,-5.728733332127367,3.8462640771654724,-2.5672444006859445,3.8462640771654724,-2.5672444006859445
1965000000.0,3.844305791088601,-2.5617056177005777,6.289385051509409,-5.712545644328032,3.844305791088602,-2.561705617700578,3.844305791088602,-2.561705617700578
1970000000.0,3.842359651243299,-2.5561942516995932,6.283872195431005,-5.698686301054235,3.8423596512432945,-2.556194251699589,3.8423596512432945,-2.556194251699589
1975000000.0,3.8404255368657934,-2.550710106580023,6.2764120027601615,-5.688723352524364,3.840425536865792,-2.5507101065800226,3.840425536865792,-2.5507101065800226
1980000000.0,3.8385033286770267,-2.5452529880142896,6.268004045240842,-5.673431932574639,3.8385033286770254,-2.5452529880142887,3.8385033286770254,-2.5452529880142887
1985000000.0,3.836592908861224,-2.539822703430892,6.2589939127728735,-5.662277368685666,3.8365929088612134,-2.539822703430888,3.8365929088612134,-2.539822703430888
1990000000.0,3.8346941610448257,-2.534419061995343,6.24223874467961,-5.6458621314002535,3.8346941610448204,-2.534419061995339,3.8346941610448204,-2.534419061995339
1995000000.0,3.8328069702757657,-2.5290418745913383,6.240839001730696,-5.63190045080902,3.8328069702757577,-2.5290418745913326,3.8328069702757577,-2.5290418745913326
2000000000.0,3.830931223003098,-2.5236909538021672,6.2324038564826765,-5.6249550171348845,3.8309312230031005,-2.5236909538021663,3.8309312230031005,-2.5236909538021663
2005000000.0,3.829066807056952,-2.5183661138923465,6.227926244796602,-5.612360813616878,3.829066807056957,-2.5183661138923483,3.829066807056957,-2.5183661138923483
2010000000.0,3.827213611628825,-2.513067170789487,6.213028631917584,-5.601191703945517,3.82721361162883,-2.5130671707894896,3.82721361162883,-2.5130671707894896
2015000000.0,3.825371527252196,-2.507793942066384,6.209575677734699,-5.585553352279991,3.825371527252185,-2.5077939420663764,3.825371527252185,-2.5077939420663764
2020000000.0,3.82354044578346,-2.502546246923333,6.194774802872198,-5.570114187176926,3.8235404457834563,-2.502546246923335,3.8235404457834563,-2.502546246923335
2025000000.0,3.821720260383166,-2.497323906170659,6.192409705338008,-5.557528615833549,3.8217202603831693,-2.4973239061706627,3.8217202603831693,-2.4973239061706627
2030000000.0,3.8199108654975773,-2.4921267422114677,6.188513599079105,-5.552284213668404,3.819910865497565,-2.4921267422114597,3.819910865497565,-2.4921267422114597
2035000000.0,3.8181121568405163,-2.4869545790246033,6.175177435582172,-5.536491599236155,3.818112156840503,-2.4869545790245975,3.818112156840503,-2.4869545790245975
2040000000.0,3.8163240313755127,-2.4818072421478234,6.16683340303625,-5.52877567111582,3.8163240313755065,-2.48180724214782,3.8163240313755065,-2.48180724214782
2045000000.0,3.814546387298243,-2.476684558661177,6.158721902109052,-5.5118880341728715,3.8145463872982472,-2.476684558661179,3.8145463872982472,-2.476684558661179
2050000000.0,3.812779124019248,-2.4715863571705867,6.155923388927627,-5.5039652187596655,3.8127791240192477,-2.4715863571705854,3.8127791240192477,-2.4715863571705854
2055000000.0,3.8110221421469377,-2.4665124677916346,6.144144819012224,-5.4916887681610245,3.8110221421469435,-2.4665124677916386,3.8110221421469435,-2.4665124677916386
2060000000.0,3.8092753434708597,-2.461462722133548,6.1363092974919455,-5.479899514115389,3.8092753434708464,-2.4614627221335397,3.8092753434708464,-2.4614627221335397
2065000000.0,3.807538630945249,-2.4564369532833785,6.1298631761337585,-5.465656439428054,3.807538630945246,-2.4564369532833763,3.807538630945246,-2.4564369532833763
2070000000.0,3.805811908672832,-2.4514349957903763,6.1238300226973665,-5.453814910367903,3.8058119086728333,-2.451434995790376,3.8058119086728333,-2.451434995790376
2075000000.0,3.804095081888895,-2.446456685650557,6.115824445714939,-5.444671711615144,3.804095081888905,-2.446456685650562,3.804095081888905,-2.446456685650562
2080000000.0,3.802388056945606,-2.441501860291452,6.107662929438156,-5.433091663520319,3.802388056945609,-2.441501860291452,3.802388056945609,-2.441501860291452
2085000000.0,3.800690741296587,-2.436570358557052,6.101905298719954,-5.4256885429561,3.80069074129659,-2.436570358557051,3.80069074129659,-2.436570358557051
2090000000.0,3.799003043481731,-2.431662020692928,6.091277751836824,-5.415036698293298,3.7990030434817297,-2.431662020692929,3.7990030434817297,-2.431662020692929
2095000000.0,3.7973248731122617,-2.426776688331534,6.087185894872457,-5.40435533972189,3.7973248731122684,-2.4267766883315374,3.7973248731122684,-2.4267766883315374
2100000000.0,3.795656140856027,-2.4219142044776913,6.082466666058384,-5.390676794494562,3.795656140856021,-2.4219142044776856,3.795656140856021,-2.4219142044776856
2105000000.0,3.79399675842303,-2.417074413494247,6.072697912935763,-5.381478352517085,3.7939967584230203,-2.4170744134942406,3.7939967584230203,-2.4170744134942406
2110000000.0,3.7923466385511837,-2.4122571610879033,6.063281932189607,-5.372807240187401,3.792346638551193,-2.4122571610879096,3.792346638551193,-2.4122571610879096
2115000000.0,3.7907056949922904,-2.4074622942952226,6.057808067357544,-5.362775129123389,3.7907056949922904,-2.407462294295224,3.7907056949922904,-2.407462294295224
2120000000.0,3.7890738424982455,-2.402689661468802,6.047566711651059,-5.3519023959980565,3.789073842498247,-2.4026896614688042,3.789073842498247,-2.4026896614688042
2125000000.0,3.7874509968074537,-2.3979391122636082,6.036187999883172,-5.340340512100979,3.7874509968074586,-2.3979391122636122,3.7874509968074586,-2.3979391122636122
2130000000.0,3.7858370746314587,-2.3932104976234836,6.029096514430791,-5.329772733292846,3.7858370746314636,-2.3932104976234836,3.7858370746314636,-2.3932104976234836
2135000000.0,3.7842319936417814,-2.3885036697678124,6.023458163312654,-5.320596697122217,3.7842319936417828,-2.3885036697678124,3.7842319936417828,-2.3885036697678124
2140000000.0,3.7826356724569647,-2.3838184821783437,6.0160095765612684,-5.310011171732222,3.7826356724569616,-2.383818482178341,3.7826356724569616,-2.383818482178341
2145000000.0,3.781048030629818,-2.3791547895861793,6.008679555504785,-5.303711010177588,3.7810480306298264,-2.3791547895861833,3.7810480306298264,-2.3791547895861833
2150000000.0,3.7794689886348602,-2.374512447958913,5.997890595456008,-5.286757171607629,3.779468988634855,-2.374512447958911,3.779468988634855,-2.374512447958911
2155000000.0,3.7778984678559584,-2.3698913144879206,5.989106974936305,-5.270893482369693,3.777898467855957,-2.3698913144879206,3.777898467855957,-2.3698913144879206
2160000000.0,3.7763363905741536,-2.3652912475758097,5.9861654034567735,-5.268174620773041,3.7763363905741545,-2.3652912475758083,3.7763363905741545,-2.3652912475758083
2165000000.0,3.7747826799556803,-2.3607121068240113,5.982086729492024,-5.248460238461827,3.7747826799556763,-2.360712106824009,3.7747826799556763,-2.360712106824009
2170000000.0,3.7732372600401636,-2.356153753020526,5.964794609152427,-5.243261022849702,3.773237260040164,-2.3561537530205237,3.773237260040164,-2.3561537530205237
2175000000.0,3.7717000557290037,-2.3516160481278088,5.9635999525828165,-5.233142970251341,3.7717000557290046,-2.3516160481278088,3.7717000557290046,-2.3516160481278088
2180000000.0,3.7701709927739335,-2.3470988552708034,5.956103151434541,-5.219950974167203,3.770170992773925,-2.347098855270798,3.770170992773925,-2.347098855270798
2185000000.0,3.768649997765754,-2.3426020387251176,5.952669182158914,-5.20721314143502,3.768649997765758,-2.342602038725118,3.768649997765758,-2.342602038725118
2190000000.0,3.7671369981232408,-2.338125463905334,5.951691937583621,-5.196443178921109,3.7671369981232394,-2.3381254639053317,3.7671369981232394,-2.3381254639053317
2195000000.0,3.7656319220822194,-2.333668997353466,5.933859064731871,-5.188541397347887,3.765631922082213,-2.3336689973534623,3.765631922082213,-2.3336689973534623
2200000000.0,3.7641346986848054,-2.3292325067275423,5.933192011262452,-5.175730135361395,3.7641346986848068,-2.3292325067275415,3.7641346986848068,-2.3292325067275415
2205000000.0,3.7626452577688116,-2.3248158607903355,5.919018322490729,-5.162398663523676,3.762645257768807,-2.324815860790333,3.762645257768807,-2.324815860790333
2210000000.0,3.7611635299573094,-2.3204189293982114,5.91873823104592,-5.153672728485152,3.761163529957301,-2.3204189293982056,3.761163529957301,-2.3204189293982056
2215000000.0,3.7596894466483537,-2.316041583490123,5.910512472153399,-5.143807494266253,3.759689446648347,-2.316041583490118,3.759689446648347,-2.316041583490118
2220000000.0,3.7582229400048592,-2.3116836950767197,5.901778974533125,-5.132921214881016,3.758222940004854,-2.3116836950767143,3.758222940004854,-2.3116836950767143
2225000000.0,3.75676394294463,-2.3073451372295946,5.894003928641836,-5.124051092661594,3.7567639429446267,-2.3073451372295923,3.7567639429446267,-2.3073451372295923
2230000000.0,3.7553123891305376,-2.3030257840706554,5.891395290101339,-5.1084808897090195,3.7553123891305336,-2.3030257840706523,3.7553123891305336,-2.3030257840706523
2235000000.0,3.7538682129608496,-2.2987255107616136,5.879960968836673,-5.104273099861673,3.7538682129608656,-2.298725510761622,3.7538682129608656,-2.298725510761622
2240000000.0,3.7524313495596973,-2.294444193493605,5.877441394430849,-5.093984005202141,3.752431349559687,-2.294444193493598,3.752431349559687,-2.294444193493598
2245000000.0,3.7510017347676916,-2.2901817094769235,5.866465693333377,-5.077926057197398,3.751001734767703,-2.290181709476929,3.751001734767703,-2.290181709476929
2250000000.0,3.749579305132674,-2.285937936930879,5.865071105960931,-5.068210905121829,3.7495793051326753,-2.2859379369308788,3.7495793051326753,-2.2859379369308788
2255000000.0,3.748163997900605,-2.2817127550737757,5.856004013982218,-5.056466135082101,3.7481639979006127,-2.2817127550737792,3.7481639979006127,-2.2817127550737792
2260000000.0,3.7467557510065936,-2.2775060441129953,5.853318368438449,-5.050470392310264,3.7467557510065896,-2.2775060441129917,3.7467557510065896,-2.2775060441129917
2265000000.0,3.7453545030660518,-2.2733176852352073,5.8470260689495355,-5.039949240818161,3.7453545030660536,-2.2733176852352077,3.7453545030660536,-2.2733176852352077
2270000000.0,3.743960193365982,-2.2691475605966875,5.842852934434119,-5.028446882945603,3.7439601933659845,-2.269147560596687,3.7439601933659845,-2.269147560596687
2275000000.0,3.742572761856398,-2.2649955533137485,5.840866609790168,-5.020273608274593,3.742572761856407,-2.2649955533137525,3.742572761856407,-2.2649955533137525
2280000000.0,3.7411921491418636,-2.2608615474532767,5.835293726858032,-5.003823185738683,3.741192149141869,-2.2608615474532763,3.741192149141869,-2.2608615474532763
2285000000.0,3.7398182964731626,-2.2567454280233874,5.820112733091848,-4.9945462223856865,3.73981829647316,-2.256745428023388,3.73981829647316,-2.256745428023388
2290000000.0,3.738451145739087,-2.25264708096418,5.821408745444803,-4.981222833387635,3.738451145739088,-2.2526470809641808,3.738451145739088,-2.2526470809641808
2295000000.0,3.737090639458346,-2.2485663931385984,5.813174377167053,-4.9731851571998975,3.7370906394583514,-2.2485663931385997,3.7370906394583514,-2.2485663931385997
2300000000.0,3.735736720771594,-2.244503252323405,5.804499877862629,-4.961824686061079,3.7357367207716097,-2.2445032523234123,3.7357367207716097,-2.2445032523234123
2305000000.0,3.7343893334335716,-2.2404575472002453,5.802658958336698,-4.953179138947602,3.7343893334335685,-2.2404575472002444,3.7343893334335685,-2.2404575472002444
2310000000.0,3.7330484218053677,-2.236429167346826,5.796332437014815,-4.944320186667405,3.7330484218053606,-2.2364291673468215,3.7330484218053606,-2.2364291673468215
2315000000.0,3.7317139308467846,-2.2324180032281875,5.791169401031811,-4.933624745996686,3.731713930846788,-2.232418003228188,3.731713930846788,-2.232418003228188
2320000000.0,3.7303858061088193,-2.2284239461880753,5.786611458807355,-4.921713419169817,3.7303858061088344,-2.2284239461880815,3.7303858061088344,-2.2284239461880815
2325000000.0,3.7290639937262555,-2.2244468884404163,5.78345385306581,-4.914546181045084,3.729063993726262,-2.224446888440419,3.729063993726262,-2.224446888440419
2330000000.0,3.7277484404103554,-2.220486723060884,5.781488155565687,-4.905044815390853,3.72774844041035,-2.220486723060879,3.72774844041035,-2.220486723060879
2335000000.0,3.726439093441661,-2.216543343978562,5.771456070808629,-4.891918172945631,3.726439093441667,-2.216543343978565,3.726439093441667,-2.216543343978565
2340000000.0,3.7251359006629015,-2.212616645967703,5.770576613513295,-4.886828937261353,3.7251359006628992,-2.212616645967702,3.7251359006628992,-2.212616645967702
2345000000.0,3.7238388104719946,-2.2087065246395845,5.767477157401996,-4.878573353309146,3.7238388104719995,-2.2087065246395894,3.7238388104719995,-2.2087065246395894
2350000000.0,3.722547771815156,-2.2048128764344446,5.759744610996425,-4.87030555297901,3.7225477718151585,-2.204812876434447,3.7225477718151585,-2.204812876434447
2355000000.0,3.7212627341801006,-2.2009355986135217,5.7575101734330545,-4.8613303543172,3.7212627341801072,-2.200935598613524,3.7212627341801072,-2.200935598613524
2360000000.0,3.719983647589347,-2.1970745892511787,5.753940887330692,-4.852502746425437,3.719983647589343,-2.1970745892511783,3.719983647589343,-2.1970745892511783
2365000000.0,3.7187104625936116,-2.1932297472271145,5.7490191902338035,-4.842769085870682,3.718710462593613,-2.1932297472271127,3.718710462593613,-2.1932297472271127
2370000000.0,3.717443130265299,-2.1894009722186625,5.740792162333728,-4.837766655205854,3.7174431302652993,-2.189400972218663,3.7174431302652993,-2.189400972218663
2375000000.0,3.716181602192084,-2.185588164693179,5.738551717223781,-4.826108777480824,3.716181602192095,-2.185588164693185,3.716181602192095,-2.185588164693185
2380000000.0,3.7149258304705866,-2.1817912259005134,5.735218062894872,-4.816642969745014,3.714925830470589,-2.1817912259005148,3.714925830470589,-2.1817912259005148
2385000000.0,3.7136757677001304,-2.1780100578655635,5.725415037744893,-4.81168336513247,3.7136757677001278,-2.178010057865564,3.7136757677001278,-2.178010057865564
2390000000.0,3.7124313669765985,-2.1742445633809155,5.722701215068663,-4.803024107934384,3.7124313669766007,-2.174244563380915,3.7124313669766007,-2.174244563380915
2395000000.0,3.711192581886364,-2.170494645999563,5.724960877871588,-4.791601477691495,3.711192581886366,-2.170494645999562,3.711192581886366,-2.170494645999562
2400000000.0,3.7099593665003154,-2.166760210027708,5.717026934170687,-4.788035270251486,3.709959366500318,-2.16676021002771,3.709959366500318,-2.16676021002771
2405000000.0,3.7087316753679613,-2.163041160517645,5.7119037533902635,-4.778144996095258,3.708731675367965,-2.163041160517647,3.708731675367965,-2.163041160517647
2410000000.0,3.707509463511617,-2.1593374032607184,5.710708052797366,-4.767355649589673,3.707509463511614,-2.159337403260715,3.707509463511614,-2.159337403260715
2415000000.0,3.7062926864206753,-2.155648844780361,5.705512194261306,-4.764264518009607,3.70629268642068,-2.155648844780363,3.70629268642068,-2.155648844780363
2420000000.0,3.7050813000459524,-2.1519753923252094,5.698206406487674,-4.753114515321254,3.7050813000459533,-2.151975392325209,3.7050813000459533,-2.151975392325209
2425000000.0,3.7038752607941174,-2.1483169538622975,5.694423616472296,-4.747213341304752,3.7038752607941174,-2.148316953862295,3.7038752607941174,-2.148316953862295
2430000000.0,3.702674525522196,-2.144673438070319,5.692501350324688,-4.739154656074255,3.7026745255222058,-2.1446734380703214,3.7026745255222058,-2.1446734380703214
2435000000.0,3.7014790515321505,-2.141044754332969,5.684499856522936,-4.733768344887156,3.701479051532153,-2.141044754332968,3.701479051532153,-2.141044754332968
2440000000.0,3.7002887965655353,-2.137430812732357,5.682172043110123,-4.727073433992219,3.700288796565527,-2.137430812732353,3.700288796565527,-2.137430812732353
2445000000.0,3.699103718798226,-2.1338315240424937,5.677258375198102,-4.716184089693238,3.6991037187982254,-2.1338315240424914,3.6991037187982254,-2.1338315240424914
2450000000.0,3.6979237768352213,-2.1302467997228467,5.675329538856914,-4.710126688803058,3.697923776835219,-2.1302467997228454,3.697923776835219,-2.1302467997228454
2455000000.0,3.6967489297055165,-2.1266765519119666,5.672380918084414,-4.70311863285495,3.6967489297055107,-2.1266765519119626,3.6967489297055107,-2.1266765519119626
2460000000.0,3.6955791368570443,-2.1231206934211873,5.665617817382348,-4.695623256691276,3.695579136857046,-2.1231206934211886,3.695579136857046,-2.1231206934211886
2465000000.0,3.6944143581516915,-2.11957913772839,5.662441372267058,-4.686594343954592,3.694414358151709,-2.119579137728398,3.694414358151709,-2.119579137728398
2470000000.0,3.693254553860376,-2.1160517989718333,5.658775577863692,-4.67767164526497,3.6932545538603816,-2.1160517989718364,3.6932545538603816,-2.1160517989718364
2475000000.0,3.692099684658195,-2.11253859194406,5.655128124930446,-4.669375476192705,3.692099684658191,-2.112538591944058,3.692099684658191,-2.112538591944058
2480000000.0,3.6909497116196417,-2.109039432085858,5.653781724886839,-4.665032494817199,3.6909497116196373,-2.1090394320858556,3.6909497116196373,-2.1090394320858556
2485000000.0,3.6898045962138815,-2.1055542354802963,5.642555166075423,-4.657315009697783,3.689804596213883,-2.1055542354802954,3.689804596213883,-2.1055542354802954
2490000000.0,3.688664300300094,-2.1020829188468184,5.641589305090962,-4.649022164826051,3.6886643003000965,-2.102082918846819,3.6886643003000965,-2.102082918846819
2495000000.0,3.687528786122882,-2.0986253995354063,5.641194726270944,-4.636183615116144,3.6875287861228916,-2.0986253995354125,3.6875287861228916,-2.0986253995354125
2500000000.0,3.6863980163077366,-2.0951815955208,5.636455328817815,-4.626553788195461,3.686398016307734,-2.095181595520799,3.686398016307734,-2.095181595520799
2505000000.0,3.6852719538565677,-2.091751425396785,5.62885048648643,-4.622854331562426,3.6852719538565677,-2.0917514253967826,3.6852719538565677,-2.0917514253967826
2510000000.0,3.684150562143293,-2.0883348083705395,5.626516775242798,-4.609967583733986,3.6841505621432873,-2.088334808370536,3.6841505621432873,-2.088334808370536
2515000000.0,3.6830338049094866,-2.084931664257042,5.621313826309235,-4.608513319241654,3.6830338049094844,-2.0849316642570406,3.6830338049094844,-2.0849316642570406
2520000000.0,3.6819216462600832,-2.081541913473536,5.619739177011589,-4.592400283936742,3.68192164626008,-2.081541913473533,3.68192164626008,-2.081541913473533
2525000000.0,3.6808140506591482,-2.0781654770340605,5.609272734832485,-4.588222131997013,3.680814050659149,-2.078165477034062,3.680814050659149,-2.078165477034062
2530000000.0,3.6797109829256915,-2.0748022765440344,5.606572647145632,-4.581399876611365,3.679710982925699,-2.0748022765440366,3.679710982925699,-2.0748022765440366
2535000000.0,3.6786124082295513,-2.0714522341948984,5.606307031828275,-4.57075031354367,3.678612408229549,-2.071452234194897,3.678612408229549,-2.071452234194897
2540000000.0,3.6775182920873184,-2.0681152727588166,5.602297263781438,-4.561126662946144,3.6775182920873064,-2.068115272758812,3.6775182920873064,-2.068115272758812
2545000000.0,3.676428600358328,-2.064791315583429,5.594537686606771,-4.553529869852898,3.6764286003583213,-2.0647913155834243,3.6764286003583213,-2.0647913155834243
2550000000.0,3.675343299240694,-2.0614802865866713,5.592862387843664,-4.547219703328677,3.675343299240701,-2.0614802865866753,3.675343299240701,-2.0614802865866753
2555000000.0,3.6742623552674036,-2.058182110251633,5.586562188032301,-4.53154232906873,3.674262355267404,-2.058182110251632,3.674262355267404,-2.058182110251632
2560000000.0,3.6731857353024573,-2.0548967116214865,5.582350996379993,-4.530221710887892,3.6731857353024573,-2.0548967116214847,3.6731857353024573,-2.0548967116214847
2565000000.0,3.672113406537066,-2.0516240162944563,5.576597006145128,-4.523578217804565,3.6721134065370626,-2.051624016294455,3.6721134065370626,-2.051624016294455
2570000000.0,3.6710453364858915,-2.0483639504188536,5.57258770338405,-4.5122860429043845,3.67104533648589,-2.0483639504188513,3.67104533648589,-2.0483639504188513
2575000000.0,3.669981492983341,-2.04511644068815,5.569400510805058,-4.503210966078454,3.6699814929833448,-2.0451164406881515,3.6699814929833448,-2.0451164406881515
2580000000.0,3.6689218441799114,-2.0418814143361166,5.563893365543258,-4.500172585100314,3.6689218441799,-2.0418814143361113,3.6689218441799,-2.0418814143361113
2585000000.0,3.6678663585385753,-2.038658799132001,5.558315487580893,-4.492188463927371,3.667866358538572,-2.0386587991320004,3.667866358538572,-2.0386587991320004
2590000000.0,3.6668150048312205,-2.0354485233757673,5.553787967174325,-4.477485573230679,3.666815004831221,-2.035448523375768,3.666815004831221,-2.035448523375768
2595000000.0,3.6657677521351326,-2.0322505158933755,5.552160384018881,-4.4733053995860566,3.6657677521351344,-2.0322505158933755,3.6657677521351344,-2.0322505158933755
2600000000.0,3.664724569829526,-2.029064706032119,5.544907409643095,-4.461223873239238,3.6647245698295245,-2.0290647060321194,3.6647245698295245,-2.0290647060321194
2605000000.0,3.6636854275921147,-2.0258910236560017,5.5442133280720745,-4.457324746381901,3.6636854275921236,-2.025891023656006,3.6636854275921236,-2.025891023656006
2610000000.0,3.662650295395736,-2.0227293991411743,5.535729561449779,-4.445122686627921,3.6626502953957347,-2.0227293991411743,3.6626502953957347,-2.0227293991411743
2615000000.0,3.66161914350501,-2.019579763371406,5.5333059223961225,-4.437763733556728,3.6616191435050127,-2.0195797633714085,3.6616191435050127,-2.0195797633714085
2620000000.0,3.660591942473045,-2.016442047733614,5.534426728013155,-4.433077118875104,3.6605919424730424,-2.0164420477336122,3.6605919424730424,-2.0164420477336122
2625000000.0,3.65956866313819,-2.0133161841134313,5.5280641459008795,-4.420896718002841,3.6595686631381956,-2.013316184113433,3.6595686631381956,-2.013316184113433
2630000000.0,3.6585492766208207,-2.0102021048908267,5.525068489835396,-4.414303627366269,3.658549276620813,-2.010202104890823,3.658549276620813,-2.010202104890823
2635000000.0,3.6575337543201734,-2.007099742935766,5.519065141518012,-4.404130255264127,3.6575337543201836,-2.0070997429357686,3.6575337543201836,-2.0070997429357686
2640000000.0,3.656522067911217,-2.004009031603919,5.516519752348607,-4.398182582073994,3.6565220679112094,-2.0040090316039176,3.6565220679112094,-2.0040090316039176
2645000000.0,3.6555141893415657,-2.000929904732412,5.514723411295419,-4.388996619034517,3.655514189341571,-2.0009299047324136,3.655514189341571,-2.0009299047324136
2650000000.0,3.6545100908284307,-1.9978622966356214,5.5054924855195,-4.378475071176733,3.654510090828428,-1.9978622966356194,3.654510090828428,-1.9978622966356194
2655000000.0,3.6535097448556106,-1.9948061421010168,5.5035093193606555,-4.3703459222900705,3.6535097448556133,-1.994806142101017,3.6535097448556133,-1.994806142101017
2660000000.0,3.652513124170523,-1.9917613763850353,5.498882096806626,-4.365640300947471,3.652513124170524,-1.9917613763850364,3.652513124170524,-1.9917613763850364
2665000000.0,3.651520201781267,-1.9887279352090115,5.497209217802056,-4.356308142100514,3.651520201781268,-1.98872793520901,3.651520201781268,-1.98872793520901
2670000000.0,3.6505309509537343,-1.9857057547551409,5.491745390422316,-4.346707343800438,3.6505309509537294,-1.9857057547551387,3.6505309509537294,-1.9857057547551387
2675000000.0,3.6495453452087445,-1.9826947716624836,5.4841600460236295,-4.338775720946729,3.6495453452087436,-1.9826947716624834,3.6495453452087436,-1.9826947716624834
2680000000.0,3.6485633583192247,-1.9796949230230165,5.479612208750251,-4.337091019458532,3.648563358319223,-1.9796949230230176,3.648563358319223,-1.9796949230230176
2685000000.0,3.6475849643074234,-1.976706146377718,5.4747656779970155,-4.328577226153499,3.647584964307424,-1.9767061463777162,3.647584964307424,-1.9767061463777162
2690000000.0,3.646610137442158,-1.9737283797126948,5.4757355432178425,-4.316863955201926,3.646610137442158,-1.973728379712695,3.646610137442158,-1.973728379712695
2695000000.0,3.6456388522360976,-1.9707615614553502,5.4707256637697474,-4.308610214371235,3.6456388522360936,-1.9707615614553489,3.6456388522360936,-1.9707615614553489
2700000000.0,3.64467108344308,-1.9678056304705909,5.464988956088508,-4.302433865230452,3.6446710834430878,-1.9678056304705942,3.6446710834430878,-1.9678056304705942
2705000000.0,3.643706806055463,-1.9648605260570682,5.456098917054216,-4.297073616390057,3.6437068060554667,-1.9648605260570693,3.6437068060554667,-1.9648605260570693
2710000000.0,3.6427459953015093,-1.9619261879434622,5.453946060942262,-4.294931009790967,3.642745995301508,-1.961926187943462,3.642745995301508,-1.961926187943462
2715000000.0,3.6417886266428,-1.9590025562848017,5.449983713842264,-4.283044896826072,3.641788626642806,-1.9590025562848041,3.641788626642806,-1.9590025562848041
2720000000.0,3.640834675771688,-1.9560895716588191,5.442787249470577,-4.274780950755197,3.640834675771684,-1.9560895716588185,3.640834675771684,-1.9560895716588185
2725000000.0,3.639884118608776,-1.9531871750623462,5.431617721495087,-4.271389219874153,3.639884118608776,-1.9531871750623464,3.639884118608776,-1.9531871750623464
2730000000.0,3.63893693130043,-1.950295307907741,5.4342465904376365,-4.267471471165828,3.6389369313004263,-1.9502953079077392,3.6389369313004263,-1.9502953079077392
2735000000.0,3.6379930902163213,-1.9474139120193572,5.431151638240761,-4.253885203571371,3.6379930902163267,-1.9474139120193592,3.6379930902163267,-1.9474139120193592
2740000000.0,3.637052571947001,-1.944542929630042,5.424061278602073,-4.253772637290525,3.6370525719470015,-1.9445429296300416,3.6370525719470015,-1.9445429296300416
2745000000.0,3.6361153533015047,-1.9416823033776738,5.422908923360829,-4.241929937771421,3.6361153533015043,-1.941682303377673,3.6361153533015043,-1.941682303377673
2750000000.0,3.6351814113049836,-1.9388319763017319,5.40970847332534,-4.2416624714026145,3.635181411304974,-1.938831976301728,3.635181411304974,-1.938831976301728
2755000000.0,3.634250723196369,-1.935991891839902,5.414158089026649,-4.233154795098746,3.6342507231963723,-1.9359918918399033,3.6342507231963723,-1.9359918918399033
2760000000.0,3.633323266426064,-1.9331619938247155,5.4111957645617075,-4.226394619553538,3.6333232664260655,-1.9331619938247149,3.6333232664260655,-1.9331619938247149
2765000000.0,3.6323990186536603,-1.930342226480219,5.40292965140991,-4.217001101740676,3.632399018653661,-1.9303422264802192,3.632399018653661,-1.9303422264802192
2770000000.0,3.6314779577456897,-1.9275325344186838,5.410161193317935,-4.21369568182228,3.631477957745689,-1.9275325344186833,3.631477957745689,-1.9275325344186833
2775000000.0,3.6305600617733975,-1.9247328626373397,5.39395814585278,-4.202360486888233,3.6305600617733846,-1.9247328626373312,3.6305600617733846,-1.9247328626373312
2780000000.0,3.629645309010545,-1.9219431565151484,5.394808669437339,-4.196667457588556,3.6296453090105394,-1.9219431565151437,3.6296453090105394,-1.9219431565151437
2785000000.0,3.628733677931242,-1.919163361809603,5.394438816783305,-4.190371914147414,3.6287336779312445,-1.9191633618096042,3.6287336779312445,-1.9191633618096042
2790000000.0,3.6278251472077985,-1.9163934246535632,5.399550416487567,-4.1848655198601215,3.6278251472078047,-1.9163934246535659,3.6278251472078047,-1.9163934246535659
2795000000.0,3.6269196957086094,-1.9136332915521213,5.397869986562043,-4.1776725272452255,3.626919695708613,-1.9136332915521221,3.626919695708613,-1.9136332915521221
2800000000.0,3.626017302496064,-1.9108829093794952,5.389579895426083,-4.1719600015015805,3.6260173024960642,-1.9108829093794961,3.6260173024960642,-1.9108829093794961
2805000000.0,3.6251179468244747,-1.9081422253759563,5.3869660603727745,-4.160693866899878,3.6251179468244765,-1.9081422253759577,3.6251179468244765,-1.9081422253759577
2810000000.0,3.6242216081380407,-1.9054111871447879,5.386272280219643,-4.153859780414623,3.6242216081380394,-1.9054111871447874,3.6242216081380394,-1.9054111871447874
2815000000.0,3.623328266068828,-1.9026897426492668,5.376601995963134,-4.145716126851883,3.6233282660688295,-1.9026897426492664,3.6233282660688295,-1.9026897426492664
2820000000.0,3.622437900434776,-1.8999778402096847,5.371171261753364,-4.138840567334257,3.622437900434772,-1.8999778402096819,3.622437900434772,-1.8999778402096819
2825000000.0,3.621550491237733,-1.8972754285003885,5.367846445761346,-4.135116649122859,3.6215504912377288,-1.897275428500386,3.6215504912377288,-1.897275428500386
2830000000.0,3.6206660186615083,-1.8945824565468579,5.358981395065196,-4.124368111245923,3.620666018661506,-1.894582456546856,3.620666018661506,-1.894582456546856
2835000000.0,3.6197844630699514,-1.8918988737228037,5.355593114786643,-4.117177795190807,3.619784463069957,-1.8918988737228055,3.619784463069957,-1.8918988737228055
2840000000.0,3.6189058050050544,-1.8892246297473028,5.356395556384731,-4.10913449907043,3.618905805005057,-1.8892246297473039,3.618905805005057,-1.8892246297473039
2845000000.0,3.618030025185076,-1.8865596746819524,5.344142692498556,-4.101163886040356,3.6180300251850763,-1.8865596746819517,3.6180300251850763,-1.8865596746819517
2850000000.0,3.6171571045026893,-1.8839039589280597,5.343403221160367,-4.091461952884847,3.617157104502686,-1.883903958928058,3.617157104502686,-1.883903958928058
2855000000.0,3.6162870240231486,-1.8812574332238527,5.333640121349856,-4.080056633647404,3.616287024023149,-1.881257433223852,3.616287024023149,-1.881257433223852
2860000000.0,3.6154197649824846,-1.8786200486417213,5.332672844571202,-4.074061299010474,3.6154197649824815,-1.8786200486417202,3.6154197649824815,-1.8786200486417202
2865000000.0,3.6145553087857123,-1.8759917565854836,5.3243968152365575,-4.070386088833518,3.6145553087857194,-1.875991756585488,3.6145553087857194,-1.875991756585488
2870000000.0,3.6136936370050665,-1.873372508787678,5.3222001725931785,-4.060676451505346,3.6136936370050665,-1.8733725087876776,3.6136936370050665,-1.8733725087876776
2875000000.0,3.612834731378258,-1.8707622573068876,5.323448381874663,-4.055449821564325,3.6128347313782485,-1.870762257306884,3.6128347313782485,-1.870762257306884
2880000000.0,3.6119785738067476,-1.8681609545250775,5.317789353879895,-4.05131850058733,3.611978573806746,-1.8681609545250757,3.611978573806746,-1.8681609545250757
2885000000.0,3.611125146354041,-1.865568553144972,5.317125805980526,-4.047294991706732,3.6111251463540395,-1.8655685531449702,3.6111251463540395,-1.8655685531449702
2890000000.0,3.6102744312440067,-1.8629850061874462,5.310544796296622,-4.038642980692428,3.6102744312440174,-1.862985006187451,3.6102744312440174,-1.862985006187451
2895000000.0,3.609426410859211,-1.8604102669889477,5.311621647951748,-4.030715536143577,3.6094264108592107,-1.8604102669889482,3.6094264108592107,-1.8604102669889482
2900000000.0,3.608581067739273,-1.8578442891989442,5.3118302797843215,-4.026397663582682,3.6085810677392702,-1.8578442891989426,3.6085810677392702,-1.8578442891989426
2905000000.0,3.60773838457924,-1.855287026777389,5.3096133113974355,-4.017979682517172,3.6077383845792372,-1.8552870267773858,3.6077383845792372,-1.8552870267773858
2910000000.0,3.606898344227982,-1.8527384339922182,5.312909098354703,-4.0128218896580705,3.6068983442279867,-1.8527384339922177,3.6068983442279867,-1.8527384339922177
2915000000.0,3.606060929686602,-1.8501984654168668,5.3093619350902586,-3.99951452633544,3.606060929686602,-1.8501984654168664,3.606060929686602,-1.8501984654168664
2920000000.0,3.6052261241068697,-1.8476670759278109,5.305819969593152,-3.993148339516822,3.605226124106866,-1.8476670759278075,3.605226124106866,-1.8476670759278075
2925000000.0,3.6043939107896708,-1.84514422070213,5.303027528176074,-3.985034931450525,3.6043939107896716,-1.8451442207021296,3.6043939107896716,-1.8451442207021296
2930000000.0,3.6035642731834736,-1.8426298552150984,5.298967070820954,-3.9730933956467935,3.6035642731834843,-1.842629855215103,3.6035642731834843,-1.842629855215103
2935000000.0,3.602737194882815,-1.8401239352377918,5.297762631361426,-3.9641038841039276,3.6027371948828204,-1.8401239352377938,3.6027371948828204,-1.8401239352377938
2940000000.0,3.6019126596268043,-1.837626416834723,5.289550510985454,-3.9596577501784678,3.6019126596268074,-1.8376264168347245,3.6019126596268074,-1.8376264168347245
2945000000.0,3.6010906512976435,-1.8351372563614954,5.286308390313805,-3.9499752870865135,3.601090651297645,-1.8351372563614952,3.601090651297645,-1.8351372563614952
2950000000.0,3.6002711539191643,-1.8326564104624818,5.280366430048454,-3.9430273278428145,3.600271153919173,-1.8326564104624867,3.600271153919173,-1.8326564104624867
2955000000.0,3.5994541516553835,-1.8301838360685236,5.276406512849137,-3.932432065158337,3.5994541516553795,-1.8301838360685223,3.5994541516553795,-1.8301838360685223
2960000000.0,3.598639628809075,-1.8277194903946503,5.271484086485608,-3.927733312747089,3.598639628809075,-1.8277194903946499,3.598639628809075,-1.8277194903946499
2965000000.0,3.597827569820356,-1.8252633309378241,5.2663156259662385,-3.9222192619279457,3.5978275698203603,-1.8252633309378272,3.5978275698203603,-1.8252633309378272
2970000000.0,3.597017959265292,-1.8228153154747002,5.260755679598111,-3.916665349029894,3.5970179592652918,-1.8228153154747,3.5970179592652918,-1.8228153154747
2975000000.0,3.596210781854518,-1.8203754020594136,5.259619380765303,-3.9102143325375294,3.5962107818545173,-1.8203754020594134,3.5962107818545173,-1.8203754020594134
2980000000.0,3.5954060224318733,-1.8179435490213838,5.24655846810775,-3.902756985441645,3.59540602243187,-1.8179435490213804,3.59540602243187,-1.8179435490213804
2985000000.0,3.5946036659730534,-1.8155197149631388,5.240745589646025,-3.8996363211945306,3.5946036659730534,-1.815519714963139,3.5946036659730534,-1.815519714963139
2990000000.0,3.5938036975842773,-1.8131038587581625,5.236282686400919,-3.897471613057227,3.593803697584281,-1.8131038587581616,3.593803697584281,-1.8131038587581616
2995000000.0,3.5930061025009707,-1.8106959395487592,5.232293341982049,-3.896433776788249,3.5930061025009667,-1.8106959395487572,3.5930061025009667,-1.8106959395487572
3000000000.0,3.592210866086462,-1.8082959167439407,5.233594376099658,-3.8924535461501346,3.592210866086467,-1.808295916743942,3.592210866086467,-1.808295916743942
3005000000.0,3.5914179738306955,-1.8059037500173285,5.225968614216312,-3.8746967771558056,3.5914179738306973,-1.80590375001733,3.5914179738306973,-1.80590375001733
3010000000.0,3.590627411348959,-1.8035193993050818,5.22848892351722,-3.8734388757084535,3.5906274113489602,-1.8035193993050824,3.5906274113489602,-1.8035193993050824
3015000000.0,3.5898391643806242,-1.8011428248038395,5.221425599801073,-3.865626658081326,3.5898391643806242,-1.8011428248038395,3.5898391643806242,-1.8011428248038395
3020000000.0,3.589053218787903,-1.7987739869686818,5.215319270573299,-3.8603064439978447,3.589053218787901,-1.7987739869686812,3.589053218787901,-1.7987739869686812
3025000000.0,3.5882695605546173,-1.7964128465111147,5.2164927222680655,-3.8618771029997725,3.588269560554617,-1.7964128465111162,3.588269560554617,-1.7964128465111162
3030000000.0,3.587488175784982,-1.794059364397067,5.200425815500119,-3.8598565383032133,3.5874881757849764,-1.7940593643970648,3.5874881757849764,-1.7940593643970648
3035000000.0,3.586709050702405,-1.7917135018449106,5.206835578709505,-3.8593554908600223,3.5867090507024053,-1.7917135018449108,3.5867090507024053,-1.7917135018449108
3040000000.0,3.5859321716482944,-1.7893752203234954,5.1997149837268655,-3.8575349921060296,3.585932171648291,-1.7893752203234938,3.585932171648291,-1.7893752203234938
3045000000.0,3.5851575250808865,-1.7870444815502067,5.20253595984076,-3.8592516271180473,3.585157525080886,-1.787044481550206,3.585157525080886,-1.787044481550206
3050000000.0,3.584385097574083,-1.7847212474890344,5.204898417524842,-3.847384986789027,3.5843850975740827,-1.7847212474890333,3.5843850975740827,-1.7847212474890333
3055000000.0,3.5836148758163,-1.7824054803486655,5.200391529291599,-3.849497922211484,3.5836148758163042,-1.7824054803486673,3.5836148758163042,-1.7824054803486673
3060000000.0,3.582846846609333,-1.7800971425805905,5.204156919652905,-3.850284544100443,3.5828468466093386,-1.7800971425805936,3.5828468466093386,-1.7800971425805936
3065000000.0,3.5820809968672327,-1.7777961968772273,5.210149166493975,-3.846154281291695,3.5820809968672345,-1.7777961968772276,3.5820809968672345,-1.7777961968772276
3070000000.0,3.5813173136151963,-1.775502606170065,5.211860414762838,-3.8395301146471708,3.5813173136151946,-1.775502606170064,3.5813173136151946,-1.775502606170064
3075000000.0,3.580555783988465,-1.77321633362782,5.212447019529491,-3.838746478812039,3.5805557839884634,-1.7732163336278184,3.5805557839884634,-1.7732163336278184
3080000000.0,3.5797963952312415,-1.7709373426546138,5.2082141987325254,-3.8169134364441115,3.579796395231237,-1.7709373426546107,3.579796395231237,-1.7709373426546107
3085000000.0,3.579039134695612,-1.7686655968881628,5.219905568062989,-3.820742900074672,3.5790391346956225,-1.7686655968881677,3.5790391346956225,-1.7686655968881677
3090000000.0,3.578283989840488,-1.7664010601979891,5.21923603347514,-3.818202187127175,3.578283989840491,-1.766401060197991,3.578283989840491,-1.766401060197991
3095000000.0,3.5775309482305526,-1.764143696683641,5.22360721060174,-3.796084186830182,3.577530948230551,-1.7641436966836421,3.577530948230551,-1.7641436966836421
3100000000.0,3.576779997535224,-1.7618934706729374,5.223462760479695,-3.7939152670190817,3.5767799975352186,-1.761893470672933,3.5767799975352186,-1.761893470672933
3105000000.0,3.5760311255276256,-1.759650346720222,5.2237869429492285,-3.791815043789808,3.57603112552762,-1.7596503467202198,3.57603112552762,-1.7596503467202198
3110000000.0,3.575284320083572,-1.7574142896046352,5.218213272867747,-3.7755889933735594,3.575284320083585,-1.7574142896046419,3.575284320083585,-1.7574142896046419
3115000000.0,3.5745395691805655,-1.7551852643284016,5.211511854017867,-3.7611492484468876,3.5745395691805673,-1.7551852643284032,3.5745395691805673,-1.7551852643284032
3120000000.0,3.5737968608967976,-1.7529632361151357,5.208992413615861,-3.7501526199611743,3.5737968608967985,-1.7529632361151346,3.5737968608967985,-1.7529632361151346
3125000000.0,3.5730561834101726,-1.7507481704081544,5.2091504653986584,-3.741665816652394,3.573056183410174,-1.7507481704081544,3.573056183410174,-1.7507481704081544
3130000000.0,3.5723175249973305,-1.7485400328688152,5.200483886219437,-3.7381115577244683,3.5723175249973282,-1.7485400328688128,3.5723175249973282,-1.7485400328688128
3135000000.0,3.5715808740326884,-1.7463387893748619,5.1995651118482265,-3.723362409631945,3.5715808740326893,-1.7463387893748616,3.5715808740326893,-1.7463387893748616
3140000000.0,3.5708462189874894,-1.7441444060187874,5.192495036521552,-3.715351833413132,3.5708462189874908,-1.7441444060187883,3.5708462189874908,-1.7441444060187883
3145000000.0,3.5701135484288615,-1.7419568491062107,5.190066604785429,-3.707794689922262,3.5701135484288615,-1.7419568491062103,3.5701135484288615,-1.7419568491062103
3150000000.0,3.56938285101889,-1.7397760851542703,5.186762082362496,-3.6973412161961914,3.5693828510188923,-1.73977608515427,3.5693828510188923,-1.73977608515427
3155000000.0,3.5686541155136937,-1.737602080890028,5.17692924324789,-3.6989454800395296,3.568654115513698,-1.7376020808900297,3.568654115513698,-1.7376020808900297
3160000000.0,3.5679273307625183,-1.735434803248892,5.17626749307069,-3.698297614206027,3.5679273307625277,-1.7354348032488958,3.5679273307625277,-1.7354348032488958
3165000000.0,3.567202485706836,-1.7332742193730464,5.162404080270275,-3.6898114010435012,3.567202485706838,-1.733274219373048,3.567202485706838,-1.733274219373048
3170000000.0,3.5664795693794535,-1.7311202966099046,5.160513129901099,-3.6819042368206785,3.566479569379458,-1.7311202966099053,3.566479569379458,-1.7311202966099053
3175000000.0,3.565758570903635,-1.728973002510567,5.155766999655751,-3.687117393684686,3.5657585709036237,-1.7289730025105634,3.5657585709036237,-1.7289730025105634
3180000000.0,3.565039479492227,-1.726832304828298,5.146946579329699,-3.676619937787258,3.56503947949223,-1.7268323048282996,3.56503947949223,-1.7268323048282996
3185000000.0,3.564322284446801,-1.7246981715170149,5.151204818117761,-3.671382756521533,3.564322284446801,-1.724698171517015,3.564322284446801,-1.724698171517015
3190000000.0,3.5636069751567976,-1.7225705707297891,5.152909560699948,-3.6762299284955797,3.563606975156804,-1.7225705707297905,3.563606975156804,-1.7225705707297905
3195000000.0,3.5628935410986866,-1.7204494708173617,5.15271421220841,-3.6711415563971426,3.5628935410986906,-1.7204494708173625,3.5628935410986906,-1.7204494708173625
3200000000.0,3.562181971835132,-1.7183348403266705,5.150352989137432,-3.6654755922375384,3.562181971835135,-1.718334840326673,3.562181971835135,-1.718334840326673
3205000000.0,3.561472257014166,-1.7162266479993944,5.145920789781188,-3.667304841860502,3.5614722570141653,-1.716226647999393,3.5614722570141653,-1.716226647999393
3210000000.0,3.5607643863683758,-1.7141248627705035,5.155628109792332,-3.6617645056149626,3.5607643863683744,-1.7141248627705041,3.5607643863683744,-1.7141248627705041
3215000000.0,3.560058349714092,-1.7120294537668264,5.1567382127875785,-3.654179963268052,3.5600583497140805,-1.7120294537668213,3.5600583497140805,-1.7120294537668213
3220000000.0,3.5593541369505943,-1.7099403903056314,5.152969837338796,-3.6524862178215383,3.5593541369505983,-1.7099403903056332,3.5593541369505983,-1.7099403903056332
3225000000.0,3.5586517380593197,-1.707857641893216,5.158910778036576,-3.6454028669806617,3.5586517380593214,-1.7078576418932165,3.5586517380593214,-1.7078576418932165
3230000000.0,3.5579511431030806,-1.7057811782235102,5.1602318544122125,-3.6319594261301953,3.5579511431030806,-1.7057811782235088,3.5579511431030806,-1.7057811782235088
3235000000.0,3.5572523422252913,-1.7037109691766934,5.156510154644807,-3.619007526123538,3.557252342225289,-1.7037109691766912,3.557252342225289,-1.7037109691766912
3240000000.0,3.5565553256492053,-1.7016469848178213,5.1518681585985995,-3.6099850610567334,3.5565553256492115,-1.7016469848178235,3.5565553256492115,-1.7016469848178235
3245000000.0,3.555860083677155,-1.6995891953954663,5.145417490272814,-3.607068001579224,3.555860083677155,-1.6995891953954658,3.555860083677155,-1.6995891953954658
3250000000.0,3.5551666066898067,-1.697537571340368,5.146905474490569,-3.600303843077223,3.555166606689806,-1.6975375713403673,3.555166606689806,-1.6975375713403673
3255000000.0,3.554474885145415,-1.6954920832640967,5.140747596693331,-3.58691331609305,3.5544748851454147,-1.6954920832640952,3.5544748851454147,-1.6954920832640952
3260000000.0,3.553784909579095,-1.6934527019577283,5.133911428535705,-3.580338698900775,3.5537849095790928,-1.6934527019577275,3.5537849095790928,-1.6934527019577275
3265000000.0,3.5530966706020948,-1.6914193983905306,5.136823096711916,-3.5706983467192774,3.553096670602101,-1.6914193983905328,3.553096670602101,-1.6914193983905328
3270000000.0,3.552410158901076,-1.6893921437086585,5.13333763169363,-3.5665958452780417,3.5524101589010826,-1.6893921437086625,3.5524101589010826,-1.6893921437086625
3275000000.0,3.5517253652374072,-1.6873709092338662,5.125388663189147,-3.562045873719135,3.5517253652373997,-1.687370909233863,3.5517253652373997,-1.687370909233863
3280000000.0,3.5510422804464596,-1.6853556664622231,5.114381192437426,-3.5562415685805444,3.5510422804464605,-1.6853556664622236,3.5510422804464605,-1.6853556664622236
3285000000.0,3.5503608954369126,-1.6833463870628462,5.1255804890781675,-3.5449520354158386,3.5503608954369184,-1.683346387062847,3.5503608954369184,-1.683346387062847
3290000000.0,3.549681201190065,-1.6813430428766418,5.1169274784477405,-3.5369161039961314,3.549681201190067,-1.6813430428766425,3.549681201190067,-1.6813430428766425
3295000000.0,3.549003188759157,-1.6793456059150569,5.097495013344867,-3.5405694470467477,3.5490031887591593,-1.6793456059150578,3.5490031887591593,-1.6793456059150578
3300000000.0,3.5483268492686935,-1.6773540483588416,5.0917938762279,-3.540328828341278,3.5483268492686992,-1.6773540483588434,3.5483268492686992,-1.6773540483588434
3305000000.0,3.54765217391378,-1.675368342556825,5.097188705058054,-3.531456744144069,3.5476521739137765,-1.6753683425568224,3.5476521739137765,-1.6753683425568224
3310000000.0,3.546979153959464,-1.6733884610246963,5.090941114339045,-3.5185645283734046,3.546979153959458,-1.6733884610246939,3.546979153959458,-1.6733884610246939
3315000000.0,3.54630778074008,-1.671414376443799,5.079030303988283,-3.52822509768394,3.546307780740076,-1.6714143764437979,3.546307780740076,-1.6714143764437979
3320000000.0,3.5456380456586056,-1.6694460616599376,5.0858265690368825,-3.5197953872034566,3.545638045658607,-1.6694460616599376,3.545638045658607,-1.6694460616599376
3325000000.0,3.5449699401860224,-1.6674834896821893,5.0612113794293245,-3.5099111949625588,3.544969940186021,-1.6674834896821884,3.544969940186021,-1.6674834896821884
3330000000.0,3.544303455860684,-1.6655266336817316,5.068645713178032,-3.5155619271323357,3.544303455860679,-1.6655266336817298,3.544303455860679,-1.6655266336817298
3335000000.0,3.5436385842876903,-1.663575466990674,5.073785354851839,-3.5113812413878467,3.5436385842876903,-1.6635754669906735,3.5436385842876903,-1.6635754669906735
3340000000.0,3.542975317138267,-1.6616299631009042,5.066797934301052,-3.5106971364445902,3.5429753171382696,-1.6616299631009055,3.5429753171382696,-1.6616299631009055
3345000000.0,3.5423136461491556,-1.6596900956629415,5.048561662680237,-3.5012126867643247,3.5423136461491516,-1.6596900956629381,3.5423136461491516,-1.6596900956629381
3350000000.0,3.5416535631220043,-1.6577558384848003,5.053908797728715,-3.5054461484708574,3.5416535631220096,-1.6577558384848032,3.5416535631220096,-1.6577558384848032
3355000000.0,3.5409950599227695,-1.6558271655308638,5.0550483928148955,-3.502606200731738,3.540995059922772,-1.655827165530865,3.540995059922772,-1.655827165530865
3360000000.0,3.540338128481122,-1.653904050920767,5.057097210452391,-3.4996576517185543,3.5403381284811193,-1.6539040509207652,3.5403381284811193,-1.6539040509207652
3365000000.0,3.5396827607898578,-1.6519864689282873,5.067656075095474,-3.503599012724952,3.5396827607898524,-1.651986468928286,3.5396827607898524,-1.651986468928286
3370000000.0,3.5390289489043187,-1.6500743939802487,5.052487115809401,-3.498713525765511,3.5390289489043165,-1.6500743939802474,3.5390289489043165,-1.6500743939802474
3375000000.0,3.538376684941815,-1.6481678006554301,5.062814337487788,-3.4930777666807242,3.53837668494181,-1.6481678006554286,3.53837668494181,-1.6481678006554286
3380000000.0,3.537725961081055,-1.646266663683485,5.0591964377514325,-3.4910268968862344,3.537725961081051,-1.6462666636834835,3.537725961081051,-1.6462666636834835
3385000000.0,3.5370767695615846,-1.6443709579438726,5.062740252148415,-3.472407349789123,3.537076769561582,-1.644370957943873,3.537076769561582,-1.644370957943873
3390000000.0,3.536429102683223,-1.6424806584647913,5.061951864386859,-3.4742330588815133,3.5364291026832255,-1.642480658464792,3.5364291026832255,-1.642480658464792
3395000000.0,3.535782952805518,-1.6405957404221299,5.066630013982746,-3.4763563060537055,3.535782952805516,-1.6405957404221294,3.535782952805516,-1.6405957404221294
3400000000.0,3.535138312347193,-1.6387161791384197,5.065645365004112,-3.471436777629148,3.535138312347198,-1.6387161791384208,3.535138312347198,-1.6387161791384208
3405000000.0,3.5344951737856083,-1.636841950081799,5.065520596697202,-3.4679511026043848,3.534495173785599,-1.6368419500817952,3.534495173785599,-1.6368419500817952
3410000000.0,3.533853529656227,-1.6349730288649857,5.058721662787256,-3.4468086558407744,3.5338535296562275,-1.6349730288649853,3.5338535296562275,-1.6349730288649853
3415000000.0,3.5332133725520807,-1.6331093912442594,5.06478313079188,-3.444346812324864,3.5332133725520865,-1.6331093912442627,3.5332133725520865,-1.6331093912442627
3420000000.0,3.5325746951232495,-1.6312510131184492,5.064367948937328,-3.437453861428209,3.5325746951232584,-1.6312510131184514,3.5325746951232584,-1.6312510131184514
3425000000.0,3.5319374900763383,-1.629397870527932,5.057956419332282,-3.425125178129102,3.5319374900763414,-1.6293978705279326,3.5319374900763414,-1.6293978705279326
3430000000.0,3.5313017501739665,-1.6275499396536381,5.064571489121299,-3.4248558113204552,3.53130175017397,-1.6275499396536384,3.53130175017397,-1.6275499396536384
3435000000.0,3.530667468234255,-1.6257071968160672,5.058084800810777,-3.4148827803343296,3.5306674682342565,-1.6257071968160677,3.5306674682342565,-1.6257071968160677
3440000000.0,3.530034637130327,-1.623869618474309,5.056315626816028,-3.405246955371383,3.530034637130319,-1.6238696184743067,3.530034637130319,-1.6238696184743067
3445000000.0,3.529403249789805,-1.6220371812250738,5.052029757266752,-3.3995507510209886,3.5294032497897954,-1.6220371812250698,3.5294032497897954,-1.6220371812250698
3450000000.0,3.52877329919432,-1.620209861801731,5.052020731207172,-3.386204786618861,3.528773299194324,-1.620209861801733,3.528773299194324,-1.620209861801733
3455000000.0,3.5281447783790214,-1.6183876370733552,5.044768291175053,-3.3775713132140486,3.5281447783790174,-1.618387637073354,3.5281447783790174,-1.618387637073354
3460000000.0,3.5275176804320956,-1.6165704840437802,5.037468371476099,-3.374060497142975,3.527517680432093,-1.616570484043779,3.527517680432093,-1.616570484043779
3465000000.0,3.5268919984942824,-1.614758379850661,5.030269884438245,-3.3673512190409913,3.5268919984942726,-1.6147583798506566,3.5268919984942726,-1.6147583798506566
3470000000.0,3.526267725758407,-1.6129513017645427,5.021796795733162,-3.359179270248159,3.526267725758408,-1.6129513017645438,3.526267725758408,-1.6129513017645438
3475000000.0,3.5256448554689053,-1.6111492271879375,5.014153906397362,-3.354314368563656,3.5256448554689044,-1.6111492271879373,3.5256448554689044,-1.6111492271879373
3480000000.0,3.525023380921363,-1.6093521336544099,5.007218063091331,-3.352463168216101,3.525023380921368,-1.6093521336544125,3.525023380921368,-1.6093521336544125
3485000000.0,3.5244032954620543,-1.6075599988276672,4.993670188299631,-3.3481428794260806,3.5244032954620614,-1.6075599988276714,3.5244032954620614,-1.6075599988276714
3490000000.0,3.523784592487487,-1.6057728005006604,4.988576633764243,-3.353249340071464,3.523784592487486,-1.605772800500659,3.523784592487486,-1.605772800500659
3495000000.0,3.523167265443952,-1.603990516594688,4.985559608711462,-3.350794328703742,3.5231672654439503,-1.6039905165946875,3.5231672654439503,-1.6039905165946875
3500000000.0,3.522551307827074,-1.6022131251585143,4.97811136946305,-3.354424882754884,3.522551307827076,-1.6022131251585148,3.522551307827076,-1.6022131251585148
3505000000.0,3.521936713181377,-1.6004406043674864,4.972328724092304,-3.355553692460791,3.5219367131813795,-1.600440604367486,3.5219367131813795,-1.600440604367486
3510000000.0,3.521323475099838,-1.5986729325226636,4.973846865924099,-3.3627855741488144,3.5213234750998392,-1.598672932522664,3.5213234750998392,-1.598672932522664
3515000000.0,3.5207115872234596,-1.5969100880499527,4.968335331740797,-3.362253966524463,3.5207115872234502,-1.596910088049949,3.5207115872234502,-1.596910088049949
3520000000.0,3.520101043240842,-1.5951520494992502,4.97017459619842,-3.3635729475439504,3.520101043240843,-1.5951520494992508,3.520101043240843,-1.5951520494992508
3525000000.0,3.5194918368877546,-1.59339879554359,4.981827282339316,-3.3722278518152287,3.519491836887753,-1.5933987955435882,3.519491836887753,-1.5933987955435882
3530000000.0,3.5188839619467176,-1.5916503049783015,4.989888803239769,-3.381617643721865,3.518883961946716,-1.5916503049783006,3.518883961946716,-1.5916503049783006
3535000000.0,3.5182774122465865,-1.58990655672017,4.997399042131838,-3.373051892441755,3.518277412246589,-1.589906556720171,3.518277412246589,-1.589906556720171
3540000000.0,3.5176721816621406,-1.5881675298066071,5.0018489619170925,-3.3696255189305995,3.517672181662145,-1.5881675298066094,3.517672181662145,-1.5881675298066094
3545000000.0,3.5170682641136737,-1.586433203394826,5.02336041597367,-3.360082451555155,3.51706826411367,-1.5864332033948252,3.51706826411367,-1.5864332033948252
3550000000.0,3.5164656535665895,-1.5847035567610246,5.030253091948422,-3.3460773020820738,3.5164656535665944,-1.5847035567610266,3.5164656535665944,-1.5847035567610266
3555000000.0,3.515864344031005,-1.5829785692995753,5.033826489620285,-3.339197049934539,3.5158643440310025,-1.5829785692995737,3.5158643440310025,-1.5829785692995737
3560000000.0,3.5152643295613517,-1.5812582205222174,5.038323470368342,-3.3143709106897536,3.5152643295613473,-1.5812582205222145,3.5152643295613473,-1.5812582205222145
3565000000.0,3.514665604255984,-1.5795424900572632,5.035534884436603,-3.3018689981183043,3.5146656042559776,-1.5795424900572614,3.5146656042559776,-1.5795424900572614
3570000000.0,3.5140681622567933,-1.577831357648803,5.041999071959643,-3.275337848297197,3.5140681622568026,-1.5778313576488059,3.5140681622568026,-1.5778313576488059
3575000000.0,3.51347199774882,-1.5761248031559216,5.048140974314268,-3.2201309757720153,3.51347199774881,-1.5761248031559167,3.51347199774881,-1.5761248031559167
3580000000.0,3.5128771049598764,-1.5744228065519184,5.028498651862908,-3.2139587773873233,3.512877104959871,-1.5744228065519172,3.512877104959871,-1.5744228065519172
3585000000.0,3.5122834781601666,-1.5727253479235335,4.990759887864953,-3.2130219585863595,3.512283478160173,-1.572725347923536,3.512283478160173,-1.572725347923536
3590000000.0,3.511691111661916,-1.571032407470183,4.978563273648218,-3.1974114257791943,3.511691111661913,-1.5710324074701816,3.511691111661913,-1.5710324074701816
3595000000.0,3.511099999819001,-1.5693439655031953,4.955292766804553,-3.1851099185704403,3.511099999818993,-1.5693439655031924,3.511099999818993,-1.5693439655031924
3600000000.0,3.510510137026583,-1.567660002445059,4.9333853263727105,-3.2038114800489317,3.5105101370265794,-1.5676600024450575,3.5105101370265794,-1.5676600024450575
3605000000.0,3.5099215177207452,-1.5659804988286719,4.911798853871904,-3.198541037421152,3.5099215177207412,-1.5659804988286705,3.5099215177207412,-1.5659804988286705
3610000000.0,3.509334136378134,-1.564305435296599,4.904122049809317,-3.2265954796361584,3.5093341363781336,-1.564305435296599,3.5093341363781336,-1.564305435296599
3615000000.0,3.5087479875156076,-1.5626347926003352,4.89144860708325,-3.2359734425376265,3.508747987515618,-1.5626347926003386,3.508747987515618,-1.5626347926003386
3620000000.0,3.508163065689876,-1.5609685515995746,4.8946584119548495,-3.2465003775111874,3.508163065689877,-1.5609685515995742,3.508163065689877,-1.5609685515995742
3625000000.0,3.5075793654971608,-1.5593066932614827,4.863953946681421,-3.2751067988322133,3.5075793654971643,-1.559306693261484,3.5075793654971643,-1.559306693261484
3630000000.0,3.5069968815728454,-1.5576491986599792,4.905626208147038,-3.266577214383412,3.5069968815728467,-1.5576491986599805,3.5069968815728467,-1.5576491986599805
3635000000.0,3.5064156085911353,-1.555996048975022,4.9073480144196235,-3.2731111061492575,3.5064156085911304,-1.5559960489750202,3.5064156085911304,-1.5559960489750202
3640000000.0,3.5058355412647177,-1.5543472254918984,4.92211174854625,-3.2662442815867023,3.505835541264719,-1.5543472254918975,3.505835541264719,-1.5543472254918975
3645000000.0,3.5052566743444302,-1.5527027096005228,4.9269222534400745,-3.267143043526937,3.5052566743444333,-1.5527027096005241,3.5052566743444333,-1.5527027096005241
3650000000.0,3.5046790026189236,-1.5510624827947388,4.940281360899771,-3.264046205284594,3.5046790026189223,-1.551062482794738,3.5046790026189223,-1.551062482794738
3655000000.0,3.5041025209143375,-1.549426526671626,4.947516057811139,-3.251332061219434,3.5041025209143397,-1.5494265266716265,3.5041025209143397,-1.5494265266716265
3660000000.0,3.5035272240939728,-1.5477948229308147,4.944905121008983,-3.24558061228699,3.503527224093978,-1.547794822930817,3.503527224093978,-1.547794822930817
3665000000.0,3.5029531070579703,-1.5461673533738025,4.945981846368542,-3.2412490067508277,3.5029531070579623,-1.5461673533737992,3.5029531070579623,-1.5461673533737992
3670000000.0,3.502380164742991,-1.54454409990328,4.949080176595787,-3.2390599920008643,3.5023801647429877,-1.544544099903279,3.5023801647429877,-1.544544099903279
3675000000.0,3.501808392121899,-1.5429250445224567,4.9637806717503965,-3.241027038660528,3.501808392121907,-1.5429250445224596,3.501808392121907,-1.5429250445224596
3680000000.0,3.5012377842034494,-1.5413101693343998,4.964245534596704,-3.22494187054398,3.5012377842034472,-1.5413101693343991,3.5012377842034472,-1.5413101693343991
3685000000.0,3.500668336031979,-1.5396994565413689,4.9599677023786075,-3.2179618845721167,3.5006683360319855,-1.5396994565413702,3.5006683360319855,-1.5396994565413702
3690000000.0,3.500100042687096,-1.5380928884441634,4.964369856062538,-3.2059468045675508,3.5001000426870954,-1.5380928884441627,3.5001000426870954,-1.5380928884441627
3695000000.0,3.4995328992833796,-1.5364904474414705,4.965677851891125,-3.1944213687225256,3.499532899283381,-1.536490447441471,3.499532899283381,-1.536490447441471
3700000000.0,3.498966900970076,-1.5348921160292202,4.96718139765409,-3.189170676250004,3.4989669009700757,-1.5348921160292184,3.4989669009700757,-1.5348921160292184
3705000000.0,3.4984020429308007,-1.5332978767999446,4.973381620475084,-3.166748601056211,3.498402042930796,-1.5332978767999432,3.498402042930796,-1.5332978767999432
3710000000.0,3.497838320383243,-1.5317077124421423,4.967452274231969,-3.1548671548909573,3.4978383203832446,-1.531707712442143,3.4978383203832446,-1.531707712442143
3715000000.0,3.497275728578873,-1.5301216057396483,4.963952473553036,-3.146480099554311,3.497275728578875,-1.5301216057396483,3.497275728578875,-1.5301216057396483
3720000000.0,3.496714262802651,-1.5285395395710066,4.95106882505856,-3.1273286589165257,3.4967142628026515,-1.5285395395710075,3.4967142628026515,-1.5285395395710075
3725000000.0,3.496153918372742,-1.52696149690885,4.949290284346184,-3.1173664365401232,3.4961539183727535,-1.5269614969088552,3.4961539183727535,-1.5269614969088552
3730000000.0,3.4955946906402295,-1.5253874608192843,4.931271411425632,-3.0966701003516826,3.4955946906402238,-1.5253874608192814,3.4955946906402238,-1.5253874608192814
3735000000.0,3.495036574988835,-1.5238174144612757,4.9170828359068315,-3.084386084561795,3.4950365749888377,-1.5238174144612775,3.4950365749888377,-1.5238174144612775
3740000000.0,3.4944795668346367,-1.5222513410860428,4.895183876909735,-3.081391238093418,3.494479566834634,-1.5222513410860428,3.494479566834634,-1.5222513410860428
3745000000.0,3.493923661625795,-1.5206892240364571,4.881055393014819,-3.0846993713557795,3.4939236616257947,-1.5206892240364565,3.4939236616257947,-1.5206892240364565
3750000000.0,3.4933688548422785,-1.519131046746443,4.855543710546629,-3.0915213859713004,3.493368854842279,-1.519131046746442,3.493368854842279,-1.519131046746442
3755000000.0,3.4928151419955915,-1.5175767927403847,4.84524587415825,-3.1073325713944198,3.4928151419955906,-1.5175767927403838,3.4928151419955906,-1.5175767927403838
3760000000.0,3.4922625186285057,-1.5160264456325387,4.832422041893728,-3.1259474372360767,3.492262518628507,-1.5160264456325392,3.492262518628507,-1.5160264456325392
3765000000.0,3.491710980314795,-1.5144799891264475,4.8422492606525305,-3.1416710236510177,3.491710980314791,-1.514479989126445,3.491710980314791,-1.514479989126445
3770000000.0,3.4911605226589706,-1.5129374070143615,4.8524424650093545,-3.1636056096132683,3.491160522658973,-1.512937407014362,3.491160522658973,-1.512937407014362
3775000000.0,3.4906111412960206,-1.511398683176663,4.87846369238302,-3.1754542605638463,3.49061114129602,-1.5113986831766626,3.49061114129602,-1.5113986831766626
3780000000.0,3.4900628318911497,-1.5098638015812953,4.907773919938032,-3.179827499066175,3.4900628318911493,-1.5098638015812955,3.4900628318911493,-1.5098638015812955
3785000000.0,3.489515590139525,-1.5083327462831941,4.927808055190454,-3.1628845003999158,3.489515590139519,-1.5083327462831913,3.489515590139519,-1.5083327462831913
3790000000.0,3.4889694117660204,-1.506805501423728,4.949441987377781,-3.1452608724922793,3.4889694117660195,-1.5068055014237276,3.4889694117660195,-1.5068055014237276
3795000000.0,3.488424292524967,-1.5052820512301384,4.951104208293926,-3.1158443430111276,3.488424292524968,-1.5052820512301384,3.488424292524968,-1.5052820512301384
3800000000.0,3.4878802281999013,-1.5037623800149846,4.946381229124888,-3.0958492318810733,3.4878802281999044,-1.5037623800149862,3.4878802281999044,-1.5037623800149862
3805000000.0,3.4873372146033197,-1.5022464721755957,4.948407508090511,-3.071837607370036,3.4873372146033135,-1.5022464721755928,3.4873372146033135,-1.5022464721755928
3810000000.0,3.4867952475764348,-1.5007343121935237,4.935745352636594,-3.066353151739638,3.4867952475764317,-1.5007343121935224,3.4867952475764317,-1.5007343121935224
3815000000.0,3.486254322988932,-1.4992258846340019,4.925416154588837,-3.0510875694608037,3.486254322988928,-1.4992258846340012,3.486254322988928,-1.4992258846340012
3820000000.0,3.4857144367387294,-1.4977211741454075,4.919974871616926,-3.0439877290160413,3.485714436738728,-1.4977211741454064,3.485714436738728,-1.4977211741454064
3825000000.0,3.4851755847517403,-1.4962201654587273,4.893869532159795,-3.037881158331513,3.485175584751747,-1.4962201654587295,3.485175584751747,-1.4962201654587295
3830000000.0,3.484637762981639,-1.4947228433870297,4.884837537688259,-3.0343628110689584,3.4846377629816425,-1.4947228433870303,3.4846377629816425,-1.4947228433870303
3835000000.0,3.4841009674096246,-1.493229192824936,4.873411533319137,-3.0538490448755837,3.4841009674096344,-1.49322919282494,3.4841009674096344,-1.49322919282494
3840000000.0,3.4835651940441927,-1.491739198748102,4.872863016045791,-3.049769654394883,3.4835651940441927,-1.491739198748102,3.4835651940441927,-1.491739198748102
3845000000.0,3.483030438920905,-1.4902528462126967,4.865545542577614,-3.049086947245667,3.483030438920904,-1.4902528462126963,3.483030438920904,-1.4902528462126963
3850000000.0,3.4824966981021612,-1.488770120354892,4.868813383700792,-3.0510034199951646,3.4824966981021546,-1.488770120354889,3.4824966981021546,-1.488770120354889
3855000000.0,3.481963967676977,-1.487291006390349,4.873967708054425,-3.0448799686873165,3.4819639676769754,-1.4872910063903477,3.4819639676769754,-1.4872910063903477
3860000000.0,3.4814322437607594,-1.4858154896137135,4.86841213216862,-3.0348677668294033,3.481432243760752,-1.4858154896137108,3.481432243760752,-1.4858154896137108
3865000000.0,3.4809015224950857,-1.4843435553981124,4.867150745950991,-3.0419284291609308,3.4809015224950848,-1.4843435553981126,3.4809015224950848,-1.4843435553981126
3870000000.0,3.480371800047487,-1.4828751891946552,4.870297119437755,-3.034695885018115,3.4803718000474837,-1.482875189194654,3.4803718000474837,-1.482875189194654
3875000000.0,3.479843072611229,-1.4814103765319393,4.863142375095859,-3.0272246835318963,3.479843072611228,-1.4814103765319393,3.479843072611228,-1.4814103765319393
3880000000.0,3.4793153364050995,-1.4799491030155556,4.85533664955367,-3.024298412318638,3.479315336405102,-1.4799491030155574,3.479315336405102,-1.4799491030155574
3885000000.0,3.4787885876731948,-1.4784913543276046,4.861784591440857,-3.0242296146148675,3.4787885876731917,-1.4784913543276021,3.4787885876731917,-1.4784913543276021
3890000000.0,3.4782628226847097,-1.4770371162262093,4.861659906422407,-3.018873499935682,3.4782628226847097,-1.47703711622621,3.4782628226847097,-1.47703711622621
3895000000.0,3.4777380377337255,-1.4755863745450333,4.860645045476016,-3.022404375972526,3.47773803773373,-1.4755863745450355,3.47773803773373,-1.4755863745450355
3900000000.0,3.4772142291390096,-1.474139115192807,4.853667645976239,-3.011902428069318,3.4772142291390113,-1.4741391151928065,3.4772142291390113,-1.4741391151928065
3905000000.0,3.4766913932438044,-1.4726953241528509,4.852960492546461,-2.9986275506891125,3.4766913932438075,-1.4726953241528526,3.4766913932438075,-1.4726953241528526
3910000000.0,3.476169526415628,-1.471254987482606,4.8589050305548165,-2.9970339648820272,3.476169526415626,-1.471254987482604,3.476169526415626,-1.471254987482604
3915000000.0,3.475648625046072,-1.469818091313167,4.854662309482608,-2.9931195368888965,3.475648625046072,-1.469818091313167,3.475648625046072,-1.469818091313167
3920000000.0,3.4751286855505996,-1.46838462184882,4.851161841063138,-2.998072744830734,3.4751286855505956,-1.4683846218488183,3.4751286855505956,-1.4683846218488183
3925000000.0,3.474609704368353,-1.466954565366579,4.845962536003114,-2.9929014830625187,3.4746097043683566,-1.46695456536658,3.4746097043683566,-1.46695456536658
3930000000.0,3.474091677961955,-1.4655279082157335,4.848400411043061,-2.9861215793531417,3.4740916779619635,-1.4655279082157358,3.4740916779619635,-1.4655279082157358
3935000000.0,3.473574602817313,-1.464104636817392,4.85109438373962,-2.9796464024165448,3.4735746028173073,-1.4641046368173891,3.4735746028173073,-1.4641046368173891
3940000000.0,3.4730584754434326,-1.4626847376640328,4.842413674197835,-2.9783070526267417,3.473058475443427,-1.4626847376640313,3.473058475443427,-1.4626847376640313
3945000000.0,3.4725432923722197,-1.461268197319057,4.8407725171728195,-2.9710391995353405,3.4725432923722224,-1.461268197319058,3.4725432923722224,-1.461268197319058
3950000000.0,3.472029050158299,-1.459855002416346,4.84220090071812,-2.968538781027564,3.4720290501582927,-1.4598550024163428,3.4720290501582927,-1.4598550024163428
3955000000.0,3.4715157453788223,-1.458445139659819,4.838673038304745,-2.9602751450759635,3.4715157453788223,-1.458445139659818,3.4715157453788223,-1.458445139659818
3960000000.0,3.471003374633285,-1.4570385958229979,4.838947261457915,-2.9544814550551464,3.4710033746332876,-1.4570385958229988,3.4710033746332876,-1.4570385958229988
3965000000.0,3.4704919345433436,-1.4556353577485714,4.840253253088174,-2.9559816534172674,3.470491934543341,-1.4556353577485708,3.470491934543341,-1.4556353577485708
3970000000.0,3.4699814217526312,-1.4542354123479673,4.8305422369222555,-2.9508259207286103,3.469981421752632,-1.4542354123479666,3.469981421752632,-1.4542354123479666
3975000000.0,3.4694718329265797,-1.45283874660092,4.825774143562281,-2.9491260423251093,3.4694718329265775,-1.4528387466009194,3.4694718329265775,-1.4528387466009194
3980000000.0,3.4689631647522385,-1.4514453475550497,4.829709950112607,-2.9422651026466657,3.4689631647522456,-1.4514453475550515,3.4689631647522456,-1.4514453475550515
3985000000.0,3.4684554139381016,-1.4500552023254394,4.824076965613218,-2.9382256446626154,3.4684554139381056,-1.4500552023254412,3.4684554139381056,-1.4500552023254412
3990000000.0,3.4679485772139276,-1.448668298094216,4.825213625396767,-2.9322217370750385,3.4679485772139267,-1.4486682980942163,3.4679485772139267,-1.4486682980942163
3995000000.0,3.4674426513305696,-1.4472846221101356,4.821656528367905,-2.932593508732313,3.467442651330571,-1.4472846221101365,3.467442651330571,-1.4472846221101365
4000000000.0,3.4669376330598007,-1.4459041616881705,4.818658142507159,-2.9246784753750057,3.4669376330597967,-1.4459041616881683,3.4669376330597967,-1.4459041616881683
4005000000.0,3.4664335191941444,-1.444526904209099,4.8205922470891815,-2.924309021386452,3.4664335191941427,-1.4445269042090985,3.4664335191941427,-1.4445269042090985
4010000000.0,3.465930306546705,-1.4431528371190994,4.818230201736099,-2.9193662064669326,3.465930306546713,-1.4431528371191018,3.465930306546713,-1.4431528371191018
4015000000.0,3.465427991950999,-1.441781947929346,4.811549480503748,-2.9137345260139207,3.4654279919510063,-1.4417819479293494,3.4654279919510063,-1.4417819479293494
4020000000.0,3.464926572260793,-1.4404142242156093,4.811237671083713,-2.9097095387452336,3.464926572260787,-1.4404142242156066,3.464926572260787,-1.4404142242156066
4025000000.0,3.464426044349933,-1.4390496536178552,4.8095628352632325,-2.909363483690931,3.4644260443499317,-1.4390496536178539,3.4644260443499317,-1.4390496536178539
4030000000.0,3.4639264051121867,-1.4376882238398534,4.810002070076545,-2.902414575362082,3.463926405112183,-1.4376882238398518,3.463926405112183,-1.4376882238398518
4035000000.0,3.4634276514610787,-1.4363299226487822,4.804367515037484,-2.8983831299677627,3.463427651461081,-1.4363299226487816,3.463427651461081,-1.4363299226487816
4040000000.0,3.46292978032973,-1.4349747378748399,4.804079283817742,-2.8933884302972626,3.4629297803297274,-1.4349747378748396,3.4629297803297274,-1.4349747378748396
4045000000.0,3.4624327886707027,-1.433622657410859,4.802781481612978,-2.888543995079492,3.4624327886707023,-1.4336226574108595,3.4624327886707023,-1.4336226574108595
4050000000.0,3.4619366734558383,-1.4322736692119207,4.79827831672955,-2.8851080751447955,3.4619366734558374,-1.4322736692119218,3.4619366734558374,-1.4322736692119218
4055000000.0,3.4614414316761057,-1.4309277612949736,4.79511202111327,-2.8848015626298404,3.4614414316761004,-1.4309277612949711,3.4614414316761004,-1.4309277612949711
4060000000.0,3.4609470603414425,-1.4295849217384569,4.79166948146643,-2.8804674929355483,3.4609470603414407,-1.4295849217384562,3.4609470603414407,-1.4295849217384562
4065000000.0,3.4604535564806054,-1.428245138681922,4.791039119297861,-2.8743779162096046,3.460453556480603,-1.4282451386819206,3.460453556480603,-1.4282451386819206
4070000000.0,3.459960917141017,-1.4269084003256616,4.786958605733656,-2.8722375194215863,3.4599609171410144,-1.4269084003256614,3.4599609171410144,-1.4269084003256614
4075000000.0,3.4594691393886143,-1.4255746949303374,4.78726575944717,-2.8689319364217067,3.4594691393886143,-1.4255746949303376,3.4594691393886143,-1.4255746949303376
4080000000.0,3.4589782203077024,-1.4242440108166121,4.787209792720265,-2.864604755926739,3.458978220307699,-1.4242440108166108,3.458978220307699,-1.4242440108166108
4085000000.0,3.4584881570008026,-1.4229163363647856,4.780388853685748,-2.859595870154029,3.4584881570007955,-1.4229163363647837,3.4584881570007955,-1.4229163363647837
4090000000.0,3.4579989465885097,-1.421591660014431,4.778787206775028,-2.858913077438261,3.4579989465885097,-1.4215916600144316,3.4579989465885097,-1.4215916600144316
4095000000.0,3.4575105862093456,-1.420269970264033,4.775953121676409,-2.857865357392633,3.4575105862093496,-1.420269970264034,3.4575105862093496,-1.420269970264034
4100000000.0,3.4570230730196143,-1.418951255670633,4.775566682438344,-2.849236573861881,3.457023073019612,-1.4189512556706332,3.457023073019612,-1.4189512556706332
4105000000.0,3.4565364041932605,-1.4176355048494722,4.774049219503043,-2.8477944639987975,3.4565364041932662,-1.4176355048494738,3.4565364041932662,-1.4176355048494738
4110000000.0,3.4560505769217285,-1.4163227064736388,4.771889239471801,-2.8418503521056637,3.4560505769217276,-1.4163227064736392,3.4560505769217276,-1.4163227064736392
4115000000.0,3.4555655884138203,-1.415012849273718,4.766881641927132,-2.840333608531555,3.4555655884138194,-1.4150128492737173,3.4555655884138194,-1.4150128492737173
4120000000.0,3.4550814358955586,-1.4137059220374444,4.76382803382956,-2.8402493917318803,3.4550814358955595,-1.4137059220374444,3.4550814358955595,-1.4137059220374444
4125000000.0,3.4545981166100486,-1.4124019136093566,4.765005746761287,-2.8333044516089694,3.4545981166100446,-1.4124019136093549,3.4545981166100446,-1.4124019136093549
4130000000.0,3.454115627817342,-1.4111008128904539,4.758999020133888,-2.8320349702903918,3.4541156278173437,-1.4111008128904536,3.4541156278173437,-1.4111008128904536
4135000000.0,3.4536339667943006,-1.4098026088378557,4.761985422804069,-2.8336198862357724,3.453633966794296,-1.4098026088378532,3.453633966794296,-1.4098026088378532
4140000000.0,3.453153130834463,-1.4085072904644635,4.760054100848433,-2.826864185724818,3.4531531308344654,-1.4085072904644633,3.4531531308344654,-1.4085072904644633
4145000000.0,3.4526731172479117,-1.4072148468386256,4.756156396633552,-2.8301237489134925,3.4526731172479153,-1.4072148468386274,3.4526731172479153,-1.4072148468386274
4150000000.0,3.452193923361143,-1.4059252670838027,4.755177153257039,-2.8227742670931386,3.4521939233611443,-1.405925267083804,3.4521939233611443,-1.405925267083804
4155000000.0,3.4517155465169322,-1.404638540378237,4.755959641158063,-2.8194763786313786,3.451715546516939,-1.4046385403782398,3.451715546516939,-1.4046385403782398
4160000000.0,3.45123798407421,-1.403354655954623,4.751422224970808,-2.8193622213863545,3.451237984074209,-1.4033546559546237,3.451237984074209,-1.4033546559546237
4165000000.0,3.4507612334079303,-1.4020736030997822,4.752796132312459,-2.81308520797081,3.4507612334079396,-1.4020736030997847,3.4507612334079396,-1.4020736030997847
4170000000.0,3.450285291908943,-1.400795371154337,4.751029404205629,-2.8132495457981412,3.450285291908945,-1.4007953711543388,3.450285291908945,-1.4007953711543388
4175000000.0,3.44981015698387,-1.3995199495123902,4.747446407014753,-2.803757581119211,3.4498101569838693,-1.3995199495123904,3.4498101569838693,-1.3995199495123904
4180000000.0,3.4493358260549813,-1.398247327621204,4.750423303641308,-2.809813905413563,3.449335826054976,-1.3982473276212015,3.449335826054976,-1.3982473276212015
4185000000.0,3.4488622965600664,-1.3969774949808822,4.74423288352522,-2.7999948191177615,3.4488622965600615,-1.3969774949808795,3.4488622965600615,-1.3969774949808795
4190000000.0,3.448389565952316,-1.3957104411440557,4.745071940841444,-2.8013283042440955,3.4483895659523136,-1.3957104411440557,3.4483895659523136,-1.3957104411440557
4195000000.0,3.4479176317002,-1.3944461557155696,4.740689827331433,-2.7949353049733268,3.4479176317001987,-1.3944461557155683,3.4479176317001987,-1.3944461557155683
4200000000.0,3.4474464912873444,-1.3931846283521698,4.7460871098657424,-2.7916251488898642,3.4474464912873355,-1.3931846283521658,3.4474464912873355,-1.3931846283521658
4205000000.0,3.446976142212415,-1.391925848762196,4.742143852948727,-2.788387085192456,3.446976142212408,-1.3919258487621928,3.446976142212408,-1.3919258487621928
4210000000.0,3.4465065819889955,-1.390669806705274,4.740756676493478,-2.7883416306722046,3.446506581988998,-1.3906698067052758,3.446506581988998,-1.3906698067052758
4215000000.0,3.4460378081454737,-1.3894164919920124,4.738937576139189,-2.776653285367342,3.446037808145478,-1.3894164919920147,3.446037808145478,-1.3894164919920147
4220000000.0,3.445569818224921,-1.3881658944836974,4.742776389177074,-2.7797869173021703,3.4455698182249175,-1.388165894483698,3.4455698182249175,-1.388165894483698
4225000000.0,3.4451026097849824,-1.3869180040919937,4.739315117169501,-2.7701848602875137,3.4451026097849886,-1.386918004091995,3.4451026097849886,-1.386918004091995
4230000000.0,3.4446361803977568,-1.3856728107786467,4.732260165826867,-2.7704689598643877,3.4446361803977616,-1.3856728107786485,3.4446361803977616,-1.3856728107786485
4235000000.0,3.444170527649686,-1.3844303045551838,4.733746333855274,-2.758534758069548,3.4441705276496837,-1.384430304555182,3.4441705276496837,-1.384430304555182
4240000000.0,3.443705649141443,-1.383190475482622,4.730420090309801,-2.7597999096580783,3.4437056491414437,-1.3831904754826216,3.4437056491414437,-1.3831904754826216
4245000000.0,3.4432415424878187,-1.3819533136711752,4.730526196391311,-2.7531442482354676,3.4432415424878213,-1.3819533136711761,3.4432415424878213,-1.3819533136711761
4250000000.0,3.442778205317614,-1.3807188092799616,4.731749488367109,-2.7521077737797284,3.4427782053176115,-1.38071880927996,3.4427782053176115,-1.38071880927996
4255000000.0,3.4423156352735274,-1.3794869525167186,4.729441680707785,-2.7439165353138173,3.4423156352735322,-1.3794869525167193,3.4423156352735322,-1.3794869525167193
4260000000.0,3.4418538300120476,-1.3782577336375132,4.731636838388874,-2.7458440797667403,3.4418538300120445,-1.3782577336375126,3.4418538300120445,-1.3782577336375126
4265000000.0,3.441392787203348,-1.377031142946459,4.726067985799884,-2.735691071404427,3.4413927872033505,-1.3770311429464603,3.4413927872033505,-1.3770311429464603
4270000000.0,3.440932504531175,-1.375807170795434,4.7308209047918295,-2.735319458428801,3.4409325045311685,-1.375807170795432,3.4409325045311685,-1.375807170795432
4275000000.0,3.4404729796927485,-1.3745858075837973,4.730378820240781,-2.7318494408934613,3.4404729796927476,-1.3745858075837967,3.4404729796927476,-1.3745858075837967
4280000000.0,3.4400142103986524,-1.3733670437581147,4.72499787319746,-2.7232158875456607,3.4400142103986506,-1.3733670437581134,3.4400142103986506,-1.3733670437581134
4285000000.0,3.4395561943727317,-1.372150869811877,4.725880088474207,-2.723533670939265,3.4395561943727406,-1.3721508698118794,3.4395561943727406,-1.3721508698118794
4290000000.0,3.4390989293519905,-1.370937276285228,4.724805645808544,-2.7145574959734033,3.439098929351986,-1.3709372762852265,3.439098929351986,-1.3709372762852265
4295000000.0,3.43864241308649,-1.3697262537646901,4.7216714363368695,-2.711047786111546,3.438642413086494,-1.369726253764692,3.438642413086494,-1.369726253764692
4300000000.0,3.4381866433392454,-1.3685177928828933,4.722281947790054,-2.7066866559609966,3.438186643339249,-1.3685177928828944,3.438186643339249,-1.3685177928828944
4305000000.0,3.4377316178861266,-1.367311884318306,4.719711386539872,-2.7000167214344675,3.437731617886137,-1.3673118843183092,3.437731617886137,-1.3673118843183092
4310000000.0,3.4372773345157595,-1.366108518794966,4.71941747669012,-2.694269126784131,3.437277334515757,-1.366108518794965,3.437277334515757,-1.366108518794965
4315000000.0,3.436823791029425,-1.364907687082216,4.715280371300534,-2.689152373342001,3.4368237910294273,-1.3649076870822163,3.4368237910294273,-1.3649076870822163
4320000000.0,3.4363709852409654,-1.3637093799944398,4.711796431173082,-2.6828977925584527,3.436370985240974,-1.363709379994443,3.436370985240974,-1.363709379994443
4325000000.0,3.435918914976681,-1.3625135883907968,4.707451190970783,-2.681377767102029,3.4359189149766793,-1.3625135883907964,3.4359189149766793,-1.3625135883907964
4330000000.0,3.43546757807524,-1.3613203031749654,4.6995735907398535,-2.6755996959622963,3.4354675780752375,-1.3613203031749639,3.4354675780752375,-1.3613203031749639
4335000000.0,3.4350169723875803,-1.3601295152948825,4.696493994040754,-2.6741867061136966,3.435016972387575,-1.3601295152948805,3.435016972387575,-1.3601295152948805
4340000000.0,3.434567095776815,-1.3589412157424852,4.6948984757601355,-2.66985331402793,3.4345670957768153,-1.3589412157424852,3.4345670957768153,-1.3589412157424852
4345000000.0,3.4341179461181386,-1.3577553955534576,4.693013112288835,-2.6711827796565855,3.4341179461181333,-1.357755395553455,3.4341179461181333,-1.357755395553455
4350000000.0,3.4336695212987363,-1.3565720458069757,4.690741285091863,-2.664311185680697,3.43366952129874,-1.3565720458069768,3.43366952129874,-1.3565720458069768
4355000000.0,3.433221819217689,-1.3553911576254554,4.6865149555638,-2.6645228483481693,3.433221819217683,-1.3553911576254536,3.433221819217683,-1.3553911576254536
4360000000.0,3.4327748377858827,-1.3542127221743028,4.683626307275284,-2.660946493543606,3.4327748377858742,-1.3542127221742999,3.4327748377858742,-1.3542127221742999
4365000000.0,3.4323285749259194,-1.3530367306616649,4.686969860660322,-2.6575678427325027,3.4323285749259247,-1.353036730661667,3.4323285749259247,-1.353036730661667
4370000000.0,3.431883028572026,-1.3518631743381841,4.686972195805067,-2.660720430572706,3.43188302857202,-1.35186317433818,3.43188302857202,-1.35186317433818
4375000000.0,3.4314381966699647,-1.3506920444967503,4.680694186933032,-2.6638366930871302,3.4314381966699714,-1.3506920444967527,3.4314381966699714,-1.3506920444967527
4380000000.0,3.4309940771769467,-1.3495233324722602,4.682451364611819,-2.6539542813020116,3.4309940771769494,-1.3495233324722609,3.4309940771769494,-1.3495233324722609
4385000000.0,3.4305506680615436,-1.348357029641372,4.682248594158267,-2.6558331955364785,3.4305506680615445,-1.3483570296413718,3.4305506680615445,-1.3483570296413718
4390000000.0,3.4301079673036003,-1.3471931274222684,4.68501161234289,-2.6472289806439364,3.4301079673036017,-1.3471931274222686,3.4301079673036017,-1.3471931274222686
4395000000.0,3.429665972894149,-1.3460316172744138,4.683189149470417,-2.6468983738791905,3.42966597289415,-1.3460316172744144,3.42966597289415,-1.3460316172744144
4400000000.0,3.429224682835325,-1.3448724906983205,4.686538010266753,-2.640816946859307,3.429224682835322,-1.3448724906983196,3.429224682835322,-1.3448724906983196
4405000000.0,3.4287840951402817,-1.3437157392353112,4.6913489957001095,-2.637297094780075,3.4287840951402777,-1.3437157392353098,3.4287840951402777,-1.3437157392353098
4410000000.0,3.428344207833105,-1.3425613544672852,4.684050598729753,-2.631199730119916,3.4283442078331015,-1.3425613544672843,3.4283442078331015,-1.3425613544672843
4415000000.0,3.4279050189487332,-1.3414093280164852,4.6777627174637875,-2.6264362439631013,3.427905018948737,-1.3414093280164863,3.427905018948737,-1.3414093280164863
4420000000.0,3.427466526532872,-1.3402596515452674,4.686153129333494,-2.6186671197920175,3.4274665265328697,-1.340259651545266,3.4274665265328697,-1.340259651545266
4425000000.0,3.427028728641914,-1.3391123167558703,4.6780171294756485,-2.5985380304205115,3.4270287286419188,-1.3391123167558732,3.4270287286419188,-1.3391123167558732
4430000000.0,3.4265916233428575,-1.3379673153901885,4.677418721446656,-2.607991634820778,3.4265916233428624,-1.3379673153901912,3.4265916233428624,-1.3379673153901912
4435000000.0,3.4261552087132263,-1.3368246392295444,4.672352090721804,-2.597488771473998,3.4261552087132277,-1.3368246392295446,3.4261552087132277,-1.3368246392295446
4440000000.0,3.4257194828409894,-1.335684280094464,4.669496074859285,-2.590468632055592,3.4257194828409876,-1.3356842800944637,3.4257194828409876,-1.3356842800944637
4445000000.0,3.4252844438244825,-1.3345462298444535,4.664523450629634,-2.5872911432369965,3.425284443824481,-1.334546229844452,3.425284443824481,-1.334546229844452
4450000000.0,3.4248500897723293,-1.3334104803777764,4.65189059802201,-2.5913389547124464,3.424850089772327,-1.333410480377776,3.424850089772327,-1.333410480377776
4455000000.0,3.424416418803365,-1.3322770236312336,4.656749935940358,-2.5860534315219694,3.424416418803362,-1.332277023631232,3.424416418803362,-1.332277023631232
4460000000.0,3.423983429046557,-1.331145851579943,4.646683194346132,-2.581839798088386,3.4239834290465567,-1.3311458515799428,3.4239834290465567,-1.3311458515799428
4465000000.0,3.4235511186409306,-1.3300169562371242,4.640585103613739,-2.5814825705290994,3.42355111864093,-1.3300169562371245,3.42355111864093,-1.3300169562371245
4470000000.0,3.423119485735494,-1.3288903296538783,4.634036426686198,-2.585785435129749,3.4231194857354925,-1.328890329653876,3.4231194857354925,-1.328890329653876
4475000000.0,3.422688528489158,-1.3277659639189763,4.637442430953596,-2.580618339548932,3.422688528489163,-1.3277659639189785,3.422688528489163,-1.3277659639189785
4480000000.0,3.4222582450706693,-1.3266438511586438,4.627605828609391,-2.590041190416115,3.4222582450706605,-1.32664385115864,3.4222582450706605,-1.32664385115864
4485000000.0,3.4218286336585306,-1.3255239835363495,4.636029414343088,-2.5897648690090946,3.4218286336585346,-1.3255239835363513,3.4218286336585346,-1.3255239835363513
4490000000.0,3.4213996924409296,-1.324406353252594,4.638336345136764,-2.591840957514374,3.4213996924409265,-1.3244063532525936,3.4213996924409265,-1.3244063532525936
4495000000.0,3.420971419615666,-1.3232909525447012,4.637891804679342,-2.586256567641034,3.4209714196156598,-1.3232909525446992,3.4209714196156598,-1.3232909525446992
4500000000.0,3.420543813390081,-1.322177773686608,4.6372764550412375,-2.5890206282906676,3.4205438133900863,-1.3221777736866096,3.4205438133900863,-1.3221777736866096
4505000000.0,3.420116871980984,-1.3210668089886612,4.641796767284241,-2.5866251735027315,3.4201168719809765,-1.3210668089886592,3.4201168719809765,-1.3210668089886592
4510000000.0,3.419690593614582,-1.3199580507974085,4.6495537055368334,-2.5809951779083855,3.4196905936145883,-1.3199580507974122,3.4196905936145883,-1.3199580507974122
4515000000.0,3.4192649765264105,-1.3188514914953968,4.651646702653793,-2.5724850845852902,3.419264976526421,-1.3188514914954002,3.419264976526421,-1.3188514914954002
4520000000.0,3.418840018961262,-1.317747123500969,4.659090416260106,-2.571469272392794,3.418840018961268,-1.3177471235009706,3.418840018961268,-1.3177471235009706
4525000000.0,3.4184157191731215,-1.3166449392680613,4.650042423221536,-2.5628373079430053,3.418415719173123,-1.3166449392680613,3.418415719173123,-1.3166449392680613
4530000000.0,3.417992075425092,-1.3155449312860052,4.656227809320699,-2.5560594403243995,3.41799207542509,-1.3155449312860041,3.41799207542509,-1.3155449312860041
4535000000.0,3.4175690859893284,-1.3144470920793265,4.646634027261709,-2.5510299688835207,3.417569085989328,-1.314447092079327,3.417569085989328,-1.314447092079327
4540000000.0,3.4171467491469754,-1.31335141420755,4.6470719942390595,-2.541257668228333,3.4171467491469705,-1.313351414207549,3.4171467491469705,-1.313351414207549
4545000000.0,3.4167250631880925,-1.312257890265002,4.64834473731104,-2.5312269820886715,3.4167250631880943,-1.3122578902650022,3.4167250631880943,-1.3122578902650022
4550000000.0,3.416304026411594,-1.3111665128806136,4.641171150848921,-2.5294107971576345,3.416304026411588,-1.31116651288061,3.416304026411588,-1.31116651288061
4555000000.0,3.4158836371251806,-1.3100772747177312,4.6406423772476995,-2.5255734352698687,3.4158836371251824,-1.3100772747177327,3.4158836371251824,-1.3100772747177327
4560000000.0,3.4154638936452755,-1.3089901684739198,4.638683065434487,-2.5220725912275306,3.415463893645277,-1.3089901684739205,3.415463893645277,-1.3089901684739205
4565000000.0,3.4150447942969584,-1.3079051868807747,4.6305310171936975,-2.517226870664311,3.4150447942969557,-1.307905186880773,3.4150447942969557,-1.307905186880773
4570000000.0,3.414626337413903,-1.3068223227037294,4.630837615342812,-2.511230791272248,3.4146263374139116,-1.3068223227037317,3.4146263374139116,-1.3068223227037317
4575000000.0,3.4142085213383133,-1.3057415687418679,4.627188461288979,-2.5039789528980925,3.414208521338313,-1.3057415687418672,3.414208521338313,-1.3057415687418672
4580000000.0,3.4137913444208587,-1.3046629178277367,4.6247308180329645,-2.504877810392335,3.413791344420865,-1.304662917827738,3.413791344420865,-1.304662917827738
4585000000.0,3.413374805020615,-1.3035863628271587,4.619625977189286,-2.4963608024628927,3.4133748050206205,-1.3035863628271596,3.4133748050206205,-1.3035863628271596
4590000000.0,3.4129589015049993,-1.3025118966390479,4.616706992566561,-2.4977813290044937,3.4129589015049953,-1.3025118966390474,3.4129589015049953,-1.3025118966390474
4595000000.0,3.4125436322497102,-1.3014395121952251,4.612225495381608,-2.4933131620641187,3.4125436322497134,-1.301439512195225,3.4125436322497134,-1.301439512195225
4600000000.0,3.4121289956386667,-1.3003692024602347,4.610539008978909,-2.490189213580794,3.4121289956386653,-1.300369202460235,3.4121289956386653,-1.300369202460235
4605000000.0,3.4117149900639476,-1.2993009604311647,4.604683016391538,-2.4888619179003677,3.4117149900639583,-1.2993009604311685,3.4117149900639583,-1.2993009604311685
4610000000.0,3.4113016139257324,-1.2982347791374633,4.602694498026398,-2.4831797492791994,3.4113016139257373,-1.2982347791374653,3.4113016139257373,-1.2982347791374653
4615000000.0,3.41088886563224,-1.297170651640763,4.601666496009141,-2.4871794081481613,3.4108888656322365,-1.2971706516407613,3.4108888656322365,-1.2971706516407613
4620000000.0,3.410476743599672,-1.2961085710346993,4.599667567393554,-2.4873029844886356,3.410476743599669,-1.2961085710346993,3.410476743599669,-1.2961085710346993
4625000000.0,3.4100652462521523,-1.295048530444735,4.59559575284333,-2.4833122877376845,3.4100652462521506,-1.2950485304447348,3.4100652462521506,-1.2950485304447348
4630000000.0,3.4096543720216714,-1.2939905230279836,4.595779547156029,-2.482960189237375,3.4096543720216714,-1.2939905230279833,3.4096543720216714,-1.2939905230279833
4635000000.0,3.409244119348027,-1.2929345419730365,4.595092654962434,-2.4812995986845143,3.409244119348029,-1.292934541973037,3.409244119348029,-1.292934541973037
4640000000.0,3.408834486678768,-1.2918805804997855,4.594561375336483,-2.480251179133236,3.408834486678768,-1.291880580499785,3.408834486678768,-1.291880580499785
4645000000.0,3.408425472469137,-1.290828631859254,4.596595738674941,-2.4782559525541314,3.408425472469137,-1.2908286318592546,3.408425472469137,-1.2908286318592546
4650000000.0,3.408017075182016,-1.2897786893334218,4.593579801144313,-2.4768565828419136,3.4080170751820114,-1.2897786893334209,3.4080170751820114,-1.2897786893334209
4655000000.0,3.4076092932878694,-1.2887307462350583,4.598179556871652,-2.4759505522426206,3.40760929328786,-1.288730746235055,3.40760929328786,-1.288730746235055
4660000000.0,3.407202125264689,-1.2876847959075497,4.59648357947211,-2.474660650718198,3.407202125264695,-1.2876847959075517,3.407202125264695,-1.2876847959075517
4665000000.0,3.4067955695979397,-1.2866408317247335,4.595079748773914,-2.4740433044928793,3.406795569597943,-1.286640831724734,3.406795569597943,-1.286640831724734
4670000000.0,3.4063896247805054,-1.2855988470907282,4.5961780854666205,-2.4717017806646844,3.406389624780507,-1.2855988470907285,3.406389624780507,-1.2855988470907285
4675000000.0,3.405984289312635,-1.284558835439771,4.5962267989169625,-2.465920486846448,3.4059842893126335,-1.2845588354397712,3.4059842893126335,-1.2845588354397712
4680000000.0,3.4055795617018885,-1.2835207902360484,4.596182762820608,-2.465004579638986,3.4055795617018942,-1.2835207902360508,3.4055795617018942,-1.2835207902360508
4685000000.0,3.405175440463085,-1.2824847049735346,4.5942151582472714,-2.4586573665394926,3.4051754404630863,-1.2824847049735348,3.4051754404630863,-1.2824847049735348
4690000000.0,3.4047719241182506,-1.2814505731758283,4.60036264014094,-2.458344771441969,3.404771924118254,-1.2814505731758297,3.404771924118254,-1.2814505731758297
4695000000.0,3.4043690111965645,-1.2804183883959896,4.595989236520671,-2.4507019713882743,3.40436901119657,-1.2804183883959912,3.40436901119657,-1.2804183883959912
4700000000.0,3.403966700234309,-1.2793881442163797,4.594760534064111,-2.449676453256154,3.4039667002342995,-1.279388144216377,3.4039667002342995,-1.279388144216377
4705000000.0,3.4035649897748175,-1.2783598342485007,4.598464777651428,-2.4319034698052167,3.4035649897748166,-1.2783598342485014,3.4035649897748166,-1.2783598342485014
4710000000.0,3.403163878368425,-1.2773334521328361,4.600584924092923,-2.434884411634406,3.4031638783684217,-1.2773334521328346,3.4031638783684217,-1.2773334521328346
4715000000.0,3.402763364572416,-1.2763089915386927,4.5977817363004405,-2.431552757315396,3.402763364572428,-1.276308991538697,3.402763364572428,-1.276308991538697
4720000000.0,3.402363446950976,-1.2752864461640447,4.591394461376849,-2.426504078506173,3.402363446950976,-1.275286446164045,3.402363446950976,-1.275286446164045
4725000000.0,3.4019641240751404,-1.2742658097353765,4.590701664551046,-2.426009870614456,3.401964124075134,-1.2742658097353752,3.401964124075134,-1.2742658097353752
4730000000.0,3.401565394522747,-1.2732470760075272,4.5879109533937505,-2.4230622516469755,3.401565394522744,-1.2732470760075267,3.401565394522744,-1.2732470760075267
4735000000.0,3.401167256878388,-1.272230238763538,4.585815950436948,-2.4165821109403045,3.4011672568783835,-1.2722302387635365,3.4011672568783835,-1.2722302387635365
4740000000.0,3.400769709733357,-1.2712152918144974,4.5778728834170686,-2.41506212041807,3.4007697097333476,-1.271215291814493,3.4007697097333476,-1.271215291814493
4745000000.0,3.4003727516856075,-1.27020222899939,4.574425752956764,-2.4171789586494254,3.4003727516856044,-1.2702022289993882,3.4003727516856044,-1.2702022289993882
4750000000.0,3.3999763813396995,-1.269191044184944,4.575346092252686,-2.4141282111415316,3.399976381339686,-1.2691910441849406,3.399976381339686,-1.2691910441849406
4755000000.0,3.3995805973067577,-1.2681817312654835,4.578085157405662,-2.409723882760714,3.399580597306751,-1.2681817312654815,3.399580597306751,-1.2681817312654815
4760000000.0,3.39918539820442,-1.2671742841627747,4.573787425807979,-2.4118509099485888,3.3991853982044216,-1.2671742841627756,3.3991853982044216,-1.2671742841627756
4765000000.0,3.398790782656794,-1.266168696825882,4.570281813384027,-2.4069780380625696,3.3987907826567905,-1.2661686968258814,3.3987907826567905,-1.2661686968258814
4770000000.0,3.39839674929441,-1.2651649632310176,4.575355749707961,-2.4050009271464177,3.398396749294406,-1.2651649632310165,3.398396749294406,-1.2651649632310165
4775000000.0,3.3980032967541764,-1.2641630773813954,4.575160973427765,-2.4095110372291684,3.3980032967541764,-1.2641630773813957,3.3980032967541764,-1.2641630773813957
4780000000.0,3.3976104236793314,-1.2631630333070856,4.580700920259445,-2.403311197895944,3.3976104236793288,-1.2631630333070838,3.3976104236793288,-1.2631630333070838
4785000000.0,3.3972181287194023,-1.2621648250648696,4.575434693971402,-2.4021159098178666,3.3972181287193997,-1.2621648250648685,3.3972181287193997,-1.2621648250648685
4790000000.0,3.396826410530158,-1.2611684467380961,4.578529681563914,-2.398313726379788,3.39682641053016,-1.2611684467380957,3.39682641053016,-1.2611684467380957
4795000000.0,3.396435267773566,-1.2601738924365384,4.580093805154582,-2.3913695161927544,3.3964352677735663,-1.2601738924365384,3.3964352677735663,-1.2601738924365384
4800000000.0,3.396044699117748,-1.2591811562962512,4.585095427503413,-2.387126156720208,3.396044699117752,-1.2591811562962525,3.396044699117752,-1.2591811562962525
4805000000.0,3.3956547032369366,-1.2581902324794303,4.5792049866981355,-2.3791731803326472,3.395654703236935,-1.258190232479429,3.395654703236935,-1.258190232479429
4810000000.0,3.395265278811433,-1.257201115174272,4.588295420075425,-2.374738350528125,3.395265278811435,-1.2572011151742744,3.395265278811435,-1.2572011151742744
4815000000.0,3.394876424527562,-1.2562137985948323,4.580413316346238,-2.3720866773301554,3.3948764245275656,-1.2562137985948325,3.3948764245275656,-1.2562137985948325
4820000000.0,3.3944881390776334,-1.2552282769808907,4.580467052689681,-2.3680793100580577,3.3944881390776294,-1.2552282769808891,3.3944881390776294,-1.2552282769808891
4825000000.0,3.394100421159896,-1.254244544597809,4.566934076202453,-2.356266723380981,3.394100421159895,-1.2542445445978088,3.394100421159895,-1.2542445445978088
4830000000.0,3.3937132694784977,-1.2532625957363972,4.574084690911256,-2.3540437599187496,3.393713269478501,-1.2532625957363983,3.393713269478501,-1.2532625957363983
4835000000.0,3.3933266827434445,-1.2522824247127762,4.572339274046859,-2.344533317826053,3.393326682743448,-1.252282424712777,3.393326682743448,-1.252282424712777
4840000000.0,3.392940659670558,-1.251304025868242,4.5676949945247785,-2.3390720123732267,3.392940659670554,-1.2513040258682404,3.392940659670554,-1.2513040258682404
4845000000.0,3.392555198981437,-1.2503273935691313,4.566995074405451,-2.3386568377949186,3.3925551989814418,-1.2503273935691332,3.3925551989814418,-1.2503273935691332
4850000000.0,3.392170299403413,-1.249352522206689,4.5632785167335665,-2.332698786125526,3.392170299403409,-1.2493525222066881,3.392170299403409,-1.2493525222066881
4855000000.0,3.3917859596695155,-1.248379406196934,4.561635083986339,-2.3265785579202025,3.3917859596694977,-1.2483794061969276,3.3917859596694977,-1.2483794061969276
4860000000.0,3.3914021785184283,-1.2474080399805267,4.556224057570063,-2.3243695784493856,3.3914021785184296,-1.2474080399805274,3.3914021785184296,-1.2474080399805274
4865000000.0,3.39101895469445,-1.2464384180226398,4.557087628109854,-2.3217553622119516,3.3910189546944456,-1.2464384180226382,3.3910189546944456,-1.2464384180226382
4870000000.0,3.3906362869474584,-1.2454705348128259,4.551887175508357,-2.3200850982200025,3.3906362869474513,-1.2454705348128237,3.3906362869474513,-1.2454705348128237
4875000000.0,3.390254174032868,-1.2445043848648887,4.5500891116029845,-2.3177806751153596,3.3902541740328633,-1.2445043848648873,3.3902541740328633,-1.2445043848648873
4880000000.0,3.389872614711593,-1.2435399627167538,4.546760678460019,-2.31375861119758,3.389872614711597,-1.2435399627167545,3.389872614711597,-1.2435399627167545
4885000000.0,3.3894916077500095,-1.2425772629303409,4.528108820989653,-2.311199105970309,3.3894916077500086,-1.2425772629303395,3.3894916077500086,-1.2425772629303395
4890000000.0,3.389111151919916,-1.2416162800914363,4.542969213949252,-2.311207767435046,3.3891111519199293,-1.241616280091441,3.3891111519199293,-1.241616280091441
4895000000.0,3.3887312459984984,-1.2406570088095659,4.539637348444274,-2.308658626509375,3.3887312459985015,-1.2406570088095663,3.3887312459985015,-1.2406570088095663
4900000000.0,3.3883518887682906,-1.2396994437178708,4.53942165000256,-2.306157755185383,3.388351888768287,-1.2396994437178699,3.388351888768287,-1.2396994437178699
4905000000.0,3.3879730790171383,-1.2387435794729802,4.537710999272917,-2.299021450389628,3.3879730790171285,-1.238743579472977,3.3879730790171285,-1.238743579472977
4910000000.0,3.3875948155381614,-1.237789410754889,4.536028150190697,-2.295678129121162,3.387594815538167,-1.237789410754891,3.387594815538167,-1.237789410754891
4915000000.0,3.3872170971297195,-1.2368369322668338,4.5386307782518545,-2.294337131191334,3.3872170971297195,-1.2368369322668338,3.3872170971297195,-1.2368369322668338
4920000000.0,3.3868399225953754,-1.2358861387351694,4.536848508792212,-2.291895962267232,3.3868399225953736,-1.2358861387351678,3.3868399225953736,-1.2358861387351678
4925000000.0,3.386463290743857,-1.2349370249092475,4.535030942392566,-2.28688749715202,3.3864632907438614,-1.234937024909249,3.3864632907438614,-1.234937024909249
4930000000.0,3.386087200389024,-1.2339895855612948,4.536249156884081,-2.285448871564941,3.3860872003890297,-1.2339895855612975,3.3860872003890297,-1.2339895855612975
4935000000.0,3.3857116503498315,-1.2330438154862944,4.529328314910142,-2.283646517382181,3.3857116503498297,-1.2330438154862948,3.3857116503498297,-1.2330438154862948
4940000000.0,3.385336639450298,-1.2320997095018618,4.530339669941677,-2.2781321741178697,3.3853366394502955,-1.2320997095018618,3.3853366394502955,-1.2320997095018618
4945000000.0,3.384962166519465,-1.2311572624481308,4.533708469075116,-2.279404674423161,3.384962166519452,-1.2311572624481264,3.384962166519452,-1.2311572624481264
4950000000.0,3.384588230391369,-1.2302164691876318,4.528994203154777,-2.27236662777373,3.384588230391366,-1.2302164691876303,3.384588230391366,-1.2302164691876303
4955000000.0,3.384214829905003,-1.229277324605175,4.52789209826604,-2.268030745290972,3.3842148299050003,-1.229277324605174,3.3842148299050003,-1.229277324605174
4960000000.0,3.3838419639042825,-1.2283398236077336,4.530894228068011,-2.270453195434325,3.3838419639042896,-1.2283398236077363,3.3838419639042896,-1.2283398236077363
4965000000.0,3.3834696312380164,-1.2274039611243273,4.525171811855601,-2.2650214587113915,3.383469631238019,-1.2274039611243277,3.383469631238019,-1.2274039611243277
4970000000.0,3.3830978307598683,-1.2264697321059073,4.52835561625094,-2.263652651875534,3.383097830759862,-1.2264697321059055,3.383097830759862,-1.2264697321059055
4975000000.0,3.382726561328327,-1.2255371315252406,4.520278925329373,-2.2661480171955057,3.3827265613283264,-1.2255371315252397,3.3827265613283264,-1.2255371315252397
4980000000.0,3.3823558218066725,-1.2246061543767963,4.523914153027595,-2.2580654810456227,3.382355821806674,-1.224606154376797,3.382355821806674,-1.224606154376797
4985000000.0,3.3819856110629423,-1.223676795676632,4.528506435244208,-2.258209383212229,3.381985611062936,-1.22367679567663,3.381985611062936,-1.22367679567663
4990000000.0,3.3816159279699027,-1.2227490504622809,4.522378493504975,-2.258342275886717,3.381615927969902,-1.2227490504622809,3.381615927969902,-1.2227490504622809
4995000000.0,3.381246771405012,-1.2218229137926397,4.5226210569283625,-2.252044570459355,3.38124677140502,-1.2218229137926409,3.38124677140502,-1.2218229137926409
5000000000.0,3.380878140250393,-1.2208983807478575,4.525243277091799,-2.2511997857855084,3.3808781402503922,-1.2208983807478568,3.3808781402503922,-1.2208983807478568
5005000000.0,3.3805100333927984,-1.2199754464292243,4.52507444050935,-2.2467272978955815,3.3805100333927913,-1.2199754464292216,3.3805100333927913,-1.2199754464292216
5010000000.0,3.380142449723582,-1.219054105959061,4.522008922598743,-2.248547688826461,3.3801424497235817,-1.2190541059590618,3.3801424497235817,-1.2190541059590618
5015000000.0,3.3797753881386656,-1.2181343544806102,4.5260437118106545,-2.2474846390251524,3.37977538813867,-1.2181343544806114,3.37977538813867,-1.2181343544806114
5020000000.0,3.379408847538509,-1.217216187157928,4.526444340580778,-2.2453538063628367,3.3794088475385045,-1.2172161871579263,3.3794088475385045,-1.2172161871579263
5025000000.0,3.3790428268280803,-1.2162995991757732,4.525118804149464,-2.237407275017591,3.3790428268280803,-1.2162995991757741,3.3790428268280803,-1.2162995991757741
5030000000.0,3.378677324916825,-1.2153845857395043,4.528991928297156,-2.2319798076461486,3.3786773249168256,-1.2153845857395045,3.3786773249168256,-1.2153845857395045
5035000000.0,3.378312340718636,-1.214471142074967,4.5235144653603685,-2.230985477834782,3.378312340718639,-1.2144711420749679,3.378312340718639,-1.2144711420749679
5040000000.0,3.377947873151822,-1.2135592634283918,4.522037000769538,-2.228271198596976,3.37794787315182,-1.213559263428391,3.37794787315182,-1.213559263428391
5045000000.0,3.3775839211390832,-1.2126489450662887,4.521384430754026,-2.2212733837839234,3.3775839211390766,-1.2126489450662863,3.3775839211390766,-1.2126489450662863
5050000000.0,3.3772204836074744,-1.2117401822753386,4.5230400258228265,-2.2278208326935576,3.3772204836074713,-1.2117401822753375,3.3772204836074713,-1.2117401822753375
5055000000.0,3.3768575594883825,-1.2108329703622929,4.517325552472237,-2.2153366213355414,3.3768575594883816,-1.2108329703622922,3.3768575594883816,-1.2108329703622922
5060000000.0,3.3764951477174945,-1.2099273046538663,4.518043891377173,-2.213895216652535,3.3764951477174963,-1.209927304653867,3.3764951477174963,-1.209927304653867
5065000000.0,3.376133247234769,-1.2090231804966367,4.511561012337944,-2.2122351135743745,3.376133247234777,-1.2090231804966387,3.376133247234777,-1.2090231804966387
5070000000.0,3.3757718569844086,-1.2081205932569405,4.515401880376306,-2.205450009723109,3.375771856984407,-1.20812059325694,3.375771856984407,-1.20812059325694
5075000000.0,3.3754109759148316,-1.207219538320771,4.505666751207842,-2.200487188771615,3.3754109759148214,-1.207219538320768,3.3754109759148214,-1.207219538320768
5080000000.0,3.3750506029786425,-1.2063200110936778,4.503470996233328,-2.194387076379107,3.375050602978643,-1.2063200110936785,3.375050602978643,-1.2063200110936785
5085000000.0,3.374690737132607,-1.2054220070006652,4.50226378055252,-2.196474311121873,3.374690737132604,-1.205422007000664,3.374690737132604,-1.205422007000664
5090000000.0,3.374331377337622,-1.2045255214860933,4.498247710434409,-2.188823305074037,3.37433137733762,-1.204525521486092,3.37433137733762,-1.204525521486092
5095000000.0,3.373972522558689,-1.2036305500135762,4.491416318450395,-2.189030915289065,3.373972522558677,-1.203630550013573,3.373972522558677,-1.203630550013573
5100000000.0,3.373614171764889,-1.2027370880658859,4.48870136371041,-2.185961881425178,3.373614171764897,-1.2027370880658876,3.373614171764897,-1.2027370880658876
5105000000.0,3.373256323929351,-1.201845131144851,4.495263363962559,-2.1831947440470163,3.373256323929349,-1.2018451311448497,3.373256323929349,-1.2018451311448497
5110000000.0,3.372898978029231,-1.200954674771261,4.487116348144585,-2.1828580761195018,3.3728989780292236,-1.2009546747712587,3.3728989780292236,-1.2009546747712587
5115000000.0,3.3725421330456813,-1.200065714484768,4.484361462216062,-2.179909037891262,3.37254213304568,-1.2000657144847664,3.37254213304568,-1.2000657144847664
5120000000.0,3.3721857879638253,-1.19917824584379,4.488030216700019,-2.1805023873990557,3.372185787963827,-1.1991782458437912,3.372185787963827,-1.1991782458437912
5125000000.0,3.371829941772732,-1.1982922644254166,4.485519221194915,-2.1786731386480866,3.371829941772736,-1.1982922644254175,3.371829941772736,-1.1982922644254175
5130000000.0,3.371474593465392,-1.1974077658253095,4.486839021420462,-2.1726507419306555,3.3714745934653907,-1.1974077658253097,3.3714745934653907,-1.1974077658253097
5135000000.0,3.3711197420386867,-1.1965247456576118,4.48338364066359,-2.170212645501439,3.371119742038679,-1.1965247456576085,3.371119742038679,-1.1965247456576085
5140000000.0,3.370765386493367,-1.1956431995548507,4.487016899386603,-2.168283460566854,3.370765386493367,-1.19564319955485,3.370765386493367,-1.19564319955485
5145000000.0,3.3704115258340277,-1.1947631231678453,4.4819407742186215,-2.1632509657872845,3.3704115258340184,-1.1947631231678408,3.3704115258340184,-1.1947631231678408
5150000000.0,3.370058159069082,-1.1938845121656119,4.480918113665693,-2.159880906000903,3.3700581590690843,-1.193884512165613,3.3700581590690843,-1.193884512165613
5155000000.0,3.369705285210735,-1.193007362235272,4.483697539336003,-2.1603327920401316,3.3697052852107343,-1.193007362235272,3.3697052852107343,-1.193007362235272
5160000000.0,3.369352903274962,-1.19213166908196,4.481294106054181,-2.1563669144690185,3.3693529032749536,-1.1921316690819568,3.3693529032749536,-1.1921316690819568
5165000000.0,3.3690010122814806,-1.191257428428732,4.4799706486077655,-2.1561917953069822,3.36900101228148,-1.1912574284287325,3.36900101228148,-1.1912574284287325
5170000000.0,3.36864961125373,-1.1903846360164732,4.478177855801216,-2.1511759919434303,3.368649611253729,-1.1903846360164738,3.368649611253729,-1.1903846360164738
5175000000.0,3.368298699218844,-1.1895132876038077,4.481022307173516,-2.1463276775296904,3.3682986992188435,-1.189513287603807,3.3682986992188435,-1.189513287603807
5180000000.0,3.3679482752076293,-1.1886433789670094,4.477006302313278,-2.1451844781984883,3.3679482752076364,-1.188643378967012,3.3679482752076364,-1.188643378967012
5185000000.0,3.367598338254541,-1.1877749058999116,4.476216147660779,-2.14178804255494,3.367598338254537,-1.18777490589991,3.367598338254537,-1.18777490589991
5190000000.0,3.3672488873976576,-1.1869078642138184,4.476987111553372,-2.1359238534445004,3.3672488873976554,-1.1869078642138173,3.3672488873976554,-1.1869078642138173
5195000000.0,3.366899921678659,-1.1860422497374148,4.474119778994334,-2.1302897055488037,3.366899921678667,-1.1860422497374181,3.366899921678667,-1.1860422497374181
5200000000.0,3.366551440142805,-1.1851780583166802,4.473874471903301,-2.1293860832808345,3.366551440142802,-1.1851780583166793,3.366551440142802,-1.1851780583166793
5205000000.0,3.366203441838909,-1.1843152858148007,4.474016387963509,-2.127900786737363,3.366203441838906,-1.1843152858147998,3.366203441838906,-1.1843152858147998
5210000000.0,3.365855925819317,-1.1834539281120806,4.4729495131246315,-2.1193176562764453,3.365855925819317,-1.1834539281120815,3.365855925819317,-1.1834539281120815
5215000000.0,3.3655088911398856,-1.1825939811058577,4.470997150579868,-2.1173533498859194,3.3655088911398865,-1.1825939811058583,3.3655088911398865,-1.1825939811058583
5220000000.0,3.3651623368599575,-1.1817354407104164,4.469283391682896,-2.1150758419259894,3.3651623368599615,-1.1817354407104173,3.3651623368599615,-1.1817354407104173
5225000000.0,3.3648162620423405,-1.1808783028569017,4.468034944530124,-2.113506714490238,3.364816262042342,-1.1808783028569014,3.364816262042342,-1.1808783028569014
5230000000.0,3.3644706657532866,-1.180022563493235,4.4636319950453025,-2.1099050881798234,3.364470665753281,-1.1800225634932322,3.364470665753281,-1.1800225634932322
5235000000.0,3.364125547062468,-1.1791682185840298,4.4642567179832655,-2.1082046466720907,3.364125547062466,-1.17916821858403,3.364125547062466,-1.17916821858403
5240000000.0,3.363780905042956,-1.1783152641105061,4.459395601921612,-2.1093365230487295,3.3637809050429577,-1.1783152641105064,3.3637809050429577,-1.1783152641105064
5245000000.0,3.363436738771199,-1.1774636960704081,4.460411911990426,-2.106620700141853,3.363436738771196,-1.1774636960704068,3.363436738771196,-1.1774636960704068
5250000000.0,3.3630930473270033,-1.1766135104779214,4.458689403982391,-2.1026344559054926,3.363093047327003,-1.176613510477922,3.363093047327003,-1.176613510477922
5255000000.0,3.362749829793508,-1.1757647033635887,4.455558264281322,-2.1008628294373737,3.362749829793507,-1.1757647033635874,3.362749829793507,-1.1757647033635874
5260000000.0,3.3624070852571686,-1.17491727077423,4.459921406976985,-2.105647299716799,3.362407085257163,-1.1749172707742277,3.362407085257163,-1.1749172707742277
5265000000.0,3.3620648128077306,-1.1740712087728586,4.463827020997313,-2.106037306864348,3.3620648128077293,-1.1740712087728586,3.3620648128077293,-1.1740712087728586
5270000000.0,3.3617230115382135,-1.1732265134386015,4.45649452807118,-2.10050890278216,3.3617230115382157,-1.1732265134386013,3.3617230115382157,-1.1732265134386013
5275000000.0,3.3613816805448886,-1.1723831808666179,4.4557448682521965,-2.0997887702985176,3.3613816805448957,-1.1723831808666196,3.3613816805448957,-1.1723831808666196
5280000000.0,3.3610408189272576,-1.1715412071680191,4.458465184761846,-2.1002153971362643,3.3610408189272536,-1.171541207168018,3.3610408189272536,-1.171541207168018
5285000000.0,3.360700425788032,-1.1707005884697885,4.45675945163051,-2.098402157286157,3.360700425788037,-1.1707005884697887,3.360700425788037,-1.1707005884697887
5290000000.0,3.3603605002331163,-1.1698613209147033,4.462337186384619,-2.09441334501923,3.3603605002331185,-1.1698613209147037,3.3603605002331185,-1.1698613209147037
5295000000.0,3.360021041371583,-1.169023400661254,4.459060450976931,-2.0959594680111056,3.36002104137158,-1.1690234006612537,3.36002104137158,-1.1690234006612537
5300000000.0,3.359682048315658,-1.1681868238835666,4.464690411306095,-2.090691666757991,3.3596820483156575,-1.1681868238835666,3.3596820483156575,-1.1681868238835666
5305000000.0,3.3593435201806963,-1.1673515867713253,4.454514927107233,-2.0873200211372747,3.359343520180695,-1.167351586771326,3.359343520180695,-1.167351586771326
5310000000.0,3.359005456085166,-1.1665176855296937,4.457294809948737,-2.0874110047716385,3.3590054560851694,-1.1665176855296953,3.3590054560851694,-1.1665176855296953
5315000000.0,3.358667855150627,-1.1656851163792392,4.462102468529089,-2.082623026483519,3.3586678551506246,-1.1656851163792386,3.3586678551506246,-1.1656851163792386
5320000000.0,3.358330716501711,-1.1648538755558537,4.463952165013197,-2.072698166906604,3.3583307165017104,-1.1648538755558544,3.3583307165017104,-1.1648538755558544
5325000000.0,3.357994039266106,-1.1640239593106805,4.462323268169857,-2.076715567190614,3.357994039266096,-1.1640239593106767,3.357994039266096,-1.1640239593106767
5330000000.0,3.3576578225745335,-1.1631953639100372,4.463512064168461,-2.0669667738949333,3.3576578225745344,-1.1631953639100376,3.3576578225745344,-1.1631953639100376
5335000000.0,3.357322065560732,-1.162368085635339,4.458499272099856,-2.0646811392877242,3.3573220655607297,-1.1623680856353373,3.3573220655607297,-1.1623680856353373
5340000000.0,3.3569867673614366,-1.161542120783026,4.460778139082428,-2.0651572661176125,3.3569867673614318,-1.1615421207830243,3.3569867673614318,-1.1615421207830243
5345000000.0,3.3566519271163626,-1.1607174656644874,4.462723308893923,-2.0619744923095538,3.3566519271163537,-1.1607174656644847,3.3566519271163537,-1.1607174656644847
5350000000.0,3.3563175439681854,-1.1598941166059866,4.459051845138333,-2.0546023741497943,3.356317543968184,-1.159894116605986,3.356317543968184,-1.159894116605986
5355000000.0,3.3559836170625235,-1.1590720699485904,4.4600180140224825,-2.052665909693889,3.3559836170625252,-1.1590720699485908,3.3559836170625252,-1.1590720699485908
5360000000.0,3.3556501455479193,-1.1582513220480921,4.457994298826405,-2.0531272806635195,3.3556501455479233,-1.158251322048094,3.3556501455479233,-1.158251322048094
5365000000.0,3.3553171285758223,-1.157431869274941,4.461004135778161,-2.046844804767169,3.3553171285758228,-1.1574318692749423,3.3553171285758228,-1.1574318692749423
5370000000.0,3.3549845653005703,-1.1566137080141696,4.458873561904867,-2.0436030586749427,3.354984565300571,-1.1566137080141703,3.354984565300571,-1.1566137080141703
5375000000.0,3.354652454879372,-1.1557968346653216,4.461852761142311,-2.040889848775623,3.3546524548793824,-1.1557968346653238,3.3546524548793824,-1.1557968346653238
5380000000.0,3.3543207964722908,-1.154981245642379,4.455531419597641,-2.0384717562549795,3.354320796472289,-1.1549812456423787,3.354320796472289,-1.1549812456423787
5385000000.0,3.3539895892422256,-1.1541669373736922,4.454732783780171,-2.0367757343704302,3.353989589242225,-1.1541669373736931,3.353989589242225,-1.1541669373736931
5390000000.0,3.353658832354893,-1.15335390630191,4.454223980420635,-2.0327627805699833,3.353658832354892,-1.1533539063019111,3.353658832354892,-1.1533539063019111
5395000000.0,3.3533285249788123,-1.1525421488839067,4.456323420979526,-2.0277507905898604,3.353328524978807,-1.1525421488839052,3.353328524978807,-1.1525421488839052
5400000000.0,3.352998666285289,-1.1517316615907143,4.458063769844303,-2.0282024137383927,3.352998666285286,-1.1517316615907134,3.352998666285286,-1.1517316615907134
5405000000.0,3.352669255448395,-1.1509224409074514,4.456758704835664,-2.0188330772863425,3.3526692554484003,-1.1509224409074525,3.3526692554484003,-1.1509224409074525
5410000000.0,3.352340291644953,-1.1501144833332553,4.4551594545902935,-2.0177527764110548,3.352340291644957,-1.150114483333257,3.352340291644957,-1.150114483333257
5415000000.0,3.352011774054521,-1.1493077853812115,4.454635797045554,-2.019589444325742,3.352011774054518,-1.1493077853812104,3.352011774054518,-1.1493077853812104
5420000000.0,3.351683701859375,-1.148502343578287,4.454477946682204,-2.014660662997151,3.35168370185938,-1.148502343578288,3.35168370185938,-1.148502343578288
5425000000.0,3.3513560742444928,-1.1476981544652614,4.454000796343873,-2.011854571029847,3.3513560742444923,-1.1476981544652616,3.3513560742444923,-1.1476981544652616
5430000000.0,3.351028890397537,-1.1468952145966589,4.450923946765213,-2.0045709357428354,3.351028890397543,-1.146895214596661,3.351028890397543,-1.146895214596661
5435000000.0,3.3507021495088405,-1.146093520540681,4.453365106904763,-2.001140884661258,3.3507021495088396,-1.1460935205406808,3.3507021495088396,-1.1460935205406808
5440000000.0,3.3503758507713894,-1.145293068879141,4.450606566980568,-1.995940897657034,3.350375850771396,-1.1452930688791427,3.350375850771396,-1.1452930688791427
5445000000.0,3.350049993380807,-1.1444938562073954,4.447305674726405,-1.9975250310818613,3.3500499933807997,-1.1444938562073934,3.3500499933807997,-1.1444938562073934
5450000000.0,3.3497245765353365,-1.1436958791342784,4.44948155405918,-1.9895386718301054,3.349724576535338,-1.1436958791342782,3.349724576535338,-1.1436958791342782
5455000000.0,3.3493995994358317,-1.1428991342820372,4.444983190274447,-1.9873581029308838,3.349399599435833,-1.1428991342820385,3.349399599435833,-1.1428991342820385
5460000000.0,3.349075061285733,-1.1421036182862656,4.444617545356495,-1.9807341779044,3.349075061285732,-1.142103618286266,3.349075061285732,-1.142103618286266
5465000000.0,3.3487509612910573,-1.1413093277958386,4.440158665987267,-1.980139668826392,3.3487509612910555,-1.1413093277958386,3.3487509612910555,-1.1413093277958386
5470000000.0,3.3484272986603822,-1.140516259472848,4.440588607587105,-1.9749251165106076,3.3484272986603805,-1.140516259472847,3.3484272986603805,-1.140516259472847
5475000000.0,3.348104072604829,-1.1397244099925383,4.437788144906246,-1.97250809071943,3.3481040726048366,-1.1397244099925408,3.3481040726048366,-1.1397244099925408
5480000000.0,3.3477812823380497,-1.138933776043243,4.4377701149241435,-1.9673272437052742,3.34778128233805,-1.1389337760432436,3.34778128233805,-1.1389337760432436
5485000000.0,3.3474589270762105,-1.1381443543263199,4.433989051577309,-1.9660215948527147,3.3474589270762163,-1.1381443543263223,3.3474589270762163,-1.1381443543263223
5490000000.0,3.347137006037977,-1.1373561415560882,4.433544140888389,-1.962313428761957,3.3471370060379777,-1.1373561415560878,3.3471370060379777,-1.1373561415560878
5495000000.0,3.3468155184445014,-1.136569134459767,4.429721981891855,-1.966653715310274,3.346815518444498,-1.136569134459766,3.346815518444498,-1.136569134459766
5500000000.0,3.346494463519406,-1.13578332977741,4.428143470241571,-1.9607446069473748,3.3464944635194076,-1.1357833297774107,3.3464944635194076,-1.1357833297774107
5505000000.0,3.3461738404887686,-1.1349987242618458,4.420410069860077,-1.9597443691048235,3.3461738404887624,-1.1349987242618438,3.3461738404887624,-1.1349987242618438
5510000000.0,3.3458536485811106,-1.134215314678614,4.4303875996689,-1.9545378442902896,3.3458536485811052,-1.1342153146786131,3.3458536485811052,-1.1342153146786131
5515000000.0,3.345533887027379,-1.133433097805906,4.4301239264721985,-1.948857835633779,3.3455338870273783,-1.1334330978059053,3.3455338870273783,-1.1334330978059053
5520000000.0,3.3452145550609353,-1.1326520704345011,4.429705944012346,-1.9498066559211369,3.345214555060938,-1.132652070434502,3.345214555060938,-1.132652070434502
5525000000.0,3.34489565191754,-1.1318722293677075,4.421334642095502,-1.9484818248741007,3.3448956519175397,-1.1318722293677081,3.3448956519175397,-1.1318722293677081
5530000000.0,3.344577176835339,-1.131093571421301,4.4210410918515475,-1.9372284031516114,3.3445771768353354,-1.1310935714212997,3.3445771768353354,-1.1310935714212997
5535000000.0,3.34425912905485,-1.1303160934234655,4.415417598669388,-1.9409169514648343,3.344259129054848,-1.130316093423466,3.344259129054848,-1.130316093423466
5540000000.0,3.3439415078189483,-1.129539792214732,4.425337455988162,-1.9382580991967289,3.3439415078189487,-1.1295397922147314,3.3439415078189487,-1.1295397922147314
5545000000.0,3.3436243123728535,-1.1287646646479206,4.426239921945996,-1.9307864621415207,3.3436243123728513,-1.12876466464792,3.3436243123728513,-1.12876466464792
5550000000.0,3.343307541964116,-1.127990707588079,4.420865396301203,-1.9282500561538287,3.3433075419641183,-1.1279907075880808,3.3433075419641183,-1.1279907075880808
5555000000.0,3.342991195842603,-1.1272179179124266,4.418984686708917,-1.9281644940614069,3.342991195842604,-1.127217917912427,3.342991195842604,-1.127217917912427
5560000000.0,3.3426752732604856,-1.1264462925102934,4.41690855399991,-1.932246126701143,3.342675273260487,-1.1264462925102945,3.342675273260487,-1.1264462925102945
5565000000.0,3.342359773472226,-1.1256758282830632,4.419869449412742,-1.923016559285968,3.342359773472224,-1.1256758282830637,3.342359773472224,-1.1256758282830637
5570000000.0,3.3420446957345633,-1.124906522144115,4.417901820243285,-1.9256427686654778,3.3420446957345575,-1.1249065221441137,3.3420446957345575,-1.1249065221441137
5575000000.0,3.3417300393065026,-1.124138371018766,4.412519157667416,-1.9203582539835988,3.341730039306497,-1.1241383710187642,3.341730039306497,-1.1241383710187642
5580000000.0,3.341415803449298,-1.1233713718442135,4.412156945149649,-1.9229208010561059,3.3414158034493027,-1.1233713718442149,3.3414158034493027,-1.1233713718442149
5585000000.0,3.3411019874264447,-1.1226055215694792,4.416425401129028,-1.9102620288182584,3.3411019874264456,-1.122605521569479,3.3411019874264456,-1.122605521569479
5590000000.0,3.3407885905036627,-1.1218408171553507,4.4089167209745135,-1.9168809153777107,3.3407885905036583,-1.1218408171553491,3.3407885905036583,-1.1218408171553491
5595000000.0,3.3404756119488854,-1.1210772555743276,4.407148049754866,-1.9119171999300524,3.3404756119488845,-1.1210772555743271,3.3404756119488845,-1.1210772555743271
5600000000.0,3.340163051032248,-1.1203148338105628,4.408565938986214,-1.9149476795195055,3.3401630510322557,-1.1203148338105646,3.3401630510322557,-1.1203148338105646
5605000000.0,3.3398509070260722,-1.1195535488598096,4.416295469359513,-1.9134829909454558,3.339850907026074,-1.11955354885981,3.339850907026074,-1.11955354885981
5610000000.0,3.3395391792048565,-1.1187933977293631,4.414731982134518,-1.9089995423030504,3.339539179204857,-1.1187933977293631,3.339539179204857,-1.1187933977293631
5615000000.0,3.339227866845264,-1.1180343774380084,4.419947197079148,-1.9082176018274413,3.339227866845265,-1.1180343774380084,3.339227866845265,-1.1180343774380084
5620000000.0,3.3389169692261085,-1.1172764850159633,4.408957255088716,-1.9055609257396273,3.338916969226115,-1.1172764850159662,3.338916969226115,-1.1172764850159662
5625000000.0,3.3386064856283424,-1.1165197175048251,4.412112643502363,-1.9022135313556214,3.3386064856283415,-1.1165197175048254,3.3386064856283415,-1.1165197175048254
5630000000.0,3.3382964153350474,-1.1157640719575155,4.409509199832632,-1.894452606124826,3.3382964153350456,-1.1157640719575148,3.3382964153350456,-1.1157640719575148
5635000000.0,3.3379867576314197,-1.115009545438228,4.4080841914830335,-1.8948049470090207,3.3379867576314166,-1.115009545438227,3.3379867576314166,-1.115009545438227
5640000000.0,3.337677511804758,-1.1142561350223725,4.410280834313049,-1.8857647140263498,3.3376775118047552,-1.1142561350223714,3.3376775118047552,-1.1142561350223714
5645000000.0,3.3373686771444544,-1.1135038377965238,4.4065105942277665,-1.8933113474957177,3.3373686771444526,-1.1135038377965234,3.3373686771444526,-1.1135038377965234
5650000000.0,3.337060252941982,-1.1127526508583672,4.407434038473533,-1.8880275673437423,3.3370602529419893,-1.1127526508583698,3.3370602529419893,-1.1127526508583698
5655000000.0,3.3367522384908805,-1.1120025713166464,4.407434675289933,-1.8830705487155688,3.3367522384908734,-1.1120025713166455,3.3367522384908734,-1.1120025713166455
5660000000.0,3.336444633086749,-1.1112535962911112,4.4109282927768945,-1.8783769619387694,3.3364446330867517,-1.1112535962911125,3.3364446330867517,-1.1112535962911125
5665000000.0,3.3361374360272307,-1.1105057229124644,4.409536401042525,-1.8774106201693685,3.3361374360272316,-1.1105057229124629,3.3361374360272316,-1.1105057229124629
5670000000.0,3.3358306466120036,-1.1097589483223107,4.400346228306939,-1.8737563947888534,3.335830646612004,-1.1097589483223105,3.335830646612004,-1.1097589483223105
5675000000.0,3.3355242641427707,-1.109013269673106,4.403454657505103,-1.867716030274268,3.335524264142767,-1.109013269673106,3.335524264142767,-1.109013269673106
5680000000.0,3.3352182879232455,-1.1082686841281035,4.403922470772244,-1.8643059392595336,3.3352182879232446,-1.108268684128104,3.3352182879232446,-1.108268684128104
5685000000.0,3.3349127172591437,-1.1075251888613051,4.401253324927178,-1.8671292347181476,3.3349127172591495,-1.1075251888613065,3.3349127172591495,-1.1075251888613065
5690000000.0,3.3346075514581694,-1.1067827810574093,4.404042175080678,-1.8608140500702874,3.3346075514581677,-1.1067827810574091,3.3346075514581677,-1.1067827810574091
5695000000.0,3.3343027898300086,-1.1060414579117617,4.405015585649778,-1.8482499873229385,3.334302789830016,-1.106041457911764,3.334302789830016,-1.106041457911764
5700000000.0,3.3339984316863136,-1.1053012166303033,4.399382482298994,-1.8502112750059345,3.3339984316863176,-1.1053012166303051,3.3339984316863176,-1.1053012166303051
5705000000.0,3.333694476340696,-1.1045620544295223,4.392565369233745,-1.8481717085153493,3.333694476340711,-1.1045620544295267,3.333694476340711,-1.1045620544295267
5710000000.0,3.333390923108713,-1.1038239685364024,4.39165446098301,-1.8417692113420996,3.3333909231087095,-1.1038239685364022,3.3333909231087095,-1.1038239685364022
5715000000.0,3.33308777130786,-1.1030869561883763,4.393904312961752,-1.837166605621236,3.3330877713078504,-1.103086956188373,3.3330877713078504,-1.103086956188373
5720000000.0,3.3327850202575564,-1.1023510146332733,4.389693430800227,-1.8359688210693346,3.33278502025755,-1.1023510146332725,3.33278502025755,-1.1023510146332725
5725000000.0,3.332482669279139,-1.1016161411292726,4.3869669004585035,-1.829932866405504,3.3324826692791363,-1.1016161411292724,3.3324826692791363,-1.1016161411292724
5730000000.0,3.332180717695848,-1.1008823329448538,4.38765315574913,-1.82760651496944,3.3321807176958607,-1.1008823329448576,3.3321807176958607,-1.1008823329448576
5735000000.0,3.331879164832821,-1.1001495873587488,4.388736920464486,-1.825095404261551,3.3318791648328183,-1.1001495873587492,3.3318791648328183,-1.1001495873587492
5740000000.0,3.3315780100170778,-1.0994179016598937,4.383661022317043,-1.822555729746912,3.3315780100170853,-1.0994179016598962,3.3315780100170853,-1.0994179016598962
5745000000.0,3.331277252577516,-1.0986872731473811,4.380080405372839,-1.8126371192123212,3.3312772525775136,-1.09868727314738,3.3312772525775136,-1.09868727314738
5750000000.0,3.330976891844893,-1.0979576991304125,4.377721585946368,-1.8118506884949759,3.3309768918448928,-1.0979576991304123,3.3309768918448928,-1.0979576991304123
5755000000.0,3.3306769271518273,-1.0972291769282498,4.376200296422753,-1.8092980577480284,3.330676927151832,-1.0972291769282503,3.330676927151832,-1.0972291769282503
5760000000.0,3.3303773578327767,-1.096501703870171,4.372460681285546,-1.8073749125830623,3.330377357832779,-1.096501703870171,3.330377357832779,-1.096501703870171
5765000000.0,3.3300781832240354,-1.0957752772954201,4.370372645951651,-1.8033590684875067,3.330078183224043,-1.0957752772954226,3.330078183224043,-1.0957752772954226
5770000000.0,3.329779402663725,-1.095049894553163,4.36564781726945,-1.801120945610251,3.329779402663722,-1.0950498945531626,3.329779402663722,-1.0950498945531626
5775000000.0,3.3294810154917793,-1.0943255530024403,4.3639100171187435,-1.7986453242452436,3.329481015491781,-1.0943255530024405,3.329481015491781,-1.0943255530024405
5780000000.0,3.329183021049941,-1.0936022500121205,4.359429958237522,-1.7957351123898924,3.3291830210499436,-1.0936022500121216,3.3291830210499436,-1.0936022500121216
5785000000.0,3.328885418681747,-1.0928799829608562,4.355159257893046,-1.7928764956263117,3.3288854186817427,-1.0928799829608553,3.3288854186817427,-1.0928799829608553
5790000000.0,3.328588207732522,-1.0921587492370362,4.352650238837611,-1.7919093472905274,3.3285882077325257,-1.0921587492370373,3.3285882077325257,-1.0921587492370373
5795000000.0,3.3282913875493687,-1.0914385462387417,4.350592965221181,-1.7923885503628278,3.3282913875493745,-1.0914385462387426,3.3282913875493745,-1.0914385462387426
5800000000.0,3.327994957481157,-1.0907193713737005,4.345956768084154,-1.7901011578066761,3.327994957481149,-1.0907193713736985,3.327994957481149,-1.0907193713736985
5805000000.0,3.3276989168785156,-1.0900012220592428,4.343653360658129,-1.7865013774523084,3.327698916878523,-1.0900012220592445,3.327698916878523,-1.0900012220592445
5810000000.0,3.327403265093824,-1.089284095722256,4.340346386801529,-1.7884560245241061,3.3274032650938197,-1.0892840957222545,3.3274032650938197,-1.0892840957222545
5815000000.0,3.327108001481202,-1.0885679897991407,4.335261132046692,-1.7917706652817884,3.3271080014811987,-1.0885679897991407,3.3271080014811987,-1.0885679897991407
5820000000.0,3.3268131253965,-1.0878529017357659,4.3326581786266365,-1.7904396302872414,3.326813125396499,-1.0878529017357654,3.326813125396499,-1.0878529017357654
5825000000.0,3.3265186361972914,-1.0871388289874266,4.3340520272967,-1.78837083540038,3.326518636197297,-1.087138828987428,3.326518636197297,-1.087138828987428
5830000000.0,3.326224533242864,-1.0864257690187982,4.33186859702455,-1.7885000997338254,3.3262245332428657,-1.0864257690187984,3.3262245332428657,-1.0864257690187984
5835000000.0,3.3259308158942087,-1.0857137193038948,4.3283070936886165,-1.791487589230926,3.32593081589421,-1.085713719303895,3.32593081589421,-1.085713719303895
5840000000.0,3.3256374835140146,-1.0850026773260253,4.330811169299443,-1.7956486567211278,3.3256374835140123,-1.0850026773260246,3.3256374835140123,-1.0850026773260246
5845000000.0,3.3253445354666558,-1.0842926405777493,4.326512025103104,-1.7908302154146043,3.325344535466659,-1.0842926405777509,3.325344535466659,-1.0842926405777509
5850000000.0,3.325051971118186,-1.083583606560837,4.3277997237114025,-1.7969489582391611,3.3250519711181816,-1.083583606560836,3.3250519711181816,-1.083583606560836
5855000000.0,3.324759789836329,-1.082875572786224,4.330078624128294,-1.8016769576915994,3.3247597898363312,-1.0828755727862247,3.3247597898363312,-1.0828755727862247
5860000000.0,3.3244679909904695,-1.0821685367739713,4.322365214769735,-1.7989527455103143,3.324467990990463,-1.0821685367739695,3.324467990990463,-1.0821685367739695
5865000000.0,3.3241765739516445,-1.081462496053221,4.329814469475199,-1.7967098351711128,3.32417657395164,-1.08146249605322,3.32417657395164,-1.08146249605322
5870000000.0,3.323885538092537,-1.0807574481621562,4.327253835323106,-1.802079688916349,3.3238855380925334,-1.0807574481621558,3.3238855380925334,-1.0807574481621558
5875000000.0,3.323594882787465,-1.0800533906479586,4.328283396008089,-1.7990815920951662,3.3235948827874573,-1.0800533906479561,3.3235948827874573,-1.0800533906479561
5880000000.0,3.3233046074123744,-1.0793503210667674,4.33022580041663,-1.8006776195198184,3.323304607412376,-1.0793503210667674,3.323304607412376,-1.0793503210667674
5885000000.0,3.3230147113448303,-1.0786482369836383,4.327434109506768,-1.7982212464300074,3.323014711344828,-1.0786482369836374,3.323014711344828,-1.0786482369836374
5890000000.0,3.322725193964011,-1.0779471359725015,4.33420863906377,-1.7952370620510638,3.3227251939640117,-1.0779471359725012,3.3227251939640117,-1.0779471359725012
5895000000.0,3.322436054650695,-1.0772470156161227,4.338652317052513,-1.8007631950248266,3.3224360546506926,-1.0772470156161211,3.3224360546506926,-1.0772470156161211
5900000000.0,3.322147292787258,-1.0765478735060607,4.338745749974934,-1.7961555056838885,3.322147292787255,-1.076547873506061,3.322147292787255,-1.076547873506061
5905000000.0,3.321858907757664,-1.0758497072426285,4.33509616141553,-1.7928100621401797,3.321858907757665,-1.0758497072426279,3.321858907757665,-1.0758497072426279
5910000000.0,3.3215708989474533,-1.0751525144348528,4.336837953485273,-1.7982828797858739,3.3215708989474524,-1.0751525144348522,3.3215708989474524,-1.0751525144348522
5915000000.0,3.3212832657437388,-1.074456292700434,4.340636372759929,-1.789958753335303,3.3212832657437317,-1.0744562927004317,3.3212832657437317,-1.0744562927004317
5920000000.0,3.3209960075351974,-1.073761039665706,4.335974447523055,-1.7884255073461357,3.3209960075352005,-1.0737610396657062,3.3209960075352005,-1.0737610396657062
5925000000.0,3.320709123712062,-1.0730667529655982,4.336362663505573,-1.7949968040662487,3.3207091237120614,-1.0730667529655977,3.3207091237120614,-1.0730667529655977
5930000000.0,3.3204226136661115,-1.0723734302435945,4.334715229929103,-1.7868284695151908,3.320422613666114,-1.0723734302435959,3.320422613666114,-1.0723734302435959
5935000000.0,3.320136476790667,-1.0716810691516958,4.334615505342838,-1.7891360801553973,3.320136476790666,-1.0716810691516958,3.320136476790666,-1.0716810691516958
5940000000.0,3.3198507124805823,-1.0709896673503794,4.33471118161261,-1.790765154634297,3.319850712480576,-1.0709896673503776,3.319850712480576,-1.0709896673503776
5945000000.0,3.3195653201322344,-1.0702992225085628,4.331348336205681,-1.7893926039814108,3.3195653201322255,-1.070299222508559,3.3195653201322255,-1.070299222508559
5950000000.0,3.31928029914352,-1.0696097323035627,4.336854060269588,-1.7877569223285399,3.319280299143521,-1.0696097323035634,3.319280299143521,-1.0696097323035634
5955000000.0,3.318995648913845,-1.0689211944210584,4.338638136776531,-1.7911176190249833,3.3189956489138464,-1.0689211944210588,3.3189956489138464,-1.0689211944210588
5960000000.0,3.3187113688441188,-1.0682336065550535,4.34177473398871,-1.7892920490080102,3.318711368844124,-1.0682336065550553,3.318711368844124,-1.0682336065550553
5965000000.0,3.3184274583367452,-1.0675469664078374,4.339432627915466,-1.7915777953163663,3.3184274583367435,-1.0675469664078365,3.3184274583367435,-1.0675469664078365
5970000000.0,3.3181439167956164,-1.0668612716899486,4.349076740018544,-1.7903102815663015,3.318143916795611,-1.0668612716899466,3.318143916795611,-1.0668612716899466
5975000000.0,3.317860743626107,-1.0661765201201363,4.354327787997752,-1.7846670981436317,3.317860743626104,-1.0661765201201359,3.317860743626104,-1.0661765201201359
5980000000.0,3.317577938235063,-1.0654927094253235,4.358421326549507,-1.7867683779812207,3.3175779382350656,-1.065492709425324,3.3175779382350656,-1.065492709425324
5985000000.0,3.317295500030798,-1.0648098373405712,4.357734443732289,-1.7789656274348504,3.3172955000307938,-1.064809837340569,3.3172955000307938,-1.064809837340569
5990000000.0,3.317013428423085,-1.0641279016090393,4.3669161324233325,-1.7728318540030703,3.317013428423082,-1.0641279016090395,3.317013428423082,-1.0641279016090395
5995000000.0,3.3167317228231514,-1.0634468999819515,4.370237274061417,-1.773061823798971,3.316731722823153,-1.0634468999819517,3.316731722823153,-1.0634468999819517
6000000000.0,3.3164503826436658,-1.0627668302185587,4.372958542818296,-1.7629658274045377,3.3164503826436635,-1.0627668302185576,3.3164503826436635,-1.0627668302185576
