f_Hz,teorico_re,teorico_im,"Medido (simplificado, 3 patrones)_re","Medido (simplificado, 3 patrones)_im","Medido (completo, 4 patrones, Automático)_re","Medido (completo, 4 patrones, Automático)_im","Medido (completo, 4 patrones, Clásico)_re","Medido (completo, 4 patrones, Clásico)_im"
100000000.0,25.5228,-2.9974999999999996,32.731534504107145,-1.3171128343667289,24.73145625533068,-5.695502353830478,24.73145625533068,-5.695502353830478
105000000.0,25.47997555012225,-3.1409513325183376,32.652764854241916,-1.5977994522872554,24.56599320036828,-5.923169387163539,24.56599320036828,-5.923169387163539
110000000.0,25.435249950209123,-3.283492135032862,32.680662723917415,-1.7779942706927971,24.364329391098682,-6.148687964254174,24.364329391098682,-6.148687964254174
115000000.0,25.388648715783198,-3.425085860450096,32.64081232987197,-1.9651891050934365,24.205180445005706,-6.369499519002425,24.205180445005706,-6.369499519002425
120000000.0,25.340198255352895,-3.565696843774782,32.56434928332346,-2.102068524050863,23.974108150416225,-6.557333717747416,23.974108150416225,-6.557333717747416
125000000.0,25.28992583436341,-3.7052903275648945,32.519519722404844,-2.320472555917992,23.891161046225456,-6.773593746765271,23.891161046225456,-6.773593746765271
130000000.0,25.237859538370483,-3.843832485697376,32.49755947623478,-2.567962988508397,23.647889779735266,-7.010850419877342,23.647889779735266,-7.010850419877342
135000000.0,25.184028235525606,-3.981290445422795,32.482383276004505,-2.7558993809395615,23.501967364557245,-7.19212803845873,23.501967364557245,-7.19212803845873
140000000.0,25.128461538461536,-4.117632307692308,32.4515307628248,-2.9705967116287337,23.362576932773766,-7.3672830237844735,23.362576932773766,-7.3672830237844735
145000000.0,25.07118976566704,-4.252827165745315,32.331108835008095,-3.1706924813296844,23.063540694744777,-7.525039837035008,23.063540694744777,-7.525039837035008
150000000.0,25.012243902439025,-4.38684512195122,32.40853200489069,-3.3668704081016045,22.959599075911,-7.72101235868773,22.959599075911,-7.72101235868773
155000000.0,24.951655561499926,-4.519657302903555,32.269220567403494,-3.5125788511033296,22.72515014074304,-7.819561327552788,22.72515014074304,-7.819561327552788
160000000.0,24.88945694336695,-4.651235872769589,32.26451716759651,-3.681660725654736,22.585827195359922,-8.011792832051466,22.585827195359922,-8.011792832051466
165000000.0,24.825680796558558,-4.781554044903088,32.12966811594421,-3.8573819444037225,22.27691281249718,-8.200979979559119,22.27691281249718,-8.200979979559119
170000000.0,24.760360377722105,-4.910586091732511,32.1666342779552,-3.985558532160636,22.18498293854767,-8.314013290717927,22.18498293854767,-8.314013290717927
175000000.0,24.693529411764704,-5.038307352941176,32.098975292283875,-4.1673756637678885,21.94135594131352,-8.464331868305578,21.94135594131352,-8.464331868305578
180000000.0,24.625222052067382,-5.164694241960185,32.03772551553176,-4.390180629511995,21.759370690689398,-8.572338431361548,21.759370690689398,-8.572338431361548
185000000.0,24.555472840860315,-5.289724250798798,31.9448029459064,-4.486777508544283,21.576232828440453,-8.676422222964282,21.576232828440453,-8.676422222964282
190000000.0,24.48431666983463,-5.413375953240828,31.925868171129856,-4.642905096612639,21.34814438092614,-8.776892029028021,21.34814438092614,-8.776892029028021
195000000.0,24.411788741063397,-5.5356290064390885,31.902924340426836,-4.801145715841678,21.162643093736463,-8.901702272291491,21.162643093736463,-8.901702272291491
200000000.0,24.337924528301883,-5.656464150943395,31.80039631470776,-4.986323791691086,20.939971813440103,-9.00271849326898,20.939971813440103,-9.00271849326898
205000000.0,24.262759738734083,-5.775863209200695,31.76865591443835,-5.137685566217395,20.820038440126282,-9.0765082242401,20.820038440126282,-9.0765082242401
210000000.0,24.186330275229356,-5.893809082568807,31.687897983618512,-5.303166496941075,20.565946018212195,-9.134256668943886,20.565946018212195,-9.134256668943886
215000000.0,24.108672199170126,-6.010285746887967,31.59953648162956,-5.438685941808568,20.37742929344638,-9.248277856083014,20.37742929344638,-9.248277856083014
220000000.0,24.029821693907873,-6.125278246656761,31.564959046027454,-5.5569313202991175,20.2281758662427,-9.289714902574278,20.2281758662427,-9.289714902574278
225000000.0,23.94981502890173,-6.238772687861272,31.492944954664218,-5.73333306897488,20.01298432271878,-9.389899018409835,20.01298432271878,-9.389899018409835
230000000.0,23.868688524590162,-6.350756229508196,31.415562178740018,-5.887549413337385,19.800423681891356,-9.431973437743807,19.800423681891356,-9.431973437743807
235000000.0,23.786478518043012,-6.46121707391444,31.316311830023306,-6.0292401818114465,19.585233975957614,-9.529225494329435,19.585233975957614,-9.529225494329435
240000000.0,23.703221329437543,-6.570144455807157,31.246700419382005,-6.19868196321968,19.42744080636421,-9.556592159855166,19.42744080636421,-9.556592159855166
245000000.0,23.618953229398663,-6.677528630289532,31.21391681346459,-6.279054965763538,19.25607312058719,-9.63738238407141,19.25607312058719,-9.63738238407141
250000000.0,23.533710407239816,-6.783360859728506,31.165411993212988,-6.401897699485806,19.069027843601077,-9.677940379825701,19.069027843601077,-9.677940379825701
255000000.0,23.447528940137833,-6.887633399621638,31.064147373648215,-6.58353938170581,18.91461784869507,-9.728451682919818,18.91461784869507,-9.728451682919818
260000000.0,23.36044476327116,-6.990339483500717,30.988971599034418,-6.683556452478003,18.709667946597623,-9.793479698819294,18.709667946597623,-9.793479698819294
265000000.0,23.272493640947832,-7.091473306930251,30.923634257384755,-6.795280790132238,18.569362952160912,-9.813550643847927,18.569362952160912,-9.813550643847927
270000000.0,23.183711138745778,-7.191030010659086,30.844042673424973,-6.981304069773037,18.389264360358634,-9.878878454203505,18.389264360358634,-9.878878454203505
275000000.0,23.094132596685082,-7.289005662983425,30.779583659749484,-7.120799198550225,18.218169286145663,-9.88792503199838,18.218169286145663,-9.88792503199838
280000000.0,23.003793103448274,-7.38539724137931,30.69482861639639,-7.227909344920519,18.03209118832097,-9.940983756212683,18.03209118832097,-9.940983756212683
285000000.0,22.912727471661782,-7.480202613462295,30.5904261796784,-7.359802226061373,17.86906767781547,-9.950443753745228,17.86906767781547,-9.950443753745228
290000000.0,22.82097021424839,-7.573420517331476,30.542173277170154,-7.462176276137795,17.72649019516633,-9.962157384823,17.72649019516633,-9.962157384823
295000000.0,22.728555521857803,-7.66505054135436,30.478541860194234,-7.580939905234894,17.572651874728408,-9.980655884869943,17.572651874728408,-9.980655884869943
300000000.0,22.63551724137931,-7.755093103448276,30.367312905185756,-7.746823510154561,17.387247871525915,-10.00060980467601,17.387247871525915,-10.00060980467601
305000000.0,22.541888855537927,-7.843549429912954,30.27089583370936,-7.831251596660762,17.224172808708204,-10.010884183061151,17.224172808708204,-10.010884183061151
310000000.0,22.44770346357277,-7.93042153386794,30.191763246921482,-7.971227820822447,17.070366819598206,-10.01534712973166,17.070366819598206,-10.01534712973166
315000000.0,22.352993762993762,-8.015712193347193,30.134875252373842,-8.067002918108775,16.961622231944204,-10.052760085587499,16.961622231944204,-10.052760085587499
320000000.0,22.25779203241053,-8.099424929101957,30.041748188118667,-8.175676853349351,16.797237716580934,-10.046661013764815,16.797237716580934,-10.046661013764815
325000000.0,22.162130115424972,-8.181563982161594,29.951938399793363,-8.292430441920102,16.63996146959277,-10.038641789311116,16.63996146959277,-10.038641789311116
330000000.0,22.066039405576888,-8.262134291200532,29.852641336230377,-8.39545424851391,16.51844648835024,-10.067345377252352,16.51844648835024,-10.067345377252352
335000000.0,21.969550832330107,-8.34114146975798,29.763562850062875,-8.516562034679547,16.365708997652526,-10.033671780423449,16.365708997652526,-10.033671780423449
340000000.0,21.872694848084546,-8.418591783355348,29.665544296338503,-8.582835251697416,16.226803417090963,-10.035779778379034,16.226803417090963,-10.035779778379034
345000000.0,21.775501416198022,-8.49449212655474,29.59960875880818,-8.704181151356666,16.09259167287861,-10.036870992105579,16.09259167287861,-10.036870992105579
350000000.0,21.678,-8.568850000000001,29.48739181274969,-8.844207858359166,15.941824499934661,-10.059979255918458,15.941824499934661,-10.059979255918458
355000000.0,21.58021955277789,-8.641673487480215,29.38986064825942,-8.924977364841286,15.818223214552638,-10.032175877711564,15.818223214552638,-10.032175877711564
360000000.0,21.482188508715296,-8.712971233053583,29.308167870864217,-9.024421126177918,15.690077611608514,-10.042113709803228,15.690077611608514,-10.042113709803228
365000000.0,21.38393477476032,-8.782752418267881,29.262376665702053,-9.152387227919737,15.586945347120416,-10.04722178876502,15.586945347120416,-10.04722178876502
370000000.0,21.285485723400864,-8.851026739511886,29.167333150647064,-9.230958276891785,15.424342369199861,-10.02368484758069,15.424342369199861,-10.02368484758069
375000000.0,21.186868186323093,-8.917804385530227,29.0317547158189,-9.350165257203654,15.299175905022128,-9.999330363705218,15.299175905022128,-9.999330363705218
380000000.0,21.08810844892812,-8.983096015132407,28.94914870542881,-9.429293375148651,15.193220742888577,-10.005327863618875,15.193220742888577,-10.005327863618875
385000000.0,20.989232245681382,-9.046912735124762,28.884883284427197,-9.534082492146428,15.09795125021183,-10.000559051823963,15.09795125021183,-10.000559051823963
390000000.0,20.890264756268493,-9.109266078492444,28.767825421602783,-9.62270385829418,14.957448553827776,-9.999238685863794,14.957448553827776,-9.999238685863794
395000000.0,20.791230602530863,-9.170167982856702,28.676504957558965,-9.709607203493116,14.841450187731294,-9.967789334487078,14.841450187731294,-9.967789334487078
400000000.0,20.692153846153847,-9.22963076923077,28.602025685998534,-9.806382841627357,14.738642134333677,-9.962325222635625,14.738642134333677,-9.962325222635625
405000000.0,20.593057987080005,-9.28766712109629,28.49460819934341,-9.903520109043564,14.621700014426672,-9.917845076169217,14.621700014426672,-9.917845076169217
410000000.0,20.49396596261966,-9.344290063820088,28.400376019185956,-9.996168154282927,14.5135929643487,-9.9085641592219,14.5135929643487,-9.9085641592219
415000000.0,20.394900147230928,-9.399512944429764,28.275620219153087,-10.058753752765332,14.388988726144387,-9.882902662576113,14.388988726144387,-9.882902662576113
420000000.0,20.295882352941177,-9.453349411764707,28.179270440683663,-10.162885958447163,14.29357008844628,-9.891612825789238,14.29357008844628,-9.891612825789238
425000000.0,20.196933830382104,-9.505813397017707,28.086393648604556,-10.255044743077029,14.200080385358909,-9.858660269132706,14.200080385358909,-9.858660269132706
430000000.0,20.098075270410433,-9.556919094680694,27.986499703937817,-10.327401400351144,14.082394300955912,-9.835600488620031,14.082394300955912,-9.835600488620031
435000000.0,19.999326806286575,-9.606680943906658,27.89657328513808,-10.413428454659462,13.989810661914436,-9.820464002481453,13.989810661914436,-9.820464002481453
440000000.0,19.900708016383852,-9.655113610298422,27.804667245566588,-10.486498513295334,13.896066678424642,-9.797271998496072,13.896066678424642,-9.797271998496072
445000000.0,19.802237927400896,-9.702231968133425,27.70979148551282,-10.568307485365416,13.80092174031118,-9.778658987946669,13.80092174031118,-9.778658987946669
450000000.0,19.70393501805054,-9.74805108303249,27.62035235775918,-10.652776612511664,13.70735067925384,-9.766285321947251,13.70735067925384,-9.766285321947251
455000000.0,19.605817223198592,-9.792586195079084,27.52864026680071,-10.72674296841554,13.60743842221503,-9.744373881255935,13.60743842221503,-9.744373881255935
460000000.0,19.50790193842645,-9.835852702394526,27.4199172833336,-10.810807316238465,13.520665799432606,-9.727520156302479,13.520665799432606,-9.727520156302479
465000000.0,19.410206024992036,-9.87786614517328,27.33543166227935,-10.877490217849454,13.428002614779237,-9.688968351017515,13.428002614779237,-9.688968351017515
470000000.0,19.312745815163876,-9.91864219018146,27.211149230083876,-10.952956392399079,13.331563010289731,-9.673561498473887,13.331563010289731,-9.673561498473887
475000000.0,19.215537117903928,-9.958196615720524,27.11307768884949,-11.014798843918669,13.249526249317666,-9.659213850026072,13.249526249317666,-9.659213850026072
480000000.0,19.118595224875065,-9.996545297057189,27.00513224596948,-11.088983615021526,13.155572979228209,-9.622193649103998,13.155572979228209,-9.622193649103998
485000000.0,19.021934916749974,-10.033704192319625,26.91166906373245,-11.149432356044578,13.075207482664322,-9.582013789336347,13.075207482664322,-9.582013789336347
490000000.0,18.925570469798657,-10.06968932885906,26.82592883049157,-11.229294798768546,12.988654951797745,-9.572005203970495,12.988654951797745,-9.572005203970495
495000000.0,18.82951566273256,-10.104516790075168,26.714550424844425,-11.297537655962529,12.89985392766578,-9.53930528421935,12.89985392766578,-9.53930528421935
500000000.0,18.733783783783785,-10.138202702702703,26.615958444899114,-11.366280879432928,12.829563078203547,-9.513272993295175,12.829563078203547,-9.513272993295175
505000000.0,18.638387637998726,-10.170763224556222,26.513459953777936,-11.43556641303762,12.741891627805199,-9.493921344397663,12.741891627805199,-9.493921344397663
510000000.0,18.54333955472604,-10.20221453272897,26.416509462520224,-11.501652295531406,12.669916235320187,-9.47361480582565,12.669916235320187,-9.47361480582565
515000000.0,18.44865139527955,-10.232572812241385,26.318743118206168,-11.555835944527525,12.585344226278274,-9.43720692515683,12.585344226278274,-9.43720692515683
520000000.0,18.354334560757497,-10.261854245134142,26.211101490359635,-11.633945023639058,12.49741345959488,-9.419561491967572,12.49741345959488,-9.419561491967572
525000000.0,18.2604,-10.290075,26.12040259560286,-11.672213535617443,12.426043750265752,-9.401002495026733,12.426043750265752,-9.401002495026733
530000000.0,18.16685821766766,-10.317251221948371,26.014929018057465,-11.736976114647048,12.357702373532332,-9.369716462743982,12.357702373532332,-9.369716462743982
535000000.0,18.073719282424555,-10.34339902299591,25.916685472288872,-11.79570277877301,12.300703312299332,-9.34998512690605,12.300703312299332,-9.34998512690605
540000000.0,17.980992835209825,-10.368534472876151,25.81970297382099,-11.853496585189703,12.227380126525155,-9.318919955231182,12.227380126525155,-9.318919955231182
545000000.0,17.88868809758267,-10.392673590260795,25.731730320438793,-11.913183708261444,12.15246459909223,-9.293330219759062,12.15246459909223,-9.293330219759062
550000000.0,17.796813880126184,-10.415832334384858,25.61950465970519,-11.953804265359643,12.069294651012534,-9.268893164849478,12.069294651012534,-9.268893164849478
555000000.0,17.705378590896274,-10.438026597067763,25.522180792014108,-11.995353559118284,12.003497647215118,-9.230309515260533,12.003497647215118,-9.230309515260533
560000000.0,17.614390243902438,-10.459272195121951,25.409814311066324,-12.067731839938844,11.93803739748799,-9.21601115557359,11.93803739748799,-9.21601115557359
565000000.0,17.523856467607896,-10.479584863140659,25.325475360381112,-12.10132602736047,11.86959465545839,-9.184719137155515,11.86959465545839,-9.184719137155515
570000000.0,17.43378451343723,-10.498980246656028,25.213644241949428,-12.174165391088591,11.801727211038521,-9.161583076010272,11.801727211038521,-9.161583076010272
575000000.0,17.344181264280273,-10.517473895658798,25.11712866383355,-12.205121747536603,11.734019507071933,-9.138208170673526,11.734019507071933,-9.138208170673526
580000000.0,17.255053242981603,-10.535081258470472,25.011875678584435,-12.265209524326396,11.66394121528342,-9.11352919623433,11.66394121528342,-9.11352919623433
585000000.0,17.166406620805674,-10.551817675959025,24.91536194573513,-12.30523598795675,11.609745650043184,-9.08435752987023,11.609745650043184,-9.08435752987023
590000000.0,17.078247225868036,-10.567698376088774,24.806569796603508,-12.353603808465511,11.549258234166766,-9.053147555574915,11.549258234166766,-9.053147555574915
595000000.0,16.990580551523948,-10.582738468795354,24.710291779380412,-12.396757524878252,11.483725711656179,-9.026528482808343,11.483725711656179,-9.026528482808343
600000000.0,16.90341176470588,-10.59695294117647,24.618880039170154,-12.445408062696128,11.42910902432863,-9.006936385740579,11.42910902432863,-9.006936385740579
605000000.0,16.81674571420227,-10.610356652989106,24.525917513942048,-12.474917057013165,11.365005503023395,-8.975690545536382,11.365005503023395,-8.975690545536382
610000000.0,16.730586938870204,-10.622964332444031,24.41585106194769,-12.534015622580004,11.282882841005943,-8.947013629693547,11.282882841005943,-8.947013629693547
615000000.0,16.644939675775287,-10.63479057228829,24.31705384418572,-12.567532179444177,11.249914065122363,-8.915458339780136,11.249914065122363,-8.915458339780136
620000000.0,16.559807868252513,-10.645849826166513,24.218678851768743,-12.602034864191152,11.183113314202664,-8.901473706758248,11.183113314202664,-8.901473706758248
625000000.0,16.475195173882184,-10.656156405251954,24.13133930636656,-12.646060036663295,11.128283129313603,-8.863861876656717,11.128283129313603,-8.863861876656717
630000000.0,16.391104972375693,-10.665724475138122,24.023858360012706,-12.688992820559235,11.078661525898177,-8.84135139004325,11.078661525898177,-8.84135139004325
635000000.0,16.307540373366173,-10.67456805298217,23.92506797337188,-12.730716440451358,11.011850778213862,-8.817486133145634,11.011850778213862,-8.817486133145634
640000000.0,16.2245042240996,-10.682701004891062,23.840653025466935,-12.756649270167712,10.956832643139316,-8.785468956778878,10.956832643139316,-8.785468956778878
645000000.0,16.14199911702216,-10.690137043541846,23.744369712974567,-12.789250361758125,10.900132414585462,-8.764328815132666,10.900132414585462,-8.764328815132666
650000000.0,16.060027397260274,-10.696889726027397,23.64602830638532,-12.816200924162068,10.851874345691039,-8.728573272262905,10.851874345691039,-8.728573272262905
655000000.0,15.978591169989935,-10.702972451919154,23.552586048014167,-12.84927922523475,10.80396731253012,-8.708904839599112,10.80396731253012,-8.708904839599112
660000000.0,15.897692307692308,-10.708398461538462,23.428778393948054,-12.880768726123234,10.736610185143864,-8.681556731711511,10.736610185143864,-8.681556731711511
665000000.0,15.817332457293036,-10.713180834428384,23.357744209956458,-12.912657251954752,10.6892837429406,-8.664656529931392,10.6892837429406,-8.664656529931392
670000000.0,15.737513047182873,-10.717332488017894,23.247674644504077,-12.935041510973425,10.64377292246803,-8.619568144941363,10.64377292246803,-8.619568144941363
675000000.0,15.658235294117647,-10.720866176470587,23.1764984894717,-12.975397676449514,10.596514034376487,-8.601408635215712,10.596514034376487,-8.601408635215712
680000000.0,15.5795002099958,-10.723794489710205,23.07304839965961,-13.00577227866372,10.544101769296077,-8.578278374050527,10.544101769296077,-8.578278374050527
685000000.0,15.501308608512081,-10.726129852615395,22.987282670610817,-13.042149177334474,10.491907289786955,-8.548697435167805,10.491907289786955,-8.548697435167805
690000000.0,15.423661111686158,-10.727884524376357,22.899355833906295,-13.057962847373746,10.445509692964995,-8.51457657594029,10.445509692964995,-8.51457657594029
695000000.0,15.346558156265255,-10.729070598006217,22.788631218435793,-13.097545944266916,10.397842863965845,-8.495899823381668,10.397842863965845,-8.495899823381668
700000000.0,15.27,-10.7297,22.6961857918311,-13.126471592584538,10.35171889197217,-8.479677031252898,10.35171889197217,-8.479677031252898
705000000.0,15.193986727793115,-10.729784490134495,22.616662823730998,-13.149939140374023,10.307081131201235,-8.454503509688662,10.307081131201235,-8.454503509688662
710000000.0,15.11851825772055,-10.729335661402272,22.514149034098683,-13.165504675351867,10.255278321425763,-8.426567352601767,10.255278321425763,-8.426567352601767
715000000.0,15.043594346925016,-10.72836494007341,22.43142076525305,-13.179168791574458,10.218157086046109,-8.397401385619412,10.218157086046109,-8.397401385619412
720000000.0,14.96921459738199,-10.72688358587862,22.34637561545759,-13.216143189123454,10.160732802576364,-8.369426495606689,10.160732802576364,-8.369426495606689
725000000.0,14.895378461538462,-10.724902692307692,22.247001770900475,-13.237226918105996,10.117994585191388,-8.341307835467711,10.117994585191388,-8.341307835467711
730000000.0,14.82208524782481,-10.722433187017304,22.144544366971136,-13.255333420208604,10.0852584044648,-8.321156732044225,10.0852584044648,-8.321156732044225
735000000.0,14.749334126040427,-10.719485832342448,22.064303098022783,-13.270589239469453,10.035987073255775,-8.292890981850569,10.035987073255775,-8.292890981850569
740000000.0,14.677124132613724,-10.716071225905937,21.973698764221766,-13.308836699478046,9.994655126656573,-8.26698722644691,9.994655126656573,-8.26698722644691
745000000.0,14.605454175737423,-10.712199801320542,21.875726380294267,-13.324241702103402,9.947019625701127,-8.24506659249767,9.947019625701127,-8.24506659249767
750000000.0,14.534323040380047,-10.707881828978623,21.779108475712967,-13.334471606559514,9.90162606305481,-8.221338871908932,9.90162606305481,-8.221338871908932
755000000.0,14.46372939317469,-10.703127416924128,21.698172120364966,-13.347546501034028,9.869286115188961,-8.189441217255691,9.869286115188961,-8.189441217255691
760000000.0,14.393671787186213,-10.697946511802172,21.608862719718843,-13.363403022597506,9.822376361870083,-8.16878676655986,9.822376361870083,-8.16878676655986
765000000.0,14.32414866655816,-10.692348899881422,21.527398077964605,-13.378078588883142,9.77905245811338,-8.151974066656006,9.77905245811338,-8.151974066656006
770000000.0,14.255158371040723,-10.686344208144796,21.433931914756194,-13.3982822138165,9.74318987362129,-8.127665794306386,9.74318987362129,-8.127665794306386
775000000.0,14.186699140401144,-10.679941905444124,21.348775938286337,-13.409361720626302,9.706393543015679,-8.098443127224728,9.706393543015679,-8.098443127224728
780000000.0,14.118769118718136,-10.673151303714492,21.26394419275749,-13.411373908026821,9.67173267851716,-8.084244319759549,9.67173267851716,-8.084244319759549
785000000.0,14.051366358561774,-10.665981559244276,21.168570085091282,-13.447733401491424,9.61847401788356,-8.054485185287808,9.61847401788356,-8.054485185287808
790000000.0,13.98448882506059,-10.658441673996949,21.093247407148368,-13.458632676775457,9.5947379939302,-8.0312908349709,9.5947379939302,-8.0312908349709
795000000.0,13.9181343998574,-10.650540496980904,21.000768794714173,-13.452823286670963,9.550786812873666,-8.003578440600876,9.550786812873666,-8.003578440600876
800000000.0,13.852300884955751,-10.642286725663718,20.922548951230915,-13.482060980034655,9.519583849363645,-7.983674125363239,9.519583849363645,-7.983674125363239
805000000.0,13.786986006458555,-10.633688907427342,20.83345972195726,-13.486826970950858,9.476777404949342,-7.955863650169977,9.476777404949342,-7.955863650169977
810000000.0,13.722187418200853,-10.624755441060989,20.750433792150893,-13.498725732564461,9.44425325416697,-7.933739006467343,9.44425325416697,-7.933739006467343
815000000.0,13.657902705278433,-10.615494578288462,20.658609012042064,-13.499627256020705,9.410972530748545,-7.911871083084796,9.410972530748545,-7.911871083084796
820000000.0,13.59412938747419,-10.60591442532691,20.579718662450393,-13.508472781440092,9.369080939118344,-7.885758270976444,9.369080939118344,-7.885758270976444
825000000.0,13.53086492258409,-10.596022944474106,20.4935117734653,-13.521927759884804,9.338470546035495,-7.861143952477266,9.338470546035495,-7.861143952477266
830000000.0,13.468106709644584,-10.585827955721435,20.403666342183698,-13.524993696411318,9.297319371337945,-7.836002577709011,9.297319371337945,-7.836002577709011
835000000.0,13.405852092063425,-10.57533713838994,20.32165586596244,-13.52499466821693,9.274634879716569,-7.826763266074282,9.274634879716569,-7.826763266074282
840000000.0,13.344098360655739,-10.564558032786886,20.249108886281686,-13.540140959394975,9.22714357147244,-7.802338834211663,9.22714357147244,-7.802338834211663
845000000.0,13.282842756587279,-10.55349804188036,20.162732875416125,-13.543576223676943,9.196996542905634,-7.7816200503663495,9.196996542905634,-7.7816200503663495
850000000.0,13.222082474226804,-10.54216443298969,20.086006026795516,-13.540279737155972,9.170055505936306,-7.751678677826556,9.170055505936306,-7.751678677826556
855000000.0,13.161814663909418,-10.530564339489363,20.00769615724408,-13.549869436888043,9.131204141320634,-7.730651889107131,9.131204141320634,-7.730651889107131
860000000.0,13.10203643461288,-10.518704762524397,19.920959867978272,-13.556158773683931,9.102194434301424,-7.704855171368379,9.102194434301424,-7.704855171368379
865000000.0,13.042744856548687,-10.506592572735165,19.840839718220387,-13.558783239593758,9.068002763416722,-7.691182306522972,9.068002763416722,-7.691182306522972
870000000.0,12.9839369636699,-10.494234511989733,19.7627516936951,-13.56074612625625,9.031488587413644,-7.669675395155967,9.031488587413644,-7.669675395155967
875000000.0,12.925609756097563,-10.481637195121952,19.68758437601609,-13.56702891442604,8.99947925963865,-7.64958528292017,8.99947925963865,-7.64958528292017
880000000.0,12.867760202467574,-10.468807111673522,19.606624267883788,-13.566662911153221,8.975795445592732,-7.625500956254112,8.975795445592732,-7.625500956254112
885000000.0,12.810385242199926,-10.455750627638475,19.519786079837957,-13.569306939317261,8.93565567106495,-7.601977557734523,8.93565567106495,-7.601977557734523
890000000.0,12.753481787692067,-10.442473987208485,19.446446964112475,-13.560053958636583,8.913659257398757,-7.575446942329136,8.913659257398757,-7.575446942329136
895000000.0,12.697046726438293,-10.428983314517533,19.367221215174528,-13.574747408304598,8.88129699900592,-7.556481520150879,8.88129699900592,-7.556481520150879
900000000.0,12.641076923076922,-10.415284615384616,19.28655955785376,-13.562093649002874,8.850394862832589,-7.534033557341495,8.850394862832589,-7.534033557341495
905000000.0,12.585569221367045,-10.401383779053111,19.22924118317799,-13.579872835763467,8.822953994702226,-7.52530183119347,8.822953994702226,-7.52530183119347
910000000.0,12.530520446096654,-10.387286579925652,19.133773260122812,-13.566756427411125,8.786962761564553,-7.495560676898883,8.786962761564553,-7.495560676898883
915000000.0,12.475927404923809,-10.372998679293264,19.05369139188565,-13.573946256981548,8.762507902590608,-7.473979678370193,8.762507902590608,-7.473979678370193
920000000.0,12.42178689015265,-10.358525627057768,18.991070087351112,-13.565141631582968,8.727222013171856,-7.447036916523974,8.727222013171856,-7.447036916523974
925000000.0,12.36809568044589,-10.343872863446354,18.91729292536422,-13.574978756900379,8.709635129700226,-7.4391725384494585,8.709635129700226,-7.4391725384494585
930000000.0,12.31485054247546,-10.329045720717396,18.842363915840444,-13.563996742130564,8.675741667836125,-7.41196252279938,8.675741667836125,-7.41196252279938
935000000.0,12.262048232512964,-10.314049424856604,18.775493399187567,-13.559461487027855,8.650695806772271,-7.388241164854452,8.650695806772271,-7.388241164854452
940000000.0,12.209685497961559,-10.298889097262666,18.693905744820157,-13.56121692468676,8.61707858046072,-7.3718124725265,8.61707858046072,-7.3718124725265
945000000.0,12.157759078830821,-10.283569756421612,18.620512546618222,-13.551765217129027,8.589896484477437,-7.3420794888046945,8.589896484477437,-7.3420794888046945
950000000.0,12.106265709156194,-10.268096319569118,18.545695519059173,-13.55839822169982,8.567738986450255,-7.329147515622165,8.567738986450255,-7.329147515622165
955000000.0,12.055202118364507,-10.25247360434015,18.474381161128605,-13.55676613315694,8.535971869434878,-7.3179863213283864,8.535971869434878,-7.3179863213283864
960000000.0,12.004565032587134,-10.236706330405214,18.401420354542207,-13.529258857124773,8.515517619442782,-7.285074302072602,8.515517619442782,-7.285074302072602
965000000.0,11.95435117592218,-10.22079912109272,18.326008290867495,-13.53954419020534,8.489534908891454,-7.265868828766957,8.489534908891454,-7.265868828766957
970000000.0,11.904557271647214,-10.204756504996855,18.25258190195805,-13.528286088181616,8.466515674011518,-7.246589599527934,8.466515674011518,-7.246589599527934
975000000.0,11.855180043383948,-10.188582917570498,18.180836020754235,-13.530186521280804,8.4339862220663,-7.224468994309178,8.4339862220663,-7.224468994309178
980000000.0,11.806216216216214,-10.172282702702702,18.106134837388396,-13.510161951587317,8.411196933398589,-7.205821780747889,8.411196933398589,-7.205821780747889
985000000.0,11.757662517762672,-10.155860114280332,18.041887875446918,-13.505032319238444,8.389603932952156,-7.198168917874134,8.389603932952156,-7.198168917874134
990000000.0,11.709515679205495,-10.139319317733486,17.969897655714515,-13.510504134537475,8.362609832790518,-7.171110978086024,8.362609832790518,-7.171110978086024
995000000.0,11.661772436276411,-10.122664391564332,17.90026992233248,-13.503207838989592,8.34297456272826,-7.152774237159712,8.34297456272826,-7.152774237159712
1000000000.0,11.614429530201342,-10.10589932885906,17.8272107885658,-13.50881494114309,8.316993426175399,-7.1259476342144366,8.316993426175399,-7.1259476342144366
1005000000.0,11.567483708604856,-10.089028038782686,17.765381357030034,-13.494587904597978,8.288091799401826,-7.113466574122381,8.288091799401826,-7.113466574122381
1010000000.0,11.520931726375736,-10.072054348056419,17.689745020170054,-13.484067462953888,8.267944509138305,-7.092061174745509,8.267944509138305,-7.092061174745509
1015000000.0,11.474770346494763,-10.054982002417406,17.62769691251893,-13.465711091845385,8.242418993066712,-7.068554692444358,8.242418993066712,-7.068554692444358
1020000000.0,11.428996340825929,-10.037814668060637,17.55423661267317,-13.465407339145317,8.226273389034029,-7.041608197215083,8.226273389034029,-7.041608197215083
1025000000.0,11.38360649087221,-10.020555933062882,17.481346795204175,-13.458603045084017,8.200022992630917,-7.027891544647644,8.200022992630917,-7.027891544647644
1030000000.0,11.338597588497002,-10.003209308788447,17.42839135770569,-13.446878459326722,8.17605133766092,-7.01628328726405,8.17605133766092,-7.01628328726405
1035000000.0,11.293966436612276,-9.985778231276722,17.362394294119262,-13.427889283693077,8.15681261957652,-6.989826559308461,8.15681261957652,-6.989826559308461
1040000000.0,11.249709849834563,-9.968266062611352,17.29743286904975,-13.427335351869607,8.128974683250066,-6.979186084305719,8.128974683250066,-6.979186084305719
1045000000.0,11.205824655109748,-9.950676092270982,17.22541292407654,-13.4264745582949,8.102358912082591,-6.95303120318201,8.102358912082591,-6.95303120318201
1050000000.0,11.162307692307692,-9.933011538461539,17.165565704834428,-13.398613344503309,8.08960404990642,-6.940904349621332,8.08960404990642,-6.940904349621332
1055000000.0,11.119155814787668,-9.915275549429982,17.097358088896552,-13.39231385941556,8.060763449443062,-6.924848489108083,8.060763449443062,-6.924848489108083
1060000000.0,11.076365889935548,-9.897471204759544,17.03132853824188,-13.38338800248406,8.042266429869395,-6.900505047546101,8.042266429869395,-6.900505047546101
1065000000.0,11.033934799673691,-9.8796015166464,16.97049487107817,-13.378649172782406,8.022730395298739,-6.88306000826222,8.022730395298739,-6.88306000826222
1070000000.0,10.991859440944399,-9.861669431157868,16.902706451590646,-13.364741926906207,8.00260280435133,-6.86240131448237,8.00260280435133,-6.86240131448237
1075000000.0,10.950136726167868,-9.843677829472085,16.843594565118405,-13.345304042235481,7.978034601060253,-6.844463095036982,7.978034601060253,-6.844463095036982
1080000000.0,10.908763583675439,-9.82562952909925,16.77833632927358,-13.34139793971114,7.955308808153548,-6.828892752837269,7.955308808153548,-6.828892752837269
1085000000.0,10.867736958119028,-9.807527285084495,16.71491477047274,-13.338477950095898,7.933118119955758,-6.811697894390797,7.933118119955758,-6.811697894390797
1090000000.0,10.827053810857517,-9.78937379119242,16.659488943373827,-13.319009356879292,7.914150185408247,-6.788700904743071,7.914150185408247,-6.788700904743071
1095000000.0,10.786711120320895,-9.771171681073401,16.58021241443912,-13.304041737048133,7.894224851082053,-6.763952351059248,7.894224851082053,-6.763952351059248
1100000000.0,10.746705882352941,-9.752923529411763,16.525191165294995,-13.291962568740832,7.868943768111332,-6.7600230463989455,7.868943768111332,-6.7600230463989455
1105000000.0,10.707035110533159,-9.734631853055916,16.46460159123653,-13.277665531827948,7.861650431166492,-6.741160062358891,7.861650431166492,-6.741160062358891
1110000000.0,10.667695836478718,-9.716299112130537,16.402396108190242,-13.267932203789535,7.843478859254598,-6.723511953150496,7.843478859254598,-6.723511953150496
1115000000.0,10.628685110127073,-9.697927711130983,16.34744471838841,-13.260563609006516,7.81867934705825,-6.702346280342607,7.81867934705825,-6.702346280342607
1120000000.0,10.59,-9.67952,16.287234830263223,-13.245627277494442,7.798966042844027,-6.684816127944637,7.798966042844027,-6.684816127944637
1125000000.0,10.551637593449627,-9.661078275186899,16.222488248874534,-13.232670069727476,7.7792278022034935,-6.669974399065989,7.7792278022034935,-6.669974399065989
1130000000.0,10.513594996887203,-9.642604780689343,16.175049562927402,-13.22241830299799,7.765377978281961,-6.651484384988195,7.765377978281961,-6.651484384988195
1135000000.0,10.475869335995164,-9.624101709077872,16.108660141787976,-13.206813811833507,7.738555614481654,-6.637170043825621,7.738555614481654,-6.637170043825621
1140000000.0,10.43845775592311,-9.605571202503352,16.05428460650013,-13.19062220686925,7.726378136775185,-6.6136721333162685,7.726378136775185,-6.6136721333162685
1145000000.0,10.40135742146833,-9.587015353687484,15.992898857050886,-13.178812038189056,7.704530866912897,-6.596421929741317,7.704530866912897,-6.596421929741317
1150000000.0,10.36456551724138,-9.568436206896552,15.9392520200657,-13.163920124839393,7.692549352226089,-6.5879100456832695,7.692549352226089,-6.5879100456832695
1155000000.0,10.328079247817326,-9.54983575889859,15.87692679172206,-13.153007377530383,7.666459538692547,-6.565305054912924,7.666459538692547,-6.565305054912924
1160000000.0,10.291895837873174,-9.531215959904118,15.816398025754593,-13.125098323073967,7.649030480865705,-6.552804960952423,7.649030480865705,-6.552804960952423
1165000000.0,10.256012532311981,-9.512578714490655,15.760648518187255,-13.117299930962833,7.626549431342433,-6.532817357621258,7.626549431342433,-6.532817357621258
1170000000.0,10.2204265963742,-9.493925882511162,15.71439687122564,-13.100009130578831,7.617666833342741,-6.5102395971445235,7.617666833342741,-6.5102395971445235
1175000000.0,10.18513531573672,-9.475259279986636,15.655069733709043,-13.081740440885381,7.59794481967478,-6.498700630203376,7.59794481967478,-6.498700630203376
1180000000.0,10.150135996600085,-9.456580679983002,15.598140509385237,-13.06562504597681,7.575815229755337,-6.478415328013888,7.575815229755337,-6.478415328013888
1185000000.0,10.115425965764363,-9.437891813472527,15.548467823151555,-13.058508286760844,7.561953729077753,-6.466041044717435,7.561953729077753,-6.466041044717435
1190000000.0,10.081002570694087,-9.41919437017995,15.488128780106452,-13.029480393770466,7.542344800430357,-6.450593390655207,7.542344800430357,-6.450593390655207
1195000000.0,10.046863179572737,-9.400489999413459,15.440106096725092,-13.025312573920262,7.524399118876803,-6.4311657883489275,7.524399118876803,-6.4311657883489275
1200000000.0,10.01300518134715,-9.38178031088083,15.384707835203024,-13.00307539023187,7.507079056899426,-6.415547459712481,7.507079056899426,-6.415547459712481
1205000000.0,9.979425985762283,-9.363066875490789,15.338344531613647,-12.98639798571259,7.497788356422487,-6.407735493866951,7.497788356422487,-6.407735493866951
1210000000.0,9.946123023386725,-9.34435122613991,15.285941886923116,-12.971492317115471,7.476719781257119,-6.387770162477982,7.476719781257119,-6.387770162477982
1215000000.0,9.913093745629315,-9.325634858485166,15.231824217037591,-12.951234742480063,7.460328342570083,-6.36806636961618,7.460328342570083,-6.36806636961618
1220000000.0,9.88033562474727,-9.306919231702386,15.188680696829664,-12.943402856729811,7.442260053583809,-6.351585784430354,7.442260053583809,-6.351585784430354
1225000000.0,9.847846153846152,-9.28820576923077,15.134853200085098,-12.911816523268119,7.4258188976021735,-6.3308219715500025,7.4258188976021735,-6.3308219715500025
1230000000.0,9.815622846872035,-9.269495859503719,15.101117936789601,-12.9034862170501,7.407762754229018,-6.318114086032334,7.407762754229018,-6.318114086032334
1235000000.0,9.783663238596187,-9.25079085666613,15.045244758870417,-12.881227296525969,7.3899854692721165,-6.30520905277343,7.3899854692721165,-6.30520905277343
1240000000.0,9.75196488459262,-9.232092081278358,15.00981307918996,-12.87086857469566,7.383389547933236,-6.283742007213877,7.383389547933236,-6.283742007213877
1245000000.0,9.720525361208807,-9.213400821007095,14.96299134657354,-12.85130527683061,7.358906628975726,-6.2667827111282595,7.358906628975726,-6.2667827111282595
1250000000.0,9.689342265529842,-9.194718331303287,14.925931217978976,-12.840616490099894,7.343907482641362,-6.263147410306763,7.343907482641362,-6.263147410306763
1255000000.0,9.658413215336374,-9.176045836067358,14.874680635319633,-12.82407606223252,7.333429650264367,-6.238608611363848,7.333429650264367,-6.238608611363848
1260000000.0,9.627735849056602,-9.157384528301886,14.822970373234185,-12.822761923128693,7.315691240572296,-6.229719877427008,7.315691240572296,-6.229719877427008
1265000000.0,9.597307825712544,-9.138735570751951,14.76600324066469,-12.803935056891994,7.299689618607212,-6.2112219649957465,7.299689618607212,-6.2112219649957465
1270000000.0,9.567126824860907,-9.120100096533358,14.728698514667515,-12.799279845957443,7.286364042322594,-6.204280454113261,7.286364042322594,-6.204280454113261
1275000000.0,9.537190546528805,-9.101479209748891,14.681195339059121,-12.786460698777221,7.268269277698377,-6.179321647641307,7.268269277698377,-6.179321647641307
1280000000.0,9.507496711144523,-9.08287398609284,14.63043381037797,-12.779910926764389,7.256341472484045,-6.167761754436279,7.256341472484045,-6.167761754436279
1285000000.0,9.478043059463625,-9.064285473443938,14.571697001694849,-12.765414725413006,7.238974571948699,-6.153812571205313,7.238974571948699,-6.153812571205313
1290000000.0,9.448827352490598,-9.04571469244696,14.524302463554244,-12.748968795577849,7.228544438693608,-6.143816650812297,7.228544438693608,-6.143816650812297
1295000000.0,9.41984737139627,-9.027162637083098,14.47821903451378,-12.729174044956261,7.213619980818513,-6.123608067448391,7.213619980818513,-6.123608067448391
1300000000.0,9.391100917431192,-9.008630275229358,14.435435998042289,-12.723001785486623,7.198683331608613,-6.107736749499043,7.198683331608613,-6.107736749499043
1305000000.0,9.362585811835249,-8.990118549207146,14.382018575132074,-12.709571185595106,7.186587701039821,-6.101642863086548,7.186587701039821,-6.101642863086548
1310000000.0,9.33429989574362,-8.971628376320204,14.338004913215652,-12.68841403827178,7.169594409270809,-6.0717312682171105,7.169594409270809,-6.0717312682171105
1315000000.0,9.306241030089332,-8.953160649382104,14.277821425250337,-12.675688198466414,7.156196824461046,-6.062967485646151,7.156196824461046,-6.062967485646151
1320000000.0,9.278407095502597,-8.93471623723347,14.24152156782639,-12.658319173007206,7.136841451671923,-6.049544185889244,7.136841451671923,-6.049544185889244
1325000000.0,9.25079599220707,-8.916295985249096,14.192908297301576,-12.6408291724739,7.12680407203746,-6.034711759239087,7.12680407203746,-6.034711759239087
1330000000.0,9.223405639913231,-8.897900715835139,14.14719022872567,-12.616533435736965,7.117477001942034,-6.01271506650179,7.117477001942034,-6.01271506650179
1335000000.0,9.196233977709074,-8.87953122891659,14.08964596247481,-12.60435510064133,7.0878788442307314,-6.006366274278128,7.0878788442307314,-6.006366274278128
1340000000.0,9.169278963948198,-8.86118830241512,14.048407604259816,-12.585014380223972,7.084395040433138,-6.0000954444539785,7.084395040433138,-6.0000954444539785
1345000000.0,9.142538576135536,-8.842872692717565,14.005387268650939,-12.575295243831542,7.0713939344928125,-5.975522834458717,7.0713939344928125,-5.975522834458717
1350000000.0,9.11601081081081,-8.824585135135136,13.953553837306186,-12.545123544412167,7.0571973016924225,-5.964418840623963,7.0571973016924225,-5.964418840623963
1355000000.0,9.089693683429886,-8.806326344353563,13.917093816487117,-12.529637108491672,7.0475319971491475,-5.950236550454812,7.0475319971491475,-5.950236550454812
1360000000.0,9.063585228244143,-8.788097014874337,13.861704237786958,-12.50881198271423,7.031604732125015,-5.937723845119587,7.031604732125015,-5.937723845119587
1365000000.0,9.037683498178033,-8.769897821447161,13.820587273716047,-12.486506675743934,7.01289648781274,-5.920082579541945,7.01289648781274,-5.920082579541945
1370000000.0,9.01198656470489,-8.751729419493854,13.777052182135677,-12.459132925240931,7.0004731130659295,-5.914431487366732,7.0004731130659295,-5.914431487366732
1375000000.0,8.986492517721187,-8.733592445523762,13.73674872746572,-12.45124185109555,6.99085849448173,-5.900118396991372,6.99085849448173,-5.900118396991372
1380000000.0,8.96119946541931,-8.715487517540929,13.696670170972112,-12.426278291882063,6.975993083484016,-5.882766521991815,6.975993083484016,-5.882766521991815
1385000000.0,8.936105534158976,-8.697415235443117,13.645580476075496,-12.408701598544209,6.961136422011353,-5.870308457632411,6.961136422011353,-5.870308457632411
1390000000.0,8.911208868337393,-8.679376181412822,13.598107111703596,-12.394194742146203,6.945777644684364,-5.860920679636471,6.945777644684364,-5.860920679636471
1395000000.0,8.886507630258311,-8.66137092030049,13.56009470346603,-12.378258531785354,6.937266290086165,-5.843416085257372,6.937266290086165,-5.843416085257372
1400000000.0,8.862,-8.6434,13.520193271932444,-12.357660196587146,6.923422677804645,-5.834568531729193,6.923422677804645,-5.834568531729193
1405000000.0,8.837684175282313,-8.625463951816641,13.487334554386669,-12.337202272855421,6.917461471645203,-5.818566474510775,6.917461471645203,-5.818566474510775
1410000000.0,8.813558371332874,-8.60756329082765,13.440967060966264,-12.315192296118926,6.900767134143621,-5.803233518458738,6.900767134143621,-5.803233518458738
1415000000.0,8.78962082075254,-8.589698516235492,13.403439792881274,-12.299386393638478,6.890129952933837,-5.791550224618914,6.890129952933837,-5.791550224618914
1420000000.0,8.765869773380146,-8.571870111714013,13.361785234312634,-12.281832036040704,6.8746190897158925,-5.774982397004543,6.8746190897158925,-5.774982397004543
1425000000.0,8.742303496156708,-8.554078545747581,13.327548653933903,-12.255535886258308,6.865563078775696,-5.762859703540853,6.865563078775696,-5.762859703540853
1430000000.0,8.718920272989072,-8.536324271963391,13.291784029882308,-12.233014484637,6.854648694961569,-5.747362231558497,6.854648694961569,-5.747362231558497
1435000000.0,8.695718404613167,-8.51860772945699,13.243125937228646,-12.219714423859653,6.8359358583529986,-5.736681668933386,6.8359358583529986,-5.736681668933386
1440000000.0,8.672696208456856,-8.500929343111249,13.202644257671334,-12.194168871278345,6.832253631521215,-5.7239149688515445,6.832253631521215,-5.7239149688515445
1445000000.0,8.649852018502536,-8.483289523908805,13.16462911770722,-12.180692614572303,6.813962604100721,-5.7136170706759595,6.813962604100721,-5.7136170706759595
1450000000.0,8.627184185149469,-8.465688669238187,13.125441264213176,-12.158210019870172,6.804920666293402,-5.699545064920636,6.804920666293402,-5.699545064920636
1455000000.0,8.604691075075996,-8.448127163193679,13.077062583150461,-12.134792499394177,6.791176081234629,-5.685113258756527,6.791176081234629,-5.685113258756527
1460000000.0,8.582371071101615,-8.430605376869085,13.041132153553828,-12.121897216995572,6.781305482054809,-5.675936223373694,6.781305482054809,-5.675936223373694
1465000000.0,8.560222572049046,-8.413123668645506,13.009074692500398,-12.10191635560425,6.768701898836157,-5.659761525126986,6.768701898836157,-5.659761525126986
1470000000.0,8.538243992606283,-8.395682384473197,12.965613999483745,-12.084154269256624,6.756579659690275,-5.648421582234372,6.756579659690275,-5.648421582234372
1475000000.0,8.516433763188745,-8.378281858147714,12.928943539841756,-12.07166379780588,6.7521397340035465,-5.639853066366643,6.7521397340035465,-5.639853066366643
1480000000.0,8.494790329801521,-8.360922411580361,12.890718753856248,-12.041626204996748,6.733207274760417,-5.626544416982507,6.733207274760417,-5.626544416982507
1485000000.0,8.473312153901809,-8.343604355063121,12.84476374872395,-12.021512836459765,6.726029753606913,-5.616350992560302,6.726029753606913,-5.616350992560302
1490000000.0,8.45199771226154,-8.326327987528137,12.801064785896191,-12.004588164521538,6.713903679386255,-5.604067324178177,6.713903679386255,-5.604067324178177
1495000000.0,8.430845496830305,-8.309093596801864,12.771027235100478,-11.979437910798515,6.701146496137641,-5.592204032616373,6.701146496137641,-5.592204032616373
1500000000.0,8.40985401459854,-8.291901459854014,12.728653633906829,-11.969373771544234,6.695653238181695,-5.573616352644016,6.695653238181695,-5.573616352644016
1505000000.0,8.389021787461093,-8.27475184304135,12.694505153102806,-11.947128073404995,6.678666468375656,-5.566345486992909,6.678666468375656,-5.566345486992909
1510000000.0,8.368347352081152,-8.257645002346486,12.654802277209319,-11.935674554300077,6.6703296403753,-5.553119477556938,6.6703296403753,-5.553119477556938
1515000000.0,8.347829259754597,-8.240581183611736,12.620789439194594,-11.905847750543504,6.661693465063999,-5.545594243719218,6.661693465063999,-5.545594243719218
1520000000.0,8.327466076274819,-8.223560622768176,12.58683942873322,-11.892233769520832,6.64838416133168,-5.531278132399332,6.64838416133168,-5.531278132399332
1525000000.0,8.307256381798002,-8.206583546059933,12.546327306649555,-11.871479358477368,6.642644304441632,-5.51903458351729,6.642644304441632,-5.51903458351729
1530000000.0,8.287198770708962,-8.18965017026387,12.513237025945115,-11.85483814370626,6.634189262432036,-5.508221847671515,6.634189262432036,-5.508221847671515
1535000000.0,8.267291851487496,-8.172760702904723,12.479743434665028,-11.823495183233806,6.622668561116346,-5.500279656923232,6.622668561116346,-5.500279656923232
1540000000.0,8.247534246575341,-8.155915342465752,12.440043435605777,-11.817457407028442,6.609931991638525,-5.490452738349571,6.609931991638525,-5.490452738349571
1545000000.0,8.227924592243722,-8.139114278595075,12.419493406984456,-11.783288211380393,6.607107667562766,-5.471977021833003,6.607107667562766,-5.471977021833003
1550000000.0,8.208461538461538,-8.122357692307691,12.380332372343263,-11.764496785447507,6.586569836116711,-5.467271570630164,6.586569836116711,-5.467271570630164
1555000000.0,8.189143748764195,-8.10564575618332,12.33726743825555,-11.74953566437698,6.585906902943661,-5.455043178427585,6.585906902943661,-5.455043178427585
1560000000.0,8.169969900123135,-8.088978634560132,12.30810784099989,-11.719732951286018,6.575071133882724,-5.447867699948564,6.575071133882724,-5.447867699948564
1565000000.0,8.150938682816047,-8.072356483724452,12.280209954870367,-11.692574026476503,6.568243141858944,-5.429290284201356,6.568243141858944,-5.429290284201356
1570000000.0,8.132048800297811,-8.055779452096518,12.248571451163585,-11.680934779246048,6.552803633627943,-5.429769646719848,6.552803633627943,-5.429769646719848
1575000000.0,8.113298969072165,-8.03924768041237,12.219184617781389,-11.655119573062562,6.546441272054468,-5.416901758547683,6.546441272054468,-5.416901758547683
1580000000.0,8.094687918564158,-8.022761301901955,12.178050615958204,-11.639770976673985,6.541940707719062,-5.39991612870736,6.541940707719062,-5.39991612870736
1585000000.0,8.076214390993346,-8.006320442463506,12.15207325843626,-11.611003279693596,6.532627233556241,-5.38759710497418,6.532627233556241,-5.38759710497418
1590000000.0,8.057877141247804,-7.9899252208343,12.110383856685338,-11.592775066359582,6.523427076065374,-5.37480382959317,6.523427076065374,-5.37480382959317
1595000000.0,8.039674936758924,-7.973575748757837,12.073882822649525,-11.583946365733514,6.513529576406295,-5.369539263436966,6.513529576406295,-5.369539263436966
1600000000.0,8.02160655737705,-7.957272131147541,12.04262051406962,-11.560035478657964,6.504015222269229,-5.352110715289548,6.504015222269229,-5.352110715289548
1605000000.0,8.003670795247919,-7.9410144662470135,12.01597014454167,-11.54057021010466,6.492007469211502,-5.346960957443257,6.492007469211502,-5.346960957443257
1610000000.0,7.985866454689983,-7.924802845786963,11.98123177869362,-11.521043293201972,6.490232638215651,-5.332160302221124,6.490232638215651,-5.332160302221124
1615000000.0,7.968192352072556,-7.908637355138827,11.951317912982256,-11.496025464894517,6.4730893425467295,-5.322631104080949,6.4730893425467295,-5.322631104080949
1620000000.0,7.9506473156948365,-7.892518073465193,11.913438385983623,-11.475407120005586,6.461926563747205,-5.312369081220765,6.461926563747205,-5.312369081220765
1625000000.0,7.933230185665801,-7.87644507386704,11.881178960964045,-11.458160628020785,6.461438424405505,-5.312544251956763,6.461438424405505,-5.312544251956763
1630000000.0,7.915939813784994,-7.860418423527916,11.854676818820902,-11.43302190129808,6.45516109667086,-5.287025620262576,6.45516109667086,-5.287025620262576
1635000000.0,7.898775063424194,-7.844438183855084,11.824437854558086,-11.4151731100195,6.440925694146844,-5.278932177579699,6.440925694146844,-5.278932177579699
1640000000.0,7.881734809409988,-7.828504410617687,11.794632963593621,-11.384014846353645,6.428983222606236,-5.2727808259633395,6.428983222606236,-5.2727808259633395
1645000000.0,7.864817937907244,-7.812617154082022,11.768939401182585,-11.370909901536223,6.418775731773629,-5.2556215411702505,6.418775731773629,-5.2556215411702505
1650000000.0,7.848023346303502,-7.7967764591439686,11.734843175670244,-11.352642483064582,6.415188663226034,-5.2456933483578565,6.415188663226034,-5.2456933483578565
1655000000.0,7.831349943094277,-7.780982365458613,11.696093388819639,-11.331986183967853,6.401870166854268,-5.240689475304543,6.401870166854268,-5.240689475304543
1660000000.0,7.814796647769288,-7.7652349075671685,11.680775755682003,-11.30757944790978,6.39684132846645,-5.219995809910388,6.39684132846645,-5.219995809910388
1665000000.0,7.7983623906996,-7.74953411502119,11.6495075403113,-11.290236929895359,6.3901174779199685,-5.213923435646671,6.3901174779199685,-5.213923435646671
1670000000.0,7.782046113025711,-7.733880012504193,11.620434724027618,-11.27017466357506,6.378845118250513,-5.20235089892638,6.378845118250513,-5.20235089892638
1675000000.0,7.765846766546558,-7.718272619950692,11.593373237499973,-11.255359099128222,6.371159597753951,-5.193363194111854,6.371159597753951,-5.193363194111854
1680000000.0,7.749763313609468,-7.702711952662722,11.561530955355362,-11.225492914348145,6.3587343038549395,-5.176362361860268,6.3587343038549395,-5.176362361860268
1685000000.0,7.733794727001029,-7.687198021423904,11.541735380060627,-11.209561264637008,6.351233929806581,-5.170020463898477,6.351233929806581,-5.170020463898477
1690000000.0,7.717939989838917,-7.671730832611099,11.513229151635752,-11.18720270378827,6.344941441331904,-5.161693228027824,6.344941441331904,-5.161693228027824
1695000000.0,7.702198095464649,-7.656310388303686,11.484278107768855,-11.163279025723408,6.335116321625391,-5.147005944876925,6.335116321625391,-5.147005944876925
1700000000.0,7.6865680473372775,-7.640936686390532,11.456396965863519,-11.145607731361073,6.326721797071934,-5.140631807662523,6.326721797071934,-5.140631807662523
1705000000.0,7.671048858928032,-7.625609720674707,11.423575428645973,-11.11403294638514,6.317539728179358,-5.1279812125179305,6.317539728179358,-5.1279812125179305
1710000000.0,7.655639553615886,-7.6103294809759525,11.40587882158504,-11.092887203938512,6.308775448221843,-5.116180842015589,6.308775448221843,-5.116180842015589
1715000000.0,7.640339164584076,-7.595095953230988,11.380554647175083,-11.075990217297212,6.307946408979922,-5.109736416216359,6.307946408979922,-5.109736416216359
1720000000.0,7.62514673471755,-7.5799091195916946,11.3609599294638,-11.052851083608777,6.295045656731468,-5.097494221013235,6.295045656731468,-5.097494221013235
1725000000.0,7.610061316501351,-7.564768958521189,11.34546172258042,-11.032343227065782,6.290606033878457,-5.0904210153625415,6.290606033878457,-5.0904210153625415
1730000000.0,7.595081971919951,-7.549675444887879,11.310207830180847,-11.00126931070685,6.281363635331739,-5.07740255012065,6.281363635331739,-5.07740255012065
1735000000.0,7.5802077723574905,-7.534628550057496,11.292266635622726,-10.978016079067666,6.269749777896319,-5.074330346557475,6.269749777896319,-5.074330346557475
1740000000.0,7.5654377984989765,-7.51962824198317,11.273753834676832,-10.9615168772454,6.2696147681056775,-5.057842069540532,6.2696147681056775,-5.057842069540532
1745000000.0,7.5507711402323885,-7.504674485293597,11.255217210364538,-10.940957663271703,6.2581826079010465,-5.049473475650792,6.2581826079010465,-5.049473475650792
1750000000.0,7.536206896551724,-7.489767241379311,11.228358997369488,-10.930769190696608,6.249519962802881,-5.042477603983448,6.249519962802881,-5.042477603983448
1755000000.0,7.521744175460956,-7.474906468477111,11.205849032357808,-10.917432763987668,6.242883009884913,-5.030972127752511,6.242883009884913,-5.030972127752511
1760000000.0,7.507382093878917,-7.460092121752703,11.19278327955841,-10.898574780883003,6.244551265230969,-5.020188160624927,6.244551265230969,-5.020188160624927
1765000000.0,7.493119777545091,-7.44532415338155,11.166557368073008,-10.883578902118055,6.233273251160944,-5.010823574818852,6.233273251160944,-5.010823574818852
1770000000.0,7.47895636092633,-7.430602512628005,11.145108933696031,-10.875810888987182,6.216815528827231,-5.006338929500455,6.216815528827231,-5.006338929500455
1775000000.0,7.4648909871244635,-7.415927145922747,11.123600577461579,-10.859359039557987,6.216714103323121,-4.993245383278889,6.216714103323121,-4.993245383278889
1780000000.0,7.450922807784824,-7.4012979969385535,11.1048955178881,-10.851989626364745,6.2074098423666095,-4.977579565754837,6.2074098423666095,-4.977579565754837
1785000000.0,7.437050983005664,-7.386715006664445,11.08450960717319,-10.835153167832015,6.200971840024075,-4.973147662468115,6.200971840024075,-4.973147662468115
1790000000.0,7.4232746812484764,-7.372178113478248,11.055172669861745,-10.820423778240182,6.194001638277331,-4.964014781857473,6.194001638277331,-4.964014781857473
1795000000.0,7.409593079249197,-7.357687253217582,11.034665152150462,-10.810471575344549,6.184496232263962,-4.9574601543929715,6.184496232263962,-4.9574601543929715
1800000000.0,7.396005361930294,-7.343242359249329,11.008130913715316,-10.791208045091771,6.180457796590485,-4.942925170993162,6.180457796590485,-4.942925170993162
1805000000.0,7.382510722313752,-7.328843362537603,10.98439208502012,-10.780756191179789,6.1778618041809805,-4.937268465166466,6.1778618041809805,-4.937268465166466
1810000000.0,7.369108361434905,-7.314490191710257,10.958032494563046,-10.764415558667764,6.168647434402624,-4.9249864990194325,6.168647434402624,-4.9249864990194325
1815000000.0,7.355797488257172,-7.300182773123955,10.932570782145149,-10.753378814336205,6.155332114067291,-4.917940060252647,6.155332114067291,-4.917940060252647
1820000000.0,7.342577319587628,-7.285921030927835,10.908219292383125,-10.743136810060827,6.151353859454411,-4.9105207884948125,6.151353859454411,-4.9105207884948125
1825000000.0,7.3294470799934555,-7.2717048871257965,10.880959115894525,-10.720605110547954,6.138162526969594,-4.904091755942533,6.138162526969594,-4.904091755942533
1830000000.0,7.316406001719242,-7.257534261637447,10.863270706579334,-10.712112264787882,6.138085942024127,-4.888924632538529,6.138085942024127,-4.888924632538529
1835000000.0,7.303453324605123,-7.243409072357718,10.836108765324653,-10.701157004001525,6.131055107479765,-4.87941526189095,6.131055107479765,-4.87941526189095
1840000000.0,7.2905882960057795,-7.229329235215192,10.802974192881205,-10.68439558820493,6.121227937490797,-4.870561435749789,6.121227937490797,-4.870561435749789
1845000000.0,7.277810170710255,-7.215294664229173,10.784502673347385,-10.66852302005283,6.12044255354761,-4.859953134300392,6.12044255354761,-4.859953134300392
1850000000.0,7.26511821086262,-7.201305271565495,10.752353545610292,-10.643853663014783,6.103478718424744,-4.851902494777458,6.103478718424744,-4.851902494777458
1855000000.0,7.252511685883453,-7.18736096759115,10.734210728390877,-10.633785081038885,6.102737926913593,-4.841607399504126,6.102737926913593,-4.841607399504126
1860000000.0,7.23998987239214,-7.173461660927688,10.714048188553955,-10.605790701710026,6.093055916377756,-4.831091246482171,6.093055916377756,-4.831091246482171
1865000000.0,7.227552054129996,-7.159607258503487,10.668655496063312,-10.607302712981504,6.084601167404314,-4.8325676108365165,6.084601167404314,-4.8325676108365165
1870000000.0,7.2151975218841695,-7.145797665604855,10.64896239353829,-10.584452126456664,6.082250200959051,-4.816207992552946,6.082250200959051,-4.816207992552946
1875000000.0,7.202925573412388,-7.132032785926041,10.627279518160355,-10.549159908574847,6.077322896437458,-4.800016413459724,6.077322896437458,-4.800016413459724
1880000000.0,7.190735513368452,-7.118312521618128,10.598325111403572,-10.54248308625007,6.065647863853097,-4.8008431609875135,6.065647863853097,-4.8008431609875135
1885000000.0,7.178626653228548,-7.104636773336878,10.568579238201789,-10.532162681455866,6.056863207623793,-4.794232490409642,6.056863207623793,-4.794232490409642
1890000000.0,7.166598311218335,-7.091005440289505,10.551406498992696,-10.518724534057474,6.058941395367002,-4.775405712650853,6.058941395367002,-4.775405712650853
1895000000.0,7.154649812240797,-7.077418420280444,10.531674796258589,-10.494898242388627,6.043996949146011,-4.7778029841739125,6.043996949146011,-4.7778029841739125
1900000000.0,7.1427804878048775,-7.0638756097560975,10.501170028608371,-10.480145965124901,6.042345231886692,-4.764165600775338,6.042345231886692,-4.764165600775338
1905000000.0,7.130989675954868,-7.050376903848604,10.488365361646366,-10.478546401695121,6.033189186400663,-4.755907342188974,6.033189186400663,-4.755907342188974
1910000000.0,7.119276721200551,-7.0369221964186455,10.465994767599133,-10.440074177838106,6.0277527608803805,-4.741305517206051,6.0277527608803805,-4.741305517206051
1915000000.0,7.107640974448099,-7.0235113800973,10.432818094501634,-10.429525120231201,6.011160382784855,-4.745161839922458,6.011160382784855,-4.745161839922458
1920000000.0,7.096081792931711,-7.010144346326979,10.408779908573726,-10.405212123484162,6.007179157144115,-4.72626392120341,6.007179157144115,-4.72626392120341
1925000000.0,7.0845985401459854,-6.99682098540146,10.382303346325383,-10.385805720049806,6.005534274820796,-4.720736517875862,6.005534274820796,-4.720736517875862
1930000000.0,7.073190585779022,-6.983541186505018,10.362209616498308,-10.364339869812778,5.9984367852437765,-4.715626281081167,5.9984367852437765,-4.715626281081167
1935000000.0,7.061857305646251,-6.97030483775071,10.340255780964496,-10.34809960153955,5.983427626365938,-4.704048610779072,5.983427626365938,-4.704048610779072
1940000000.0,7.050598081624976,-6.957111826217791,10.318728442810638,-10.33362505818228,5.983476584961691,-4.69555061269775,5.983476584961691,-4.69555061269775
1945000000.0,7.039412301589623,-6.94396203798831,10.293874558141097,-10.309682147782757,5.9750606641738635,-4.683826879660003,5.9750606641738635,-4.683826879660003
1950000000.0,7.0282993593477,-6.930855358182877,10.26799302698318,-10.286793009992605,5.97051984304233,-4.675957493134208,5.97051984304233,-4.675957493134208
1955000000.0,7.017258654576446,-6.917791670995646,10.249731979212367,-10.263985062022133,5.967292805960602,-4.668991734607521,5.967292805960602,-4.668991734607521
1960000000.0,7.00628959276018,-6.904770859728506,10.232495883343603,-10.247702140632109,5.956373222868281,-4.6575180849809605,5.956373222868281,-4.6575180849809605
1965000000.0,6.995391585128326,-6.891792806824515,10.199837981231589,-10.228647673707247,5.950872003986068,-4.6525774859040325,5.950872003986068,-4.6525774859040325
1970000000.0,6.984564048594111,-6.878857393900569,10.180687594270315,-10.209111615294846,5.943031441860964,-4.645486783499942,5.943031441860964,-4.645486783499942
1975000000.0,6.973806405693949,-6.8659645017793585,10.163041161543305,-10.190144048064504,5.937487634845209,-4.635167840073377,5.937487634845209,-4.635167840073377
1980000000.0,6.96311808452748,-6.853114010520587,10.138214453884878,-10.161973973182942,5.929168113164264,-4.625176573632223,5.929168113164264,-4.625176573632223
1985000000.0,6.95249851869826,-6.840305799451495,10.12227900504116,-10.152015786257062,5.926239593234418,-4.620366187835153,5.926239593234418,-4.620366187835153
1990000000.0,6.941947147255117,-6.827539747196692,10.097308657077456,-10.130376772882414,5.9254941358080515,-4.614313598818788,5.9254941358080515,-4.614313598818788
1995000000.0,6.9314634146341465,-6.814815731707317,10.077267341685236,-10.10690380806201,5.913540605930731,-4.605852506270035,5.913540605930731,-4.605852506270035
2000000000.0,6.921046770601336,-6.802133630289533,10.052786378816036,-10.091361786617682,5.9054897143008125,-4.595039830522064,5.9054897143008125,-4.595039830522064
2005000000.0,6.910696670195842,-6.789493319632374,10.033549308429142,-10.074008479036001,5.8968220273186285,-4.5883535966716265,5.8968220273186285,-4.5883535966716265
2010000000.0,6.90041257367387,-6.776894675834971,10.009955586466818,-10.056307318528065,5.89506589296665,-4.5799222035235605,5.89506589296665,-4.5799222035235605
2015000000.0,6.890193946453197,-6.7643375744331316,9.986739293487814,-10.035429420631893,5.883560617531001,-4.5744477279823546,5.883560617531001,-4.5744477279823546
2020000000.0,6.880040259058289,-6.7518218904253455,9.96799968794839,-10.013475660684144,5.884252511868176,-4.567583004395869,5.884252511868176,-4.567583004395869
2025000000.0,6.869950987066031,-6.739347498298161,9.954484731971187,-9.994055487804443,5.876573659549633,-4.559959325308058,5.876573659549633,-4.559959325308058
2030000000.0,6.8599256110520725,-6.72691427205101,9.929943988047789,-9.987488125022534,5.864832137563151,-4.552684660470844,5.864832137563151,-4.552684660470844
2035000000.0,6.849963616537741,-6.714522085220433,9.909926014542592,-9.961182828223759,5.863496895983618,-4.544219370706271,5.863496895983618,-4.544219370706271
2040000000.0,6.84006449393757,-6.702170810903775,9.894529044215199,-9.943545809533795,5.8600123104132615,-4.5331092714124575,5.8600123104132615,-4.5331092714124575
2045000000.0,6.830227738507392,-6.6898603217823105,9.874798479546094,-9.925091709333604,5.85459448925794,-4.52990055119085,5.85459448925794,-4.52990055119085
2050000000.0,6.82045285029302,-6.677590490143847,9.863479294923563,-9.909868112266107,5.848399238796585,-4.520404148082433,5.848399238796585,-4.520404148082433
2055000000.0,6.810739334079492,-6.665361187904795,9.840294067050577,-9.888369192428172,5.844163872939107,-4.511636215713662,5.844163872939107,-4.511636215713662
2060000000.0,6.801086699340882,-6.653172286631738,9.821986004362609,-9.87483982803755,5.839191882499517,-4.506511085430907,5.839191882499517,-4.506511085430907
2065000000.0,6.791494460190672,-6.641023657562483,9.800877043915818,-9.856188698952133,5.831523771627696,-4.501203328107614,5.831523771627696,-4.501203328107614
2070000000.0,6.781962135332677,-6.6289151716266295,9.78781415715721,-9.832168128914827,5.827230267834104,-4.490825958265829,5.827230267834104,-4.490825958265829
2075000000.0,6.772489248012511,-6.616846699465659,9.766387244490716,-9.820030641605324,5.820801803856574,-4.484317990363724,5.820801803856574,-4.484317990363724
2080000000.0,6.763075325969604,-6.604818111452537,9.74953646492325,-9.799880149299607,5.816644997602699,-4.475788661694548,5.816644997602699,-4.475788661694548
2085000000.0,6.753719901389743,-6.5928292777108775,9.731985535769862,-9.789068213267411,5.81017614550562,-4.468465898340997,5.81017614550562,-4.468465898340997
2090000000.0,6.744422510858154,-6.580880068133633,9.719419775846784,-9.771864145080894,5.810463143576879,-4.460395487448785,5.810463143576879,-4.460395487448785
2095000000.0,6.7351826953131,-6.56897035240135,9.698549647229303,-9.755480841870696,5.80081849371051,-4.4534721438270335,5.80081849371051,-4.4534721438270335
2100000000.0,6.725999999999999,-6.557099999999999,9.681739871260637,-9.737731900436398,5.793887698179146,-4.448365099153753,5.793887698179146,-4.448365099153753
2105000000.0,6.7168739744260595,-6.545268880238363,9.65645054728489,-9.727486183883684,5.787236685138514,-4.443212187231538,5.787236685138514,-4.443212187231538
2110000000.0,6.707804172315413,-6.5334768622650286,9.63869377608193,-9.709939941585011,5.7837731529716745,-4.433663014407355,5.7837731529716745,-4.433663014407355
2115000000.0,6.69879015156476,-6.52172381508495,9.624363516159029,-9.689770397571069,5.778519791742094,-4.424095945853651,5.778519791742094,-4.424095945853651
2120000000.0,6.689831474199503,-6.510009607575637,9.603336029991187,-9.676018271853165,5.77442647204321,-4.418596285128108,5.77442647204321,-4.418596285128108
2125000000.0,6.680927706330378,-6.498334108502934,9.584529119815462,-9.660022462359736,5.77242629351578,-4.412468543654599,5.77242629351578,-4.412468543654599
2130000000.0,6.672078418110566,-6.486697186536435,9.56879917063505,-9.645896033726231,5.76821778488263,-4.406540660166132,5.76821778488263,-4.406540660166132
2135000000.0,6.663283183693277,-6.475098710264498,9.549369579298936,-9.62778651854179,5.760615088094922,-4.397630316501096,5.760615088094922,-4.397630316501096
2140000000.0,6.654541581189838,-6.4635385482089305,9.52949311599695,-9.611625089962512,5.754560895897724,-4.390930020532918,5.754560895897724,-4.390930020532918
2145000000.0,6.645853192628203,-6.452016568839279,9.510804941679714,-9.596871765259696,5.748853826900026,-4.381132575369934,5.748853826900026,-4.381132575369934
2150000000.0,6.63721760391198,-6.440532640586796,9.492920050717943,-9.575289192716678,5.74690289798993,-4.377174820758035,5.74690289798993,-4.377174820758035
2155000000.0,6.628634404779875,-6.429086631858046,9.477892234783834,-9.556016320328519,5.744675480861824,-4.373450729558833,5.744675480861824,-4.373450729558833
2160000000.0,6.620103188765613,-6.417678411048181,9.463585029722708,-9.540675509175493,5.737105390596602,-4.360318050922765,5.737105390596602,-4.360318050922765
2165000000.0,6.611623553158303,-6.406307846553896,9.448843537156181,-9.516857493029532,5.730848842365514,-4.358024617885235,5.730848842365514,-4.358024617885235
2170000000.0,6.6031950989632415,-6.39497480678605,9.42538444351259,-9.504899703566343,5.731726046272358,-4.348559372097844,5.731726046272358,-4.348559372097844
2175000000.0,6.594817430863163,-6.383679160181971,9.40825314108469,-9.49234268283961,5.721696390017987,-4.343782258391108,5.721696390017987,-4.343782258391108
2180000000.0,6.5864901571799175,-6.372420775217457,9.390824192472536,-9.466925793920657,5.716739805390069,-4.334922307177652,5.716739805390069,-4.334922307177652
2185000000.0,6.5782128898365855,-6.361199520418485,9.376673700879483,-9.44882538253525,5.710134707686022,-4.329488339741273,5.710134707686022,-4.329488339741273
2190000000.0,6.569985244320009,-6.350015264372599,9.362534869399981,-9.42981879141601,5.701209045355942,-4.321994359003626,5.701209045355942,-4.321994359003626
2195000000.0,6.561806839643747,-6.338867875740036,9.33986126618659,-9.41951057213038,5.703244262824135,-4.315939974040379,5.703244262824135,-4.315939974040379
2200000000.0,6.553677298311444,-6.32775722326454,9.327337209282275,-9.399214988748465,5.694926180815608,-4.309638933008985,5.694926180815608,-4.309638933008985
2205000000.0,6.5455962462806125,-6.316683175783932,9.307577487006974,-9.381439432251591,5.695150027766879,-4.304766791567117,5.695150027766879,-4.304766791567117
2210000000.0,6.537563312926816,-6.305645602240374,9.299017936951735,-9.360894160773809,5.68830418183568,-4.294593562883752,5.68830418183568,-4.294593562883752
2215000000.0,6.529578131008251,-6.294644371690395,9.281155469301368,-9.349977790455624,5.68432657286342,-4.29042097151849,5.68432657286342,-4.29042097151849
2220000000.0,6.521640336630739,-6.283679353314631,9.262147245838715,-9.32499268038819,5.679633543221075,-4.280027505291946,5.679633543221075,-4.280027505291946
2225000000.0,6.513749569213095,-6.272750416427341,9.244213463151178,-9.312118280672877,5.675094060016174,-4.274066119331984,5.675094060016174,-4.274066119331984
2230000000.0,6.505905471452891,-6.261857430485638,9.23104883559458,-9.292849985143818,5.6684196229912365,-4.270922914605709,5.6684196229912365,-4.270922914605709
2235000000.0,6.498107689292599,-6.251000265098514,9.216428386564324,-9.278338042214907,5.668568501038153,-4.259669363030084,5.668568501038153,-4.259669363030084
2240000000.0,6.490355871886121,-6.2401787900355865,9.202962957447058,-9.258186927629922,5.661364140795005,-4.251426027888647,5.661364140795005,-4.251426027888647
2245000000.0,6.48264967156568,-6.229392875235645,9.182596492763095,-9.240764319372643,5.658647688394114,-4.249689608301547,5.658647688394114,-4.249689608301547
2250000000.0,6.474988743809095,-6.2186423908149475,9.168906622188619,-9.222783282729667,5.650399982586583,-4.242182215740713,5.650399982586583,-4.242182215740713
2255000000.0,6.467372747207412,-6.207927207075304,9.160421153924435,-9.204476974900754,5.6518279412135435,-4.235728077605423,5.6518279412135435,-4.235728077605423
2260000000.0,6.4598013434329,-6.197247194511934,9.14597744770736,-9.189965842356257,5.644342599025306,-4.226697592683446,5.644342599025306,-4.226697592683446
2265000000.0,6.452274197207407,-6.186602223821112,9.136603332214358,-9.170630067654962,5.642723645629042,-4.2188634003047385,5.642723645629042,-4.2188634003047385
2270000000.0,6.444790976271066,-6.1759921659076005,9.117270253919836,-9.154661944021106,5.634290463824123,-4.214266990909621,5.634290463824123,-4.214266990909621
2275000000.0,6.437351351351351,-6.165416891891892,9.111455475831448,-9.139948191174529,5.630746954841569,-4.206816862063567,5.630746954841569,-4.206816862063567
2280000000.0,6.42995499613248,-6.154876273117221,9.091944494375639,-9.119119242521231,5.623509139236917,-4.2041792846165995,5.623509139236917,-4.2041792846165995
2285000000.0,6.422601587225158,-6.144370181156407,9.075074523369036,-9.100229271940119,5.6260353713506035,-4.1955011197005625,5.6260353713506035,-4.1955011197005625
2290000000.0,6.415290804136656,-6.133898487818489,9.067369397146715,-9.08229438375487,5.618683894438109,-4.191392884445627,5.618683894438109,-4.191392884445627
2295000000.0,6.408022329241231,-6.123461065155179,9.050117708584118,-9.065804583592652,5.614816601768945,-4.183272469390622,5.614816601768945,-4.183272469390622
2300000000.0,6.4007958477508655,-6.113057785467127,9.034869176043847,-9.04520596492679,5.612357111943418,-4.17594272411786,5.612357111943418,-4.17594272411786
2305000000.0,6.393611047686336,-6.102688521310007,9.025693491184743,-9.03440663469368,5.607211645108908,-4.171309445559566,5.607211645108908,-4.171309445559566
2310000000.0,6.386467619848611,-6.09235314550042,9.015228990798335,-9.013562832077618,5.604981263078851,-4.16154126753828,5.604981263078851,-4.16154126753828
2315000000.0,6.379365257790562,-6.082051531121643,8.995812156833608,-9.00062854402645,5.5975546050385026,-4.158058776515513,5.5975546050385026,-4.158058776515513
2320000000.0,6.372303657788979,-6.071783551529188,8.983871048294363,-8.979927277505109,5.593134020859815,-4.151350235814578,5.593134020859815,-4.151350235814578
2325000000.0,6.365282518816919,-6.061549080356196,8.976777210734777,-8.966081738544684,5.590066464320608,-4.143762669011067,5.590066464320608,-4.143762669011067
2330000000.0,6.358301542516346,-6.051347991518694,8.96674131082343,-8.948331588204777,5.584327977991166,-4.136499184785118,5.584327977991166,-4.136499184785118
2335000000.0,6.351360433171076,-6.041180159220661,8.949840530015836,-8.930464704272929,5.582511632705555,-4.132427541574936,5.582511632705555,-4.132427541574936
2340000000.0,6.344458897680032,-6.031045457958966,8.938701468138978,-8.91603570685373,5.57517525241166,-4.123062340252183,5.57517525241166,-4.123062340252183
2345000000.0,6.337596645530783,-6.020943762528124,8.92550428775877,-8.904746536865595,5.5691035744056565,-4.118216409989715,5.5691035744056565,-4.118216409989715
2350000000.0,6.330773388773388,-6.010874948024949,8.914709618561169,-8.888846251091769,5.568249583243647,-4.110671605775289,5.568249583243647,-4.110671605775289
2355000000.0,6.323988841994524,-6.000838889853007,8.902346330265345,-8.875196683900421,5.561759387147587,-4.105317014069032,5.561759387147587,-4.105317014069032
2360000000.0,6.3172427222919,-5.990835463726978,8.892265324540611,-8.859927568306835,5.557580894652781,-4.098837291322307,5.557580894652781,-4.098837291322307
2365000000.0,6.3105347492489585,-5.98086454567684,8.880660841398662,-8.841530543433834,5.553729075864425,-4.0915935210865975,5.553729075864425,-4.0915935210865975
2370000000.0,6.303864644909856,-5.97092601205194,8.868162183847483,-8.83154100474545,5.552606004212465,-4.084344738912336,5.552606004212465,-4.084344738912336
2375000000.0,6.297232133754715,-5.961019739524926,8.857404295875646,-8.814801614630076,5.546957988479292,-4.079855894716627,5.546957988479292,-4.079855894716627
2380000000.0,6.2906369426751585,-5.951145605095541,8.850253868326208,-8.801046121459919,5.544226245121059,-4.074723601679053,5.544226245121059,-4.074723601679053
2385000000.0,6.284078800950112,-5.941303486094308,8.834545016378124,-8.791421485564547,5.542906165861417,-4.067802364611843,5.542906165861417,-4.067802364611843
2390000000.0,6.27755744022186,-5.931493260186066,8.82304442197529,-8.774485357738447,5.5371600553135485,-4.060597481292138,5.5371600553135485,-4.060597481292138
2395000000.0,6.271072594472396,-5.921714805373412,8.813332341123463,-8.762391187645553,5.528225081056198,-4.0585969150591374,5.528225081056198,-4.0585969150591374
2400000000.0,6.2646239999999995,-5.911967999999999,8.799405751601729,-8.747982270189286,5.525844620697235,-4.048018057140873,5.525844620697235,-4.048018057140873
2405000000.0,6.258211395396097,-5.902252722753735,8.79101851204648,-8.736742079590622,5.52427969817712,-4.044701820835632,5.52427969817712,-4.044701820835632
2410000000.0,6.251834521522364,-5.892568852669852,8.778356096265947,-8.719914013342162,5.516683274506694,-4.0397326821472275,5.516683274506694,-4.0397326821472275
2415000000.0,6.245493121488083,-5.882916269133888,8.762241810341253,-8.71248598979492,5.511040403563713,-4.032694614812018,5.511040403563713,-4.032694614812018
2420000000.0,6.239186940627757,-5.873294851884533,8.755644936063463,-8.6974087196566,5.512270500849872,-4.028410237212982,5.512270500849872,-4.028410237212982
2425000000.0,6.232915726478956,-5.863704481016384,8.74533852720053,-8.68156690147799,5.5080806198497045,-4.019355647166474,5.5080806198497045,-4.019355647166474
2430000000.0,6.226679228760418,-5.854145036982596,8.730889148157921,-8.671523985073183,5.500457759798452,-4.015621483429444,5.500457759798452,-4.015621483429444
2435000000.0,6.2204771993503885,-5.844616400597423,8.717109432013537,-8.657857131345509,5.49838601835275,-4.007270252718283,5.49838601835275,-4.007270252718283
2440000000.0,6.214309392265193,-5.835118453038674,8.705769512437383,-8.64814206932745,5.492718214489385,-4.002344544252603,5.492718214489385,-4.002344544252603
2445000000.0,6.20817556363805,-5.825651075850047,8.698395202393181,-8.62915656250681,5.49118381230233,-3.99607645373754,5.49118381230233,-3.99607645373754
2450000000.0,6.202075471698112,-5.816214150943396,8.686219403233956,-8.626056958567217,5.485051840726815,-3.9941455015854914,5.485051840726815,-3.9941455015854914
2455000000.0,6.196008876749744,-5.8068075606008875,8.675765516227637,-8.60361770923509,5.479763495061172,-3.9828639794849483,5.479763495061172,-3.9828639794849483
2460000000.0,6.189975541152012,-5.79743118747707,8.659903060234196,-8.597111926510133,5.475994733047584,-3.9804809542802992,5.475994733047584,-3.9804809542802992
2465000000.0,6.183975229298417,-5.788084914600856,8.652097438261404,-8.581045304627676,5.47274523802741,-3.9742619540094144,5.47274523802741,-3.9742619540094144
2470000000.0,6.178007707596838,-5.778768625377414,8.643590877526808,-8.572083359897414,5.469957823979812,-3.9717018542872724,5.469957823979812,-3.9717018542872724
2475000000.0,6.172072744449693,-5.769482203589986,8.630787209741408,-8.557256155357875,5.464565118137672,-3.96576553379047,5.464565118137672,-3.96576553379047
2480000000.0,6.166170110234323,-5.760225533401602,8.6193004854239,-8.538839127828707,5.457394494394272,-3.954425215319104,5.457394494394272,-3.954425215319104
2485000000.0,6.1602995772835865,-5.750998499356735,8.604901922555246,-8.529686264976554,5.45834072891009,-3.95070880706325,5.45834072891009,-3.95070880706325
2490000000.0,6.154460919866668,-5.741800986382863,8.596950675840908,-8.513352456662307,5.452982404195385,-3.9439239890311093,5.452982404195385,-3.9439239890311093
2495000000.0,6.148653914170088,-5.732632879791959,8.586931614838155,-8.502390994473766,5.44653382592881,-3.9442461783938083,5.44653382592881,-3.9442461783938083
2500000000.0,6.142878338278932,-5.7234940652818995,8.577662441624048,-8.48359583789906,5.443852205188144,-3.9373299754217643,5.443852205188144,-3.9373299754217643
2505000000.0,6.13713397215827,-5.714384428937809,8.56415109624469,-8.47393544131562,5.441781201656528,-3.9299312285352492,5.441781201656528,-3.9299312285352492
2510000000.0,6.131420597634792,-5.705303857233325,8.553210400398761,-8.457650391779023,5.436332418619182,-3.9275484156028653,5.436332418619182,-3.9275484156028653
2515000000.0,6.12573799837863,-5.696252237031793,8.543369067726566,-8.447873949559582,5.43390173179038,-3.918007888277444,5.43390173179038,-3.918007888277444
2520000000.0,6.120085959885387,-5.687229455587392,8.530048982577776,-8.431167142340223,5.426643989064461,-3.9185564829237713,5.426643989064461,-3.9185564829237713
2525000000.0,6.114464269458352,-5.6782354005462,8.517559669205637,-8.416233749582943,5.427471063748827,-3.908740507231597,5.427471063748827,-3.908740507231597
2530000000.0,6.108872716190918,-5.669269959947176,8.507553668600835,-8.401928205536986,5.422688008731419,-3.9019078613420657,5.422688008731419,-3.9019078613420657
2535000000.0,6.103311090949181,-5.660333022223106,8.49549975640491,-8.390968448926634,5.414978042161071,-3.90056989865871,5.414978042161071,-3.90056989865871
2540000000.0,6.097779186354731,-5.651424476201452,8.482999067509242,-8.372632372469795,5.409987448924376,-3.8942963469267515,5.409987448924376,-3.8942963469267515
2545000000.0,6.09227679676763,-5.64254421110517,8.472667036387922,-8.359596356624822,5.409762767802309,-3.888698014466039,5.409762767802309,-3.888698014466039
2550000000.0,6.086803718269575,-5.63369211655345,8.466099566499405,-8.34554298066134,5.405862534862981,-3.881479861742165,5.405862534862981,-3.881479861742165
2555000000.0,6.081359748647233,-5.624868082562402,8.449827999679034,-8.331754976656507,5.401508700627366,-3.883307146327189,5.401508700627366,-3.883307146327189
2560000000.0,6.075944687375774,-5.616071999545687,8.441339506616762,-8.32009592013526,5.398831154230521,-3.872834502709926,5.398831154230521,-3.872834502709926
2565000000.0,6.070558335602559,-5.60730375831509,8.425379355831074,-8.305761265368023,5.393712843948384,-3.8661868773093855,5.393712843948384,-3.8661868773093855
2570000000.0,6.065200496131023,-5.598563250081043,8.414007161143351,-8.289207456209946,5.3895077370010345,-3.8624556139641633,5.3895077370010345,-3.8624556139641633
2575000000.0,6.059870973404722,-5.589850366453086,8.404944174288454,-8.276486873490823,5.385890002378291,-3.8586530618001404,5.385890002378291,-3.8586530618001404
2580000000.0,6.0545695734915475,-5.581164999440277,8.393307997367714,-8.263214392035469,5.382735815451747,-3.8491107130439137,5.382735815451747,-3.8491107130439137
2585000000.0,6.049296104068124,-5.572507041451572,8.380892948827272,-8.249483137169923,5.379433587933523,-3.843907586983149,5.379433587933523,-3.843907586983149
2590000000.0,6.044050374404356,-5.563876385296119,8.369860122651165,-8.231778912892803,5.375978301208369,-3.842739254434982,5.375978301208369,-3.842739254434982
2595000000.0,6.038832195348161,-5.55527292418354,8.362031247016008,-8.221470529016509,5.371522575423427,-3.8358282021248074,5.371522575423427,-3.8358282021248074
2600000000.0,6.033641379310344,-5.546696551724137,8.350007772539268,-8.203720453997175,5.3699206368115435,-3.8322223470769847,5.3699206368115435,-3.8322223470769847
2605000000.0,6.028477740249656,-5.538147161929075,8.341489098450504,-8.192382964379714,5.364181721834956,-3.8246338049307282,5.364181721834956,-3.8246338049307282
2610000000.0,6.023341093657988,-5.5296246492105015,8.330955779849887,-8.17220395503177,5.364367693557565,-3.819756019797734,5.364367693557565,-3.819756019797734
2615000000.0,6.018231256545753,-5.521128908381634,8.320396975374543,-8.1636763579471,5.359450692651096,-3.8169108768189273,5.359450692651096,-3.8169108768189273
2620000000.0,6.01314804742739,-5.512659834656804,8.313475959427118,-8.149578854500096,5.352783400333025,-3.8086305449879148,5.352783400333025,-3.8086305449879148
2625000000.0,6.008091286307054,-5.504217323651452,8.297011396295268,-8.131862720154052,5.348024920357075,-3.8055406486807564,5.348024920357075,-3.8055406486807564
2630000000.0,6.003060794664434,-5.495801271382089,8.286031088531843,-8.116832086518588,5.343008402409566,-3.7986083715891406,5.343008402409566,-3.7986083715891406
2635000000.0,5.998056395440741,-5.487411574266217,8.280315088879703,-8.105167841569997,5.34389429639943,-3.796334097540671,5.34389429639943,-3.796334097540671
2640000000.0,5.993077913024827,-5.479048129122205,8.266616821037333,-8.090098998258592,5.336995689401758,-3.7890078832099303,5.336995689401758,-3.7890078832099303
2645000000.0,5.988125173239469,-5.470710833169139,8.26277652126049,-8.07574024935576,5.334830849635022,-3.7845089315340084,5.334830849635022,-3.7845089315340084
2650000000.0,5.983198003327787,-5.462399584026622,8.246078994207029,-8.063186905330701,5.332813308825218,-3.7826531475707212,5.332813308825218,-3.7826531475707212
2655000000.0,5.978296231939806,-5.4541142797145525,8.237121635145117,-8.046341727411624,5.327912769052587,-3.776192689479794,5.327912769052587,-3.776192689479794
2660000000.0,5.97341968911917,-5.445854818652849,8.22582199513987,-8.041112722043145,5.324730926710052,-3.7728217991620983,5.324730926710052,-3.7728217991620983
2665000000.0,5.968568206289987,-5.4376210996611665,8.219433841595228,-8.023989056434573,5.320952612053236,-3.7672215935548414,5.320952612053236,-3.7672215935548414
2670000000.0,5.963741616243814,-5.42941302195855,8.206966095644589,-8.010802123825222,5.3176600041381095,-3.7641864419514692,5.3176600041381095,-3.7641864419514692
2675000000.0,5.958939753126788,-5.421230485163083,8.198718558071121,-7.995843546103023,5.318402531996806,-3.7583590533802465,5.318402531996806,-3.7583590533802465
2680000000.0,5.95416245242688,-5.413073389291487,8.187656973699816,-7.989516916178989,5.315099784742269,-3.751700335854449,5.315099784742269,-3.751700335854449
2685000000.0,5.949409550961297,-5.404941634758693,8.174268613053638,-7.973086586673934,5.310520776385762,-3.746079270083667,5.310520776385762,-3.746079270083667
2690000000.0,5.944680886864006,-5.3968351223773965,8.167515083508915,-7.954346231644613,5.304128562427254,-3.742035459670377,5.304128562427254,-3.742035459670377
2695000000.0,5.939976299573392,-5.38875375335756,8.152851544478935,-7.939622201414713,5.299107652337976,-3.737194099352054,5.299107652337976,-3.737194099352054
2700000000.0,5.935295629820051,-5.380697429305913,8.147135244381717,-7.928423978894418,5.299667926474078,-3.7317872633728153,5.299667926474078,-3.7317872633728153
2705000000.0,5.930638719614706,-5.372666052225399,8.133847767821058,-7.9186131487660845,5.299137479828332,-3.7267088537754645,5.299137479828332,-3.7267088537754645
2710000000.0,5.926005412236249,-5.364659524514622,8.121789787517242,-7.905046816353546,5.292696754241768,-3.7168838531044095,5.292696754241768,-3.7168838531044095
2715000000.0,5.921395552219915,-5.356677748967241,8.106135666866766,-7.890378673266233,5.28634030788732,-3.715605574786276,5.28634030788732,-3.715605574786276
2720000000.0,5.916808985345571,-5.348720628771361,8.101393722145351,-7.878079100947331,5.288806453556521,-3.7114904348122097,5.288806453556521,-3.7114904348122097
2725000000.0,5.912245558626135,-5.340788067508883,8.084544470613617,-7.86684803930972,5.288312974685194,-3.7040315227521043,5.288312974685194,-3.7040315227521043
2730000000.0,5.9077051202961135,-5.332879969154843,8.075121014330417,-7.858232633314343,5.279250589520308,-3.6986216665428753,5.279250589520308,-3.6986216665428753
2735000000.0,5.903187519800256,-5.324996238076716,8.065258163726837,-7.846366713696359,5.275443481388252,-3.700190381537564,5.275443481388252,-3.700190381537564
2740000000.0,5.898692607782335,-5.31713677903371,8.059770357274013,-7.834897985169426,5.277140013110911,-3.6891193254381194,5.277140013110911,-3.6891193254381194
2745000000.0,5.89422023607403,-5.309301497176021,8.048629319074127,-7.826056587093016,5.270972362192049,-3.6909076826187412,5.270972362192049,-3.6909076826187412
2750000000.0,5.889770257683948,-5.301490298044085,8.041594089013781,-7.817215783523046,5.277663759855868,-3.6812535363542325,5.277663759855868,-3.6812535363542325
2755000000.0,5.8853425267867365,-5.293703087567797,8.035639636014949,-7.801995858155306,5.26857721237472,-3.6764993991321493,5.26857721237472,-3.6764993991321493
2760000000.0,5.880936898712319,-5.285939772065716,8.020171166815869,-7.789894401145537,5.26134727743365,-3.672090716587754,5.26134727743365,-3.672090716587754
2765000000.0,5.876553229935251,-5.278200258244241,8.01484501306664,-7.780519032693796,5.264759781951132,-3.670753006218562,5.264759781951132,-3.670753006218562
2770000000.0,5.872191378064168,-5.27048445319678,8.009863541459998,-7.772614801729539,5.253865030635578,-3.665220704319595,5.253865030635578,-3.665220704319595
2775000000.0,5.867851201831361,-5.262792264402899,7.999569377834484,-7.75523766532813,5.261538430843535,-3.6613894911361493,5.261538430843535,-3.6613894911361493
2780000000.0,5.863532561082449,-5.25512359972744,7.9930097322108296,-7.741932306020349,5.255457937805965,-3.6550270864135,5.255457937805965,-3.6550270864135
2785000000.0,5.859235316766156,-5.247478367419638,7.9890119292045405,-7.7334241140952535,5.252217576690319,-3.6516140253137017,5.252217576690319,-3.6516140253137017
2790000000.0,5.854959330924209,-5.239856476112204,7.987496025140787,-7.719584793601135,5.244883653872492,-3.64468330258457,5.244883653872492,-3.64468330258457
2795000000.0,5.8507044666813215,-5.23225783482042,7.979760380718648,-7.706077863031526,5.240575283658747,-3.639615437775465,5.240575283658747,-3.639615437775465
2800000000.0,5.846470588235293,-5.224682352941176,7.9693233029545665,-7.697821750074509,5.241191572822959,-3.63592822077072,5.241191572822959,-3.63592822077072
2805000000.0,5.84225756084721,-5.217129940252033,7.9615108933543235,-7.683669194805961,5.237831713474447,-3.634287007833243,5.237831713474447,-3.634287007833243
2810000000.0,5.838065250831733,-5.2096005069102445,7.955889234261295,-7.6655095764251735,5.233451339974922,-3.626334524951638,5.233451339974922,-3.626334524951638
2815000000.0,5.83389352554751,-5.202093963451773,7.937254637514585,-7.65471266257745,5.230867335311186,-3.624041657094354,5.230867335311186,-3.624041657094354
2820000000.0,5.829742253387662,-5.194610220790296,7.936129797030364,-7.644537630259375,5.233813117329205,-3.6200050740435517,5.233813117329205,-3.6200050740435517
2825000000.0,5.8256113037703825,-5.1871491902161875,7.922865069046479,-7.627988630708231,5.22771382060641,-3.6104578462249974,5.22771382060641,-3.6104578462249974
2830000000.0,5.821500547129629,-5.179710783395498,7.910543189042309,-7.6125968037809475,5.227624887480449,-3.607786545597504,5.227624887480449,-3.607786545597504
2835000000.0,5.817409854905904,-5.172294912368913,7.904104977182153,-7.597643124341982,5.2255219072941115,-3.6019187163376714,5.2255219072941115,-3.6019187163376714
2840000000.0,5.813339099537145,-5.1649014895507035,7.89699365961417,-7.587109648083054,5.219475041535611,-3.599468265490666,5.219475041535611,-3.599468265490666
2845000000.0,5.80928815444969,-5.157530427727668,7.88131703806396,-7.575014669458071,5.220820442738335,-3.596137146969303,5.220820442738335,-3.596137146969303
2850000000.0,5.8052568940493465,-5.150181640058055,7.872595402819938,-7.556218609830432,5.214873667758648,-3.5908209179271537,5.214873667758648,-3.5908209179271537
2855000000.0,5.8012451937125515,-5.142855040070478,7.8636366789650936,-7.543593756060026,5.217666657350314,-3.590117513602957,5.217666657350314,-3.590117513602957
2860000000.0,5.797252929777613,-5.1355505416628215,7.852107870493526,-7.524929313040301,5.21025908687967,-3.5816147636918387,5.21025908687967,-3.5816147636918387
2865000000.0,5.793279979536055,-5.1282680591011385,7.842374673146683,-7.520415508706321,5.211456651740617,-3.578259697790867,5.211456651740617,-3.578259697790867
2870000000.0,5.789326221224032,-5.121007507018529,7.831795543952461,-7.508686999636304,5.206304851247171,-3.576926339911122,5.206304851247171,-3.576926339911122
2875000000.0,5.785391534013848,-5.113768800414019,7.823741846546514,-7.494327878125715,5.198966823652566,-3.569962619086924,5.198966823652566,-3.569962619086924
2880000000.0,5.781475798005555,-5.1065518546514275,7.819277535487982,-7.487499475468486,5.2004724177538915,-3.565595202811333,5.2004724177538915,-3.565595202811333
2885000000.0,5.777578894218632,-5.099356585458217,7.809540059896282,-7.476822399603656,5.194193508185718,-3.5595821476682628,5.194193508185718,-3.5595821476682628
2890000000.0,5.773700704583752,-5.09218290892435,7.80377469634309,-7.466441326565899,5.195808018699321,-3.5575755539442047,5.195808018699321,-3.5575755539442047
2895000000.0,5.769841111934641,-5.085030741501122,7.800204732431709,-7.453011799165049,5.191246881556915,-3.5534080353070996,5.191246881556915,-3.5534080353070996
2900000000.0,5.766,-5.0779,7.797640208040821,-7.443614499277347,5.18816682983596,-3.547985089237478,5.18816682983596,-3.547985089237478
2905000000.0,5.762177253395527,-5.070790601591438,7.794465947189949,-7.431045397364208,5.186976619973625,-3.5446197545668787,5.186976619973625,-3.5446197545668787
2910000000.0,5.758372757616012,-5.0637024638037085,7.792096577976896,-7.419578038499502,5.181027682944197,-3.538984315686174,5.181027682944197,-3.538984315686174
2915000000.0,5.754586399027508,-5.0566355045216955,7.785309099556103,-7.398075544171843,5.178720241886277,-3.5355143083114857,5.178720241886277,-3.5355143083114857
2920000000.0,5.750818064859589,-5.0495896419857145,7.7805063889925865,-7.382202707914011,5.177596384250863,-3.528525424334338,5.177596384250863,-3.528525424334338
2925000000.0,5.747067643197678,-5.042564794790299,7.772136474557062,-7.37024292829117,5.174136148125891,-3.5255771901517257,5.174136148125891,-3.5255771901517257
2930000000.0,5.74333502297546,-5.035560881882996,7.766321223806265,-7.356177818277518,5.173263955153417,-3.524866853485152,5.173263955153417,-3.524866853485152
2935000000.0,5.739620093967361,-5.02857782256315,7.759936663441456,-7.3386433112028,5.1690810479723766,-3.519646962147369,5.1690810479723766,-3.519646962147369
2940000000.0,5.735922746781116,-5.021615536480686,7.750008138073775,-7.326237655566327,5.169683598354081,-3.512972989940346,5.169683598354081,-3.512972989940346
2945000000.0,5.732242872850396,-5.01467394363488,7.739375745015213,-7.312110807923744,5.165321536979504,-3.5104981847087573,5.165321536979504,-3.5104981847087573
2950000000.0,5.728580364427522,-5.00775296437313,7.72778657392975,-7.296045541003152,5.162743411311327,-3.5043746964353364,5.162743411311327,-3.5043746964353364
2955000000.0,5.724935114576246,-5.0008525193897215,7.721444528669355,-7.283329021309284,5.161532426806535,-3.503265563812804,5.161532426806535,-3.503265563812804
2960000000.0,5.721307017164598,-4.993972529724587,7.712339869434253,-7.272634083025119,5.159629129154734,-3.497888965260738,5.159629129154734,-3.497888965260738
2965000000.0,5.717695966857823,-4.987112916762064,7.694433383986095,-7.2581556319788705,5.152897413556006,-3.491766313593352,5.152897413556006,-3.491766313593352
2970000000.0,5.714101859111365,-4.980273602229645,7.690822057533551,-7.250925669340551,5.154873290004842,-3.488755109428118,5.154873290004842,-3.488755109428118
2975000000.0,5.710524590163934,-4.973454508196721,7.681303817090304,-7.23827129227537,5.149120592234688,-3.4841523028692194,5.149120592234688,-3.4841523028692194
2980000000.0,5.70696405703065,-4.966655557073337,7.663890345884711,-7.2309267174201715,5.15061466189802,-3.483526693991137,5.15061466189802,-3.483526693991137
2985000000.0,5.70342015749623,-4.959876671608924,7.649510451487695,-7.221083618958781,5.146640592943783,-3.477519158008038,5.146640592943783,-3.477519158008038
2990000000.0,5.6998927901082705,-4.953117774891041,7.6452732162729,-7.2123204968562975,5.147030026438722,-3.4706052188148577,5.147030026438722,-3.4706052188148577
2995000000.0,5.696381854170576,-4.946378790344106,7.632512616611549,-7.204760520143506,5.142301040510468,-3.4638907981771205,5.142301040510468,-3.4638907981771205
3000000000.0,5.692887249736565,-4.939659641728134,7.628806185607774,-7.202305945638666,5.138046571489882,-3.46238413377082,5.138046571489882,-3.46238413377082
3005000000.0,5.689408877602737,-4.932960253137465,7.632563727246477,-7.163526791252529,5.144447442378018,-3.4529602336106024,5.144447442378018,-3.4529602336106024
3010000000.0,5.685946639302206,-4.926280548999486,7.624423303838964,-7.160904078841361,5.1364715385433355,-3.449164342289143,5.1364715385433355,-3.449164342289143
3015000000.0,5.682500437098294,-4.919620454073364,7.612809507021642,-7.149826080166369,5.1353012346866365,-3.4467504514507645,5.1353012346866365,-3.4467504514507645
3020000000.0,5.67907017397819,-4.912979893448764,7.591923177575785,-7.150225725382553,5.128763658035137,-3.449015440313046,5.128763658035137,-3.449015440313046
3025000000.0,5.675655753646677,-4.90635879254457,7.581019597017645,-7.134231792315302,5.119540223328972,-3.4353300182050086,5.119540223328972,-3.4353300182050086
3030000000.0,5.67225708051991,-4.899757077107612,7.575119544825054,-7.136695582871358,5.13071275665466,-3.4342618441195056,5.13071275665466,-3.4342618441195056
3035000000.0,5.668874059719262,-4.893174673211374,7.568045558686424,-7.140987834743729,5.120111522623671,-3.433752485304022,5.120111522623671,-3.433752485304022
3040000000.0,5.665506597065231,-4.886611507254717,7.560797496504543,-7.133529849396611,5.121429988598977,-3.427471537508031,5.121429988598977,-3.427471537508031
3045000000.0,5.6621545990714015,-4.8800675059605965,7.561913004651963,-7.125174266911782,5.117804538178764,-3.4172041210927895,5.117804538178764,-3.4172041210927895
3050000000.0,5.658817972938473,-4.873542596374776,7.555081098158915,-7.128796929955472,5.111579793860123,-3.426885157326561,5.111579793860123,-3.426885157326561
3055000000.0,5.655496626548339,-4.867036705864537,7.554485541569408,-7.1193184528788755,5.113833142525722,-3.4154762153380567,5.113833142525722,-3.4154762153380567
3060000000.0,5.652190468458228,-4.860549762117397,7.55079740166465,-7.116961981022619,5.107130962281828,-3.4098120351306904,5.107130962281828,-3.4098120351306904
3065000000.0,5.648899407894903,-4.854081693139826,7.553592931197682,-7.106159703373805,5.101548390343714,-3.4037563590802433,5.101548390343714,-3.4037563590802433
3070000000.0,5.645623354748913,-4.847632427255948,7.558294214859065,-7.100329732508506,5.10147351165823,-3.402499707306013,5.10147351165823,-3.402499707306013
3075000000.0,5.642362219568906,-4.841201893106264,7.549132126814045,-7.099024267871042,5.0948917162159475,-3.399175953296594,5.0948917162159475,-3.399175953296594
3080000000.0,5.639115913555992,-4.8347900196463645,7.551122965009737,-7.062534873910725,5.097381962201218,-3.3952421233843544,5.097381962201218,-3.3952421233843544
3085000000.0,5.635884348558166,-4.828396736145634,7.557726786408653,-7.074609396050726,5.089826892165157,-3.394332189002789,5.089826892165157,-3.394332189002789
3090000000.0,5.632667437064782,-4.82202197218597,7.55904416681772,-7.05735532012036,5.0892093950520465,-3.3831374640205754,5.0892093950520465,-3.3831374640205754
3095000000.0,5.629465092201082,-4.815665657660498,7.553560247912714,-7.041926459011583,5.080895440933575,-3.3919140851376164,5.080895440933575,-3.3919140851376164
3100000000.0,5.626277227722772,-4.809327722772277,7.555307585775768,-7.0298246633904595,5.080376504577761,-3.38322315501302,5.080376504577761,-3.38322315501302
3105000000.0,5.623103758010664,-4.803008098033022,7.545582362008032,-7.012646962337016,5.072748481036666,-3.372448185675449,5.072748481036666,-3.372448185675449
3110000000.0,5.61994459806536,-4.796706714261816,7.5431130426943165,-6.994785712133602,5.075045776202522,-3.3738686446209405,5.075045776202522,-3.3738686446209405
3115000000.0,5.616799663501983,-4.790423502583824,7.541431783446713,-6.983691835571882,5.079232740408388,-3.377317015062361,5.079232740408388,-3.377317015062361
3120000000.0,5.613668870544971,-4.784158394429013,7.529639487295995,-6.962954708114451,5.073151369940031,-3.372983861290823,5.073151369940031,-3.372983861290823
3125000000.0,5.610552136022914,-4.777911321530866,7.5327256918769585,-6.948489916132708,5.073141062303683,-3.3688915509340323,5.073141062303683,-3.3688915509340323
3130000000.0,5.607449377363443,-4.771682215925108,7.5143625709123025,-6.934681720288074,5.069431654261851,-3.361665426619141,5.069431654261851,-3.361665426619141
3135000000.0,5.604360512588163,-4.765471009948416,7.514512419958021,-6.914690485831635,5.068628193268863,-3.3605838693137295,5.068628193268863,-3.3605838693137295
3140000000.0,5.601285460307645,-4.75927763623715,7.495061633920388,-6.903449646928792,5.0630905453991994,-3.359127525000657,5.0630905453991994,-3.359127525000657
3145000000.0,5.598224139716454,-4.753102027726068,7.493138909450216,-6.890490836973486,5.062811926867984,-3.355294194612452,5.062811926867984,-3.355294194612452
3150000000.0,5.595176470588235,-4.746944117647058,7.477821307566931,-6.873531283039699,5.05570545282623,-3.352817359575194,5.05570545282623,-3.352817359575194
3155000000.0,5.592142373270841,-4.740803839527864,7.464313409461233,-6.868523629942636,5.056234086121431,-3.345338254298953,5.056234086121431,-3.345338254298953
3160000000.0,5.589121768681507,-4.734681127190805,7.459578790192014,-6.857266731512963,5.052638720507295,-3.3361896219379177,5.052638720507295,-3.3361896219379177
3165000000.0,5.586114578302073,-4.728575914751516,7.443178306974453,-6.847957507856107,5.055359191523376,-3.335938659697336,5.055359191523376,-3.335938659697336
3170000000.0,5.5831207241742495,-4.722488136617673,7.4332629255645575,-6.835133552786984,5.050127735809769,-3.3331097854229466,5.050127735809769,-3.3331097854229466
3175000000.0,5.580140128894933,-4.716417727487731,7.422017773960044,-6.835121345810107,5.04732401410701,-3.325046449875244,5.04732401410701,-3.325046449875244
3180000000.0,5.577172715611559,-4.710364622349657,7.407530483903345,-6.818693794843232,5.045932111475581,-3.322777034815925,5.045932111475581,-3.322777034815925
3185000000.0,5.57421840801751,-4.7043287564796685,7.408259961711317,-6.81637748737351,5.041460471726846,-3.3228110327106313,5.041460471726846,-3.3228110327106313
3190000000.0,5.57127713034755,-4.698310065440977,7.401750618037277,-6.814236008633077,5.035081220034468,-3.3138192874779366,5.035081220034468,-3.3138192874779366
3195000000.0,5.568348807373323,-4.692308485082527,7.394864183185794,-6.807369241562763,5.030264974405334,-3.3115620667799672,5.030264974405334,-3.3115620667799672
3200000000.0,5.565433364398881,-4.686323951537744,7.392734634137307,-6.803225734781963,5.0303552277247965,-3.3110044206177656,5.0303552277247965,-3.3110044206177656
3205000000.0,5.562530727256255,-4.680356401223283,7.383009910600053,-6.799522377255466,5.027969963638666,-3.304074739602727,5.027969963638666,-3.304074739602727
3210000000.0,5.559640822301072,-4.6744057708377715,7.386326518992171,-6.789081377091553,5.019296718681845,-3.2998739745345347,5.019296718681845,-3.2998739745345347
3215000000.0,5.556763576408212,-4.668471997360577,7.384763430283754,-6.782968382056813,5.016350988890453,-3.300108126358049,5.016350988890453,-3.300108126358049
3220000000.0,5.553898916967508,-4.662555018050541,7.389010734315124,-6.771303506223513,5.020725099817883,-3.2911803552328145,5.020725099817883,-3.2911803552328145
3225000000.0,5.5510467718794825,-4.656654770444763,7.393033809759919,-6.761152444993154,5.01607217319084,-3.28846663612274,5.01607217319084,-3.28846663612274
3230000000.0,5.548207069551126,-4.6507711923573405,7.389779315023426,-6.746628865987049,5.0115734966415735,-3.289665116860009,5.0115734966415735,-3.289665116860009
3235000000.0,5.545379738891715,-4.644904221878144,7.38386670471834,-6.728772650572478,5.010101018978666,-3.288603175856519,5.010101018978666,-3.288603175856519
3240000000.0,5.542564709308675,-4.639053797371583,7.374383443292838,-6.717602201161782,5.007840033302522,-3.287803799959987,5.007840033302522,-3.287803799959987
3245000000.0,5.539761910703469,-4.633219857475368,7.360825952505973,-6.706875238738104,5.004896621798546,-3.281718874623049,5.004896621798546,-3.281718874623049
3250000000.0,5.536971273467541,-4.627402341099298,7.357557780160862,-6.694045131018237,5.000167914827551,-3.277605796969845,5.000167914827551,-3.277605796969845
3255000000.0,5.534192728478285,-4.621601187424025,7.353168690099062,-6.674509564367486,5.001747763181129,-3.275912858852229,5.001747763181129,-3.275912858852229
3260000000.0,5.531426207095056,-4.615816335899834,7.3459338143541295,-6.656244972123893,5.0023141233913275,-3.268658230607703,5.0023141233913275,-3.268658230607703
3265000000.0,5.528671641155223,-4.610047726245434,7.3350228289245765,-6.649145119881074,4.992355853172992,-3.2710462659657025,4.992355853172992,-3.2710462659657025
3270000000.0,5.525928962970249,-4.604295298446735,7.335770199202309,-6.63185143035195,4.9942557998715325,-3.2615682532839907,4.9942557998715325,-3.2615682532839907
3275000000.0,5.523198105321816,-4.598558992755642,7.317954423392502,-6.627557898865404,4.990780101773952,-3.2609594669224347,4.990780101773952,-3.2609594669224347
3280000000.0,5.520479001457985,-4.592838749688844,7.31017304655292,-6.612487558860366,4.99519526496995,-3.2547534752135703,4.99519526496995,-3.2547534752135703
3285000000.0,5.517771585089385,-4.5871345100266145,7.3184412412656945,-6.605770168857335,4.988227693950415,-3.2579027077297744,4.988227693950415,-3.2579027077297744
3290000000.0,5.515075790385448,-4.581446214811607,7.2984762059314106,-6.592312925776595,4.983675747750642,-3.255601752932937,4.983675747750642,-3.255601752932937
3295000000.0,5.512391551970671,-4.575773805347658,7.287507607774649,-6.586695972860844,4.994755094338337,-3.245799679621878,4.994755094338337,-3.245799679621878
3300000000.0,5.509718804920913,-4.5701172231985945,7.269907471257808,-6.577156884561324,4.98880992246824,-3.238222651317503,4.98880992246824,-3.238222651317503
3305000000.0,5.507057484759737,-4.564476410187044,7.256754146478927,-6.561265249158192,4.974594061451536,-3.235241386052202,4.974594061451536,-3.235241386052202
3310000000.0,5.504407527454766,-4.558851308393251,7.249924066118149,-6.557491498063419,4.975921193139304,-3.2422827469776676,4.975921193139304,-3.2422827469776676
3315000000.0,5.501768869414094,-4.553241860153887,7.247778151832967,-6.55502238873921,4.984912867440897,-3.2281245040147533,4.984912867440897,-3.2281245040147533
3320000000.0,5.499141447482714,-4.547648008060873,7.244210189543277,-6.541176298062826,4.974908096793351,-3.225312877625182,4.974908096793351,-3.225312877625182
3325000000.0,5.496525198938992,-4.542069694960212,7.227271425351745,-6.5146123904907585,4.986464303620067,-3.2168078662208033,4.986464303620067,-3.2168078662208033
3330000000.0,5.493920061491161,-4.536506863950807,7.21843454209837,-6.526813637031628,4.974255939806031,-3.2157634895378115,4.974255939806031,-3.2157634895378115
3335000000.0,5.491325973273856,-4.530959458383299,7.220604602860735,-6.515648753409163,4.969166092520486,-3.2100232840281615,4.969166092520486,-3.2100232840281615
3340000000.0,5.488742872844679,-4.5254274218588995,7.2062627301803746,-6.511949914458127,4.966684707527447,-3.2060257579577693,4.966684707527447,-3.2060257579577693
3345000000.0,5.486170699180796,-4.519910698228234,7.196518612764069,-6.5044799726230895,4.9775361756803225,-3.2076767525423255,4.9775361756803225,-3.2076767525423255
3350000000.0,5.48360939167556,-4.5144092315901805,7.192637882485513,-6.494635233056888,4.968650688405807,-3.1951118751692693,4.968650688405807,-3.1951118751692693
3355000000.0,5.4810588901351736,-4.508922966290724,7.187626340488749,-6.499088496220861,4.964348857935561,-3.197404301793637,4.964348857935561,-3.197404301793637
3360000000.0,5.478519134775374,-4.503451846921797,7.184033278451393,-6.497690092228775,4.959583414374637,-3.196406815860854,4.959583414374637,-3.196406815860854
3365000000.0,5.4759900662181575,-4.497995818320145,7.182665842198844,-6.50009438101829,4.948089484975926,-3.1910776067556417,4.948089484975926,-3.1910776067556417
3370000000.0,5.473471625488524,-4.492554825566182,7.182251133400899,-6.496495584493813,4.961408381811962,-3.1900202926609884,4.961408381811962,-3.1900202926609884
3375000000.0,5.470963754011258,-4.487128813982851,7.185619697531399,-6.478310471013652,4.95162454802348,-3.181816732138183,4.95162454802348,-3.181816732138183
3380000000.0,5.468466393607735,-4.481717729134493,7.178838037827772,-6.469429573485545,4.949907874347236,-3.1758324186937985,4.949907874347236,-3.1758324186937985
3385000000.0,5.465979486492763,-4.47632151682572,7.179170151578591,-6.456570311987802,4.945548743393338,-3.1830337674320757,4.945548743393338,-3.1830337674320757
3390000000.0,5.463502975271447,-4.4709401231002905,7.185498520039995,-6.448637208695332,4.948568871200403,-3.1730826422376848,4.948568871200403,-3.1730826422376848
3395000000.0,5.4610368029360785,-4.465573494239983,7.184066945698851,-6.457188193510153,4.943114139488734,-3.1728748219378318,4.943114139488734,-3.1728748219378318
3400000000.0,5.45858091286307,-4.460221576763484,7.184272749643239,-6.435284512663734,4.942042572371699,-3.161854248283859,4.942042572371699,-3.161854248283859
3405000000.0,5.456135248809895,-4.454884317425279,7.183857417451537,-6.434317477769234,4.941208734023099,-3.161411547739148,4.941208734023099,-3.161411547739148
3410000000.0,5.453699754912074,-4.44956166321453,7.173873881062022,-6.415303342188098,4.940445609864724,-3.1680291524363664,4.940445609864724,-3.1680291524363664
3415000000.0,5.451274375680174,-4.444253561353991,7.17535032786331,-6.39756264233103,4.933642692709199,-3.157102033605939,4.933642692709199,-3.157102033605939
3420000000.0,5.448859055996849,-4.438959959298891,7.176493512183927,-6.385065651617385,4.9332600968085405,-3.15326726056358,4.9332600968085405,-3.15326726056358
3425000000.0,5.446453741113896,-4.433680804735846,7.164839955190639,-6.364865703499728,4.930893442146517,-3.150970174285455,4.930893442146517,-3.150970174285455
3430000000.0,5.44405837664934,-4.428416045581767,7.169645535506255,-6.3597029045502325,4.926277253043174,-3.144913545580675,4.926277253043174,-3.144913545580675
3435000000.0,5.441672908584552,-4.423165629982769,7.164005940157239,-6.348896156660372,4.927982089123808,-3.145333548361131,4.927982089123808,-3.145333548361131
3440000000.0,5.439297283261385,-4.41792950631309,7.1606222576386696,-6.331261651372689,4.926022940070164,-3.1414931630510474,4.926022940070164,-3.1414931630510474
3445000000.0,5.436931447379335,-4.41270762317401,7.150550957448903,-6.314591566820031,4.922641908261052,-3.134853055464838,4.922641908261052,-3.134853055464838
3450000000.0,5.4345753479927374,-4.4074999293927775,7.151758766065558,-6.302408222253028,4.922046275515414,-3.137401154858334,4.922046275515414,-3.137401154858334
3455000000.0,5.432228932507981,-4.402306374021538,7.143810614566442,-6.2887920909108255,4.922961725550897,-3.1351369227996044,4.922961725550897,-3.1351369227996044
3460000000.0,5.4298921486807465,-4.397126906336265,7.129063927724537,-6.278292542337057,4.920157260845823,-3.13021312755841,4.920157260845823,-3.13021312755841
3465000000.0,5.427564944613273,-4.391961475835702,7.119604679811601,-6.266730982095413,4.920265414746318,-3.127401384617292,4.920265414746318,-3.127401384617292
3470000000.0,5.4252472687516455,-4.386810032240301,7.107659142799999,-6.251595626682596,4.919959160730117,-3.1240940704500266,4.919959160730117,-3.1240940704500266
3475000000.0,5.422939069883114,-4.381672525491171,7.0926233566802495,-6.2430613448369385,4.917465160332345,-3.121635134495891,4.917465160332345,-3.121635134495891
3480000000.0,5.420640297133424,-4.376548905749024,7.085359200206797,-6.236235666745143,4.918822425149159,-3.1167601401998906,4.918822425149159,-3.1167601401998906
3485000000.0,5.418350899964187,-4.371439123393133,7.06496546663968,-6.2268930746760915,4.918861262132533,-3.1135805310566176,4.918861262132533,-3.1135805310566176
3490000000.0,5.416070828170259,-4.366343129020292,7.053834640037627,-6.231750112092912,4.916878245560283,-3.1090493764402876,4.916878245560283,-3.1090493764402876
3495000000.0,5.413800031877151,-4.361260873443775,7.045001297759866,-6.223527601939044,4.913472638409913,-3.1041606740083147,4.913472638409913,-3.1041606740083147
3500000000.0,5.411538461538461,-4.356192307692307,7.037878758718282,-6.227515276065243,4.9160345333196735,-3.1002341002606633,4.9160345333196735,-3.1002341002606633
3505000000.0,5.409286067933331,-4.351137383009036,7.027355333383547,-6.226125970421283,4.914711413226099,-3.0959044641339903,4.914711413226099,-3.0959044641339903
3510000000.0,5.407042802163917,-4.346096050850501,7.018036228584516,-6.232557190698369,4.907462682667919,-3.0903310664007604,4.907462682667919,-3.0903310664007604
3515000000.0,5.4048086156528985,-4.341068262885624,7.017816843788349,-6.233027776161051,4.911984254903212,-3.087948095831564,4.911984254903212,-3.087948095831564
3520000000.0,5.402583460140989,-4.33605397099469,7.021618694431223,-6.236902804262204,4.911954493823559,-3.0856625549892476,4.911954493823559,-3.0856625549892476
3525000000.0,5.400367287684491,-4.331053127268328,7.02417556039947,-6.240266946405864,4.901567209276283,-3.076439852343109,4.901567209276283,-3.076439852343109
3530000000.0,5.39816005065285,-4.326065684006517,7.032991324750786,-6.253741030151614,4.898949999653534,-3.071783209319353,4.898949999653534,-3.071783209319353
3535000000.0,5.395961701726252,-4.321091593717574,7.041809529613734,-6.240101855061058,4.895400072267907,-3.0687240397496356,4.895400072267907,-3.0687240397496356
3540000000.0,5.3937721938932235,-4.316130809117159,7.049804475314869,-6.240775811263277,4.895187167077637,-3.068928505753608,4.895187167077637,-3.068928505753608
3545000000.0,5.391591480448264,-4.311183283127282,7.069452783392981,-6.232458309809842,4.884922696932164,-3.0693876126090722,4.884922696932164,-3.0693876126090722
3550000000.0,5.3894195149894975,-4.306248968875311,7.085456638906959,-6.211222714970229,4.885642988026528,-3.066634003333471,4.885642988026528,-3.066634003333471
3555000000.0,5.38725625141634,-4.301327819692984,7.0953615288553085,-6.190871763716026,4.885968503472643,-3.057995349917191,4.885968503472643,-3.057995349917191
3560000000.0,5.385101643927193,-4.29641978911544,7.098489054421116,-6.161558814420592,4.881258974703864,-3.0617391150132773,4.881258974703864,-3.0617391150132773
3565000000.0,5.3829556470171545,-4.291524830880222,7.105363162864437,-6.139991570964978,4.8859260306859245,-3.0578664802549023,4.8859260306859245,-3.0578664802549023
3570000000.0,5.380818215475749,-4.286642898926323,7.105188356458258,-6.094511955884637,4.87638055031641,-3.0542227199242244,4.87638055031641,-3.0542227199242244
3575000000.0,5.378689304384684,-4.281773947393209,7.093034315224411,-6.0705606943224275,4.861445549724968,-3.091033474920756,4.861445549724968,-3.091033474920756
3580000000.0,5.376568869115613,-4.2769179306198515,7.086765646156395,-6.022954059718831,4.873219275130484,-3.0669811016260815,4.873219275130484,-3.0669811016260815
3585000000.0,5.374456865327934,-4.272074803143777,7.042305395012724,-5.984161542002226,4.8807855297391365,-3.045057756053485,4.8807855297391365,-3.045057756053485
3590000000.0,5.372353248966594,-4.267244519700107,7.019627515014036,-5.9764803834066385,4.878342690957635,-3.054138873578248,4.878342690957635,-3.054138873578248
3595000000.0,5.370257976259921,-4.2624270352205995,6.991511337417993,-5.958567752735172,4.882833941087338,-3.0543753324857783,4.882833941087338,-3.0543753324857783
3600000000.0,5.368171003717472,-4.257622304832713,6.954291205954181,-5.966602642871285,4.882066015274688,-3.0401530020730267,4.882066015274688,-3.0401530020730267
3605000000.0,5.366092288127895,-4.2528302838586605,6.9094520725304625,-5.961865209906039,4.8759312406759685,-3.042372440825271,4.8759312406759685,-3.042372440825271
3610000000.0,5.364021786556822,-4.248050927814466,6.891733914523633,-5.983427058424569,4.87336082289519,-3.0258799637621308,4.87336082289519,-3.0258799637621308
3615000000.0,5.361959456344764,-4.243284192409035,6.88407349787181,-5.99994807452518,4.881532945396274,-3.0238080977288364,4.881532945396274,-3.0238080977288364
3620000000.0,5.359905255105043,-4.238530033543224,6.878458480721308,-6.01759603201913,4.875489643205558,-3.0215298112120665,4.875489643205558,-3.0215298112120665
3625000000.0,5.35785914072172,-4.233788407308909,6.850733949860953,-6.042649543921037,4.889478129227263,-3.0066177990032843,4.889478129227263,-3.0066177990032843
3630000000.0,5.355821071347562,-4.229059269988072,6.872015138610985,-6.0393989001322925,4.860882828026226,-3.0099052218067404,4.860882828026226,-3.0099052218067404
3635000000.0,5.353791005402013,-4.224342578051882,6.884075533835386,-6.051781580355063,4.866316541635106,-3.007106001968229,4.866316541635106,-3.007106001968229
3640000000.0,5.351768901569186,-4.219638288159771,6.898689311050555,-6.052984524075653,4.860202463934749,-3.0109114202486817,4.860202463934749,-3.0109114202486817
3645000000.0,5.349754718795879,-4.214946357158541,6.91291576517239,-6.0485295090537905,4.862806298386922,-3.003725605008417,4.862806298386922,-3.003725605008417
3650000000.0,5.347748416289592,-4.210266742081448,6.908459921036314,-6.041556764938547,4.846341486049091,-3.000528906675537,4.846341486049091,-3.000528906675537
3655000000.0,5.3457499535165836,-4.205599400147303,6.919394329389195,-6.028095703425903,4.844395556343557,-3.001492293458993,4.844395556343557,-3.001492293458993
3660000000.0,5.34375929019992,-4.200944288759578,6.923662858346297,-6.017972291975262,4.848113022526875,-2.998003630681079,4.848113022526875,-2.998003630681079
3665000000.0,5.3417763863175605,-4.196301365505513,6.925922998495185,-6.010205566838632,4.8472805938783745,-2.994745297805328,4.8472805938783745,-2.994745297805328
3670000000.0,5.3398012021004515,-4.191670588155227,6.933272595037789,-6.006735916823543,4.847717317315238,-2.991603102508133,4.847717317315238,-2.991603102508133
3675000000.0,5.337833698030634,-4.187051914660832,6.93660342272818,-5.990692149921208,4.833794581079352,-2.977766862410186,4.833794581079352,-2.977766862410186
3680000000.0,5.335873834839371,-4.182445303155554,6.9417393727265875,-5.980753099008742,4.835268517384357,-2.984260582250047,4.835268517384357,-2.984260582250047
3685000000.0,5.333921573505292,-4.177850711952861,6.948805433062753,-5.971003902005955,4.842240106125693,-2.981991452572989,4.842240106125693,-2.981991452572989
3690000000.0,5.3319768752525505,-4.173268099545586,6.951463607001474,-5.961224563719483,4.838443454174729,-2.984977879923747,4.838443454174729,-2.984977879923747
3695000000.0,5.330039701548997,-4.168697424605061,6.950881121176667,-5.937808432581785,4.8347875240941685,-2.9797887518496853,4.8347875240941685,-2.9797887518496853
3700000000.0,5.3281100141043725,-4.164138645980254,6.947547688886619,-5.926208952497975,4.830075520489661,-2.9756166157767616,4.830075520489661,-2.9756166157767616
3705000000.0,5.326187774868512,-4.1595917226969075,6.950742829751515,-5.90289129470196,4.824026095927517,-2.98069557247603,4.824026095927517,-2.98069557247603
3710000000.0,5.324272946029563,-4.1550566139566865,6.949828869891759,-5.881598577954138,4.82725126702765,-2.977044860013794,4.82725126702765,-2.977044860013794
3715000000.0,5.322365490012228,-4.150533279136323,6.941959299417499,-5.862363681775536,4.8242244700878505,-2.9717030446483563,4.8242244700878505,-2.9717030446483563
3720000000.0,5.320465369476006,-4.146021677786773,6.930716416521049,-5.834056410058397,4.827737104222346,-2.9716057104487805,4.827737104222346,-2.9716057104487805
3725000000.0,5.318572547313465,-4.1415217696323685,6.922153103066369,-5.8124770604333715,4.822495834060333,-2.9664636780046956,4.822495834060333,-2.9664636780046956
3730000000.0,5.316686986648522,-4.137033514569983,6.9038681008453615,-5.7778911328970635,4.826477975278959,-2.9646449760314475,4.826477975278959,-2.9646449760314475
3735000000.0,5.314808650834734,-4.132556872668189,6.880944421043567,-5.756422840198757,4.824842776477044,-2.9626910517051286,4.824842776477044,-2.9626910517051286
3740000000.0,5.312937503453611,-4.128091804166436,6.847663579877797,-5.745409761690016,4.825245759768614,-2.958489452707787,4.825245759768614,-2.958489452707787
3745000000.0,5.311073508312938,-4.123638269474217,6.820466140184656,-5.74120815477427,4.822046344520559,-2.9518074974773807,4.822046344520559,-2.9518074974773807
3750000000.0,5.309216629445112,-4.119196229170245,6.781650724410963,-5.746168744568827,4.823669830691094,-2.9477822060995593,4.823669830691094,-2.9477822060995593
3755000000.0,5.307366831105498,-4.114765644001638,6.76190442306258,-5.756917976574349,4.821935565111427,-2.937262254702487,4.821935565111427,-2.937262254702487
3760000000.0,5.305524077770789,-4.110346474883097,6.73739509904697,-5.7829785024822185,4.820875192441627,-2.9333833386238592,4.820875192441627,-2.9333833386238592
3765000000.0,5.303688334137389,-4.105938682896102,6.741722989397553,-5.808074525533614,4.81475234398873,-2.930152691114824,4.81475234398873,-2.930152691114824
3770000000.0,5.301859565119806,-4.1015422292881,6.74568364881803,-5.84188189391887,4.808609648472196,-2.926088176103386,4.808609648472196,-2.926088176103386
3775000000.0,5.300037735849056,-4.0971570754716975,6.771141163612506,-5.860381694045786,4.798933832096091,-2.9215959388247885,4.798933832096091,-2.9215959388247885
3780000000.0,5.298222811671088,-4.092783183023872,6.810754452689909,-5.8692169796645945,4.793881665726986,-2.9176507970677714,4.793881665726986,-2.9176507970677714
3785000000.0,5.296414758145209,-4.088420513685167,6.836622448006495,-5.8506271818172415,4.788153214142466,-2.9189196336509475,4.788153214142466,-2.9189196336509475
3790000000.0,5.294613541042541,-4.084069029358897,6.867675672860173,-5.831515452393406,4.783854624505986,-2.9201423307485856,4.783854624505986,-2.9201423307485856
3795000000.0,5.292819126344469,-4.079728692110374,6.874280780388776,-5.790445881158169,4.782979224052439,-2.9213253633645646,4.782979224052439,-2.9213253633645646
3800000000.0,5.291031480241125,-4.075399464166108,6.871927398681155,-5.765260452722542,4.783965729401166,-2.923334830556878,4.783965729401166,-2.923334830556878
3805000000.0,5.2892505691298615,-4.071081307913035,6.875477772611303,-5.728736771342436,4.781192437528239,-2.9222407381728974,4.781192437528239,-2.9222407381728974
3810000000.0,5.287476359613757,-4.066774185897734,6.862823145763948,-5.707570427494343,4.784018799530553,-2.913367605019486,4.784018799530553,-2.913367605019486
3815000000.0,5.2857088185001215,-4.062478060825665,6.84999671241402,-5.684256339864188,4.784384490388985,-2.9126433942259884,4.784384490388985,-2.9126433942259884
3820000000.0,5.283947912799023,-4.058192895560388,6.838575421393433,-5.668774997006354,4.7813553967621445,-2.908568328575626,4.7813553967621445,-2.908568328575626
3825000000.0,5.28219360972182,-4.053918653122804,6.811050413100383,-5.655652821723544,4.788980539619677,-2.905918080596837,4.788980539619677,-2.905918080596837
3830000000.0,5.280445876679706,-4.049655296690393,6.798420014783594,-5.650306723185866,4.789367233928753,-2.9044238470579606,4.789367233928753,-2.9044238470579606
3835000000.0,5.2787046812822735,-4.045402789596456,6.768665002667843,-5.67451188266139,4.783799990912025,-2.899184349840282,4.783799990912025,-2.899184349840282
3840000000.0,5.276969991336081,-4.041161095329359,6.765263789175508,-5.670840748739502,4.781522894240408,-2.8986739771088983,4.781522894240408,-2.8986739771088983
3845000000.0,5.275241774843239,-4.03693017753179,6.763002139615054,-5.662549245367088,4.786135164829147,-2.892004428221988,4.786135164829147,-2.892004428221988
3850000000.0,5.2735199999999995,-4.032710000000001,6.757890454325914,-5.65591985079594,4.778882174387451,-2.884111986554542,4.778882174387451,-2.884111986554542
3855000000.0,5.27180463519537,-4.028500526683071,6.75595220394687,-5.6559739292010285,4.772231974634576,-2.8877464297701114,4.772231974634576,-2.8877464297701114
3860000000.0,5.270095649009721,-4.024301721682175,6.750457076762568,-5.643768265622179,4.773031750734684,-2.888073571683666,4.773031750734684,-2.888073571683666
3865000000.0,5.2683930102134235,-4.0201135492498326,6.744540674209408,-5.639883046127884,4.769851565919167,-2.876846695937819,4.769851565919167,-2.876846695937819
3870000000.0,5.266696687765486,-4.015935973789189,6.75384437646886,-5.633275108250388,4.771326451376591,-2.876845576587379,4.771326451376591,-2.876845576587379
3875000000.0,5.2650066508122055,-4.011768959853279,6.744614378084648,-5.626217314223494,4.771810012898757,-2.878007428639626,4.771810012898757,-2.878007428639626
3880000000.0,5.263322868685829,-4.007612472144309,6.739303362307671,-5.6240990064046095,4.77555132028567,-2.877414177789917,4.77555132028567,-2.877414177789917
3885000000.0,5.261645310903231,-4.003466475512932,6.7355690104254755,-5.612524207929417,4.765710979393698,-2.868487536939292,4.765710979393698,-2.868487536939292
3890000000.0,5.259973947164593,-3.999330934957528,6.73634077079163,-5.602847675282879,4.765091676988916,-2.865441679515989,4.765091676988916,-2.865441679515989
3895000000.0,5.258308747352105,-3.995205815623499,6.7332532005282575,-5.610278519637623,4.764159099864925,-2.864158435007202,4.764159099864925,-2.864158435007202
3900000000.0,5.256649681528662,-3.9910910828025474,6.730553566400114,-5.594230391576131,4.767737848261281,-2.862524902176317,4.767737848261281,-2.862524902176317
3905000000.0,5.254996719936591,-3.986986701931981,6.723948501944275,-5.577184915480952,4.762874901489389,-2.8633284403039188,4.762874901489389,-2.8633284403039188
3910000000.0,5.253349832996368,-3.982892638594001,6.720396978945429,-5.575642181995805,4.754338936156912,-2.861797638958823,4.754338936156912,-2.861797638958823
3915000000.0,5.251708991305365,-3.9788088585150043,6.725273184971419,-5.568739127509726,4.76032673656177,-2.8587200709948646,4.76032673656177,-2.8587200709948646
3920000000.0,5.250074165636588,-3.9747353275648942,6.716015425729266,-5.558758793313899,4.756951867066237,-2.846189310085478,4.756951867066237,-2.846189310085478
3925000000.0,5.248445326937444,-3.9706720117563785,6.709476898720481,-5.555534183624351,4.757375831481024,-2.847282092714028,4.757375831481024,-2.847282092714028
3930000000.0,5.2468224463284985,-3.9666188772442874,6.7136213969725675,-5.545325211763425,4.756248880128513,-2.845132696462762,4.756248880128513,-2.845132696462762
3935000000.0,5.245205495102266,-3.962575890324882,6.711144139732928,-5.530428772124572,4.750628901889718,-2.8403663097852285,4.750628901889718,-2.8403663097852285
3940000000.0,5.243594444721986,-3.9585430174351797,6.705412137050087,-5.533419322036659,4.755305691666966,-2.841370216356231,4.755305691666966,-2.841370216356231
3945000000.0,5.241989266820427,-3.954520225152269,6.7002093640862554,-5.52155010479819,4.752485996445593,-2.8393389212183813,4.752485996445593,-2.8393389212183813
3950000000.0,5.240389933198695,-3.950507480192636,6.6986385878549175,-5.51065221224935,4.7488745575612565,-2.8330253728245687,4.7488745575612565,-2.8330253728245687
3955000000.0,5.2387964158250435,-3.9465047494114964,6.692262451280553,-5.506364658152365,4.747711370114111,-2.8365399478525464,4.747711370114111,-2.8365399478525464
3960000000.0,5.237208686833709,-3.942511999802122,6.694308174106313,-5.495206982496969,4.747372010856077,-2.8330267312059116,4.747372010856077,-2.8330267312059116
3965000000.0,5.235626718523739,-3.9385291984951785,6.688082429367546,-5.492308641379957,4.7416426145475885,-2.8279016248016027,4.7416426145475885,-2.8279016248016027
3970000000.0,5.234050483357844,-3.9345563127580627,6.685996835318457,-5.484909121453029,4.7488137434114055,-2.826237895665067,4.7488137434114055,-2.826237895665067
3975000000.0,5.232479953961251,-3.930593309994245,6.678388964299071,-5.475023381305203,4.747704835356533,-2.82013737808139,4.747704835356533,-2.82013737808139
3980000000.0,5.2309151031205605,-3.9266401577426153,6.678036262097995,-5.4697945282998965,4.742790379738916,-2.821398999972642,4.742790379738916,-2.821398999972642
3985000000.0,5.229355903782629,-3.9226968236768283,6.668633121982997,-5.458983033299392,4.7414057022770475,-2.817155897968937,4.7414057022770475,-2.817155897968937
3990000000.0,5.227802329053448,-3.918763275604658,6.669703483433575,-5.453787297415645,4.74005882953144,-2.817498073960213,4.74005882953144,-2.817498073960213
3995000000.0,5.226254352197033,-3.914839481467353,6.66356872264152,-5.4490503367768515,4.7389918536171125,-2.81237421174146,4.7389918536171125,-2.81237421174146
4000000000.0,5.224711946634324,-3.910925409338993,6.658567079576468,-5.439389700957219,4.737761179595417,-2.8123231405230427,4.737761179595417,-2.8123231405230427
4005000000.0,5.2231750859420965,-3.9070210274258503,6.657478616526502,-5.4333458979004625,4.734266315955321,-2.806833868524437,4.734266315955321,-2.806833868524437
4010000000.0,5.221643743851878,-3.903126304065757,6.657728553912153,-5.4258115420485495,4.735678265582598,-2.804806883050247,4.735678265582598,-2.804806883050247
4015000000.0,5.220117894248874,-3.899241207727469,6.648225261691642,-5.41487706032923,4.735254772309054,-2.8020723491398933,4.735254772309054,-2.8020723491398933
4020000000.0,5.218597511170903,-3.895365707010041,6.646020034746093,-5.411601326373417,4.733489525232413,-2.8018832472089295,4.733489525232413,-2.8018832472089295
4025000000.0,5.2170825688073394,-3.891499770642202,6.6446390691323725,-5.404665385303924,4.733280380817749,-2.7958568881720365,4.733280380817749,-2.7958568881720365
4030000000.0,5.215573041498066,-3.8876433674817257,6.644556749033184,-5.394974187581562,4.731628375764334,-2.794556673027878,4.731628375764334,-2.794556673027878
4035000000.0,5.214068903732434,-3.8837964665148186,6.6371776310182815,-5.3867085006966375,4.7316290878578595,-2.7917344347349564,4.7316290878578595,-2.7917344347349564
4040000000.0,5.212570130148231,-3.879959036855505,6.633870572781277,-5.381756329583085,4.7290714865921695,-2.7915884664582227,4.7290714865921695,-2.7915884664582227
4045000000.0,5.2110766955306556,-3.8761310477450044,6.632413183864575,-5.373028675171142,4.728349809028388,-2.7889101002453347,4.728349809028388,-2.7889101002453347
4050000000.0,5.209588574811306,-3.872312468551132,6.626083857277542,-5.366204532999172,4.727970502974205,-2.7863187622094117,4.727970502974205,-2.7863187622094117
4055000000.0,5.208105743067172,-3.868503268767689,6.618590734454166,-5.361146519924301,4.725692253679204,-2.7818131576134975,4.725692253679204,-2.7818131576134975
4060000000.0,5.20662817551963,-3.864703418013857,6.616842944843172,-5.353529896044143,4.72697211164082,-2.7793244678204228,4.72697211164082,-2.7793244678204228
4065000000.0,5.205155847533461,-3.860912886033598,6.613377652529017,-5.346627811778281,4.724525159552627,-2.7791208703957797,4.724525159552627,-2.7791208703957797
4070000000.0,5.2036887346158585,-3.857131642695061,6.6092116283857045,-5.337672831911855,4.7248801771049775,-2.773852760242532,4.7248801771049775,-2.773852760242532
4075000000.0,5.202226812415457,-3.8533596579899827,6.606144521774016,-5.333719441124317,4.721943632166074,-2.772678959071837,4.721943632166074,-2.772678959071837
4080000000.0,5.200770056721365,-3.849596902033099,6.603396310769173,-5.3254570910605254,4.719263503524921,-2.7698986042110385,4.719263503524921,-2.7698986042110385
4085000000.0,5.1993184434622,-3.845843345061557,6.59614670942047,-5.320403959759649,4.720733088756016,-2.7700034687864195,4.720733088756016,-2.7700034687864195
4090000000.0,5.197871948705141,-3.8420989574343274,6.590232471158489,-5.311903819695165,4.717631554159787,-2.763725642262427,4.717631554159787,-2.763725642262427
4095000000.0,5.196430548654979,-3.838363709631627,6.58947537563559,-5.31014203907076,4.719306284561204,-2.76150212416186,4.719306284561204,-2.76150212416186
4100000000.0,5.194994219653179,-3.834637572254335,6.584668352037575,-5.299515952076812,4.715566209864941,-2.761681609032534,4.715566209864941,-2.761681609032534
4105000000.0,5.193562938176953,-3.830920516023418,6.577131247537833,-5.2902918945828885,4.711358115177349,-2.7558370826322056,4.711358115177349,-2.7558370826322056
4110000000.0,5.192136680838334,-3.827212511779359,6.575368499339676,-5.285506579598316,4.711579205770676,-2.7566886319138897,4.711579205770676,-2.7566886319138897
4115000000.0,5.190715424383258,-3.823513530481584,6.570883472968925,-5.282066213239962,4.71303597104875,-2.754186691262388,4.71303597104875,-2.754186691262388
4120000000.0,5.189299145690661,-3.819823543207897,6.570738212221251,-5.274606431468268,4.714903779112376,-2.7475623860515674,4.714903779112376,-2.7475623860515674
4125000000.0,5.187887821771573,-3.816142521153915,6.5598614831107165,-5.271814698657567,4.706496922729637,-2.7512643661175105,4.706496922729637,-2.7512643661175105
4130000000.0,5.186481429768221,-3.812470435632505,6.557941002521961,-5.2642056014732885,4.710196391306645,-2.7458372752688716,4.710196391306645,-2.7458372752688716
4135000000.0,5.185079946953146,-3.8088072580732275,6.563328030045294,-5.258325049998461,4.709566512986489,-2.7381849436886414,4.709566512986489,-2.7381849436886414
4140000000.0,5.18368335072832,-3.8051529600217817,6.55584708790546,-5.258223385362147,4.706452660019134,-2.7430892146856394,4.706452660019134,-2.7430892146856394
4145000000.0,5.182291618624273,-3.801507513139447,6.556292245759758,-5.24880288111152,4.709352509844334,-2.731970617387573,4.709352509844334,-2.731970617387573
4150000000.0,5.1809047282992235,-3.79787088920254,6.546101763949872,-5.2445891468038965,4.703389267754266,-2.7351852534502474,4.703389267754266,-2.7351852534502474
4155000000.0,5.17952265753822,-3.794243060101864,6.544878797983148,-5.237995130403471,4.700916267952099,-2.732366513510623,4.700916267952099,-2.732366513510623
4160000000.0,5.178145384252287,-3.790623997842163,6.541711532501295,-5.235617880816953,4.702777154873119,-2.7290795432312325,4.702777154873119,-2.7290795432312325
4165000000.0,5.176772886477577,-3.7870136745415834,6.539382036486077,-5.218676198563486,4.698349189537137,-2.7230282776518453,4.698349189537137,-2.7230282776518453
4170000000.0,5.17540514237453,-3.783412062431134,6.541569989340331,-5.218844381359668,4.700897107248501,-2.7206554092167163,4.700897107248501,-2.7206554092167163
4175000000.0,5.1740421302270425,-3.779819133854148,6.531248205495622,-5.2155687598603055,4.697478945028463,-2.7265671888601495,4.697478945028463,-2.7265671888601495
4180000000.0,5.172683828441634,-3.776234861265755,6.531965630246506,-5.208176778428003,4.6939270277967085,-2.713968392980657,4.6939270277967085,-2.713968392980657
4185000000.0,5.171330215546629,-3.772659217232344,6.527011421498172,-5.20091918987191,4.696041180882593,-2.7174088796148554,4.696041180882593,-2.7174088796148554
4190000000.0,5.169981270191343,-3.76909217443104,6.524021305799723,-5.1978070886403085,4.692667831976936,-2.7122961638318346,4.692667831976936,-2.7122961638318346
4195000000.0,5.168636971145274,-3.765533705649179,6.526697975361919,-5.1909300034006165,4.6976347172092145,-2.7120877582937375,4.6976347172092145,-2.7120877582937375
4200000000.0,5.1672972972972975,-3.7619837837837835,6.520890575518255,-5.18441164347425,4.687856471614561,-2.709704030705691,4.687856471614561,-2.709704030705691
4205000000.0,5.1659622276548705,-3.7584423818410437,6.518740457289116,-5.1763877518227925,4.689373786755523,-2.7060501148869154,4.689373786755523,-2.7060501148869154
4210000000.0,5.1646317413432445,-3.754909472935802,6.513624312397935,-5.171873031470362,4.686814237276503,-2.7016013606549247,4.686814237276503,-2.7016013606549247
4215000000.0,5.16330581760468,-3.7513850302910376,6.508678806965957,-5.161172629051496,4.684392843004871,-2.7048466023928297,4.684392843004871,-2.7048466023928297
4220000000.0,5.161984435797665,-3.7478690272373543,6.513859029466288,-5.15871623272581,4.683069453594853,-2.6978268953246274,4.683069453594853,-2.6978268953246274
4225000000.0,5.1606675753961495,-3.744361437212472,6.509412465835147,-5.145386785834954,4.682374551389999,-2.697392987997595,4.682374551389999,-2.697392987997595
4230000000.0,5.159355215988772,-3.7408622337607236,6.502003665942726,-5.142957108836555,4.684149385415505,-2.6940401795779474,4.684149385415505,-2.6940401795779474
4235000000.0,5.158047337278107,-3.7373713905325445,6.50194907597924,-5.12853017524071,4.681176276012482,-2.694960846350361,4.681176276012482,-2.694960846350361
4240000000.0,5.156743919079902,-3.733888881283978,6.497508816744785,-5.126828156869742,4.681133443666852,-2.6908963898332154,4.681133443666852,-2.6908963898332154
4245000000.0,5.1554449413223375,-3.730414679876175,6.4975468851382265,-5.116248964543081,4.679830452671956,-2.688949498578407,4.679830452671956,-2.688949498578407
4250000000.0,5.154150384045277,-3.7269487602748956,6.495946938349049,-5.110577556832778,4.676761256882633,-2.684562956784915,4.676761256882633,-2.684562956784915
4255000000.0,5.1528602273995325,-3.723491096550018,6.48772854429602,-5.100772599519591,4.672871893721189,-2.6851663321298007,4.672871893721189,-2.6851663321298007
4260000000.0,5.151574451646135,-3.720041662875048,6.495456905247861,-5.096883736742968,4.674638885454894,-2.678314193109911,4.674638885454894,-2.678314193109911
4265000000.0,5.150293037155602,-3.71660043352663,6.48494911304412,-5.0886796428036005,4.672679778217449,-2.6819880744848956,4.672679778217449,-2.6819880744848956
4270000000.0,5.149015964407223,-3.713167382884061,6.490950549026986,-5.0807823307877245,4.670609601239268,-2.67508521995232,4.670609601239268,-2.67508521995232
4275000000.0,5.147743213988343,-3.709742485428809,6.4872788643183,-5.072708265820367,4.667764649931644,-2.67179193801036,4.667764649931644,-2.67179193801036
4280000000.0,5.146474766593649,-3.7063257157440286,6.484971285739255,-5.064181618663164,4.670580744759281,-2.6732293876982425,4.670580744759281,-2.6732293876982425
4285000000.0,5.145210603024472,-3.702917048514088,6.4815157652596085,-5.058400177819708,4.666718980183296,-2.667586155120053,4.666718980183296,-2.667586155120053
4290000000.0,5.14395070418808,-3.69951645852409,6.4793819453525,-5.0475991978607935,4.665239672652596,-2.6679672593736568,4.665239672652596,-2.6679672593736568
4295000000.0,5.142695051096991,-3.6961239206593963,6.476275929415372,-5.040821367659323,4.665481140669544,-2.6654830437513124,4.665481140669544,-2.6654830437513124
4300000000.0,5.141443624868282,-3.6927394099051627,6.4743384719357095,-5.030609187431371,4.662507847022293,-2.6616599551238243,4.662507847022293,-2.6616599551238243
4305000000.0,5.140196406722906,-3.6893629013458686,6.469879119260781,-5.02036679351999,4.66112646348782,-2.660277030133225,4.66112646348782,-2.660277030133225
4310000000.0,5.138953377985009,-3.6859943701648477,6.468522164238467,-5.011480110700199,4.659483151944883,-2.658600288670552,4.659483151944883,-2.658600288670552
4315000000.0,5.1377145200812695,-3.6826337916438256,6.462950869622634,-5.000009805555509,4.658893999689037,-2.65501993925324,4.658893999689037,-2.65501993925324
4320000000.0,5.136479814540214,-3.679281141162465,6.455882138699584,-4.9898684462502585,4.656825072186318,-2.653475832745142,4.656825072186318,-2.653475832745142
4325000000.0,5.135249242991567,-3.6759363941978966,6.448812752667867,-4.984521285334167,4.6559455658784685,-2.6501899306415755,4.6559455658784685,-2.6501899306415755
4330000000.0,5.134022787165586,-3.67259952632427,6.4396875930558055,-4.977173613994398,4.6571557380108475,-2.6500512418553486,4.6571557380108475,-2.6500512418553486
4335000000.0,5.132800428892413,-3.6692705132122976,6.43435037641971,-4.973350556523228,4.6561863526082234,-2.6474795406258496,4.6561863526082234,-2.6474795406258496
4340000000.0,5.131582150101419,-3.665949330628803,6.431361437780859,-4.966798854048943,4.654992176967186,-2.6459727437203195,4.654992176967186,-2.6459727437203195
4345000000.0,5.1303679328205725,-3.662635954436271,6.4238474457730055,-4.962242262858857,4.651461146722441,-2.640380121324247,4.651461146722441,-2.640380121324247
4350000000.0,5.129157759175788,-3.659330360592402,6.418724589097892,-4.954375842981247,4.649529429177336,-2.640736107111511,4.649529429177336,-2.640736107111511
4355000000.0,5.127951611390301,-3.6560325251496644,6.414560267051179,-4.95238069587803,4.650547230321728,-2.6376175432351214,4.650547230321728,-2.6376175432351214
4360000000.0,5.126749471784036,-3.6527424242548565,6.409667679739128,-4.94605247639477,4.649485011357554,-2.6356446301557024,4.649485011357554,-2.6356446301557024
4365000000.0,5.125551322772981,-3.649460034148663,6.413557305165316,-4.941284064223691,4.647739379431168,-2.633825230955641,4.647739379431168,-2.633825230955641
4370000000.0,5.1243571468685705,-3.646185331165217,6.4077431648673295,-4.94259372141182,4.643780910643575,-2.6299301381546036,4.643780910643575,-2.6299301381546036
4375000000.0,5.123166926677067,-3.6429182917316694,6.403343117417763,-4.935528645455934,4.646341173783221,-2.6208518861635723,4.646341173783221,-2.6208518861635723
4380000000.0,5.121980644898954,-3.6396588923677466,6.408068616655129,-4.931758170263715,4.646749290727315,-2.626058959961398,4.646749290727315,-2.626058959961398
4385000000.0,5.12079828432833,-3.636407109685329,6.408151909339599,-4.923896194931551,4.645989266326896,-2.61740534950216,4.645989266326896,-2.61740534950216
4390000000.0,5.119619827852303,-3.6331629203880156,6.405160730712698,-4.920871871550021,4.640702964972247,-2.6223267359405287,4.640702964972247,-2.6223267359405287
4395000000.0,5.118445258450396,-3.629926301270699,6.4015921551236525,-4.918700042313594,4.639690561234712,-2.6196238054663525,4.639690561234712,-2.6196238054663525
4400000000.0,5.117274559193954,-3.6266972292191433,6.405679160574202,-4.905550722389174,4.6374986251706085,-2.6153418031818534,4.6374986251706085,-2.6153418031818534
4405000000.0,5.11610771324556,-3.623475681209559,6.404793572258524,-4.8974795329212215,4.6311610027284384,-2.611965502253223,4.6311610027284384,-2.611965502253223
4410000000.0,5.114944703858441,-3.6202616343081835,6.401810315988532,-4.892134310377569,4.635688687209345,-2.6130305201492674,4.635688687209345,-2.6130305201492674
4415000000.0,5.113785514375902,-3.6170550656708653,6.402743650441878,-4.879795034948587,4.641186703233705,-2.6082057805438628,4.641186703233705,-2.6082057805438628
4420000000.0,5.112630128230736,-3.613855952542644,6.40300312551137,-4.866950072251808,4.631649227289237,-2.6060150755355203,4.631649227289237,-2.6060150755355203
4425000000.0,5.111478528944664,-3.6106642722573414,6.396945875658528,-4.849323921111123,4.634198422883198,-2.613699177990191,4.634198422883198,-2.613699177990191
4430000000.0,5.110330700127766,-3.6074800022371476,6.392196529510628,-4.854654641905067,4.631825419027318,-2.605977393817952,4.631825419027318,-2.605977393817952
4435000000.0,5.109186625477914,-3.604303119992212,6.380817477860834,-4.841070028436035,4.62838589804024,-2.606911707427549,4.62838589804024,-2.606911707427549
4440000000.0,5.108046288780217,-3.601133603120236,6.378405569979421,-4.826155237221731,4.628234397316683,-2.6029563443488994,4.628234397316683,-2.6029563443488994
4445000000.0,5.106909673906467,-3.5979714293060683,6.370104138769754,-4.823290536984709,4.627364388248742,-2.6030367204201053,4.627364388248742,-2.6030367204201053
4450000000.0,5.105776764814586,-3.5948165763213007,6.354696446451256,-4.8182230422508505,4.629658537745379,-2.5950709160477037,4.629658537745379,-2.5950709160477037
4455000000.0,5.104647545548083,-3.59166902202387,6.351357516324307,-4.8205139391042575,4.622373227783895,-2.600057509937381,4.622373227783895,-2.600057509937381
4460000000.0,5.103522000235507,-3.588528744357655,6.342022680753903,-4.806683041652007,4.625223689913787,-2.5944969919605887,4.625223689913787,-2.5944969919605887
4465000000.0,5.102400113089912,-3.5853957213520853,6.322706212815996,-4.805364923190898,4.618760009200391,-2.5934829867764404,4.618760009200391,-2.5934829867764404
4470000000.0,5.101281868408326,-3.582269931121738,6.327077062416973,-4.807513787538654,4.627739407620235,-2.5883751862273265,4.627739407620235,-2.5883751862273265
4475000000.0,5.100167250571211,-3.579151351865956,6.326789412846211,-4.803469802336745,4.623381413586621,-2.589158425239858,4.623381413586621,-2.589158425239858
4480000000.0,5.099056244041945,-3.576039961868446,6.313897074227819,-4.812958147577552,4.625440229487475,-2.5846707427875195,4.625440229487475,-2.5846707427875195
4485000000.0,5.097948833366294,-3.572935739496899,6.320629367392864,-4.810800693740387,4.620581846590013,-2.5812475432784883,4.620581846590013,-2.5812475432784883
4490000000.0,5.0968450031718975,-3.5698386632025993,6.32584561927921,-4.8108682113969286,4.621061200749991,-2.5769856655361236,4.621061200749991,-2.5769856655361236
4495000000.0,5.095744738167748,-3.566748711520039,6.3235972897607216,-4.808335687648472,4.619454408070037,-2.579282826832493,4.619454408070037,-2.579282826832493
4500000000.0,5.094648023143684,-3.5636658630665377,6.326168531211623,-4.804104773396274,4.620917382316388,-2.571867173679829,4.620917382316388,-2.571867173679829
4505000000.0,5.093554842969878,-3.560590096541861,6.330198397657162,-4.802401225077743,4.618321326238597,-2.5710571980229893,4.618321326238597,-2.5710571980229893
4510000000.0,5.092465182596339,-3.557521390727841,6.337816009405784,-4.798219744612117,4.6145430969257175,-2.5716722569029646,4.6145430969257175,-2.5716722569029646
4515000000.0,5.091379027052403,-3.5544597244879994,6.342051690799469,-4.784728995236208,4.613664237902204,-2.569646511271134,4.613664237902204,-2.569646511271134
4520000000.0,5.090296361446244,-3.5514050767671748,6.353360971906111,-4.780092894164426,4.612486959855582,-2.5651411982740036,4.612486959855582,-2.5651411982740036
4525000000.0,5.089217170964376,-3.5483574265911457,6.341784900629193,-4.76868524171536,4.613042211424267,-2.5656624088798075,4.613042211424267,-2.5656624088798075
4530000000.0,5.0881414408711665,-3.545316753066265,6.34975584149423,-4.756315861937031,4.610495364552476,-2.562333121060934,4.610495364552476,-2.562333121060934
4535000000.0,5.087069156508348,-3.5422830353790857,6.342990841437855,-4.743506524273113,4.614521571238234,-2.558095775320912,4.614521571238234,-2.558095775320912
4540000000.0,5.0860003032945365,-3.539256252795997,6.339911269050416,-4.734006068062699,4.6110027375309155,-2.5603160494012682,4.6110027375309155,-2.5603160494012682
4545000000.0,5.084934866724752,-3.536236384662854,6.3385640658277875,-4.718101480131016,4.607300569581878,-2.558689756978907,4.607300569581878,-2.558689756978907
4550000000.0,5.083872832369942,-3.5332234104046236,6.330336244264313,-4.7150401605823165,4.608676595004121,-2.5573942617893657,4.608676595004121,-2.5573942617893657
4555000000.0,5.0828141858765115,-3.530217309525015,6.327221615407138,-4.708090621337731,4.606319311934396,-2.555292527728114,4.606319311934396,-2.555292527728114
4560000000.0,5.081758912965851,-3.5272180616061193,6.321978346954358,-4.700222271427375,4.604011737865191,-2.5524379438754536,4.604011737865191,-2.5524379438754536
4565000000.0,5.080706999433875,-3.5242256463080586,6.317195608157886,-4.69235013692088,4.608176141790213,-2.550978061232443,4.608176141790213,-2.550978061232443
4570000000.0,5.079658431150555,-3.521240043368624,6.312922976087478,-4.682953027154107,4.604071105421965,-2.549585095707646,4.604071105421965,-2.549585095707646
4575000000.0,5.078613194059463,-3.518261232602924,6.306894390078771,-4.672508099136237,4.602749012326334,-2.5489628973593743,4.602749012326334,-2.5489628973593743
4580000000.0,5.077571274177319,-3.5152891939030297,6.305015822023677,-4.669111377216987,4.6033867005732265,-2.5442901082174707,4.6033867005732265,-2.5442901082174707
4585000000.0,5.076532657593531,-3.5123239072376284,6.300262450908962,-4.658227700979145,4.604283442266418,-2.544610864390241,4.604283442266418,-2.544610864390241
4590000000.0,5.075497330469754,-3.5093653526516717,6.295808604723574,-4.655814940796361,4.603843246186434,-2.5402006925860294,4.603843246186434,-2.5402006925860294
4595000000.0,5.074465279039438,-3.506413510266027,6.287224738202408,-4.6508762456666926,4.602148859630483,-2.540420444585645,4.602148859630483,-2.540420444585645
4600000000.0,5.07343648960739,-3.5034683602771364,6.282561172206746,-4.643616375682513,4.599966076247062,-2.5375479058896686,4.599966076247062,-2.5375479058896686
4605000000.0,5.072410948549331,-3.5005298829566707,6.275872242013124,-4.640910817056618,4.601027731650119,-2.535910419943931,4.601027731650119,-2.535910419943931
4610000000.0,5.07138864231146,-3.497598058651189,6.272318088166187,-4.63435522000811,4.599858134938956,-2.5359987640767305,4.599858134938956,-2.5359987640767305
4615000000.0,5.070369557410023,-3.4946728677817953,6.271367740019953,-4.634715490514556,4.599922806835306,-2.5304913711639956,4.599922806835306,-2.5304913711639956
4620000000.0,5.069353680430879,-3.4917542908438057,6.26887925325502,-4.635309987223531,4.599968546701459,-2.529154026587459,4.599968546701459,-2.529154026587459
4625000000.0,5.068340998029078,-3.4888423084064093,6.262634159373916,-4.6277876710750885,4.599169506663954,-2.5271374256654653,4.599169506663954,-2.5271374256654653
4630000000.0,5.06733149692843,-3.485936901112332,6.260789736437931,-4.625443698800451,4.597221884759362,-2.524375044779501,4.597221884759362,-2.524375044779501
4635000000.0,5.06632516392109,-3.483038049677505,6.2609521983088765,-4.619922159390663,4.597191802282121,-2.520815832594233,4.597191802282121,-2.520815832594233
4640000000.0,5.065321985867136,-3.4801457348907334,6.258731723528155,-4.618227748433934,4.595765592709906,-2.519203445202838,4.595765592709906,-2.519203445202838
4645000000.0,5.064321949694157,-3.4772599376133666,6.261728039334983,-4.614930480419825,4.59491780190561,-2.5171723646896176,4.59491780190561,-2.5171723646896176
4650000000.0,5.063325042396834,-3.474380638778971,6.2584127756880354,-4.612677721360073,4.595268730826316,-2.5156663543778865,4.595268730826316,-2.5156663543778865
4655000000.0,5.062331251036541,-3.471507819393001,6.260715448050247,-4.607510140113025,4.591292095177481,-2.5113901288917138,4.591292095177481,-2.5113901288917138
4660000000.0,5.06134056274093,-3.4686414605324782,6.260203316779408,-4.6039544870691405,4.5919888697241005,-2.5087650811343445,4.5919888697241005,-2.5087650811343445
4665000000.0,5.0603529647035295,-3.465781543345665,6.260423597663777,-4.59935864797871,4.592789589551145,-2.504761468358283,4.592789589551145,-2.504761468358283
4670000000.0,5.059368444183345,-3.462928049051747,6.263647956296731,-4.599159152626423,4.5932325732732995,-2.505035861939856,4.5932325732732995,-2.505035861939856
4675000000.0,5.058386988504461,-3.4600809589405084,6.260016517529482,-4.590350539257489,4.589827744708368,-2.5038287014524276,4.589827744708368,-2.5038287014524276
4680000000.0,5.057408585055644,-3.457240254372018,6.260763008139619,-4.587625232590278,4.589713795844194,-2.5012626733436925,4.589713795844194,-2.5012626733436925
4685000000.0,5.056433221289951,-3.4544059167763144,6.2596649392550585,-4.5830975884154,4.590201603143116,-2.5031771748641436,4.590201603143116,-2.5031771748641436
4690000000.0,5.055460884724341,-3.4515779276530836,6.25954915714277,-4.575488534779161,4.583010547509549,-2.4969250424548806,4.583010547509549,-2.4969250424548806
4695000000.0,5.054491562939286,-3.4487562685713526,6.259268930587625,-4.564633271816591,4.586001986970667,-2.496145893335513,4.586001986970667,-2.496145893335513
4700000000.0,5.053525243578388,-3.4459409211691763,6.256389469077373,-4.558384589719384,4.584576887523869,-2.491735749715162,4.584576887523869,-2.491735749715162
4705000000.0,5.052561914347997,-3.443131867153326,6.2579360538112025,-4.55001102832031,4.580585296257365,-2.5025037689949987,4.580585296257365,-2.5025037689949987
4710000000.0,5.051601563016834,-3.4403290882989843,6.260147988751893,-4.538699938301407,4.578755371359685,-2.4905002364103606,4.578755371359685,-2.4905002364103606
4715000000.0,5.05064417741561,-3.4375325664494323,6.25511088776924,-4.531174442044383,4.577448176442821,-2.4877730612999986,4.577448176442821,-2.4877730612999986
4720000000.0,5.049689745436658,-3.4347422835157495,6.245241190535507,-4.528299694216109,4.576968938783216,-2.490068901431473,4.576968938783216,-2.490068901431473
4725000000.0,5.048738255033557,-3.43195822147651,6.24778513835771,-4.520606778799027,4.5783476448280975,-2.4838718575852905,4.5783476448280975,-2.4838718575852905
4730000000.0,5.047789694220768,-3.4291803623774757,6.243927694914248,-4.513882505193303,4.577828136466619,-2.481195105668315,4.577828136466619,-2.481195105668315
4735000000.0,5.046844051073265,-3.4264086883313016,6.239064737672578,-4.505545502190744,4.57581626548552,-2.4811187270381083,4.57581626548552,-2.4811187270381083
4740000000.0,5.045901313726174,-3.4236431815172312,6.227578458351301,-4.497469238505756,4.57561627209912,-2.4767109272049437,4.57561627209912,-2.4767109272049437
4745000000.0,5.044961470374407,-3.4208838241808044,6.227356046278612,-4.498108166482008,4.57859711687027,-2.47335425525721,4.57859711687027,-2.47335425525721
4750000000.0,5.0440245092723135,-3.4181305986335535,6.219049857745283,-4.492590204556575,4.5715925412613565,-2.471786804371255,4.5715925412613565,-2.471786804371255
4755000000.0,5.043090418733313,-3.4153834872527193,6.221123701820766,-4.4820488068141,4.568977700668882,-2.4677214349890617,4.568977700668882,-2.4677214349890617
4760000000.0,5.042159187129551,-3.412642472480948,6.216957195539047,-4.487256363268364,4.570612751023593,-2.4675215754833038,4.570612751023593,-2.4675215754833038
4765000000.0,5.041230802891543,-3.4099075368260063,6.209717893034948,-4.4758012736409185,4.568345916721417,-2.464038806959366,4.568345916721417,-2.464038806959366
4770000000.0,5.040305254507828,-3.4071786628604865,6.2174562401229165,-4.470681467385781,4.567339026994138,-2.4605675233210547,4.567339026994138,-2.4605675233210547
4775000000.0,5.0393825305246205,-3.404455833221521,6.215058278792325,-4.479932640013992,4.566245099806194,-2.4603608794024425,4.566245099806194,-2.4603608794024425
4780000000.0,5.03846261954547,-3.4017390306104955,6.222718513561562,-4.469590796249876,4.5643313213474075,-2.457850569391363,4.5643313213474075,-2.457850569391363
4785000000.0,5.037545510230916,-3.3990282377927605,6.213444084385335,-4.471653276037645,4.563465608460568,-2.4593675838091986,4.563465608460568,-2.4593675838091986
4790000000.0,5.0366311912981505,-3.3963234375973474,6.221619568522269,-4.457877110440251,4.56416009395491,-2.4522804331477595,4.56416009395491,-2.4522804331477595
4795000000.0,5.035719651520684,-3.3936246129166876,6.222531102765604,-4.450608237228953,4.562172507213138,-2.4529512543673855,4.562172507213138,-2.4529512543673855
4800000000.0,5.034810879728006,-3.390931746706332,6.22590924544472,-4.440721351244826,4.558166021242847,-2.4490361122401207,4.558166021242847,-2.4490361122401207
4805000000.0,5.033904864805258,-3.388244821984666,6.216373875966913,-4.432106317164885,4.556970753542889,-2.4506471185395142,4.556970753542889,-2.4506471185395142
4810000000.0,5.033001595692899,-3.385563821832634,6.229377099700281,-4.423633278883554,4.55501974360735,-2.4471465387883815,4.55501974360735,-2.4471465387883815
4815000000.0,5.032101061386381,-3.382888729393464,6.219465898306898,-4.420107838071257,4.555999337117162,-2.446708651958075,4.555999337117162,-2.446708651958075
4820000000.0,5.031203250935824,-3.3802195278723906,6.21946330464971,-4.410803710523902,4.554880750873187,-2.443224101376844,4.554880750873187,-2.443224101376844
4825000000.0,5.0303081534456915,-3.377556200536376,6.204198982507457,-4.391005756849835,4.557009178326475,-2.4421602497470376,4.557009178326475,-2.4421602497470376
4830000000.0,5.02941575807447,-3.374898730713845,6.2126460444909215,-4.389606267858408,4.554594018484312,-2.441234474370425,4.554594018484312,-2.441234474370425
4835000000.0,5.028526054034351,-3.372247101794406,6.211921776842733,-4.373692732412266,4.554324074851104,-2.4391993185056666,4.554324074851104,-2.4391993185056666
4840000000.0,5.027639030590911,-3.369601297228587,6.207141075097387,-4.365037931020781,4.55493077667196,-2.43799082782151,4.55493077667196,-2.43799082782151
4845000000.0,5.026754677062805,-3.366961300527562,6.200957823429474,-4.363020320231673,4.551159664856518,-2.435889505750877,4.551159664856518,-2.435889505750877
4850000000.0,5.025872982821447,-3.3643270952628836,6.194477502771697,-4.352017682012195,4.549593204556861,-2.43377229974473,4.549593204556861,-2.43377229974473
4855000000.0,5.024993937290701,-3.361698665066222,6.194953927015334,-4.341861623274939,4.550404401941711,-2.4319032698997987,4.550404401941711,-2.4319032698997987
4860000000.0,5.024117529946577,-3.359075993629094,6.186836492485771,-4.3387387272831806,4.5500645285949854,-2.4311498087495558,4.5500645285949854,-2.4311498087495558
4865000000.0,5.0232437503169205,-3.356459064702601,6.184543685160423,-4.333409680624784,4.546934746215029,-2.428909612395202,4.546934746215029,-2.428909612395202
4870000000.0,5.0223725879811125,-3.3538478620971706,6.179317852575835,-4.327756454637668,4.54809053416989,-2.425825908457009,4.54809053416989,-2.425825908457009
4875000000.0,5.021504032569765,-3.3512423696822897,6.175118218612679,-4.322383563558155,4.546448959540405,-2.423424675509103,4.546448959540405,-2.423424675509103
4880000000.0,5.020638073764421,-3.3486425713862507,6.169066263023607,-4.314605895533146,4.544994924107774,-2.4213786629145906,4.544994924107774,-2.4213786629145906
4885000000.0,5.019774701297261,-3.3460484511958883,6.16988804385543,-4.31273872863538,4.563964056213859,-2.421552830820926,4.563964056213859,-2.421552830820926
4890000000.0,5.018913904950804,-3.3434599931563262,6.161893078662863,-4.305799265763151,4.542854433510031,-2.4156688014632666,4.542854433510031,-2.4156688014632666
4895000000.0,5.01805567455761,-3.3408771813707197,6.159731670961192,-4.305624722760225,4.544378088660358,-2.416767180197434,4.544378088660358,-2.416767180197434
4900000000.0,5.0172,-3.3383,6.162055380269715,-4.299422281589252,4.545248109113115,-2.413623649172817,4.545248109113115,-2.413623649172817
4905000000.0,5.016346871209753,-3.3357284332626245,6.159758245254761,-4.289629690124193,4.5443616671253935,-2.4132102220152434,4.5443616671253935,-2.4132102220152434
4910000000.0,5.015496278167825,-3.3331624654343224,6.153971619810034,-4.282482826985954,4.541455216663951,-2.4108360463289182,4.541455216663951,-2.4108360463289182
4915000000.0,5.014648210904067,-3.330602080847844,6.152998464701017,-4.279413715841297,4.537560687272956,-2.4086512001121254,4.537560687272956,-2.4086512001121254
4920000000.0,5.013802659496931,-3.328047263892713,6.147138652935998,-4.274322070556146,4.5348506284798225,-2.4066865821802903,4.5348506284798225,-2.4066865821802903
4925000000.0,5.0129596140731945,-3.325497999014977,6.147534199669619,-4.267733302157377,4.5360342957737965,-2.406012267238633,4.5360342957737965,-2.406012267238633
4930000000.0,5.012119064807682,-3.3229542707169615,6.1448029161215825,-4.263334835659454,4.532343464486633,-2.4032162915215234,4.532343464486633,-2.4032162915215234
4935000000.0,5.011281001922982,-3.3204160635570235,6.143836596713128,-4.261172919984374,4.538192225384805,-2.402333774841133,4.538192225384805,-2.402333774841133
4940000000.0,5.010445415689173,-3.3178833621493076,6.139301160291098,-4.255168483725724,4.533350663256937,-2.4027763605718926,4.533350663256937,-2.4027763605718926
4945000000.0,5.009612296423549,-3.3153561511635017,6.139418745457743,-4.252196058120468,4.529453650176826,-2.3979193594243773,4.529453650176826,-2.3979193594243773
4950000000.0,5.008781634490347,-3.312834415324597,6.133024876958502,-4.243181612497461,4.5290320114831895,-2.3982376810571897,4.5290320114831895,-2.3982376810571897
4955000000.0,5.007953420300475,-3.3103181394126477,6.1317959717841015,-4.236448124440894,4.528454660126377,-2.396877532528899,4.528454660126377,-2.396877532528899
4960000000.0,5.007127644311243,-3.3078073082625257,6.128236746789622,-4.230683536304218,4.522445095416841,-2.389283478568458,4.522445095416841,-2.389283478568458
4965000000.0,5.0063042970261,-3.305301906763692,6.125699503218336,-4.228805341221053,4.525979422555963,-2.392362391365674,4.525979422555963,-2.392362391365674
4970000000.0,5.0054833689943585,-3.302801919859949,6.126041184186723,-4.225068001648135,4.522303318843895,-2.389702920038819,4.522303318843895,-2.389702920038819
4975000000.0,5.004664850810944,-3.300307332549213,6.125920990278863,-4.223006643446082,4.5299983517215825,-2.3845170253993633,4.5299983517215825,-2.3845170253993633
4980000000.0,5.003848733116123,-3.2978181298832756,6.122041440967607,-4.218058174890968,4.522894440365928,-2.3881642888957564,4.522894440365928,-2.3881642888957564
4985000000.0,5.003035006595245,-3.295334296967568,6.12058395699813,-4.209221972314937,4.516384316359461,-2.3807566751024676,4.516384316359461,-2.3807566751024676
4990000000.0,5.002223661978487,-3.292855818960933,6.119676967151106,-4.207858811687162,4.521558670193789,-2.3784359839453413,4.521558670193789,-2.3784359839453413
4995000000.0,5.001414690040596,-3.290382681075392,6.11833464160929,-4.2054706657693215,4.519739000812566,-2.381855204827163,4.519739000812566,-2.381855204827163
5000000000.0,5.000608081600627,-3.2879148685759123,6.118995302656275,-4.20246594396608,4.516901859947064,-2.379144077613761,4.516901859947064,-2.379144077613761
5005000000.0,4.999803827521704,-3.2854523667801807,6.121452856055144,-4.193906375874905,4.517641305175331,-2.3765323870430817,4.517641305175331,-2.3765323870430817
5010000000.0,4.999001918710752,-3.282995161058378,6.115989215594693,-4.194696646677505,4.516946695665724,-2.3740684620273136,4.516946695665724,-2.3740684620273136
5015000000.0,4.998202346118258,-3.280543236832945,6.121630876564399,-4.193092835540017,4.515953533187382,-2.3721657160909952,4.515953533187382,-2.3721657160909952
5020000000.0,4.9974051007380185,-3.2780965795783636,6.121253573369726,-4.182416473446894,4.514240785020801,-2.365965779946232,4.514240785020801,-2.365965779946232
5025000000.0,4.9966101736068955,-3.2756551748209297,6.118454078330856,-4.182861523055672,4.513184143372683,-2.373016668899396,4.513184143372683,-2.373016668899396
5030000000.0,4.9958175558045665,-3.2732190081385295,6.124171708980995,-4.175214535230232,4.5119322795111225,-2.3716676476359586,4.5119322795111225,-2.3716676476359586
5035000000.0,4.995027238453285,-3.270788065160417,6.1185007148961175,-4.165979228537134,4.512917862010623,-2.3657175327528277,4.512917862010623,-2.3657175327528277
5040000000.0,4.994239212717638,-3.2683623315669945,6.115540914717864,-4.16264306059421,4.511852906229813,-2.3650396075756155,4.511852906229813,-2.3650396075756155
5045000000.0,4.993453469804304,-3.265941793089591,6.112710244772297,-4.156308798716719,4.509726640603336,-2.3667616084140004,4.509726640603336,-2.3667616084140004
5050000000.0,4.992670000961816,-3.263526435510243,6.117242167625643,-4.158519574917561,4.5108996126752094,-2.359719901198684,4.5108996126752094,-2.359719901198684
5055000000.0,4.991888797480323,-3.2611162446614785,6.108555164480235,-4.146139414166394,4.50964719615083,-2.3636233999557206,4.50964719615083,-2.3636233999557206
5060000000.0,4.991109850691357,-3.258711206426097,6.108943274156143,-4.142250044004501,4.508513908914308,-2.3610454386983104,4.508513908914308,-2.3610454386983104
5065000000.0,4.990333151967595,-3.256311306736956,6.105030732072373,-4.136271573160327,4.511828945313739,-2.3578154244612706,4.511828945313739,-2.3578154244612706
5070000000.0,4.989558692722629,-3.253916531576757,6.105455531226783,-4.1267565211076604,4.507048186771945,-2.356957910888561,4.507048186771945,-2.356957910888561
5075000000.0,4.988786464410735,-3.2515268669778292,6.094698115014919,-4.119871203946036,4.509106132693417,-2.3570072754107687,4.509106132693417,-2.3570072754107687
5080000000.0,4.988016458526642,-3.249142299021919,6.090475177254833,-4.114593431645555,4.507733579288615,-2.3586568464831816,4.507733579288615,-2.3586568464831816
5085000000.0,4.987248666605306,-3.246762813839977,6.083058221200862,-4.111628675088249,4.503687079462805,-2.353566464758126,4.503687079462805,-2.353566464758126
5090000000.0,4.986483080221682,-3.2443883976119494,6.08034424946537,-4.103128589793973,4.504924354963837,-2.3547003055280062,4.504924354963837,-2.3547003055280062
5095000000.0,4.9857196909905,-3.2420190365665658,6.070540121456428,-4.101822161815707,4.505117042632688,-2.35293817816593,4.505117042632688,-2.35293817816593
5100000000.0,4.984958490566037,-3.239654716981132,6.072229300070418,-4.097873653709917,4.508295357611106,-2.3520494895077726,4.508295357611106,-2.3520494895077726
5105000000.0,4.984199470641905,-3.2372954251813253,6.074617565083245,-4.090619166572304,4.502232615021171,-2.348350715955181,4.502232615021171,-2.348350715955181
5110000000.0,4.98344262295082,-3.234941147540984,6.068062272530156,-4.086326537432769,4.5057018312210975,-2.3450775933638663,4.5057018312210975,-2.3450775933638663
5115000000.0,4.982687939264386,-3.2325918704819023,6.063547731401042,-4.082448927007831,4.504899626007051,-2.3444624328004866,4.504899626007051,-2.3444624328004866
5120000000.0,4.981935411392879,-3.23024758047363,6.06560808517429,-4.079302993635318,4.501933241174332,-2.3401100952873417,4.501933241174332,-2.3401100952873417
5125000000.0,4.981185031185031,-3.227908264033264,6.061950474064099,-4.073622299902953,4.501373818352467,-2.3371210558404516,4.501373818352467,-2.3371210558404516
5130000000.0,4.980436790527811,-3.2255739077252494,6.062915739599497,-4.06960204496196,4.499840184842427,-2.3391338251362597,4.499840184842427,-2.3391338251362597
5135000000.0,4.9796906813462165,-3.2232444981611774,6.059364453737079,-4.060924411708083,4.500136512229098,-2.334851063563131,4.500136512229098,-2.334851063563131
5140000000.0,4.978946695603056,-3.220920021999583,6.061944261321113,-4.056747350438498,4.497409448402853,-2.3323976021919086,4.497409448402853,-2.3323976021919086
5145000000.0,4.978204825298741,-3.218600465945749,6.057036587168521,-4.049957080262804,4.498501466450135,-2.332139572867333,4.498501466450135,-2.332139572867333
5150000000.0,4.977465062471078,-3.2162858167515034,6.059416711757878,-4.043621262780801,4.500260192866077,-2.3299362169858098,4.500260192866077,-2.3299362169858098
5155000000.0,4.976727399195057,-3.2139760612150257,6.059691315845118,-4.03986589942846,4.497014371461394,-2.325471962115232,4.497014371461394,-2.325471962115232
5160000000.0,4.975991827582646,-3.2116711861806486,6.059829695978587,-4.033846050100835,4.498729235028113,-2.3242593643797904,4.498729235028113,-2.3242593643797904
5165000000.0,4.975258339782587,-3.209371178538662,6.057629858027197,-4.03210697940823,4.498175167982884,-2.322032333907841,4.498175167982884,-2.322032333907841
5170000000.0,4.9745269279801905,-3.207076025225119,6.056401478041862,-4.0241841626292345,4.498236157603723,-2.3207169015677653,4.498236157603723,-2.3207169015677653
5175000000.0,4.97379758439713,-3.2047857132216437,6.056609500776686,-4.017275530033258,4.49452653635569,-2.3196515753409908,4.49452653635569,-2.3196515753409908
5180000000.0,4.973070301291248,-3.202500229555236,6.054425717047453,-4.011652108105063,4.496510290960063,-2.3159885542588348,4.496510290960063,-2.3159885542588348
5185000000.0,4.972345070956346,-3.2002195612980824,6.05426970241523,-4.00654607553796,4.496449427765991,-2.314758480149722,4.496449427765991,-2.314758480149722
5190000000.0,4.971621885721994,-3.197943695567361,6.053454371295165,-3.9986070909468405,4.494112735675031,-2.314199624050599,4.494112735675031,-2.314199624050599
5195000000.0,4.970900737953328,-3.1956726195250567,6.052622294118923,-3.9922346025383075,4.495599138358194,-2.31456493273509,4.495599138358194,-2.31456493273509
5200000000.0,4.9701816200508535,-3.193406320377769,6.051255781691818,-3.9868883363341023,4.49426726955436,-2.3106612855395485,4.49426726955436,-2.3106612855395485
5205000000.0,4.969464524450253,-3.191144785376527,6.048500415601522,-3.984298607273229,4.491752908604658,-2.309218808552876,4.491752908604658,-2.309218808552876
5210000000.0,4.968749443622191,-3.188888001816596,6.046178243358239,-3.9743485112809096,4.490109719497816,-2.3102989143910118,4.490109719497816,-2.3102989143910118
5215000000.0,4.96803637007212,-3.1866359570372986,6.042709692828623,-3.967806971491302,4.489062325457223,-2.3068852455454905,4.489062325457223,-2.3068852455454905
5220000000.0,4.967325296340092,-3.1843886384218267,6.041239717546327,-3.964445774195097,4.489229101088502,-2.3057643957019573,4.489229101088502,-2.3057643957019573
5225000000.0,4.966616215000562,-3.182146033397054,6.03921974607449,-3.955839565535242,4.488313160575211,-2.3004917586789,4.488313160575211,-2.3004917586789
5230000000.0,4.965909118662208,-3.179908129433356,6.032566501698638,-3.9529859187086798,4.487834160030096,-2.301445227309018,4.487834160030096,-2.301445227309018
5235000000.0,4.965203999967736,-3.1776749140444287,6.031454749017519,-3.952461516360485,4.485994073064235,-2.301484731003042,4.485994073064235,-2.301484731003042
5240000000.0,4.964500851593696,-3.1754463747871013,6.028084083096046,-3.9493104535054973,4.488308639984027,-2.2972122103561325,4.488308639984027,-2.2972122103561325
5245000000.0,4.9637996662502974,-3.1732224992611613,6.028029104238052,-3.944826872274779,4.486513299876321,-2.2956408846127685,4.486513299876321,-2.2956408846127685
5250000000.0,4.963100436681223,-3.1710032751091703,6.025205990909026,-3.9409236136868158,4.4857112067789116,-2.296012726055205,4.4857112067789116,-2.296012726055205
5255000000.0,4.962403155663444,-3.168788690016287,6.021273268081298,-3.9380209582939125,4.485774340973685,-2.294869580459197,4.485774340973685,-2.294869580459197
5260000000.0,4.961707816007046,-3.1665787317100893,6.022503369377405,-3.941546694875617,4.482074943354479,-2.290619521392299,4.482074943354479,-2.290619521392299
5265000000.0,4.9610144105550384,-3.164373387960394,6.020069447218941,-3.9336342375151827,4.4756918641921075,-2.2836285692889935,4.4756918641921075,-2.2836285692889935
5270000000.0,4.96032293218318,-3.1621726465790845,6.019307100231552,-3.9324309947561535,4.4821008870663395,-2.2874636984392676,4.4821008870663395,-2.2874636984392676
5275000000.0,4.959633373799801,-3.159976495419932,6.020215952544185,-3.9295508098733776,4.482922501559815,-2.2849133919634945,4.482922501559815,-2.2849133919634945
5280000000.0,4.958945728345624,-3.157784922378421,6.020968576526474,-3.9247481243093567,4.480005698880807,-2.279802875508134,4.480005698880807,-2.279802875508134
5285000000.0,4.9582599887935865,-3.155597915391578,6.023254814321468,-3.920705997711803,4.482613162210969,-2.2775852362234743,4.482613162210969,-2.2775852362234743
5290000000.0,4.957576148148668,-3.153415462437794,6.023741466795267,-3.919530513625748,4.4766076751438835,-2.2793108170145855,4.4766076751438835,-2.2793108170145855
5295000000.0,4.956894199447716,-3.1512375515366564,6.017719933950965,-3.910101174909744,4.475234809510296,-2.2706077908142737,4.475234809510296,-2.2706077908142737
5300000000.0,4.956214135759272,-3.1490641707487756,6.025180057543064,-3.908049960094964,4.473660332039371,-2.2727092830106446,4.473660332039371,-2.2727092830106446
5305000000.0,4.955535950183398,-3.1468953081756124,6.013808967767099,-3.9026977619735193,4.475906644196413,-2.2722810273886127,4.475906644196413,-2.2722810273886127
5310000000.0,4.95485963585151,-3.144730951959311,6.0186327983813985,-3.9015066019496154,4.475781696968558,-2.269683051130393,4.475781696968558,-2.269683051130393
5315000000.0,4.954185185926203,-3.1425710902825315,6.020250941748882,-3.8933082160909556,4.470924061211997,-2.267601492260071,4.470924061211997,-2.267601492260071
5320000000.0,4.953512593601089,-3.1404157113682776,6.022897645020696,-3.882350523476656,4.469433795178328,-2.269053114605252,4.469433795178328,-2.269053114605252
5325000000.0,4.9528418521006214,-3.1382648034797302,6.018264263727861,-3.8844526319918224,4.467980430974479,-2.265240734591449,4.467980430974479,-2.265240734591449
5330000000.0,4.952172954679936,-3.136118354920083,6.021892179249313,-3.874022722946442,4.467843194063661,-2.266837756098944,4.467843194063661,-2.266837756098944
5335000000.0,4.951505894624679,-3.1339763540323755,6.019600432510819,-3.861409866555662,4.470416655179509,-2.2598843016922547,4.470416655179509,-2.2598843016922547
5340000000.0,4.950840665250848,-3.1318387891993265,6.017501422168746,-3.8642955337096554,4.466493294107887,-2.259943546026877,4.466493294107887,-2.259943546026877
5345000000.0,4.950177259904625,-3.129705648843173,6.019660941617876,-3.8546352035687415,4.464938321513016,-2.255339400543124,4.464938321513016,-2.255339400543124
5350000000.0,4.9495156719622155,-3.127576921425504,6.017125516398443,-3.854145642561299,4.466343614457822,-2.261537765407511,4.466343614457822,-2.261537765407511
5355000000.0,4.948855894829686,-3.1254525954470997,6.014811303675371,-3.8460346247902732,4.462989656649886,-2.256925568792496,4.462989656649886,-2.256925568792496
5360000000.0,4.948197921942805,-3.123332659447768,6.013109847165745,-3.8469505564879434,4.463659452286899,-2.2558810479797797,4.463659452286899,-2.2558810479797797
5365000000.0,4.947541746766883,-3.121217102006185,6.0170770255153245,-3.8358362618620667,4.461991644840187,-2.253377606574247,4.461991644840187,-2.253377606574247
5370000000.0,4.9468873627966135,-3.1191059117397337,6.014878407047384,-3.8317062079596473,4.462035438102058,-2.252862858674927,4.462035438102058,-2.252862858674927
5375000000.0,4.946234763555915,-3.116999077304346,6.01600828273608,-3.8242457547553816,4.458876055431246,-2.2492238047971513,4.458876055431246,-2.2492238047971513
5380000000.0,4.945583942597777,-3.114896587394341,6.009215135828843,-3.819257228296976,4.4602088598518,-2.247711143230725,4.4602088598518,-2.247711143230725
5385000000.0,4.944934893504102,-3.112798430742271,6.008904419513614,-3.8124443511258503,4.460067942595837,-2.243694661530022,4.460067942595837,-2.243694661530022
5390000000.0,4.944287609885553,-3.110704596118759,6.0049299493167325,-3.8071591489411167,4.457184830910952,-2.243230266438221,4.457184830910952,-2.243230266438221
5395000000.0,4.9436420853813985,-3.108615072332349,6.0071770517343746,-3.802084394144327,4.455672140175616,-2.243518636082168,4.455672140175616,-2.243518636082168
5400000000.0,4.942998313659359,-3.1065298482293424,6.00717590677204,-3.8002348931620817,4.453460887720944,-2.240428950901588,4.453460887720944,-2.240428950901588
5405000000.0,4.942356288415459,-3.10444891269365,6.006477749526278,-3.787743562772706,4.452958709290165,-2.2406195567004485,4.452958709290165,-2.2406195567004485
5410000000.0,4.941716003373871,-3.1023722546466344,6.005475782252686,-3.7865122078140856,4.453481148892469,-2.239724965680081,4.453481148892469,-2.239724965680081
5415000000.0,4.9410774522867715,-3.100299863046955,6.003773646592085,-3.7844387717873724,4.452539567185911,-2.235253474136367,4.452539567185911,-2.235253474136367
5420000000.0,4.940440628934187,-3.0982317268904187,6.0016570438105745,-3.775762104526068,4.450316780551652,-2.2333993176472786,4.450316780551652,-2.2333993176472786
5425000000.0,4.939805527123848,-3.0961678352098256,5.999305208142957,-3.7725149445410713,4.448618502122725,-2.2329642928621114,4.448618502122725,-2.2329642928621114
5430000000.0,4.939172140691045,-3.094108177074819,5.99438705818185,-3.758997918281076,4.44721529357297,-2.2306149321599933,4.44721529357297,-2.2306149321599933
5435000000.0,4.938540463498475,-3.0920527415917327,5.9987639160266,-3.757536205590031,4.446995182517681,-2.231553867161099,4.446995182517681,-2.231553867161099
5440000000.0,4.9379104894361046,-3.090001517903442,5.994861862653899,-3.746532167937064,4.446154055993056,-2.228657265162752,4.446154055993056,-2.228657265162752
5445000000.0,4.937282212421019,-3.0879544951892166,5.994223640663513,-3.745457360173757,4.448818018293952,-2.2252077057141717,4.448818018293952,-2.2252077057141717
5450000000.0,4.936655626397284,-3.0859116626645693,5.9924296093549385,-3.736939827379071,4.444247971775617,-2.226478236664727,4.444247971775617,-2.226478236664727
5455000000.0,4.936030725335797,-3.0838730095811075,5.985463151021715,-3.7306408669893663,4.443541772810069,-2.2238052865798044,4.443541772810069,-2.2238052865798044
5460000000.0,4.935407503234153,-3.0818385252263902,5.985978653620374,-3.7261250114279183,4.443357745891806,-2.226353708869616,4.443357745891806,-2.226353708869616
5465000000.0,4.934785954116495,-3.079808198923779,5.9770098297886145,-3.7176258470400243,4.441277008795914,-2.22067307078478,4.441277008795914,-2.22067307078478
5470000000.0,4.934166072033383,-3.0777820200322914,5.9812849134443145,-3.71331515098856,4.442847519815834,-2.221703396097239,4.442847519815834,-2.221703396097239
5475000000.0,4.933547851061647,-3.075759977946456,5.976037640216867,-3.7053017681136904,4.441441350292019,-2.217976049122568,4.441441350292019,-2.217976049122568
5480000000.0,4.932931285304256,-3.073742062096172,5.977700516330341,-3.698772376555324,4.441651847195945,-2.217643769698039,4.441651847195945,-2.217643769698039
5485000000.0,4.932316368890172,-3.07172826194656,5.974536636001728,-3.697314592960683,4.442984553406391,-2.217082833864523,4.442984553406391,-2.217082833864523
5490000000.0,4.931703095974221,-3.069718566997822,5.968038099447565,-3.6890577795122637,4.438227677385159,-2.214453709564057,4.438227677385159,-2.214453709564057
5495000000.0,4.931091460736956,-3.067712966785101,5.966875338654914,-3.6887907745669786,4.441290062897567,-2.208758255479054,4.441290062897567,-2.208758255479054
5500000000.0,4.9304814573845155,-3.065711450878334,5.959479788284289,-3.6781175622312743,4.436888129302555,-2.206906841777303,4.436888129302555,-2.206906841777303
5505000000.0,4.929873080148498,-3.0637140088821164,5.954579362054591,-3.6788131812909537,4.441275050365236,-2.207754049209809,4.441275050365236,-2.207754049209809
5510000000.0,4.929266323285824,-3.0617206304355578,5.960640896439617,-3.6729181716952026,4.434083075873528,-2.2071461486586204,4.434083075873528,-2.2071461486586204
5515000000.0,4.928661181078604,-3.059731305212144,5.958445586011535,-3.663914429780605,4.431853901029513,-2.205870490161617,4.431853901029513,-2.205870490161617
5520000000.0,4.928057647834007,-3.0577460229196003,5.9603218802885936,-3.665164597481657,4.433296646715647,-2.2043929742604185,4.433296646715647,-2.2043929742604185
5525000000.0,4.927455717884131,-3.055764773299748,5.954641090425402,-3.653194337115979,4.437268710065329,-2.1972346314305047,4.437268710065329,-2.1972346314305047
5530000000.0,4.92685538558587,-3.0537875461283708,5.948114358720322,-3.6473975183213088,4.432003493755987,-2.2040676112503403,4.432003493755987,-2.2040676112503403
5535000000.0,4.9262566453207866,-3.051814331215076,5.95220387644469,-3.644026609640159,4.440299408041263,-2.1968690217733364,4.440299408041263,-2.1968690217733364
5540000000.0,4.925659491494984,-3.0498451184031605,5.95392606635324,-3.6437081175591866,4.430645413667493,-2.1975207397519663,4.430645413667493,-2.1975207397519663
5545000000.0,4.925063918538977,-3.047879897569471,5.957368809043438,-3.633485484577697,4.430808489564349,-2.1969998969017857,4.430808489564349,-2.1969998969017857
5550000000.0,4.9244699209075655,-3.045918658624271,5.943439967846637,-3.633718958404441,4.426614569728907,-2.199406481839368,4.426614569728907,-2.199406481839368
5555000000.0,4.923877493079708,-3.0439613915111075,5.943648309523341,-3.628322531783485,4.428141885409291,-2.1947412208021992,4.428141885409291,-2.1947412208021992
5560000000.0,4.923286629558395,-3.0420080862066765,5.941482382275323,-3.6248000715470328,4.428601266251479,-2.187111185237525,4.428601266251479,-2.187111185237525
5565000000.0,4.922697324870526,-3.0400587327206883,5.945990470966129,-3.6184532243587677,4.427403071238884,-2.190840200354379,4.427403071238884,-2.190840200354379
5570000000.0,4.922109573566789,-3.038113321095736,5.9404661014611,-3.6185290959172547,4.425577717771243,-2.1872542822560685,4.425577717771243,-2.1872542822560685
5575000000.0,4.921523370221527,-3.036171841407162,5.944753915987569,-3.613045970575073,4.433158978377662,-2.1879700494699184,4.433158978377662,-2.1879700494699184
5580000000.0,4.920938709432626,-3.034234283762932,5.924253616714474,-3.6107663232989653,4.419562046125978,-2.1833974884385454,4.419562046125978,-2.1833974884385454
5585000000.0,4.920355585821387,-3.0323006383034965,5.933413628817655,-3.597193443248692,4.419610715605328,-2.185589006906354,4.419610715605328,-2.185589006906354
5590000000.0,4.919773994032409,-3.030370895201666,5.927539154316375,-3.6094261599779993,4.424036207985349,-2.1863362632877013,4.424036207985349,-2.1863362632877013
5595000000.0,4.919193928733465,-3.0284450446624795,5.926706537947317,-3.6012885923400546,4.42435540504345,-2.1849522747908154,4.42435540504345,-2.1849522747908154
5600000000.0,4.918615384615385,-3.026523076923077,5.928408960277317,-3.5985091713633675,4.42374893757803,-2.1785501917933114,4.42374893757803,-2.1785501917933114
5605000000.0,4.918038356391935,-3.024604982252568,5.931297543010031,-3.6014912902817806,4.417359214152789,-2.180246944807547,4.417359214152789,-2.180246944807547
5610000000.0,4.917462838799703,-3.0226907509519085,5.936267812360971,-3.592661084926195,4.421338484671266,-2.177660445049144,4.421338484671266,-2.177660445049144
5615000000.0,4.916888826597976,-3.020780373353769,5.93235073790591,-3.5882704228211435,4.4127697791028,-2.1741448684084848,4.4127697791028,-2.1741448684084848
5620000000.0,4.916316314568628,-3.018873839822413,5.931616756600716,-3.58594685757128,4.423082163320559,-2.1748077322917587,4.423082163320559,-2.1748077322917587
5625000000.0,4.915745297515999,-3.016971140753564,5.9299309996270155,-3.5822674522946722,4.417997190643428,-2.17446934973936,4.417997190643428,-2.17446934973936
5630000000.0,4.915175770266785,-3.0150722665742893,5.928472803171789,-3.577257174643791,4.418713502109747,-2.1781690002597407,4.418713502109747,-2.1781690002597407
5635000000.0,4.914607727669921,-3.0131772077428667,5.927823922412275,-3.568796997068015,4.419121061168186,-2.1710292460036102,4.419121061168186,-2.1710292460036102
5640000000.0,4.9140411645964654,-3.0112859547486654,5.925974747390043,-3.566801122881118,4.4146155489597,-2.177792998613555,4.4146155489597,-2.177792998613555
5645000000.0,4.913476075939489,-3.0093984981120205,5.922265211308234,-3.5651140875876113,4.4161359731147,-2.1679820645573704,4.4161359731147,-2.1679820645573704
5650000000.0,4.91291245661396,-3.007514828384111,5.929196136982836,-3.559815541601079,4.41894842341765,-2.168378222780709,4.41894842341765,-2.168378222780709
5655000000.0,4.912350301556637,-3.0056349361468353,5.925182596860178,-3.5461510528889444,4.415095609990531,-2.1633164552258717,4.415095609990531,-2.1633164552258717
5660000000.0,4.911789605725951,-3.0037588120126917,5.9260870058890065,-3.544134210951544,4.411365647958993,-2.165363571420276,4.411365647958993,-2.165363571420276
5665000000.0,4.911230364101899,-3.0018864466246544,5.926330941022896,-3.542200709117694,4.4125093289221695,-2.163938591067259,4.4125093289221695,-2.163938591067259
5670000000.0,4.910672571685933,-3.0000178306560574,5.920053249396395,-3.533797469441722,4.416980055517779,-2.161721229855204,4.416980055517779,-2.161721229855204
5675000000.0,4.91011622350085,-2.9981529548104673,5.9183656840940575,-3.5297348231471495,4.411736284339874,-2.163931497604997,4.411736284339874,-2.163931497604997
5680000000.0,4.909561314590686,-2.9962918098215705,5.916880289103295,-3.522941730864051,4.409448585073944,-2.161734285911505,4.409448585073944,-2.161734285911505
5685000000.0,4.909007840020604,-2.994434386453048,5.918701436199549,-3.517729917293109,4.413113898147006,-2.1542014137385346,4.413113898147006,-2.1542014137385346
5690000000.0,4.9084557948767875,-2.992580675498462,5.919157073724469,-3.513512439373767,4.409620794269183,-2.1565345812480263,4.409620794269183,-2.1565345812480263
5695000000.0,4.907905174266338,-2.990730667781135,5.919657754149363,-3.4977863040777497,4.407198189910164,-2.1577596020892607,4.407198189910164,-2.1577596020892607
5700000000.0,4.907355973317162,-2.988884354154033,5.911570966797181,-3.498076969166281,4.407450957778856,-2.1553845862681906,4.407450957778856,-2.1553845862681906
5705000000.0,4.90680818717787,-2.987041725499648,5.904165321274341,-3.4898774811872473,4.408819994110487,-2.151523182188212,4.408819994110487,-2.151523182188212
5710000000.0,4.906261811017674,-2.9852027727298824,5.905840837611952,-3.4874338231463,4.4100459745793765,-2.155366720995764,4.4100459745793765,-2.155366720995764
5715000000.0,4.905716840026273,-2.9833674867859328,5.904385924654214,-3.481170914781453,4.405848501092758,-2.1546468778997254,4.405848501092758,-2.1546468778997254
5720000000.0,4.905173269413763,-2.981535858638176,5.901046108265437,-3.4750359458593785,4.4073758209440275,-2.150980943436468,4.4073758209440275,-2.150980943436468
5725000000.0,4.904631094410521,-2.9797078792860496,5.89588411112394,-3.4661450967322365,4.405685723703111,-2.150469512357866,4.405685723703111,-2.150469512357866
5730000000.0,4.904090310267113,-2.9778835397579444,5.896381628935185,-3.4643226045464908,4.404750814449204,-2.1504131168758454,4.404750814449204,-2.1504131168758454
5735000000.0,4.903550912254186,-2.9760628311110846,5.899357423826707,-3.4595393579518965,4.404960070811175,-2.1484408688695886,4.404960070811175,-2.1484408688695886
5740000000.0,4.903012895662368,-2.974245744431419,5.8921378482153735,-3.452477041058768,4.40465151316199,-2.1457493397314567,4.40465151316199,-2.1457493397314567
5745000000.0,4.902476255802167,-2.972432270833504,5.8858841516583436,-3.4417529029519573,4.402765479010853,-2.1481707763972424,4.402765479010853,-2.1481707763972424
5750000000.0,4.901940988003874,-2.970622401460397,5.886443254806696,-3.438344277446475,4.405126872747168,-2.1456592222167,4.405126872747168,-2.1456592222167
5755000000.0,4.901407087617459,-2.9688161274835414,5.881918253322768,-3.4331584329898575,4.402977213883556,-2.1439021017506836,4.402977213883556,-2.1439021017506836
5760000000.0,4.900874550012475,-2.96701344010265,5.875716825216966,-3.4278371969021912,4.4020611485365935,-2.1416130103679296,4.4020611485365935,-2.1416130103679296
5765000000.0,4.900343370577957,-2.965214330545608,5.873962909182569,-3.4238355959516253,4.402314193911038,-2.1421500570743928,4.402314193911038,-2.1421500570743928
5770000000.0,4.899813544722329,-2.9634187900683475,5.868222770744879,-3.418006771250053,4.402708097902449,-2.1399079186397296,4.402708097902449,-2.1399079186397296
5775000000.0,4.899285067873303,-2.961626809954751,5.863931488243238,-3.4155477724700836,4.401035765776641,-2.139935880412054,4.401035765776641,-2.139935880412054
5780000000.0,4.89875793547778,-2.9598383815165312,5.860091940926294,-3.410287329406488,4.40243455142027,-2.13871013339245,4.40243455142027,-2.13871013339245
5785000000.0,4.898232143001762,-2.958053496093132,5.855327849788914,-3.4083624027785557,4.403100526459544,-2.1397182949917246,4.403100526459544,-2.1397182949917246
5790000000.0,4.897707685930246,-2.956272145051611,5.851956644623887,-3.4024484204481817,4.402866771261368,-2.1358358616587707,4.402866771261368,-2.1358358616587707
5795000000.0,4.89718455976714,-2.9544943197865408,5.845501332059264,-3.403215237222037,4.400382423345463,-2.1350494510806426,4.400382423345463,-2.1350494510806426
5800000000.0,4.896662760035159,-2.952720011719894,5.8456127276312735,-3.40186947209749,4.404827828811675,-2.135719111542188,4.404827828811675,-2.135719111542188
5805000000.0,4.896142282275738,-2.950949212300944,5.841481556893874,-3.3975113562861,4.4037154155112805,-2.1356966693183,4.4037154155112805,-2.1356966693183
5810000000.0,4.895623122048934,-2.949181913006152,5.833450009273778,-3.3967851375641334,4.401534847324673,-2.13248034543748,4.401534847324673,-2.13248034543748
5815000000.0,4.895105274933336,-2.9474181053390653,5.828384276061767,-3.394116640934085,4.403287439845817,-2.126522677688731,4.403287439845817,-2.126522677688731
5820000000.0,4.89458873652597,-2.9456577808302096,5.826339096175094,-3.398198483172374,4.404382907644701,-2.1298172553688017,4.404382907644701,-2.1298172553688017
5825000000.0,4.894073502442213,-2.9439009310369872,5.822903522977075,-3.39229407744181,4.3998835934499825,-2.1268350276917287,4.3998835934499825,-2.1268350276917287
5830000000.0,4.893559568315695,-2.94214754754357,5.8179814511630115,-3.391708435845497,4.3985046956077145,-2.125468483061462,4.3985046956077145,-2.125468483061462
5835000000.0,4.89304692979821,-2.9403976219607975,5.822495310769595,-3.397963701652705,4.405487645812982,-2.1255054342686734,4.405487645812982,-2.1255054342686734
5840000000.0,4.892535582559631,-2.9386511459260714,5.824036815815955,-3.399111030390504,4.40389449131111,-2.12049199746176,4.40389449131111,-2.12049199746176
5845000000.0,4.892025522287815,-2.9369081111032553,5.820605684067642,-3.393158395298852,4.405247512371507,-2.1207963882928618,4.405247512371507,-2.1207963882928618
5850000000.0,4.891516744688513,-2.935168509182571,5.819694180769687,-3.4010396761676924,4.403647142810403,-2.118486684980198,4.403647142810403,-2.118486684980198
5855000000.0,4.891009245485286,-2.9334323318804953,5.8200318181104125,-3.398469095436253,4.401358150048519,-2.110415970960417,4.401358150048519,-2.110415970960417
5860000000.0,4.8905030204194135,-2.93169957093966,5.811457242303705,-3.4012020096056186,4.403288090343136,-2.114841907752061,4.403288090343136,-2.114841907752061
5865000000.0,4.8899980652498085,-2.9299702181287524,5.821835169285485,-3.3938206068244323,4.401740014281852,-2.1101510017802485,4.401740014281852,-2.1101510017802485
5870000000.0,4.8894943757529274,-2.9282442652424105,5.813279563989515,-3.401263493132369,4.398928355244031,-2.1088974541032,4.398928355244031,-2.1088974541032
5875000000.0,4.888991947722687,-2.926521704101127,5.8205918153022616,-3.395992231182929,4.402116975026007,-2.1069793901535507,4.402116975026007,-2.1069793901535507
5880000000.0,4.888490776970374,-2.9248025265511455,5.819871770023377,-3.400071471273848,4.399518255886228,-2.106835625972049,4.399518255886228,-2.106835625972049
5885000000.0,4.887990859324564,-2.923086724464368,5.819986094926763,-3.3958106179883933,4.4019126400761035,-2.1055593085480404,4.4019126400761035,-2.1055593085480404
5890000000.0,4.887492190631031,-2.9213742897382473,5.825362418853992,-3.393410453707456,4.3978210954434065,-2.105297499879346,4.3978210954434065,-2.105297499879346
5895000000.0,4.88699476675267,-2.919665214295696,5.833988228075968,-3.3929251787035186,4.399023699316386,-2.097391586189426,4.399023699316386,-2.097391586189426
5900000000.0,4.886498583569405,-2.9179594900849852,5.8309085819805615,-3.388480237620735,4.396058541858007,-2.0981997652650297,4.396058541858007,-2.0981997652650297
5905000000.0,4.886003636978113,-2.916257109079648,5.828343361002806,-3.3867921091613074,4.397569294341023,-2.099775469360171,4.397569294341023,-2.099775469360171
5910000000.0,4.885509922892532,-2.9145580632783803,5.826968030823478,-3.388884948836254,4.3949142423113905,-2.094243063232768,4.3949142423113905,-2.094243063232768
5915000000.0,4.885017437243189,-2.912862344704948,5.828294041258342,-3.378894289089788,4.390596551670739,-2.094787622430083,4.390596551670739,-2.094787622430083
5920000000.0,4.8845261759773075,-2.9111699454080884,5.826225587624002,-3.373266170311823,4.393475319202754,-2.0918265175059045,4.393475319202754,-2.0918265175059045
5925000000.0,4.884036135058732,-2.9094808574614155,5.826762460962085,-3.373808125769631,4.39355277027359,-2.0841098590341933,4.39355277027359,-2.0841098590341933
5930000000.0,4.883547310467846,-2.907795072963323,5.82378467462233,-3.374871845055251,4.392478277509212,-2.0925235222781233,4.392478277509212,-2.0925235222781233
5935000000.0,4.883059698201487,-2.9061125840368924,5.828627502987519,-3.370196389026746,4.3955365993793745,-2.0856114777394676,4.3955365993793745,-2.0856114777394676
5940000000.0,4.882573294272872,-2.9044333828297964,5.821569325605085,-3.3710534510247645,4.3904611491021655,-2.0836243250006934,4.3904611491021655,-2.0836243250006934
5945000000.0,4.882088094711513,-2.9027574615142036,5.819839750588111,-3.3589758732841988,4.391960034179499,-2.0760095529388956,4.391960034179499,-2.0760095529388956
5950000000.0,4.88160409556314,-2.9010848122866895,5.82633275199234,-3.3674044283008406,4.390499302653595,-2.081754542392078,4.390499302653595,-2.081754542392078
5955000000.0,4.881121292889621,-2.899415427368138,5.830431328298985,-3.3713507356682513,4.391459104973667,-2.0795190837302475,4.391459104973667,-2.0795190837302475
5960000000.0,4.880639682768885,-2.897749299003654,5.832131451845571,-3.3656140472578677,4.388679162317264,-2.0761705577849394,4.388679162317264,-2.0761705577849394
5965000000.0,4.880159261294841,-2.896086419462466,5.831257663584498,-3.3634431603309825,4.390288768704236,-2.071365388129613,4.390288768704236,-2.071365388129613
5970000000.0,4.879680024577301,-2.8944267810378372,5.8408699980506,-3.363161160232934,4.386306474684664,-2.0704390575981275,4.386306474684664,-2.0704390575981275
5975000000.0,4.879201968741905,-2.8927703760469727,5.846466129756479,-3.35726635468177,4.383725272137021,-2.070702375152429,4.383725272137021,-2.070702375152429
5980000000.0,4.878725089930042,-2.8911171968309315,5.850011509841767,-3.3545479066435027,4.381577215470061,-2.0651789250742714,4.381577215470061,-2.0651789250742714
5985000000.0,4.878249384298775,-2.889467235754529,5.850698894339608,-3.34426036753787,4.381580985152249,-2.065276373983654,4.381580985152249,-2.065276373983654
5990000000.0,4.877774848020764,-2.8878204852062543,5.862187870055095,-3.3399242334775265,4.378912747991575,-2.066626252828935,4.378912747991575,-2.066626252828935
5995000000.0,4.87730147728419,-2.886176937598176,5.866922881332702,-3.3326969545814005,4.378116404810366,-2.0600259968949475,4.378116404810366,-2.0600259968949475
6000000000.0,4.876829268292683,-2.8845365853658533,5.868708069164484,-3.3207318163721737,4.37510084588906,-2.0611017079617073,4.37510084588906,-2.0611017079617073
