f_Hz,teorico_re,teorico_im,"Medido (simplificado, 3 patrones)_re","Medido (simplificado, 3 patrones)_im","Medido (completo, 4 patrones)_re","Medido (completo, 4 patrones)_im"
100000000.0,24.217873045344597,-2.0505038428780695,31.31900414505221,-1.212456293065138,24.029572397907693,-2.972132157302036
105000000.0,24.19638496322001,-2.150688528151557,31.244293857898263,-1.4784549965498652,23.98305559065307,-3.112957446087195
110000000.0,24.173898954318904,-2.250536436696141,31.271378179175677,-1.6482833205139304,23.904764564328502,-3.2585842283386817
115000000.0,24.15042201181724,-2.3500328748537167,31.23377307103381,-1.824908827896554,23.868328949193156,-3.402023264401772
120000000.0,24.125961411301944,-2.4491633292077113,31.161128098837853,-1.9535314331713662,23.76283012774688,-3.526713011580713
125000000.0,24.100524705239906,-2.547913473189822,31.118875149101296,-2.159999168104991,23.80244843325702,-3.6687772858569856
130000000.0,24.07411971726788,-2.646269173490482,31.098559761393442,-2.3942209093454685,23.695990677138322,-3.8520603036799486
135000000.0,24.04675453631107,-2.744216496267629,31.084646696082924,-2.571533460617173,23.676450641631064,-3.9771634594603142
140000000.0,24.018437510538565,-2.8417417131487537,31.05583866721743,-2.77444877990487,23.664062634895014,-4.100978898558433
145000000.0,23.989177241163773,-2.938831307021522,30.941454692707417,-2.9636064317178943,23.49851222812558,-4.2329192474509485
150000000.0,23.95898257609824,-3.0354719776086467,31.016120094865638,-3.148609207512857,23.52514316379315,-4.380901114652904
155000000.0,23.927862603467247,-3.131650646823053,30.883626186178578,-3.2858674904803924,23.413707890575818,-4.45908779603903
160000000.0,23.895826644995896,-3.227354463899734,30.879817861169848,-3.4451664696114004,23.406743717495925,-4.618059190447704
165000000.0,23.86288424927419,-3.3225708103010803,30.75170503251559,-3.611121142252692,23.236422938946852,-4.803243757474516
170000000.0,23.829045184909976,-3.417287304392838,30.78766049221789,-3.731247080858542,23.26501604720791,-4.888576227260226
175000000.0,23.79431943357839,-3.511491805888193,30.72380865575586,-3.9028836587352496,23.152433805246048,-5.037117204079071
180000000.0,23.75871718297674,-3.605172420057897,30.666214639961726,-4.1136755375147365,23.093141305194898,-5.141305640635343
185000000.0,23.7222488196936,-3.6983175017046848,30.578054325316536,-4.203977282678861,23.029771904815192,-5.2449272899653705
190000000.0,23.68492492200092,-3.7909156589005963,30.560763983289355,-4.350967764213617,22.922998152671955,-5.356202835536956
195000000.0,23.646756252577994,-3.882955756486212,30.539672945669576,-4.499991892549893,22.860423049344185,-5.489040567738472
200000000.0,23.607753751176112,-3.9744269193311434,30.442645409564545,-4.674987857733974,22.75591392679601,-5.610020616063587
205000000.0,23.5679285272325,-4.065318535355458,30.41317922679191,-4.817479620935392,22.747094267323106,-5.690417672245988
210000000.0,23.527291852442374,-4.155620258312135,30.336945136590014,-4.973615922377027,22.601862655275408,-5.78154944377579
215000000.0,23.48585515329757,-4.24532201033089,30.25337783130351,-5.10116159764162,22.52865129421923,-5.9206747012313485
220000000.0,23.4436300036003,-4.334413984224136,30.22116428200717,-5.212044888787288,22.481097175532135,-5.98403375091112
225000000.0,23.400628116960448,-4.422886645556121,30.153389288081925,-5.37862170634829,22.37663372487332,-6.121876394273598
230000000.0,23.356861339284624,-4.510730734476621,30.080437350635783,-5.52403050177866,22.262244935479018,-6.2046089998097935
235000000.0,23.312341641265142,-4.59793726732086,29.986572445844573,-5.657558054329046,22.15270237505133,-6.346362563452463
240000000.0,23.26708111087693,-4.684497537977659,29.921144189960263,-5.817512852399794,22.086691947560865,-6.4108238267555375
245000000.0,23.22109194589016,-4.770403119028101,29.89061311482393,-5.89224601793149,22.015138855223416,-6.532697554642691
250000000.0,23.174386446406317,-4.85564586265724,29.845227368703092,-6.007619832846588,21.91820086483376,-6.6206093194660145
255000000.0,23.126977007425168,-4.94021790134172,29.749667164230345,-6.179376761251571,21.853655508361683,-6.7163950865614
260000000.0,23.07887611144994,-5.024111648316374,29.67875390215069,-6.273061312490048,21.738338635241124,-6.837840028887707
265000000.0,23.030096321137822,-5.107319797823156,29.617301256247995,-6.377905702084198,21.67839859711188,-6.903233157405484
270000000.0,22.98065027200268,-5.189835325145979,29.542536541112256,-6.553806804108884,21.584611010329876,-7.026757423113483
275000000.0,22.930550665176668,-5.2716514864352515,29.482073168428283,-6.68520375206901,21.48658127332816,-7.091817406174631
280000000.0,22.879810260237214,-5.352761818326162,29.402107178399564,-6.785750081545658,21.379120929823525,-7.207055345681504
285000000.0,22.82844186810566,-5.433160137354888,29.303487018916076,-6.910069996136977,21.284063931274748,-7.274848944957313
290000000.0,22.77645834402346,-5.512840539177183,29.25841266648195,-7.005965487433199,21.2095230785221,-7.341723425914909
295000000.0,22.723872580611832,-5.5917973975938695,29.19873011233791,-7.117594474164459,21.12216862316872,-7.420065847694035
300000000.0,22.670697501020314,-5.6700253633880635,29.093791357603,-7.274462878968102,20.998751651368742,-7.509255777284695
305000000.0,22.616946052169524,-5.747519362978947,29.002670204048766,-7.35345315830909,20.894505553572788,-7.5834624117418326
310000000.0,22.562631198093225,-5.824274596897198,28.92832643282076,-7.485456467725997,20.796942736531374,-7.651956111919098
315000000.0,22.507765913384365,-5.900286538087214,28.875056732037166,-7.575136882507984,20.75262828772222,-7.746320163267812
320000000.0,22.45236317674974,-5.975550930041407,28.78723513749323,-7.6773190754416465,20.636737692690325,-7.807756849034795
325000000.0,22.396435964677497,-6.050063784771978,28.702637604889585,-7.787220193106219,20.52572569244834,-7.866791418147021
330000000.0,22.339997245221518,-6.123821380625623,28.608926928371105,-7.8840617697112965,20.4587922436073,-7.958362555444129
335000000.0,22.283059971906468,-6.196820259946751,28.52508337411181,-7.998148451628618,20.34257075961046,-7.990649250171553
340000000.0,22.22563707775702,-6.2690572265948,28.43244581103496,-8.059898160341202,20.246765502217848,-8.05835317189895
345000000.0,22.16774146945449,-6.340529343321367,28.370749146980515,-8.174125176522585,20.154296881106376,-8.125826448469137
350000000.0,22.109386021623965,-6.41123392901285,28.26494289157975,-8.306447061206061,20.04549383422519,-8.222140035507035
355000000.0,22.050583571254624,-6.481168555804348,28.172885403100377,-8.382089648244452,19.953454799138164,-8.256173821530682
360000000.0,21.991346912255786,-6.5503310460706246,28.096071362938684,-8.475508314790298,19.863017642438123,-8.333653558342792
365000000.0,21.93168879015097,-6.618719469299901,28.05372780957546,-8.596003871464257,19.797819422837417,-8.401503749203812
370000000.0,21.87162189691201,-6.68633213885627,27.964077218832482,-8.669572752016316,19.657482522432144,-8.45020056119839
375000000.0,21.81115886593496,-6.753167608636525,27.835926813612982,-8.782205097922358,19.555585276797725,-8.490581827811644
380000000.0,21.75031226715942,-6.8192246696271575,27.758190334127693,-8.856270225724408,19.481115344936587,-8.560278425367946
385000000.0,21.689094602332574,-6.884502346367262,27.69813395828224,-8.954766005141096,19.414727429775656,-8.616454142988372
390000000.0,21.62751830041909,-6.948999893323075,27.587556985446795,-9.038121271719778,19.295492769586524,-8.686351202001847
395000000.0,21.565595713157673,-7.012716791179752,27.501576506151803,-9.119705692123116,19.19575282119948,-8.717036202800799
400000000.0,21.50333911076512,-7.075652743056065,27.431758759145453,-9.210640239988038,19.11522550267114,-8.774522567658881
405000000.0,21.44076067778813,-7.137807670647504,27.33048369638306,-9.302125265013236,19.007658126504104,-8.790726845349857
410000000.0,21.37787250910337,-7.1991817103033,27.2417956490165,-9.389258998232375,18.916486125549213,-8.844965224127929
415000000.0,21.314686606065614,-7.259775209042771,27.123773915829894,-9.44786447105913,18.80071713239684,-8.883409332225478
420000000.0,21.2512148728041,-7.319588720516309,27.033157594879516,-9.546016377553855,18.724613173213438,-8.955693549770439
425000000.0,21.187469112666577,-7.378623000916282,26.945801745301246,-9.632720698954357,18.640136779057954,-8.979432768050767
430000000.0,21.123461024810716,-7.436879004842955,26.85163107236779,-9.700561020056908,18.52835939628174,-9.019302309929888
435000000.0,21.059202200942135,-7.494357881130528,26.767081929843716,-9.781417009083787,18.445891202009783,-9.062977829348457
440000000.0,20.994704122198314,-7.551060968638235,26.680571469966917,-9.849918360188031,18.358917714416364,-9.097152717767376
445000000.0,20.929978156177345,-7.606989792011325,26.59129045572082,-9.926803816192194,18.269779299040078,-9.136880158492962
450000000.0,20.86503555411046,-7.662146057416708,26.50723408127764,-10.006210649731406,18.182495269904287,-9.18342261155818
455000000.0,20.799887448177053,-7.716531648257842,26.420949148158257,-10.075610228152502,18.084362993436013,-9.219741470269518
460000000.0,20.734544848960816,-7.770148620873418,26.318487121306262,-10.154786840518284,18.00102757394585,-9.258939584426063
465000000.0,20.66901864304539,-7.822999200224177,26.239081476145994,-10.217207675829643,17.905360336402165,-9.273410864399565
470000000.0,20.60331959074801,-7.875085775572164,26.12171603637019,-10.288305634546486,17.808161540746305,-9.315473354859021
475000000.0,20.53745832398926,-7.926410896156533,26.029314987732104,-10.346223688900352,17.727506974982607,-9.355391359907562
480000000.0,20.471445344297127,-7.976977266869938,25.927573359829807,-10.416019817399606,17.626474318959787,-9.37068445732175
485000000.0,20.405291020943377,-8.026787743939353,25.83958554424967,-10.47260478592209,17.540133409361154,-9.378773598303408
490000000.0,20.339005589210156,-8.075845330615122,25.759124504304598,-10.547701396325913,17.4515641153624,-9.424082614651182
495000000.0,20.272599148784703,-8.124153172871814,25.65409194484747,-10.61189136416693,17.354141243590252,-9.441943593405467
500000000.0,20.20608166227987,-8.171714555124414,25.561291894741565,-10.676484149215145,17.27941885015749,-9.46362623817496
505000000.0,20.139462953878216,-8.218532895963172,25.464772795727182,-10.74163905233202,17.18409886508357,-9.49644620245927
510000000.0,20.07275270809722,-8.264611743910356,25.373542055196964,-10.803711257284606,17.106558783732932,-9.524486222466008
515000000.0,20.00596046867322,-8.30995477320198,25.281452706921165,-10.854430513096387,17.00967795825685,-9.534992532031254
520000000.0,19.939095637561515,-8.354565779597499,25.18011421710182,-10.928103109446047,16.911161304069783,-9.568624353369682
525000000.0,19.872167474050165,-8.398448676220267,25.094675559559644,-10.963590635356839,16.832171275110777,-9.596946220388869
530000000.0,19.80518509398478,-8.441607489431464,24.9953264971141,-11.024524252674288,16.75300507205912,-9.608999917556766
535000000.0,19.73815746910173,-8.484046354740066,24.902849481311577,-11.07965004860386,16.68926755236148,-9.632392374082798
540000000.0,19.67109342646712,-8.52576951275129,24.81157889330243,-11.133889755424303,16.602626503693383,-9.644688095561172
545000000.0,19.60400164801875,-8.566781305155827,24.728941989654807,-11.189882841860129,16.514391449325995,-9.663571464177455
550000000.0,19.53689067020838,-8.607086170762042,24.622984577135313,-11.227861570376163,16.41527562545084,-9.684437848447779
555000000.0,19.46976888374157,-8.646688641573204,24.53128153358038,-11.266625335307701,16.334195430142753,-9.684227634851492
560000000.0,19.40264453341229,-8.685593338911703,24.425458586485977,-11.334988216101756,16.256915858269203,-9.713577011474845
565000000.0,19.335525718029572,-8.72380496959202,24.34611413235613,-11.366074580732336,16.172790725869863,-9.721805095889883
570000000.0,19.268420390433395,-8.761328322144225,24.240824685643364,-11.434906387678845,16.089451875288074,-9.739719792757072
575000000.0,19.201336357597025,-8.798168263089511,24.149834045349877,-11.463601384816815,16.006189638178714,-9.756391607631432
580000000.0,19.134281280813084,-8.834329733269284,24.050742109302217,-11.520224968485325,15.918677817601852,-9.771655228416499
585000000.0,19.067262675960524,-8.869817744229156,23.959841036489937,-11.557618523204043,15.849745256777483,-9.777763772904578
590000000.0,19.000287913849743,-8.904637374659073,23.857282515363934,-11.603103551049577,15.771817998486062,-9.781940670041616
595000000.0,18.93336422064316,-8.938793766890745,23.76664573038318,-11.643514496974197,15.688061973172823,-9.792258381531418
600000000.0,18.866498678348496,-8.97229212345342,23.68071358776704,-11.689151438626997,15.618589764011416,-9.809019329223949
605000000.0,18.799698225381974,-9.005137703688893,23.593138874270306,-11.71652244475707,15.534855721438275,-9.81213202911121
610000000.0,18.732969657198886,-9.03733582042668,23.48948302137439,-11.772337832884183,15.42795206200564,-9.821191901730648
615000000.0,18.666319626988784,-9.068891836720022,23.39637816860643,-11.803620810378801,15.382037501379076,-9.817478709121383
620000000.0,18.59975464643266,-9.099811162643412,23.30369043601885,-11.835857647688291,15.296191433394405,-9.841111507529968
625000000.0,18.533281086519573,-9.130099252152212,23.221640563491253,-11.877110778229444,15.220942489908973,-9.832745752463603
630000000.0,18.466905178420085,-9.159761600004826,23.120337263596284,-11.917517042824898,15.154115772657887,-9.841782941852996
635000000.0,18.400633014414034,-9.188803738747833,23.027334746849835,-11.956704386166622,15.065060830019569,-9.851520623886294
640000000.0,18.334470548870115,-9.217231235764391,22.947931190417272,-11.980681985322597,14.989438236760368,-9.848490962763075
645000000.0,18.268423599274822,-9.245049690386162,22.857250390825676,-12.0111565310669,14.912832036282962,-9.858922309111392
650000000.0,18.202497847308322,-9.27226473106889,22.764554004378194,-12.036264733888254,14.84422661211905,-9.8489309266767
655000000.0,18.13669883996493,-9.298882012631772,22.67660178890495,-12.06719824662576,14.778238223831803,-9.85890092077741
660000000.0,18.071031990715777,-9.324907213560595,22.55961685860882,-12.09691750304463,14.685685519357065,-9.861333846933364
665000000.0,18.005502580711486,-9.350346033374626,22.49307916632226,-12.126529414421258,14.620352850701337,-9.874006250952462
670000000.0,17.940115760022522,-9.375204190057149,22.38914499278573,-12.147446786754989,14.55241119313013,-9.849569153170906
675000000.0,17.874876548915065,-9.39948741754945,22.32256271809607,-12.185178448741265,14.486223488774488,-9.859789924750041
680000000.0,17.809789839160278,-9.423201463308079,22.22504117594819,-12.213698537099061,14.412173044574631,-9.863543308856888
685000000.0,17.74486039537483,-9.44635208592506,22.1444857401,-12.247796264280991,14.33725503488798,-9.858796684422684
690000000.0,17.680092856390655,-9.468945052810737,22.061664678344073,-12.26227464974782,14.269007111852693,-9.84669840510929
695000000.0,17.615491736651936,-9.490986137938895,21.957294426253277,-12.299714505725689,14.200614319964597,-9.854061603497696
700000000.0,17.551061427637364,-9.512481119653687,21.870292997835723,-12.326799884827425,14.134541271091631,-9.864002508026935
705000000.0,17.486806199305764,-9.533435778537928,21.795591343540828,-12.348550874826921,14.069027275611756,-9.861917576834383
710000000.0,17.422730201563283,-9.55385589534225,21.698836769191324,-12.362997332715981,13.9935653800032,-9.856508697702091
715000000.0,17.35883746575024,-9.573747248974502,21.620975925140904,-12.375437398891293,13.936766837255302,-9.847262456714956
720000000.0,17.295131906146043,-9.59311561454891,21.541145012007078,-12.410194987067843,13.85355052721771,-9.842017783460056
725000000.0,17.231617321490308,-9.611966761494266,21.44745677065953,-12.42992718455547,13.789030654292798,-9.833880466190545
730000000.0,17.168297396518664,-9.630306451720564,21.350792379842737,-12.446861356175063,13.738245552415522,-9.834226726890721
735000000.0,17.105175703511552,-9.64814043784335,21.275335159835763,-12.460850233724397,13.665134209030695,-9.826057030181676
740000000.0,17.042255703854572,-9.665474461465127,21.190220358280627,-12.49693901845179,13.602046908330307,-9.819574619896295
745000000.0,16.979540749608745,-9.68231425151298,21.097821916643223,-12.511287087059817,13.531318462579316,-9.818336412893057
750000000.0,16.917034085089384,-9.69866552263178,21.006663886577627,-12.520688694316316,13.463143206451115,-9.814038423089855
755000000.0,16.854738848452065,-9.714533973632063,20.93052755295174,-12.532653266578683,13.410796754110489,-9.797370228783022
760000000.0,16.792658073284418,-9.729925285991866,20.84641982927438,-12.547381175879574,13.340713153700605,-9.796544035709285
765000000.0,16.73079469020238,-9.74484512241164,20.76979968761801,-12.560907165212218,13.275627886804136,-9.799941307151974
770000000.0,16.66915152844969,-9.75929912542143,20.68177079861122,-12.579863506299743,13.219028127616017,-9.79228915814632
775000000.0,16.6077313174994,-9.773292916039455,20.60158588749643,-12.59001937592933,13.16069288666939,-9.778012482069261
780000000.0,16.54653668865628,-9.786832092481218,20.521609963291848,-12.591517142795654,13.106805956544646,-9.782558775228999
785000000.0,16.485570176658875,-9.799922228918275,20.431946191070057,-12.625980330665595,13.026455072992846,-9.768745610359144
790000000.0,16.424834221280342,-9.812568874285759,20.361163955267823,-12.635891552720157,12.985496258167242,-9.759850321006478
795000000.0,16.364331168926824,-9.824777551137787,20.27379133351856,-12.630039340026048,12.917719353248913,-9.746621755606808
800000000.0,16.304063274232522,-9.836553754549811,20.200453033069135,-12.657538650299138,12.866997745789948,-9.742231948055041
805000000.0,16.24403270165046,-9.847902951067033,20.116443517220155,-12.661783333475473,12.800424754152617,-9.728126318009274
810000000.0,16.184241527038044,-9.85883057769794,20.038313922219288,-12.672789072384056,12.747713283945895,-9.72012141198617
815000000.0,16.12469173923657,-9.86934204095208,19.951644903599444,-12.673398404418819,12.694010457495494,-9.71202891462357
820000000.0,16.06538524164386,-9.879442715921124,19.877434400986445,-12.681462428277449,12.628585992825927,-9.699104792524448
825000000.0,16.00632385377916,-9.889137945402291,19.79628547422889,-12.694032252231281,12.577859333507213,-9.686641384757792
830000000.0,15.947509312839731,-9.898433039063255,19.71153510933788,-12.69672735245708,12.51334483889732,-9.67406450262358
835000000.0,15.888943275248213,-9.907333272647572,19.634237727422942,-12.696411493323062,12.474454790297951,-9.680248753593293
840000000.0,15.83062731819027,-9.915843887219738,19.56617071424536,-12.710471842933153,12.401568428691897,-9.668789939920886
845000000.0,15.772562941141754,-9.92397008844894,19.484742214731796,-12.713516733151074,12.351658923637778,-9.660033457086005
850000000.0,15.714751567384834,-9.931717045930611,19.412455597629386,-12.71002070426188,12.30520454144544,-9.638686775804812
855000000.0,15.657194545512585,-9.939089892544875,19.3388139795448,-12.718875080701945,12.243779912299889,-9.629806664926098
860000000.0,15.599893150921329,-9.946093723850977,19.257076613161782,-12.724691029237901,12.194762264415296,-9.613417012032706
865000000.0,15.542848587290415,-9.952733597516811,19.181618963096486,-12.726933819284888,12.140023093301016,-9.613089495546774
870000000.0,15.486061988048839,-9.959014532782666,19.10809569758494,-12.728530782346528,12.081554347959546,-9.602411658037969
875000000.0,15.429534417828325,-9.964941509958283,19.03741919282234,-12.734232673183133,12.029039072738897,-9.592978011909631
880000000.0,15.373266873902388,-9.970519469952386,18.96112055684765,-12.733663267998365,11.98712385224838,-9.577268871043088
885000000.0,15.31726028761107,-9.975753313833815,18.879240180068102,-12.73605901912538,11.923595689845314,-9.563260324936753
890000000.0,15.261515525770946,-9.980647902423382,18.810112437379527,-12.726920227284705,11.88381512738039,-9.543696752237153
895000000.0,15.206033392070026,-9.985208055915637,18.735664638952773,-12.74076276746591,11.830722767479257,-9.534649608605122
900000000.0,15.150814628447371,-9.989438553529702,18.659490091473405,-12.728490519025062,11.77953416037562,-9.520484249101038
905000000.0,15.095859916456991,-9.993344133188357,18.606028936648894,-12.745021230459052,11.733675359988535,-9.524210050050026
910000000.0,15.041169878615861,-9.996929491224517,18.51569003046094,-12.73252393967734,11.67518673240723,-9.500142189436604
915000000.0,14.986745079735819,-10.000199282114394,18.44032728451421,-12.739251978850925,11.632303905947554,-9.485989791769617
920000000.0,14.932586028239069,-10.003158118236454,18.381446421288235,-12.730468039430852,11.575083190999942,-9.465351841264521
925000000.0,14.878693177457155,-10.005810569655464,18.31214695279594,-12.739666065178309,11.542126789050178,-9.468360126663669
930000000.0,14.825066926913227,-10.008161163930808,18.241467485325302,-12.728985595670046,11.486680090849,-9.446637903321276
935000000.0,14.771707623587417,-10.010214385948377,18.178577870219698,-12.72437139324554,11.443078264586607,-9.42880508842675
940000000.0,14.718615563165237,-10.01197467777523,18.10170123484197,-12.725981861416972,11.388522913154084,-9.420731704723947
945000000.0,14.665790991268828,-10.013446438536352,18.032506260293665,-12.716777378451232,11.341796880344985,-9.39455327301133
950000000.0,14.613234104671044,-10.014634024312752,17.96216874708172,-12.722982687046196,11.30251317467537,-9.390019674951631
955000000.0,14.560945052492205,-10.015541748060224,17.89506673608613,-12.721248538524474,11.250771723352688,-9.388130060954845
960000000.0,14.508923937379521,-10.01617387954807,17.82603102122343,-12.694807416613882,11.212968589185971,-9.356630819047703
965000000.0,14.457170816669091,-10.01653464531709,17.75517371782088,-12.704546991321058,11.168292435067212,-9.343405714954264
970000000.0,14.40568570353054,-10.016628228656248,17.685914201501102,-12.693671210849022,11.12774289031115,-9.32963300470848
975000000.0,14.354468568094084,-10.016458769597234,17.618444659389123,-12.695364668655724,11.074434246310917,-9.312459335347095
980000000.0,14.303519338560278,-10.016030364926424,17.547838788451077,-12.676146564930741,11.034336053428788,-9.299031211930721
985000000.0,14.25283790229221,-10.015347068213513,17.487437568415842,-12.671033251531588,10.996253897002935,-9.299987097629117
990000000.0,14.202424106890348,-10.01441288985627,17.4197826311538,-12.676177519259035,10.950035738646536,-9.27541266425573
995000000.0,14.152277761249945,-10.013231797140762,17.3542035233889,-12.6690899307912,10.914069470474947,-9.261756401865865
1000000000.0,14.102398636601123,-10.011807714316518,17.28552798970448,-12.674400845165582,10.869275656031089,-9.237025467645616
1005000000.0,14.052786467531678,-10.010144522686033,17.22730299341335,-12.660594141233666,10.821504673454376,-9.231126097720983
1010000000.0,14.003440952992623,-10.008246060708036,17.155926979036394,-12.650542419834295,10.784829665166093,-9.212806382127932
1015000000.0,13.954361757286605,-10.006116124114007,17.09742759982913,-12.632809869537134,10.74115513262662,-9.19183798378448
1020000000.0,13.905548511039267,-10.003758466037398,17.028278092597215,-12.632517405628171,10.709542171135912,-9.16576761612953
1025000000.0,13.857000812153618,-10.00117679715504,16.95957725150393,-12.626011485902424,10.665206615352833,-9.157296062659793
1030000000.0,13.808718226747516,-9.998374785840188,16.90986419735493,-12.614515042436679,10.62408904027644,-9.151496389256017
1035000000.0,13.760700290074439,-9.995356058326808,16.847569255884643,-12.596274557713432,10.588749080612807,-9.12565192011978
1040000000.0,13.712946507427535,-9.992124198884477,16.786538179752586,-12.595657598430725,10.542473712774997,-9.120827382272582
1045000000.0,13.665456355027231,-9.988682750003587,16.718751882372683,-12.594863606625099,10.497334034212496,-9.095273281950607
1050000000.0,13.618229280892375,-9.98503521259024,16.662196353786786,-12.568075622461865,10.471206063690643,-9.087626092360974
1055000000.0,13.571264705695139,-9.98118504617051,16.597969607550574,-12.56204332166261,10.423577494551953,-9.075107461601887
1060000000.0,13.524562023599831,-9.977135669103548,16.535784091723915,-12.553476367887496,10.389424305002724,-9.051224801413976
1065000000.0,13.4781206030857,-9.972890458803183,16.478630027835248,-12.54884365120388,10.354113290158535,-9.036361685718523
1070000000.0,13.431939787753908,-9.968452751967511,16.414682154100348,-12.535559559138724,10.318043937093867,-9.017028968387894
1075000000.0,13.386018897118884,-9.963825844816183,16.358943583716105,-12.516861794955865,10.276315354908728,-9.001281031937793
1080000000.0,13.340357227384125,-9.95901299333491,16.297565771463997,-12.513122407964316,10.236948964268525,-8.98844809683151
1085000000.0,13.294954052202659,-9.954017413526852,16.237958768133375,-12.510307257794887,10.198292348770249,-8.973325277766415
1090000000.0,13.249808623422357,-9.948842281670506,16.185737328235906,-12.491549479721888,10.163987925959413,-8.950360160260502
1095000000.0,13.204920171816187,-9.94349073458374,16.11077356089648,-12.477481422953211,10.128332203292485,-8.92477002432064
1100000000.0,13.160287907797706,-9.937965869893649,16.059049995988342,-12.465802566406675,10.086077626549027,-8.926754164961277
1105000000.0,13.115911022121814,-9.932270746311831,16.001963387355108,-12.452099640830033,10.06729990256121,-8.908594230273943
1110000000.0,13.07178868657109,-9.926408383914842,15.943401814801295,-12.44279639167462,10.03422097845917,-8.892072282904381
1115000000.0,13.027920054627781,-9.920381764429434,15.891814195399318,-12.43564746436862,9.99242570400302,-8.870936269433392
1120000000.0,12.984304262131726,-9.914193831522338,15.835073436989896,-12.421353948765656,9.957472498902135,-8.854309371858882
1125000000.0,12.940940427924286,-9.907847491094214,15.774023074373485,-12.40903594218395,9.92253214609193,-8.841052323395358
1130000000.0,12.897827654478572,-9.901345611577577,15.72956822377637,-12.399033025742854,9.89538258770059,-8.822962763724762
1135000000.0,12.854965028516077,-9.894691024238327,15.666898547201287,-12.384228051541658,9.851235507866267,-8.81017018790299
1140000000.0,12.812351621609984,-9.887886523480685,15.615707026810043,-12.368673802108198,9.826383288623097,-8.785153205935625
1145000000.0,12.769986490775207,-9.8809348671552,15.55788004692948,-12.35743414656537,9.78885057232608,-8.768249422059991
1150000000.0,12.727868679045528,-9.873838776869663,15.5074016950858,-12.343127700581823,9.764430475902264,-8.762720385716573
1155000000.0,12.685997216037851,-9.86660093830261,15.448686283605257,-12.332779874607184,9.721387986028411,-8.738528504664167
1160000000.0,12.64437111850388,-9.85922400151919,15.391402573031238,-12.306154500356593,9.689965644759361,-8.727436293104128
1165000000.0,12.60298939086936,-9.851710581289215,15.33902353463495,-12.298693461865684,9.651785738611755,-8.706481585841752
1170000000.0,12.561851025761076,-9.844063257407115,15.295567449589248,-12.282001011249692,9.631648000073536,-8.682053726502225
1175000000.0,12.520955004521799,-9.836284575013604,15.2395849710393,-12.264601692642254,9.597281048748448,-8.671911827094302
1180000000.0,12.480300297713399,-9.828377044918888,15.18592956768589,-12.249230022019884,9.559806001365516,-8.650176119781555
1185000000.0,12.43988586560824,-9.82034314392714,15.139366210500446,-12.242350343966361,9.533172973577747,-8.638827748337999
1190000000.0,12.399710658669157,-9.81218531516213,15.082222465225371,-12.214702247918092,9.499197987217384,-8.623164303244002
1195000000.0,12.359773618018082,-9.803905968393783,15.037283613802918,-12.21063070018755,9.467315138725887,-8.602334976326183
1200000000.0,12.3200736758936,-9.795507480365476,14.984975808233623,-12.189409625900996,9.436414164396421,-8.586297624982555
1205000000.0,12.280609756097562,-9.786992195121952,14.941403468536368,-12.17335803198181,9.416022153632346,-8.580554732657903
1210000000.0,12.241380774430977,-9.778362424337637,14.892082079782966,-12.159113552148748,9.380284879923998,-8.558615155810363
1215000000.0,12.202385639119342,-9.769620447645229,14.841023667784542,-12.139787325277492,9.350786194549032,-8.536930077618495
1220000000.0,12.163623251227616,-9.76076851296441,14.800678279591658,-12.132162505783006,9.319041258139297,-8.519474447888724
1225000000.0,12.12509250506498,-9.751808836830499,14.74969138949986,-12.102009138817877,9.289701767741505,-8.496175082407369
1230000000.0,12.086792288579623,-9.742743604722964,14.71833253367131,-12.0937544672973,9.258064788739349,-8.483538912050625
1235000000.0,12.048721483743673,-9.733574971393605,14.665546379949456,-12.072574622375724,9.226901452443597,-8.470339684384212
1240000000.0,12.010878966928482,-9.724305061194313,14.632524384490962,-12.062421786846144,9.210535683839723,-8.446177124872166
1245000000.0,11.973263609270441,-9.714935968404252,14.58843911030485,-12.043673241526688,9.170755081318308,-8.427444121873771
1250000000.0,11.935874277027494,-9.705469757556397,14.553849053554746,-12.033245646633773,9.14318280660369,-8.426327842851627
1255000000.0,11.8987098319265,-9.695908463763233,14.505575670466204,-12.017482336799336,9.121968545710727,-8.397687554163056
1260000000.0,11.861769131501662,-9.68625409304159,14.45713611342018,-12.016301733806998,9.090887471301343,-8.389362421118943
1265000000.0,11.825051029424149,-9.676508622636462,14.40334723839229,-11.998470613372781,9.06244604431231,-8.368313943923141
1270000000.0,11.788554375823107,-9.666674001343722,14.368625494345217,-11.993846036637393,9.037254217558747,-8.3625495478888
1275000000.0,11.752278017598195,-9.65675214983164,14.323995737403934,-11.981604147178187,9.006305633999272,-8.332910287499699
1280000000.0,11.716220798723837,-9.646744960961112,14.276361926076879,-11.975427564976734,8.983131903973302,-8.320857529416228
1285000000.0,11.680381560545332,-9.636654300104516,14.22094918672013,-11.961803765711249,8.952990460387557,-8.305389388189813
1290000000.0,11.644759142067004,-9.626482005463108,14.17634902865235,-11.946112411991127,8.931913595671096,-8.295264443299954
1295000000.0,11.60935238023252,-9.616229888382898,14.132937894857799,-11.927199619642508,8.905300665070483,-8.271594405149589
1300000000.0,11.57416011019755,-9.605899733668895,14.092936304492913,-11.92126531497978,8.878522830863746,-8.253570950618277
1305000000.0,11.539181165594925,-9.595493299897695,14.042622151695868,-11.908592953575043,8.855268925774297,-8.24823545630818
1310000000.0,11.50441437879244,-9.585012319728312,14.001156947354815,-11.888358377409864,8.826428559149644,-8.211613967221593
1315000000.0,11.469858581143427,-9.57445850021121,13.944376724856616,-11.876503664535454,8.801633300880386,-8.20255364672415
1320000000.0,11.43551260323031,-9.563833523095443,13.910357585579755,-11.85976101169834,8.769328099632332,-8.187312178052462
1325000000.0,11.401375275101206,-9.553139045133918,13.86455161065861,-11.843143079865257,8.74926489413203,-8.17035820221917
1330000000.0,11.367445426499781,-9.542376698386624,13.821382337996337,-11.819964913255271,8.730471791278388,-8.144022322728883
1335000000.0,11.333721887088466,-9.531548090521888,13.767126313122905,-11.808615205056528,8.68465271694434,-8.137295307779796
1340000000.0,11.300203486665179,-9.520654805115498,13.728331790093831,-11.790105952249583,8.673028030199884,-8.131582018338204
1345000000.0,11.266889055373714,-9.509698401947762,13.688015347260878,-11.780843807819044,8.649604832383028,-8.101612198760654
1350000000.0,11.233777423907878,-9.498680417298376,13.638866280151406,-11.752189089033168,8.624331589733613,-8.088997981931351
1355000000.0,11.20086742370958,-9.487602364239088,13.604709362226238,-11.737293729739227,8.605050442265895,-8.072609265226498
1360000000.0,11.168157887160945,-9.476465732924154,13.552331709617839,-11.717666075755297,8.577601047126812,-8.057953710053233
1365000000.0,11.1356476477706,-9.465271990878493,13.513578709868273,-11.696349471943885,8.546818279708235,-8.036539117158268
1370000000.0,11.103335540354276,-9.454022583283564,13.47240808669225,-11.670236480192099,8.523834045263374,-8.030893957103746
1375000000.0,11.071220401209821,-9.442718933260895,13.434711245853013,-11.662709168362014,8.504765937415169,-8.014076885777055
1380000000.0,11.03930106828679,-9.431362442153286,13.396888714365447,-11.638846261217532,8.479161778366265,-7.993004409472684
1385000000.0,11.007576381350656,-9.419954489803587,13.348672382752609,-11.622277564624541,8.453350482209188,-7.978174801007358
1390000000.0,10.976045182141863,-9.40849643483111,13.303974934534107,-11.60858167093774,8.426789807594934,-7.9672842686901255
1395000000.0,10.944706314529752,-9.396989614905605,13.268299893546613,-11.593334915275541,8.409562543849807,-7.946139965870442
1400000000.0,10.913558624661508,-9.385435347018788,13.230720383854832,-11.573670323324256,8.385099491051458,-7.935940812684415
1405000000.0,10.882600961106267,-9.373834927753427,13.199880096055509,-11.554003444405835,8.371260663748464,-7.916792162006024
1410000000.0,10.851832174994414,-9.362189633549919,13.156077092820574,-11.533130291224511,8.343487476244439,-7.897875905062659
1415000000.0,10.821251120152304,-9.350500720970446,13.120856906355309,-11.5180211280118,8.323436459686592,-7.883996334558781
1420000000.0,10.790856653232378,-9.338769426960557,13.081648335820342,-11.50132859384912,8.2973458359415,-7.863458450338647
1425000000.0,10.760647633838877,-9.326996969108299,13.049356649966528,-11.476123784962114,8.279543728620034,-7.8489866550860485
1430000000.0,10.730622924649218,-9.31518454590081,13.015676112159888,-11.454567907511128,8.25951607108318,-7.829991969333873
1435000000.0,10.70078139153113,-9.303333336978392,12.969842589599688,-11.442108895319665,8.229102659269964,-7.816731385242264
1440000000.0,10.671121903655672,-9.291444503386066,12.931578023825345,-11.41776780156225,8.21843004710733,-7.801509805418822
1445000000.0,10.641643333606204,-9.279519187822576,12.89592097178553,-11.404932473767834,8.188660073852905,-7.788727102990559
1450000000.0,10.612344557483418,-9.267558514886886,12.858951138400599,-11.383507385958383,8.171182129743878,-7.771459922472109
1455000000.0,10.583224455006548,-9.255563591322124,12.813161398647823,-11.361385573479888,8.14767383755988,-7.753370881579054
1460000000.0,10.554281909610781,-9.24353550625699,12.77950309866755,-11.349080129132663,8.128898713633733,-7.742344644339077
1465000000.0,10.525515808541059,-9.231475331444656,12.749400035417777,-11.329916607108597,8.107064269207944,-7.722079219212311
1470000000.0,10.49692504294226,-9.21938412149909,12.708426186652511,-11.313122657954283,8.085607917320786,-7.707980736315763
1475000000.0,10.468508507945936,-9.207262914128895,12.674060330669862,-11.301236660735551,8.073954973972873,-7.697904733645893
1480000000.0,10.440265102753601,-9.1951127303686,12.637830763420942,-11.272593791131865,8.043980904682385,-7.680801381436578
1485000000.0,10.412193730716751,-9.182934574807442,12.594409258765808,-11.25362061915937,8.02900298329383,-7.6683133543290385
1490000000.0,10.384293299413603,-9.17072943581563,12.553211978373836,-11.237657889810466,8.007775793526909,-7.652815602027521
1495000000.0,10.35656272072271,-9.1584982857681,12.52491137362882,-11.21353417404633,7.985827959938953,-7.637858037367128
1500000000.0,10.32900091089348,-9.14624208126579,12.485124189829017,-11.204121509662475,7.97359690346898,-7.614547316347886
1505000000.0,10.301606790613718,-9.133961763354403,12.45294443996394,-11.18287664299963,7.945984704257131,-7.605159866610211
1510000000.0,10.2743792850742,-9.121658257740709,12.415678628656297,-11.17208796843735,7.929868249717362,-7.588542453291951
1515000000.0,10.247317324030453,-9.109332475006367,12.383456938091772,-11.14359345273471,7.913183533863171,-7.57923873520087
1520000000.0,10.220419841861705,-9.096985310819287,12.351645158390559,-11.130622112041678,7.890831546061186,-7.560866703556931
1525000000.0,10.193685777627168,-9.084617646142563,12.313392619868099,-11.110964444789593,7.8781954005056205,-7.545554530177474
1530000000.0,10.167114075119656,-9.072230347440948,12.282331810502992,-11.09508675888161,7.861993911135054,-7.53193436928676
1535000000.0,10.140703682916651,-9.059824266884917,12.250557511715478,-11.065148924221736,7.84179285284435,-7.521759120821635
1540000000.0,10.11445355442886,-9.047400242552325,12.213397303691952,-11.059577943445767,7.82002272402858,-7.5090281642791865
1545000000.0,10.088362647946326,-9.034959098627668,12.193943191530687,-11.026656759388533,7.811825245486575,-7.48586089441773
1550000000.0,10.062429926682185,-9.022501645598952,12.157009918568471,-11.008874683030212,7.779846867087763,-7.479121719367934
1555000000.0,10.03665435881411,-9.01002868045222,12.11642161964705,-10.99485247571187,7.773957254716236,-7.463961757409211
1560000000.0,10.011034917523467,-8.997540986863704,12.088809906313454,-10.966315952843567,7.7547892275116626,-7.454660968606987
1565000000.0,9.985570581032352,-8.985039335389658,12.062460986079914,-10.940286076834889,7.741573831074496,-7.430948399250031
1570000000.0,9.960260332638423,-8.972524483653862,12.032876982823026,-10.929202729504444,7.715930667317921,-7.4311055935963415
1575000000.0,9.935103160747712,-8.959997176532829,12.005125594169996,-10.90450117366252,7.702998491359666,-7.414693884406208
1580000000.0,9.910098058905403,-8.94745814633873,11.966361072584032,-10.890091333405017,7.6927092850982115,-7.393037382186433
1585000000.0,9.88524402582463,-8.934908113000038,11.94179915240355,-10.862494435524782,7.676056646974149,-7.377091357264539
1590000000.0,9.860540065413392,-8.922347784239932,11.902430517377915,-10.845351012774742,7.659544744485199,-7.360430870102509
1595000000.0,9.835985186799608,-8.909777855752465,11.868241646579056,-10.837094141129372,7.641590781032756,-7.353391785113812
1600000000.0,9.811578404354346,-8.897199011376507,11.838719900508815,-10.814281748754338,7.625141073342801,-7.330763212743476
1605000000.0,9.787318737713322,-8.884611923267514,11.813712635768331,-10.795623880206868,7.604627183207137,-7.3237015319692516
1610000000.0,9.763205211796686,-8.872017252067078,11.780956710491395,-10.777097973987953,7.597963634605343,-7.304939188759472
1615000000.0,9.73923685682714,-8.859415647070364,11.752689428489159,-10.753207539816048,7.571301350017134,-7.291798864743945
1620000000.0,9.715412708346467,-8.846807746391363,11.716893394380445,-10.733719244959484,7.552363459060791,-7.278085305368796
1625000000.0,9.691731807230468,-8.834194177126047,11.686553880413294,-10.717333707263954,7.546332876886474,-7.278540791168916
1630000000.0,9.668193199702415,-8.821575555513418,11.66153932841387,-10.693260908217393,7.534912025706066,-7.245681954386737
1635000000.0,9.644795937344988,-8.808952487094453,11.633113929054053,-10.676260002074335,7.511991353428459,-7.234479110547447
1640000000.0,9.62153907711081,-8.796325566869013,11.604787539606543,-10.646508623262013,7.491974689176949,-7.22589148865529
1645000000.0,9.59842168133158,-8.783695379450673,11.580819863251804,-10.63395138043437,7.4749614773393676,-7.20337701520166
1650000000.0,9.575442817725854,-8.771062499219562,11.548681315081282,-10.616653663346925,7.465914330587428,-7.190542839738468
1655000000.0,9.552601559405517,-8.758427490473162,11.512026548490727,-10.597183895639834,7.44409568091002,-7.183185532784193
1660000000.0,9.529896984880985,-8.74579090757514,11.497717600583597,-10.573569346223985,7.434181442422276,-7.156551505791628
1665000000.0,9.50732817806518,-8.733153295102202,11.468299390697233,-10.557103244656082,7.420931057747882,-7.148346029971231
1670000000.0,9.484894228276294,-8.720515187989015,11.44091535238395,-10.537984449211846,7.402368436130757,-7.132744495122036
1675000000.0,9.462594230239409,-8.707877111671172,11.41558038916815,-10.523845890980398,7.3881854887372045,-7.120720410338307
1680000000.0,9.440427284086985,-8.69523958222628,11.385301332113448,-10.495413227042874,7.368729000692927,-7.0980321912293896
1685000000.0,9.41839249535826,-8.68260310651314,11.366891589436591,-10.480038055883204,7.3546572188138,-7.089391934169128
1690000000.0,9.396488974997597,-8.669968182309065,11.339981252431878,-10.458722223644338,7.342349607198912,-7.0782414516722785
1695000000.0,9.374715839351808,-8.657335298445345,11.312603182573275,-10.435922266696798,7.32611109622589,-7.058674878564906
1700000000.0,9.35307221016648,-8.64470493494089,11.286398547282872,-10.419088192847777,7.311010888532218,-7.0498034020919045
1705000000.0,9.331557214581366,-8.632077563134056,11.255118974734152,-10.38906327027561,7.295542033763818,-7.032814993461189
1710000000.0,9.310169985124809,-8.619453645812682,11.238576239295398,-10.368659644317832,7.280526439400823,-7.017019477458904
1715000000.0,9.288909659707311,-8.606833637342364,11.214829582914755,-10.352515585972396,7.275156782063335,-7.008647396757954
1720000000.0,9.2677753816142,-8.594217983792973,11.196413495912426,-10.330255134319296,7.255001442827246,-6.9918898466179495
1725000000.0,9.24676629949748,-8.581607123063439,11.1819826348178,-10.310416095633608,7.245186507962908,-6.9824279604744355
1730000000.0,9.225881567366855,-8.569001485004831,11.148364338461258,-10.280949716671707,7.2298558318130866,-6.964863165683012
1735000000.0,9.205120344579964,-8.55640149154174,11.13151808290747,-10.258547534928594,7.210662703048212,-6.959810353909527
1740000000.0,9.184481795831884,-8.543807556791991,11.114289532082694,-10.24263124051427,7.207201398217792,-6.938699314429291
1745000000.0,9.163965091143872,-8.531220087184705,11.096933907025102,-10.222829386055185,7.188752096276679,-6.92689599049293
1750000000.0,9.143569405851402,-8.518639481576717,11.071864779499187,-10.213172788334838,7.17366832035693,-6.917016514838301
1755000000.0,9.123293920591543,-8.506066131367383,11.05087949954907,-10.200395370728026,7.1616058248643535,-6.9015991177878435
1760000000.0,9.10313782128965,-8.493500420611808,11.03879895339283,-10.182093728605125,7.1600786461029085,-6.887868026149197
1765000000.0,9.083100299145437,-8.480942726132463,11.014207428335842,-10.167826770317992,7.142017560689907,-6.874702215315498
1770000000.0,9.063180550618434,-8.468393417629281,10.99437331258531,-10.1603659056853,7.116959100162935,-6.867263315893561
1775000000.0,9.043377777412847,-8.455852857788177,10.974259185809622,-10.144591446584542,7.11347184738223,-6.850365583119515
1780000000.0,9.023691186461857,-8.443321402388074,10.957059769193833,-10.137448886630843,7.098553714884312,-6.829393544233345
1785000000.0,9.004119989911363,-8.430799400406412,10.938006413252388,-10.121283357082284,7.086328118383373,-6.822867867146566
1790000000.0,8.984663405103213,-8.418287194123184,10.910429716514392,-10.107369130832808,7.0738709762181875,-6.810282608029281
1795000000.0,8.96532065455791,-8.405785119223495,10.891431813702912,-10.097808208440773,7.057984579500912,-6.800759325908172
1800000000.0,8.946090965956842,-8.393293504898669,10.866418182311254,-10.07948584708736,7.04982360297204,-6.781599473336089
1805000000.0,8.926973572124039,-8.380812673945943,10.844307539791494,-10.069536470287577,7.042648407397082,-6.773802967544085
1810000000.0,8.907967711007478,-8.368342942866738,10.819531366957795,-10.054017121101875,7.027789587653108,-6.756991658616187
1815000000.0,8.889072625659965,-8.355884621963524,10.795750685759497,-10.043559479135327,7.007272949775255,-6.746399792869026
1820000000.0,8.870287564219595,-8.343438015435336,10.773052378379475,-10.03383804283327,6.998605335367826,-6.736202912539804
1825000000.0,8.851611779889815,-8.331003421471902,10.747243792720498,-10.012422060006315,6.978314284007917,-6.726347872402564
1830000000.0,8.833044530919107,-8.31858113234644,10.730970482922439,-10.004208909149856,6.9753565201511805,-6.706760853538714
1835000000.0,8.814585080580311,-8.30617143450713,10.705554386583238,-9.99388859584346,6.963131092212939,-6.693588337249806
1840000000.0,8.796232697149597,-8.293774608667277,10.674260585955029,-9.978166968452463,6.947378373587407,-6.680926897108924
1845000000.0,8.777986653885094,-8.281390929894187,10.65703624899015,-9.962913723780238,6.943219362406017,-6.666988647867495
1850000000.0,8.75984622900522,-8.26902066769674,10.626471010789826,-9.93959741476562,6.918510574613816,-6.654624535622264
1855000000.0,8.741810705666701,-8.256664086111755,10.609710136019306,-9.929902662648306,6.914406965787772,-6.6410715388679105
1860000000.0,8.723879371942285,-8.244321443789055,10.590534301407951,-9.903088630409373,6.899194577658606,-6.626342230999991
1865000000.0,8.706051520798198,-8.231992994075355,10.547968046238244,-9.90522420201188,6.884220160941037,-6.62668966218823
1870000000.0,8.688326450071349,-8.21967898509691,10.529373066083343,-9.883333602615158,6.878832988107407,-6.605312465443293
1875000000.0,8.670703462446241,-8.207379659840974,10.508533511790795,-9.849577377534699,6.870285634965875,-6.583874525068648
1880000000.0,8.653181865431696,-8.195095256236089,10.481491969592428,-9.843439637687304,6.8514640738603765,-6.583122026613036
1885000000.0,8.635760971337334,-8.1828260072312,10.453592016340242,-9.833836230273608,6.8370550002166315,-6.573289647308042
1890000000.0,8.618440097249831,-8.170572140873633,10.437653795128073,-9.82090901715729,6.837548834760124,-6.549256469182639
1895000000.0,8.601218565008988,-8.158333880385928,10.418979107135828,-9.798099167971285,6.814645071497892,-6.550133994945865
1900000000.0,8.584095701183621,-8.146111444241575,10.390224130627658,-9.784280722450925,6.80999657693946,-6.5321617343224005
1905000000.0,8.567070837047238,-8.133905046239615,10.37878748585215,-9.782587676228246,6.795371772013051,-6.520272665820505
1910000000.0,8.550143308553597,-8.121714895578187,10.357174110059281,-9.745823054492666,6.786258526805812,-6.500729134709555
1915000000.0,8.533312456312068,-8.10954119692698,10.32596530471124,-9.736117058791633,6.761185135796946,-6.503136461711856
1920000000.0,8.516577625562864,-8.097384150498646,10.303133443028994,-9.712973893856626,6.754321449180454,-6.47834355335482
1925000000.0,8.499938166152132,-8.085243952119141,10.27809615829204,-9.69460340558413,6.749024499948148,-6.4705192285424555
1930000000.0,8.483393432506924,-8.07312079329706,10.25911579332109,-9.67408633476309,6.736897588690795,-6.462681081919917
1935000000.0,8.466942783610044,-8.061014861291946,10.238494185560254,-9.658631644515577,6.715537845282805,-6.445922480695485
1940000000.0,8.450585582974778,-8.048926339181605,10.21832769197943,-9.644860467517168,6.712718480866901,-6.434558447178736
1945000000.0,8.434321198619534,-8.036855405928415,10.194706717492357,-9.62211035549059,6.699718411668226,-6.418262479246695
1950000000.0,8.418149003042396,-8.024802236444682,10.170126354342765,-9.600402169792115,6.691185803828523,-6.407173700229345
1955000000.0,8.402068373195581,-8.012767001657014,10.152848362465932,-9.578561846178573,6.684228864194411,-6.397380385446947
1960000000.0,8.386078690459822,-8.000749868569763,10.136732385096261,-9.562949133125626,6.668129939564658,-6.381158276310794
1965000000.0,8.370179340618693,-7.988751000327521,10.105754287214722,-9.545116325357311,6.658148312939553,-6.373573140633213
1970000000.0,8.354369713832867,-7.976770556276709,10.087706086736208,-9.526445339062764,6.645506971046948,-6.363115675146286
1975000000.0,8.33864920461432,-7.964808692026226,10.071112420706703,-9.508279297558241,6.636094840956268,-6.3488723143221195
1980000000.0,8.323017211800494,-7.952865559507236,10.047372372031424,-9.481498318046876,6.623255174101547,-6.334700973270122
1985000000.0,8.30747313852841,-7.940941307032047,10.032668095432843,-9.471924655162752,6.616531775905398,-6.3276022164597245
1990000000.0,8.292016392208772,-7.929036079352134,10.008968856102706,-9.451414027895765,6.6127323530923885,-6.319130673555292
1995000000.0,8.276646384500015,-7.917150017715281,9.989938505356413,-9.429007950405119,6.595262421302015,-6.306485414840812
2000000000.0,8.261362531282359,-7.905283259921904,9.966875716154146,-9.414334080630809,6.58289268636697,-6.291302334930771
2005000000.0,8.246164252631827,-7.893435940380509,9.948785055207203,-9.397776820979303,6.56935393683512,-6.281207701415797
2010000000.0,8.23105097279428,-7.881608190162347,9.926505181362524,-9.381014075161158,6.564626637090344,-6.269654224095783
2015000000.0,8.21602212015943,-7.8698001370552415,9.904492504741281,-9.361198325579199,6.547494856136974,-6.26072669056966
2020000000.0,8.201077127234868,-7.858011905616629,9.88673688760063,-9.3402248450871,6.545710512798695,-6.2513958059915575
2025000000.0,8.186215430620084,-7.846243617225799,9.874059966961916,-9.32153124019048,6.533615013137939,-6.240240224130818
2030000000.0,8.171436470980534,-7.834495390135355,9.851183206303268,-9.315481513798442,6.516395869400485,-6.229025004400811
2035000000.0,8.156739693021683,-7.822767339521915,9.832066190374007,-9.290380969172356,6.512351895100862,-6.217465789228731
2040000000.0,8.142124545463117,-7.811059577536056,9.817628339500171,-9.27345842359209,6.505909871153642,-6.202412899938065
2045000000.0,8.12759048101264,-7.799372213351501,9.79900906634108,-9.255881379880464,6.496232132252693,-6.196931784788216
2050000000.0,8.11313695634043,-7.787705353213573,9.788545962749716,-9.241157530772302,6.486287875995876,-6.18359838090989
2055000000.0,8.098763432053243,-7.776059100486946,9.766519314911383,-9.220767528824538,6.478743020045281,-6.171322129516214
2060000000.0,8.084469372668618,-7.764433555702648,9.74940012612577,-9.20787790482348,6.4698725226695135,-6.163503232639524
2065000000.0,8.070254246589164,-7.7528288166043815,9.729441874919905,-9.190162866590136,6.457725651095055,-6.155139576927368
2070000000.0,8.056117526076887,-7.741244978194146,9.71703626692049,-9.167064111405871,6.450370387225297,-6.14089707359829
2075000000.0,8.042058687227563,-7.729682132777173,9.696960060273815,-9.155608988324035,6.439908532390362,-6.131174364754657
2080000000.0,8.028077209945172,-7.71814037000618,9.681031116199676,-9.136337548077558,6.432544467929696,-6.119214322372628
2085000000.0,8.014172577916396,-7.7066197769249865,9.664706121652372,-9.126043567274316,6.422164641341699,-6.108488093598686
2090000000.0,8.000344278585176,-7.695120438011431,9.652968389871207,-9.10947386701325,6.420278397756415,-6.09760603774439
2095000000.0,7.98659180312734,-7.683642435219687,9.633289598844833,-9.093941634782473,6.4059956320190565,-6.0869946985597725
2100000000.0,7.972914646425297,-7.672185848021913,9.61746056380767,-9.076980798928389,6.394897091070162,-6.078943916592048
2105000000.0,7.959312307042806,-7.660750753449282,9.593723226215987,-9.067472471918613,6.384134632673465,-6.070826082345129
2110000000.0,7.945784287199828,-7.649337226132402,9.576986916555681,-9.050739757779095,6.377861184375022,-6.0576625648284095
2115000000.0,7.932330092747442,-7.637945338341119,9.563454355921843,-9.031390155115847,6.3694143351914185,-6.044289351286752
2120000000.0,7.918949233142861,-7.6265751600237195,9.543690684959165,-9.018399491828719,6.361931179460218,-6.036038052124164
2125000000.0,7.905641221424517,-7.615226758845538,9.525985970708522,-9.003192635125675,6.357132001709826,-6.027253740947633
2130000000.0,7.892405574187242,-7.603900200226996,9.51128635962062,-8.989687418825934,6.3495975653035215,-6.018477637972659
2135000000.0,7.879241811557533,-7.59259554738105,9.49291484249828,-8.972477382683412,6.338253702502397,-6.0056177286199794
2140000000.0,7.866149457168914,-7.581312861350079,9.474171358807304,-8.957151887856545,6.328581809494592,-5.99565408187778
2145000000.0,7.853128038137389,-7.57005220104222,9.456607962062304,-8.94314312157228,6.319706441800692,-5.981916953921359
2150000000.0,7.840177085036987,-7.558813623267138,9.439602674890816,-8.922562449061662,6.314842664227217,-5.975801082280311
2155000000.0,7.827296131875412,-7.5475971827712796,9.425405310607598,-8.904111254591502,6.309619263405723,-5.9699508533371075
2160000000.0,7.81448471606979,-7.536402932272558,9.41201745088394,-8.889411022040045,6.298898833481917,-5.95191028922712
2165000000.0,7.801742378422515,-7.525230922494548,9.397948410485085,-8.866595406421004,6.288611848041576,-5.947352042387579
2170000000.0,7.789068663097204,-7.514081202200137,9.375881961049005,-8.85542746997605,6.287886833019596,-5.9347535870106825
2175000000.0,7.776463117594751,-7.502953818224672,9.35986402036112,-8.843491480062678,6.273234414332768,-5.92669174597804
2180000000.0,7.763925292729495,-7.49184881550861,9.34315798134415,-8.819232218039458,6.2653673909078185,-5.914186521995172
2185000000.0,7.751454742605489,-7.480766237129661,9.329821043467067,-8.801890612581548,6.255068466634292,-5.905716032786608
2190000000.0,7.739051024592884,-7.469706124334457,9.316464133876998,-8.78368122792142,6.242182678805915,-5.894442734831141
2195000000.0,7.726713699304424,-7.458668516569721,9.295190129970267,-8.774084941633792,6.242568726108249,-5.886171714781523
2200000000.0,7.71444233057205,-7.447653451512975,9.283336275859403,-8.754592642069047,6.230337564310392,-5.876435799268941
2205000000.0,7.70223648542362,-7.436660965102781,9.264617764829493,-8.737747057446754,6.228428039482704,-5.869413321711197
2210000000.0,7.690095734059748,-7.425691091568508,9.256553044441112,-8.717893669009186,6.218496177113397,-5.855111910409165
2215000000.0,7.678019649830752,-7.414743863459664,9.239865575884247,-8.707572464265784,6.211357187874476,-5.848465308868998
2220000000.0,7.666007809213726,-7.403819311674761,9.22163108829773,-8.683793710655054,6.204146896274129,-5.834098643116105
2225000000.0,7.65405979178972,-7.3929174654897585,9.204808107489207,-8.671601308864437,6.196573536107349,-5.825190026868748
2230000000.0,7.642175180221058,-7.382038352586055,9.192354661735193,-8.653125563577316,6.186102012014799,-5.819499106453145
2235000000.0,7.630353560228752,-7.37118199907807,9.17865333726153,-8.639260985376513,6.184935227237436,-5.804671232338789
2240000000.0,7.618594520570059,-7.3603484295403865,9.165877480214727,-8.619951288448107,6.174455478578027,-5.792669614617454
2245000000.0,7.606897653016148,-7.349537667034492,9.146565062835206,-8.603482081962527,6.168706386937471,-5.789128567767602
2250000000.0,7.595262552329887,-7.338749733135108,9.133637451256236,-8.586265370482431,6.156892975623063,-5.7779007321601155
2255000000.0,7.583688816243763,-7.327984647956105,9.12568990012151,-8.56857081174054,6.15680877418159,-5.769125172535745
2260000000.0,7.572176045437921,-7.317242430176037,9.112145396701383,-8.554710709575513,6.146130852918386,-5.7561224588506334
2265000000.0,7.560723843518325,-7.306523097063284,9.103306776540947,-8.53605956113289,6.14252142348347,-5.745297377032374
2270000000.0,7.549331816995046,-7.295826664500783,9.085018819685528,-8.52096328368372,6.130203443657046,-5.737577817038092
2275000000.0,7.53799957526068,-7.285153147010421,9.079739841900611,-8.506634368681635,6.124213484952604,-5.727009414819882
2280000000.0,7.52672673056888,-7.2745025577770175,9.061117952803375,-8.486883969570584,6.113180154668632,-5.721816356459785
2285000000.0,7.51551289801303,-7.263874908671965,9.045090042373767,-8.468910431979712,6.114791668888975,-5.710424241533982
2290000000.0,7.5043576955050355,-7.253270210276485,9.037884566004326,-8.451556087156138,6.1038198973576865,-5.703469532756248
2295000000.0,7.493260743754237,-7.242688471904538,9.021563078278485,-8.435901805558393,6.097586239224694,-5.69199623541401
2300000000.0,7.482221666246469,-7.232129701625394,9.007026309215759,-8.4162412203826,6.093008676973529,-5.681663928219035
2305000000.0,7.471240089223223,-7.221593906285819,8.998636080828334,-8.405786408544213,6.084811179992915,-5.674324503153841
2310000000.0,7.460315641660959,-7.211081091531964,8.98867651084145,-8.38573631693639,6.080839218751058,-5.661070212721171
2315000000.0,7.449447955250528,-7.200591261830883,8.970383796382766,-8.373573312524613,6.069765104644409,-5.654813780455596
2320000000.0,7.438636664376738,-7.190124420491736,8.95900608544251,-8.353711891891791,6.062790721425532,-5.645017853217217
2325000000.0,7.42788140609804,-7.1796805696866635,8.952504408249736,-8.34027051632,6.057558096632302,-5.634337241843251
2330000000.0,7.417181820126338,-7.169259710471335,8.943047492598813,-8.323180494876897,6.049068231607708,-5.623716989240556
2335000000.0,7.406537548806938,-7.158861842805187,8.926995617971672,-8.306208142166545,6.044979154015352,-5.6174243736523595
2340000000.0,7.3959482370986205,-7.148486965571339,8.916585299443536,-8.292345218179154,6.034820012704424,-5.6040524088810555
2345000000.0,7.3854135325538355,-7.138135076596207,8.90430239127487,-8.28156603742743,6.025656756251528,-5.596320023188914
2350000000.0,7.374933085299039,-7.12780617266882,8.894169047877217,-8.266282557130273,6.023196228926832,-5.585948767223077
2355000000.0,7.364506548015149,-7.117500249559829,8.882603260420964,-8.253213315664775,6.013628426473306,-5.577549893129782
2360000000.0,7.3541335759181266,-7.107217302040224,8.873171410750023,-8.23851447937401,6.007028426852229,-5.568073908950065
2365000000.0,7.343813826739692,-7.096957323899763,8.86216953702418,-8.220865964861726,6.000945868186256,-5.557704156501759
2370000000.0,7.333546960708174,-7.086720307965115,8.850590515278894,-8.211318992284262,5.99815611854097,-5.547660434479815
2375000000.0,7.323332640529468,-7.0765062461177255,8.840452322135818,-8.195235882810072,5.989582212715001,-5.54042031242347
2380000000.0,7.3131705313681445,-7.066315129311392,8.833875548071783,-8.181895970058605,5.984627719780155,-5.532770103466801
2385000000.0,7.3030603008286645,-7.05614694758959,8.819221794031213,-8.172813030403688,5.981598456254759,-5.523090631283412
2390000000.0,7.293001618936742,-7.0460016901025035,8.808356993596835,-8.156570521733778,5.973284025046813,-5.512543386677416
2395000000.0,7.282994158120817,-7.035879345123815,8.799371665002177,-8.144916419933699,5.960466588269649,-5.507919208032576
2400000000.0,7.2730375931936635,-7.025779900067213,8.78625954261848,-8.131185625653174,5.956664769170092,-5.493689634937572
2405000000.0,7.263131601334123,-7.015703341502664,8.778571322343794,-8.120308835594537,5.952961676719182,-5.488379844137635
2410000000.0,7.253275862068966,-7.005649655172415,8.766585412664723,-8.104215552300229,5.942195731451844,-5.480309775518902
2415000000.0,7.24347005725487,-6.995618826006752,8.75160627223526,-8.097266801713637,5.934027087166044,-5.4699643244394025
2420000000.0,7.233713871060537,-6.985610838139522,8.74549919525351,-8.082648834261079,5.933879827328188,-5.463833338072941
2425000000.0,7.224006989948929,-6.975625674923395,8.735802167966094,-8.06742571004742,5.9277798166063,-5.451252942024728
2430000000.0,7.214349102659625,-6.965663318944906,8.722325772102916,-8.057914591741104,5.91686560535049,-5.444667671788348
2435000000.0,7.20473990019131,-6.955723752039252,8.70936491750564,-8.044902951319308,5.913259939400435,-5.433189977106285
2440000000.0,7.195179075784379,-6.94580695530486,8.698881581255318,-8.035602559167458,5.904885352741488,-5.425418989344336
2445000000.0,7.1856663249036785,-6.935912909117731,8.691881513701631,-8.017264854908852,5.901719995877722,-5.41655246849699
2450000000.0,7.176201345221354,-6.926041593145558,8.680822519542476,-8.014348277758108,5.8924169994443085,-5.412337990218084
2455000000.0,7.166783836599835,-6.9161929863616125,8.670740362394447,-7.992804045331561,5.885381713317389,-5.396945348625014
2460000000.0,7.1574135010749345,-6.906367067058441,8.65601943572079,-7.986749418404538,5.879028418844444,-5.392463195662805
2465000000.0,7.14809004283907,-6.896563812861314,8.648698061795326,-7.9712340604203815,5.873829112561374,-5.3834476267914
2470000000.0,7.138813168224614,-6.886783200741489,8.640950985669614,-7.962566370648196,5.868717609648044,-5.378900992098216
2475000000.0,7.129582585687352,-6.877025207029251,8.628869638492793,-7.948419126482654,5.86092017450038,-5.369942623087985
2480000000.0,7.120398005790079,-6.867289807426761,8.617923869669324,-7.930779817115923,5.8516823740265105,-5.354257299931095
2485000000.0,7.111259141186295,-6.857576977020689,8.604506594036852,-7.9221410416048474,5.851251703085396,-5.348762426278176
2490000000.0,7.102165706604038,-6.847886690294661,8.597024714558572,-7.906379989316888,5.843650290503488,-5.338810462023531
2495000000.0,7.093117418829824,-6.838218921141504,8.587745323894744,-7.895852433300364,5.833842499716594,-5.337272326260371
2500000000.0,7.084113996692713,-6.82857364287529,8.578905778181847,-7.877776496944876,5.8295162776493745,-5.327492688025845
2505000000.0,7.075155161048489,-6.818950828243218,8.566314852099286,-7.868625405368507,5.825962122702224,-5.317196876502369
2510000000.0,7.066240634763956,-6.809350449437271,8.555954564291838,-7.853022205402315,5.817755206461047,-5.312522682198999
2515000000.0,7.057370142701359,-6.799772478105722,8.546880387779856,-7.843631888305529,5.814062621107757,-5.299624974609119
2520000000.0,7.048543411702907,-6.790216885364444,8.5342151995895,-7.827711502930778,5.803341489872492,-5.298239116380641
2525000000.0,7.039760170575425,-6.780683641808037,8.52240893034372,-7.813466151006248,5.803642635511354,-5.285413903477809
2530000000.0,7.031020150075115,-6.771172717520787,8.513007995310542,-7.799736041782737,5.79683838405045,-5.275483017580859
2535000000.0,7.022323082892429,-6.761684082087456,8.5017584442723,-7.789294547702799,5.785829708007692,-5.271777690349668
2540000000.0,7.013668703637065,-6.752217704603886,8.489811584266382,-7.77178582257027,5.778748185147933,-5.262484767653493
2545000000.0,7.0050567488230655,-6.742773553687452,8.480136656559175,-7.759290891037615,5.777295186691984,-5.254612717577745
2550000000.0,6.996486956854037,-6.733351597487338,8.474038837962977,-7.745683605470804,5.771650398240537,-5.244350876925059
2555000000.0,6.987959068008472,-6.723951803694652,8.458627198258572,-7.732684376737193,5.764332465576648,-5.2448479272322865
2560000000.0,6.979472824425196,-6.714574139552388,8.450766930361741,-7.721449111476506,5.7605793728739005,-5.23083391915695
2565000000.0,6.971027970088916,-6.705218571865219,8.435630034505442,-7.707917111561205,5.753439389667013,-5.221074711530018
2570000000.0,6.96262425081588,-6.69588506700914,8.424816948202576,-7.692087814510818,5.747047424620418,-5.214944758420673
2575000000.0,6.954261414239646,-6.686573590940964,8.416359862686036,-7.679857705623258,5.741366201324275,-5.208813206734766
2580000000.0,6.945939209796965,-6.677284109207646,8.405408613981463,-7.667192871840455,5.7369789048212025,-5.1958576251375925
2585000000.0,6.937657388713767,-6.668016586955486,8.393690128032828,-7.654117375222967,5.731879180424716,-5.188080512141471
2590000000.0,6.929415703991256,-6.658770988939163,8.383151140196986,-7.637175729042905,5.726111792857604,-5.185119759104896
2595000000.0,6.9212139103921135,-6.649547279530638,8.375960161638087,-7.627222556367738,5.719858525407682,-5.1751726205244575
2600000000.0,6.913051764426809,-6.640345422727907,8.364462844256087,-7.61027578292037,5.71663928860895,-5.169527586235859
2605000000.0,6.904929024340012,-6.63116538216362,8.356567295983584,-7.599361664388154,5.708964498793512,-5.158610130370354
2610000000.0,6.896845450097114,-6.6220071211135565,8.34640663597198,-7.58002853101228,5.70807408921345,-5.151679969975795
2615000000.0,6.888800803370858,-6.61287060250497,8.336651109305704,-7.571892114240138,5.70079331560473,-5.146534880404651
2620000000.0,6.880794847528055,-6.6037557889247935,8.330182196546904,-7.558270155976759,5.692143818242236,-5.134686575113771
2625000000.0,6.872827347616428,-6.594662642627721,8.314406468272193,-7.541527720934776,5.685140774559042,-5.129249455855205
2630000000.0,6.864898070351543,-6.58559112554415,8.303997699912305,-7.527162849725368,5.678320399860535,-5.119211949031481
2635000000.0,6.857006784103847,-6.576541199288006,8.298770900208327,-7.51583706548237,5.677954156337018,-5.11550801723477
2640000000.0,6.849153258885799,-6.56751282516443,8.28574460592407,-7.501539621665555,5.668959793626269,-5.104756311244765
2645000000.0,6.841337266339117,-6.55850596417735,8.282215285284025,-7.487556082194825,5.6652647945028,-5.098019056605927
2650000000.0,6.833558579722116,-6.549520577036936,8.266396760808881,-7.475791359472474,5.661411271806047,-5.094409100731392
2655000000.0,6.825816973897139,-6.540556624166914,8.257852319048288,-7.459612836076589,5.654732015556315,-5.084968919347383
2660000000.0,6.818112225318106,-6.531614065711786,8.247492924575747,-7.454686673552642,5.6496777935995635,-5.079426096263255
2665000000.0,6.810444112018135,-6.522692861543908,8.241402666500116,-7.438145620260332,5.64425004134984,-5.071168418892863
2670000000.0,6.802812413597287,-6.513792971270494,8.22961641168805,-7.425618769599055,5.639070032224803,-5.066009830547673
2675000000.0,6.795216911210388,-6.5049143542404435,8.221816576835316,-7.411230665325121,5.639069047798341,-5.058056502316331
2680000000.0,6.787657387554958,-6.496056969551127,8.211638182374786,-7.405246374501156,5.634334347166799,-5.048590655224473
2685000000.0,6.78013362685923,-6.487220776055011,8.198837522792504,-7.389641759156626,5.627994099706621,-5.040191492211438
2690000000.0,6.772645414870265,-6.4784057323661965,8.192322884515828,-7.371565326590491,5.619314136464523,-5.033463504894428
2695000000.0,6.765192538842167,-6.469611796866847,8.178356488261343,-7.357652009826728,5.6123649486535925,-5.025935767527011
2700000000.0,6.757774787524382,-6.460838927713518,8.17312230058515,-7.346786709104612,5.612125222877443,-5.018483273112281
2705000000.0,6.750391951150095,-6.452087082843368,8.16066247138877,-7.3375460730416044,5.610548713761575,-5.011258177281539
2710000000.0,6.74304382142472,-6.443356219980285,8.149238353150803,-7.324650205889864,5.6025761164246,-4.997641517904113
2715000000.0,6.7357301915144845,-6.434646296640898,8.13431292655182,-7.310835161888125,5.593625130185775,-4.99418437890339
2720000000.0,6.72845085603509,-6.425957270140504,8.129965522629654,-7.298877969071732,5.595522399472074,-4.988525523940816
2725000000.0,6.721205611040489,-6.417289097598889,8.114019391496361,-7.288416141061933,5.594334513625492,-4.9784763895066675
2730000000.0,6.713994254011718,-6.408641735946047,8.10531065027609,-7.280183524342546,5.582709927529185,-4.969792143342212
2735000000.0,6.706816583845857,-6.400015141927821,8.096052063107932,-7.268844527106244,5.576452759686667,-4.97006564990293
2740000000.0,6.699672400845051,-6.39140927211145,8.091012828773648,-7.257718681722348,5.578356200024087,-4.95606000241072
2745000000.0,6.6925615067056174,-6.3828240828909975,8.080639443667641,-7.249339185477755,5.569277499153336,-4.956287545803215
2750000000.0,6.685483704507268,-6.374259530492726,8.074211715353268,-7.2408017808873595,5.576928862743359,-4.944607755929401
2755000000.0,6.678438798702385,-6.365715570980363,8.06857262310014,-7.226090353958379,5.565270204867634,-4.936721222001807
2760000000.0,6.671426595105405,-6.357192160260286,8.05390644456868,-7.214749660006183,5.555769425654176,-4.929451893045238
2765000000.0,6.664446900882277,-6.348689254086614,8.04909599782254,-7.205634556605481,5.558487948861216,-4.927226332672071
2770000000.0,6.657499524540013,-6.34020680806622,8.044673301741373,-7.197921063804124,5.544796276851202,-4.918194427122114
2775000000.0,6.650584275916315,-6.331744777663666,8.034769061071774,-7.181309211777648,5.5529231135900625,-4.913548672067944
2780000000.0,6.643700966169291,-6.323303118206046,8.028613198318983,-7.168466326679084,5.545079130697333,-4.904152729930538
2785000000.0,6.636849407767249,-6.314881784887747,8.025107849675122,-7.16013563931444,5.540212184025656,-4.898625550521016
2790000000.0,6.63002941447858,-6.306480732775144,8.023777082736052,-7.146581376494943,5.530981072671162,-4.888418535628738
2795000000.0,6.623240801361717,-6.2980999168112,8.016477017917854,-7.1335929065481265,5.52509980519267,-4.880787402432095
2800000000.0,6.616483384755173,-6.289739291820005,8.006785459838756,-7.125761471840014,5.524857036321407,-4.875417441757391
2805000000.0,6.60975698226767,-6.281398812511218,7.999382151606536,-7.112157215813952,5.519675631512388,-4.871965287757701
2810000000.0,6.603061412768334,-6.273078433484458,7.99392396810378,-7.094613353830346,5.514123534695295,-4.860928905813771
2815000000.0,6.596396496376979,-6.264778109233604,7.976242811916367,-7.084668736282907,5.509949232803576,-4.856773527639252
2820000000.0,6.589762054454464,-6.256497794151027,7.975422858045674,-7.074625620281058,5.512539706660905,-4.851331241600642
2825000000.0,6.583157909593138,-6.2482374425317575,7.962671951152437,-7.058938272417035,5.505182972879586,-4.838175093070691
2830000000.0,6.5765838856073415,-6.23999700857757,7.950871444294951,-7.044327478813349,5.504043446818763,-4.833922262945564
2835000000.0,6.570039807524011,-6.231776446401007,7.944744521911293,-7.029903377599092,5.500943886281644,-4.825657537571478
2840000000.0,6.563525501573337,-6.2235757100293325,7.938145701071208,-7.0197580684167376,5.492741814564801,-4.820918578222002
2845000000.0,6.557040795179514,-6.215394753408419,7.923244513710926,-7.00845664196501,5.493390633466002,-4.8160666966989805
2850000000.0,6.5505855169515534,-6.207233530406563,7.914760184687517,-6.990431652791445,5.485722159830638,-4.807957504320857
2855000000.0,6.544159496674181,-6.199091994818246,7.906294284020824,-6.978352550971262,5.487754422520553,-4.806418385177181
2860000000.0,6.537762565298802,-6.190970100367817,7.895110032655687,-6.960569348978749,5.478791683279208,-4.794359358879119
2865000000.0,6.531394554934539,-6.182867800713126,7.886223484999232,-6.956325451958545,5.479270655524813,-4.789489878486699
2870000000.0,6.525055298839344,-6.174785049449086,7.8762294493626905,-6.945177677788907,5.472036586367219,-4.786182075116993
2875000000.0,6.518744631411189,-6.16672180011117,7.868555742507873,-6.93139809952462,5.462972086041432,-4.7759681534227
2880000000.0,6.5124623881793156,-6.158678006178869,7.86463931110967,-6.924717167751283,5.463973601715804,-4.769970424594541
2885000000.0,6.506208405795567,-6.150653621079056,7.855492339674083,-6.914549807374971,5.45603991717696,-4.761014536938349
2890000000.0,6.499982522025782,-6.142648598189324,7.850176769860648,-6.9045060921478125,5.456889212297427,-4.757811452427482
2895000000.0,6.493784575741267,-6.134662890841251,7.846846843792055,-6.891440610608702,5.450765276819836,-4.751275843674179
2900000000.0,6.487614406910328,-6.126696452323602,7.844647629306122,-6.882213237809193,5.446541580360748,-4.743460421084292
2905000000.0,6.481471856589884,-6.118749235885492,7.841730303653208,-6.869959808179807,5.4442931299565664,-4.738310781441598
2910000000.0,6.475356766917133,-6.110821194739478,7.839630930444356,-6.858733456550902,5.436745191456335,-4.729880943459932
2915000000.0,6.469268981101299,-6.102912282064613,7.832865973078861,-6.8380346723038965,5.433240744494842,-4.724456709101829
2920000000.0,6.46320834341544,-6.095022451009424,7.828239813134392,-6.822670635039934,5.431571372129691,-4.715058279736312
2925000000.0,6.457174699188322,-6.087151654694857,7.8203410523221635,-6.81121922107297,5.426627506613469,-4.7100983592177625
2930000000.0,6.451167894796366,-6.07929984621717,7.814811225549523,-6.797637352595965,5.42444929787689,-4.70811267273038
2935000000.0,6.445187777655647,-6.071466978650752,7.808587707539709,-6.78074145206673,5.418983574408148,-4.7004009020357165
2940000000.0,6.439234196213977,-6.063653005050927,7.799164703150387,-6.768928158477331,5.41931665316558,-4.691592469702754
2945000000.0,6.433306999943035,-6.0558578784566786,7.788990810969486,-6.755489130914893,5.413289295374207,-4.687073125453556
2950000000.0,6.427406039330567,-6.048081551893334,7.7778132227775245,-6.74022590685917,5.409842257108474,-4.678500956486765
2955000000.0,6.4215311658726595,-6.0403239783752145,7.7718219541054046,-6.7279672537944055,5.40734670130221,-4.676010216072651
2960000000.0,6.415682232066055,-6.032585110908217,7.763254886800708,-6.7177700786446755,5.404590866726269,-4.668415794433636
2965000000.0,6.409859091400554,-6.024864902492367,7.74605757374826,-6.704301655949001,5.396288126339375,-4.659296457778108
2970000000.0,6.4040615983514595,-6.017163306124308,7.742918303011926,-6.697211261976208,5.397777771944532,-4.655002303275509
2975000000.0,6.398289608372092,-6.009480274799767,7.733865595254487,-6.685149310632319,5.390436264264417,-4.647825276173061
2980000000.0,6.392542977886369,-6.001815761515953,7.7174360749568995,-6.67853064529932,5.391063924813348,-4.646224052618863
2985000000.0,6.3868215642814326,-5.994169719273937,7.70381910700489,-6.669381927657466,5.385994295268183,-4.6376205957607555
2990000000.0,6.38112522590035,-5.986542101080959,7.700007384076823,-6.660846345283905,5.386156929363909,-4.6285569847304195
2995000000.0,6.375453822034865,-5.978932859952719,7.688041981347892,-6.6538295841968935,5.380301644483071,-4.619041457596171
3000000000.0,6.369807212918218,-5.971341948915614,7.685005618103718,-6.65134497043636,5.374319517107293,-4.615717185813227
3005000000.0,6.364185259718007,-5.963769321008933,7.687612381013669,-6.613582440211713,5.381957637475426,-4.604531079584702
3010000000.0,6.358587824529131,-5.956214929287017,7.6802980413726525,-6.611124490512074,5.371930239851844,-4.598037051961663
3015000000.0,6.353014770366768,-5.948678726821373,7.669280111958736,-6.600677104917347,5.3697220494841105,-4.594031905196603
3020000000.0,6.347465961159422,-5.941160666702754,7.649823949793538,-6.601674164461657,5.360600096745198,-4.5947760829208555
3025000000.0,6.341941261742031,-5.9336607020432,7.639276590600436,-6.586468164002808,5.350464239219945,-4.576553961912644
3030000000.0,6.336440537849118,-5.926178785978037,7.634332078200551,-6.588816918495372,5.362487304206935,-4.575745748283041
3035000000.0,6.330963656108005,-5.918714871667837,7.628335937539471,-6.592977327887527,5.348986023761064,-4.57276871390063
3040000000.0,6.325510484032085,-5.9112689123003515,7.621668747832881,-6.58583529550974,5.350206609387338,-4.564592009688588
3045000000.0,6.320080890014147,-5.903840861092402,7.6230131974745206,-6.577470981618603,5.346176430602678,-4.551149364292824
3050000000.0,6.314674743319745,-5.896430671291727,7.617220903124107,-6.580979782034496,5.336495631282157,-4.5606457342666475
3055000000.0,6.309291914080646,-5.889038296178809,7.6168683859490836,-6.571608595473757,5.339495004018612,-4.546633081524879
3060000000.0,6.303932273288295,-5.881663689068655,7.613844577589141,-6.569227526227662,5.331278743315142,-4.538162505002209
3065000000.0,6.298595692787374,-5.874306803312552,7.616697711227464,-6.558435656553607,5.324454944140237,-4.529403627710832
3070000000.0,6.293282045269377,-5.86696759229978,7.621599675840851,-6.552348097094622,5.323426808288527,-4.526967319227292
3075000000.0,6.2879912042662625,-5.859646009459293,7.613349402255637,-6.551217180506784,5.315067979831092,-4.521234291783711
3080000000.0,6.282723044144146,-5.852342008261379,7.6143097169644225,-6.515727088157406,5.3174847582896465,-4.516003332162431
3085000000.0,6.2774774400970434,-5.845055542219272,7.621818525505231,-6.526795276266208,5.307650677264832,-4.513011759852191
3090000000.0,6.272254268140672,-5.8377865648907425,7.622961982509792,-6.509853554985981,5.30733686164316,-4.498916751947857
3095000000.0,6.267053405106296,-5.8305350298796546,7.617633851668643,-6.494965341739238,5.295462176893647,-4.507083200137625
3100000000.0,6.261874728634626,-5.8233008908374915,7.619412058289399,-6.482965386490254,5.294934470831903,-4.495926813136309
3105000000.0,6.256718117169763,-5.816084101464848,7.609919181991351,-6.466578965596894,5.2864168546446555,-4.481390796994289
3110000000.0,6.251583449953195,-5.808884615512901,7.6073810178314885,-6.44921724340063,5.287886524903917,-4.482374319377466
3115000000.0,6.246470607017846,-5.8017023867848465,7.605896305445256,-6.438337804339582,5.291276689041333,-4.485966031239121
3120000000.0,6.241379469182167,-5.794537369137306,7.594249128694293,-6.418616007476654,5.28375476417666,-4.479136005288821
3125000000.0,6.236309918044276,-5.787389516481703,7.597203582967515,-6.404280919689339,5.283255192578994,-4.47342163255068
3130000000.0,6.231261835976147,-5.780258782785623,7.579527931267048,-6.39152288712152,5.27886120023363,-4.46351826803745
3135000000.0,6.2262351061178505,-5.77314512207413,7.579406587400344,-6.371994849429069,5.277075715163785,-4.461201494694534
3140000000.0,6.221229612371832,-5.7660484884310685,7.560791683275765,-6.361760487384251,5.269811860624417,-4.4577761483647205
3145000000.0,6.216245239397242,-5.758968836000338,7.55898052649695,-6.349097761916748,5.268982874655268,-4.45232340390738
3150000000.0,6.211281872604314,-5.751906118987124,7.54408865232428,-6.333175598134147,5.260057842229896,-4.447525389913815
3155000000.0,6.206339398148781,-5.744860291659136,7.5314677796014005,-6.328686678444756,5.260626671657966,-4.437908699449115
3160000000.0,6.201417702926349,-5.737831308347785,7.527018351280914,-6.317790047114544,5.256641907282405,-4.425849918372016
3165000000.0,6.196516674567198,-5.7308191234493595,7.511416960518949,-6.309289581351816,5.258843171287155,-4.424915877366172
3170000000.0,6.191636201430545,-5.723823691426169,7.501903748618849,-6.297116261468513,5.2521554849643906,-4.419978865754791
3175000000.0,6.186776172599241,-5.716844966807664,7.491679872721798,-6.297344875641579,5.248932637178286,-4.409275385523249
3180000000.0,6.181936477874413,-5.709882904191531,7.477597869921326,-6.281907197154559,5.246654452351472,-4.405477053964081
3185000000.0,6.177117007770157,-5.702937458244763,7.478804345430816,-6.2793831027907485,5.240464988801951,-4.404001109242149
3190000000.0,6.172317653508259,-5.696008583704715,7.473044850699656,-6.2773524165348125,5.2332366489764235,-4.391783267611957
3195000000.0,6.16753830701297,-5.689096235380124,7.466709201067709,-6.270787486220234,5.226971610041063,-4.387585454800703
3200000000.0,6.162778860905826,-5.68220036815212,7.465077822920842,-6.266633015526592,5.2261758324547785,-4.386010289203316
3205000000.0,6.158039208500497,-5.675320936975202,7.456148233860571,-6.263245377028083,5.223337459585736,-4.37670365579214
3210000000.0,6.153319243797691,-5.668457896878202,7.4594784825192075,-6.252779027863744,5.2128802830495,-4.369790345687655
3215000000.0,6.148618861480086,-5.661611202965226,7.45830172639723,-6.246702653858559,5.208483610092892,-4.368747525378335
3220000000.0,6.14393795690732,-5.654780810416566,7.462471212926521,-6.2350141743946335,5.213777877336585,-4.358052893252955
3225000000.0,6.139276426111003,-5.647966674489611,7.466492037212698,-6.224793691283703,5.207805603496742,-4.353393783081657
3230000000.0,6.134634165789782,-5.641168750519706,7.463300884026342,-6.210689774869216,5.201525059889956,-4.353267850448783
3235000000.0,6.130011073304442,-5.6343869939210265,7.457394877654619,-6.193495508683852,5.199058533967189,-4.350908620122257
3240000000.0,6.125407046673042,-5.627621360187405,7.448350046348738,-6.182906567769006,5.1956303851313494,-4.348741661926565
3245000000.0,6.120821984566102,-5.620871804893153,7.435397515585697,-6.172931836394003,5.192100148647637,-4.340356312990625
3250000000.0,6.116255786301811,-5.6141382836938645,7.432262343707681,-6.160462084426073,5.186258794928653,-4.334056971881317
3255000000.0,6.111708351841293,-5.607420752327188,7.427738513270002,-6.141581793278675,5.187431093482449,-4.3313746605248005
3260000000.0,6.107179581783898,-5.6007191666135965,7.420527677629176,-6.124056652884554,5.188149441406066,-4.322119318406817
3265000000.0,6.102669377362533,-5.594033482457127,7.410283474423097,-6.117460364762331,5.175417650750819,-4.322650501595877
3270000000.0,6.098177640439036,-5.587363655846107,7.4108054825282865,-6.100505589336548,5.177971465794032,-4.3110260155231765
3275000000.0,6.09370427349958,-5.580709642853864,7.394032484527801,-6.096933447859288,5.173129827890444,-4.308911829079526
3280000000.0,6.089249179650121,-5.574071399639416,7.386432918254583,-6.082514758549959,5.1781693459936555,-4.3013782234441145
3285000000.0,6.084812262611876,-5.567448882448144,7.394685519659768,-6.075407138825775,5.168819888866355,-4.303237344309863
3290000000.0,6.0803934267168405,-5.560842047612452,7.37541353030733,-6.0631064912743105,5.162995884919027,-4.299027844284048
3295000000.0,6.075992576903344,-5.554250851552407,7.3651730987181185,-6.057949059246975,5.176180505124492,-4.288197367179581
3300000000.0,6.071609618711639,-5.547675250776359,7.3483575588415375,-6.049319791913731,5.169424042594903,-4.277726625706276
3305000000.0,6.0672444582795215,-5.5411152018815555,7.335531666983871,-6.03436295999527,5.1525486766537565,-4.27151413748817
3310000000.0,6.062897002337996,-5.534570661554736,7.329361472334465,-6.030794751353121,5.152299608396469,-4.278898656952275
3315000000.0,6.058567158206962,-5.528041586572698,7.327766685486104,-6.028267300751958,5.163630285530884,-4.262811906753085
3320000000.0,6.054254833790953,-5.521527933802869,7.324270592070442,-6.014839095573586,5.1516081670756195,-4.257374353982559
3325000000.0,6.049959937574891,-5.515029660203852,7.307289272120077,-5.989774467627025,5.165242336632329,-4.248111777658765
3330000000.0,6.045682378619886,-5.5085467228259555,7.299925686553718,-6.001704402665639,5.150386719070382,-4.244418160541702
3335000000.0,6.041422066559067,-5.502079078811712,7.302081644684083,-5.990594508657655,5.1444223590053975,-4.2362615165626885
3340000000.0,6.037178911593447,-5.495626685396383,7.288666850833452,-5.987455880324899,5.141226456786746,-4.230405752079682
3345000000.0,6.032952824487815,-5.489189499908446,7.279506836300276,-5.980467697109637,5.152687304334182,-4.232794974714673
3350000000.0,6.02874371656667,-5.482767479770069,7.275887086804254,-5.970915556613083,5.1432372269661135,-4.216275965553328
3355000000.0,6.024551499710184,-5.476360582497581,7.271848394909662,-5.97520289720159,5.137121531154664,-4.217469071473785
3360000000.0,6.020376086350191,-5.4699687657019105,7.268902102639768,-5.973782377568831,5.130917856044419,-4.2148168827820784
3365000000.0,6.016217389466217,-5.463591987089025,7.268280987191669,-5.975924270792084,5.117517017843181,-4.206316173893541
3370000000.0,6.012075322581538,-5.457230204460356,7.268295227592776,-5.972233237591119,5.132164862141083,-4.2059375194892015
3375000000.0,6.007949799759269,-5.450883375713205,7.271267043605031,-5.954297999085654,5.121173289625573,-4.194369097814219
3380000000.0,6.00384073559848,-5.444551458841144,7.264889590956745,-5.945814838603379,5.1191636267872545,-4.186369318333938
3385000000.0,5.9997480452303575,-5.438234411934399,7.265182028219692,-5.933158425985845,5.112430041622664,-4.193228585119262
3390000000.0,5.995671644314375,-5.43193219318022,7.271489507718684,-5.9249673517168935,5.116386350440991,-4.1813154304033295
3395000000.0,5.991611449034513,-5.42564476086325,7.271097041468924,-5.933041665879458,5.10929478076825,-4.1795025282788885
3400000000.0,5.987567376095498,-5.4193720733658655,7.270833819553133,-5.911667985504851,5.108727916105397,-4.165825381712221
3405000000.0,5.983539342719076,-5.413114089168521,7.270967658248183,-5.910515277249441,5.107017691153485,-4.16434542352499
3410000000.0,5.979527266640313,-5.406870766850069,7.2610110072418435,-5.892414206609041,5.104535996331055,-4.1709680512689395
3415000000.0,5.975531066103928,-5.4006420650880855,7.262165421511041,-5.874993758088898,5.0973667561235585,-4.156675802089044
3420000000.0,5.971550659860652,-5.394427942659161,7.263247440250109,-5.862646150789611,5.096655815136081,-4.151365189688553
3425000000.0,5.967585967163618,-5.388228358439204,7.251615418119183,-5.843482123137071,5.093493420571643,-4.147534179846238
3430000000.0,5.963636907764777,-5.382043271403719,7.256578563573972,-5.838032632860193,5.088190063147776,-4.139141203324231
3435000000.0,5.959703401911345,-5.375872640628083,7.251194502291333,-5.827640889631143,5.089337239967122,-4.138975472045022
3440000000.0,5.95578537034228,-5.369716425287804,7.247656037987613,-5.810554787808391,5.0868450980866,-4.133453828070759
3445000000.0,5.951882734284777,-5.363574584658775,7.237710496536798,-5.794721435986565,5.083081679774892,-4.124518810059622
3450000000.0,5.947995415450807,-5.357447078117514,7.23885969630425,-5.782672333549152,5.081326976320867,-4.126524948751474
3455000000.0,5.944123336033665,-5.351333865141403,7.23110540095069,-5.769683379456965,5.081933198604567,-4.123175667797604
3460000000.0,5.940266418704562,-5.345234905308903,7.216941206737602,-5.760030979041234,5.078606207213526,-4.116279537060247
3465000000.0,5.936424586609229,-5.339150158299771,7.207824516052413,-5.7490992924043045,5.078356728814636,-4.112198433750333
3470000000.0,5.932597763364563,-5.333079583895264,7.196133641043284,-5.73484137918248,5.077708595391393,-4.107491284316616
3475000000.0,5.9287858730552845,-5.327023141978334,7.181779740360546,-5.727103565854712,5.074427485179795,-4.103469892958785
3480000000.0,5.924988840230631,-5.320980792533814,7.175005513657051,-5.720637699433377,5.075870277077463,-4.0971949759522825
3485000000.0,5.921206589901075,-5.314952495648598,7.155439223491372,-5.712384430075705,5.075595024895948,-4.092661295322381
3490000000.0,5.9174390475350656,-5.308938211511805,7.145501581352859,-5.717382405087969,5.073137174310334,-4.086347006764684
3495000000.0,5.913686139055795,-5.30293790041494,7.137141518245057,-5.709649522234517,5.069135127186716,-4.079451812701424
3500000000.0,5.909947790837993,-5.2969515227520505,7.131028514955228,-5.713615972281083,5.071816821678385,-4.07442926901397
3505000000.0,5.90622392970475,-5.290979039019864,7.121370446642268,-5.71256200394511,5.070116857867369,-4.06844189371051
3510000000.0,5.902514482924354,-5.285020409817927,7.113257716828574,-5.718997259425391,5.061771675667846,-4.060278711860546
3515000000.0,5.898819378207163,-5.279075595848732,7.113633822346528,-5.7192350709055635,5.066516982731431,-4.057302335373856
3520000000.0,5.895138543702499,-5.273144557917838,7.118058247221593,-5.72256079262792,5.06603120990693,-4.053868559430794
3525000000.0,5.891471907995562,-5.26722725693398,7.121256782975467,-5.7254548573311626,5.054582979149855,-4.04116995240439
3530000000.0,5.887819400104375,-5.261323653909174,7.13099523400171,-5.737797307354608,5.051421743016582,-4.034710923813411
3535000000.0,5.884180949476747,-5.255433709958817,7.139398751683228,-5.723971970007363,5.047066529336225,-4.029964062673785
3540000000.0,5.880556485987263,-5.249557386301775,7.1477145706235286,-5.724000088652802,5.046076461961859,-4.0293764480518535
3545000000.0,5.876945939934298,-5.243694644260463,7.16683308505574,-5.714771938830105,5.033584151943218,-4.0278271133516865
3550000000.0,5.873349242037051,-5.237845445260925,7.181793251763391,-5.693253341797386,5.034105090913655,-4.024001379927433
3555000000.0,5.869766323432607,-5.232009750832903,7.190908640381941,-5.672888655002381,5.034927694436145,-4.0133821231221
3560000000.0,5.866197115673016,-5.226187522609893,7.193034419670191,-5.644208367583871,5.028437835791213,-4.016262198976045
3565000000.0,5.862641550722399,-5.220378722329203,7.199158849797791,-5.622816640024021,5.033623024691703,-4.011643937623568
3570000000.0,5.8590995609540775,-5.214583311832008,7.1972842506744685,-5.578691874398443,5.022601040256572,-4.005458977531743
3575000000.0,5.855571079147721,-5.208801253063384,7.184914689429915,-5.555945144780484,5.000206891365431,-4.044791382444613
3580000000.0,5.85205603848652,-5.203032508072345,7.177040393432693,-5.510068839540319,5.016171525237713,-4.017988193609629
3585000000.0,5.848554372554379,-5.197277039011877,7.132731183457739,-5.474611866257232,5.027034123547594,-3.9929854830287574
3590000000.0,5.845066015333135,-5.191534808138958,7.111002976315952,-5.468102493659737,5.02242624758123,-4.002185557498558
3595000000.0,5.841590901199792,-5.1858057778145765,7.083508797752778,-5.4519909974369725,5.026896176940888,-4.002150102619109
3600000000.0,5.83812896492378,-5.180089910503744,7.048525150426753,-5.461391481629159,5.027126891107919,-3.9849095869093443
3605000000.0,5.834680141664239,-5.1743871687755005,7.005541855391068,-5.458849263561086,5.019182398594263,-3.985743195619371
3610000000.0,5.831244366967315,-5.168697515302911,6.990066461540794,-5.48033910427744,5.017608800134794,-3.9657502039826364
3615000000.0,5.827821576763485,-5.163020912863071,6.984049935646359,-5.496458185353371,5.026476592452218,-3.9636098107470046
3620000000.0,5.824411707364902,-5.157357324337082,6.980067113058809,-5.513564302029402,5.0191533997927005,-3.959437891310347
3625000000.0,5.821014695462754,-5.151706712710044,6.955111834623288,-5.538941410727413,5.036257874895956,-3.943344828223953
3630000000.0,5.817630478124649,-5.146069041071031,6.976046517528982,-5.534510831634906,5.002584473702468,-3.9427362710115186
3635000000.0,5.814258992792021,-5.140444272613066,6.9888705290466495,-5.545641609055606,5.0084398459588195,-3.9394833350784717
3640000000.0,5.810900177277554,-5.134832370633088,7.003595058517814,-5.545846078781707,5.000326978184709,-3.942300104757577
3645000000.0,5.807553969762624,-5.129233298531914,7.017658957648471,-5.540604767265869,5.003563053145252,-3.9336984612226424
3650000000.0,5.804220308794765,-5.123647019814204,7.013552739481912,-5.533881089644447,4.9845773347817985,-3.9271745036016052
3655000000.0,5.800899133285149,-5.118073498088403,7.023978194120061,-5.520107407370457,4.981626198508187,-3.927276681988953
3660000000.0,5.797590382506093,-5.112512697066701,7.028135013982579,-5.509895509575439,4.985685603094397,-3.9230101058022218
3665000000.0,5.794293996088576,-5.10696458056497,7.030471487901473,-5.5020615700868145,4.984529360308974,-3.918425069588272
3670000000.0,5.791009914019784,-5.101429112502706,7.037942617594113,-5.498117204354417,4.984794344621024,-3.9141485524806905
3675000000.0,5.787738076640669,-5.095906256902965,7.040888097369741,-5.482232804439729,4.970105131375706,-3.8958689471124437
3680000000.0,5.784478424643526,-5.090395977892294,7.0458884095453245,-5.4721514058073275,4.970351720342063,-3.9026932934165983
3685000000.0,5.781230899069588,-5.084898239700656,7.052761896189795,-5.4621533903357316,4.977968120064204,-3.900245818572382
3690000000.0,5.777995441306651,-5.079413006661353,7.05537519593577,-5.452351746810421,4.972665970648534,-3.9024034007247295
3695000000.0,5.774771993086698,-5.073940243210941,7.054155035439681,-5.429543389081734,4.9685995779223475,-3.8952710203122956
3700000000.0,5.771560496483552,-5.068479913889152,7.050883489262137,-5.418290971731629,4.963176074900441,-3.889156432575379
3705000000.0,5.768360893910552,-5.063031983338793,7.053312488480529,-5.395381487242598,4.955093078584142,-3.8934162413729756
3710000000.0,5.765173128118238,-5.057596416305667,7.051873683987991,-5.374639164812852,4.958663045820851,-3.8889112677107063
3715000000.0,5.761997142192052,-5.052173177638457,7.0438188205998085,-5.356243990349049,4.9553346459971275,-3.881676219651456
3720000000.0,5.7588328795500665,-5.046762232288639,7.032032138308116,-5.329258750658188,4.95880530235014,-3.8812261874460674
3725000000.0,5.755680283940725,-5.041363545310373,7.023179066812527,-5.30863492649957,4.952945788430786,-3.873942523711288
3730000000.0,5.7525392994405955,-5.035977081860393,7.004254511631686,-5.275949420830967,4.957189432208585,-3.8715803752942426
3735000000.0,5.749409870452147,-5.0306028071978925,6.981524637051569,-5.256180191213879,4.955034180721567,-3.8683424167932396
3740000000.0,5.746291941701545,-5.025240686684415,6.94932757883693,-5.247054372994766,4.955454535440883,-3.862779803521034
3745000000.0,5.743185458236452,-5.019890685783728,6.923360505610579,-5.244197136070333,4.952077347641975,-3.853963899012044
3750000000.0,5.740090365423863,-5.014552770061706,6.886643195384715,-5.250803090468396,4.953822362050685,-3.848743753948901
3755000000.0,5.737006608947936,-5.009226905186202,6.868653738204285,-5.262011966591936,4.9525547347256955,-3.8357811641291777
3760000000.0,5.73393413480786,-5.003913056926922,6.846862843138751,-5.288269489025988,4.951178805408288,-3.8304341280891596
3765000000.0,5.730872889315722,-4.998611191155284,6.8528910695764225,-5.312089462640213,4.943980586567622,-3.825265816430856
3770000000.0,5.727822819094404,-4.9933212738442965,6.859024747625639,-5.344348535362416,4.936847908362494,-3.819149777284066
3775000000.0,5.724783871075482,-4.988043271068408,6.8851345929345715,-5.360686893709994,4.925805827800577,-3.8121615429098945
3780000000.0,5.721755992497156,-4.982777149003371,6.924421255126081,-5.366938818796475,4.919968591593671,-3.806413298371294
3785000000.0,5.718739130902183,-4.977522873926102,6.948983220996109,-5.347403880762064,4.912779880920612,-3.8064617439060755
3790000000.0,5.715733234135833,-4.972280412214528,6.978528437947584,-5.327087193795105,4.907221911188712,-3.806652210014266
3795000000.0,5.712738250343855,-4.967049730347436,6.983284309723956,-5.286832398893527,4.905611268339591,-3.8071729652870454
3800000000.0,5.709754127970468,-4.961830794904334,6.980215392874558,-5.262401164645957,4.90597249528255,-3.808841840258329
3805000000.0,5.706780815756353,-4.956623572565276,6.982250111526383,-5.2266972970336445,4.9024916592461505,-3.806536800858982
3810000000.0,5.703818262736676,-4.95142803011072,6.969429385308356,-5.206694166447896,4.9063037397874165,-3.7960762494378297
3815000000.0,5.700866418239107,-4.946244134421363,6.956325360452164,-5.184624730199382,4.906308848034009,-3.794545652070544
3820000000.0,5.697925231881877,-4.941071852477977,6.944991787992809,-5.170053140121522,4.902869882966434,-3.7887951169366523
3825000000.0,5.694994653571827,-4.935911151361244,6.91821331815266,-5.158618882911697,4.9113225072024,-3.7859565483745863
3830000000.0,5.692074633502489,-4.930761998251594,6.906244689840595,-5.153912665583287,4.9114073539506595,-3.783557449002582
3835000000.0,5.689165122152172,-4.925624360429024,6.879293350911292,-5.178689642083139,4.905147111850017,-3.7761244382672223
3840000000.0,5.686266070282061,-4.920498205272941,6.876335561287905,-5.17511569258132,4.9020914958641315,-3.7745330871680904
3845000000.0,5.683377428934342,-4.915383500261976,6.874232213763932,-5.167014307434002,4.907620717757001,-3.766836583427022
3850000000.0,5.680499149430325,-4.91028021297381,6.86946102256366,-5.160672429749907,4.89986921759681,-3.7562665231041414
3855000000.0,5.677631183368597,-4.905188311085,6.868114847676235,-5.160623422403039,4.891344031460858,-3.75882807823948
3860000000.0,5.674773482623172,-4.900107762370794,6.862672434793265,-5.148911446361319,4.891698729285393,-3.7585724283715227
3865000000.0,5.671925999341674,-4.895038534704948,6.857267284810413,-5.14526777475392,4.888976456035395,-3.7447461269735616
3870000000.0,5.669088685943516,-4.889980596059548,6.866432528246259,-5.138174558246595,4.890123468955212,-3.744243843859048
3875000000.0,5.666261495118101,-4.884933914504813,6.857651220619662,-5.131641821595607,4.890009124791067,-3.7448871491013036
3880000000.0,5.66344437982304,-4.879898458208914,6.8529242822935394,-5.129675768177189,4.893786896909152,-3.743962285541281
3885000000.0,5.660637293282374,-4.874874195437784,6.849211776069405,-5.118480589310216,4.88327393356603,-3.7319260315156058
3890000000.0,5.657840188984818,-4.86986109455492,6.849957900804816,-5.10887810387715,4.882450028380621,-3.7277045714055963
3895000000.0,5.6550530206820095,-4.864859124021192,6.847894875796413,-5.116028624685512,4.881011685371528,-3.7254264476733843
3900000000.0,5.652275742386781,-4.859868252394652,6.844937688623039,-5.100451698645556,4.884776161018277,-3.7233206214924195
3905000000.0,5.6495083083714315,-4.854888448330331,6.838147116657644,-5.084121401746026,4.878702249485996,-3.7229075890216228
3910000000.0,5.646750673166025,-4.849919680580039,6.8351480973109044,-5.082619976041071,4.868733834642408,-3.7194063123827763
3915000000.0,5.644002791556693,-4.844961917992171,6.840009300122338,-5.075477000166101,4.875381248810515,-3.715991401133247
3920000000.0,5.64126461858395,-4.840015129511498,6.831031475562299,-5.066124983307872,4.8726408955445475,-3.7007006250536247
3925000000.0,5.638536109541025,-4.83507928417897,6.825049811882966,-5.063160634012402,4.87247878636986,-3.7012782681404715
3930000000.0,5.635817219972205,-4.830154351131501,6.8290208119581495,-5.052859110608635,4.870987145597647,-3.698030448520088
3935000000.0,5.633107905671184,-4.8252402996017745,6.826329606712585,-5.038383516358225,4.86476360765908,-3.691255325179635
3940000000.0,5.6304081226794365,-4.820337098918028,6.821464596705335,-5.041388863249136,4.869403872915006,-3.6922663074743767
3945000000.0,5.627717827284589,-4.8154447185038425,6.816299297609591,-5.029991034411282,4.86599877089603,-3.688923575732041
3950000000.0,5.625036976018818,-4.8105631278779395,6.814699137201183,-5.0193343716727385,4.862232097285159,-3.680661383494584
3955000000.0,5.622365525657249,-4.80569229665396,6.808810764404545,-5.015336150439998,4.859993658834062,-3.6837819338685236
3960000000.0,5.619703433216366,-4.800832194540258,6.810692746721848,-5.0042299591348876,4.85957553315036,-3.679098940662342
3965000000.0,5.617050655952448,-4.795982791339682,6.805024276959754,-5.001568538928698,4.853260561362949,-3.67190949304285
3970000000.0,5.6144071513599965,-4.791144056949361,6.8031134485922395,-4.99432525159259,4.861077881929477,-3.6702379135557863
3975000000.0,5.611772877170191,-4.786315961360487,6.795721499037342,-4.984980458293353,4.860115577245995,-3.6625245757673373
3980000000.0,5.609147791349349,-4.781498474658099,6.795604746931147,-4.979742549943055,4.853939945297179,-3.662659642310726
3985000000.0,5.606531852097392,-4.776691567020857,6.786421772070153,-4.969602035725911,4.852443557688101,-3.6570066226158624
3990000000.0,5.603925017846337,-4.771895208720836,6.7876820388738155,-4.9643180310713895,4.850408544103434,-3.6565535781945315
3995000000.0,5.601327247258785,-4.767109370123288,6.781994743544155,-4.959876286268909,4.849367715853435,-3.6499589129882057
4000000000.0,5.59873849922643,-4.762334021686431,6.777130500012445,-4.950607807091975,4.84752848420825,-3.6490655982275957
4005000000.0,5.596158732868569,-4.7575691339612245,6.776252286102893,-4.94462300401666,4.843803986590705,-3.641776330577983
4010000000.0,5.5935879075306385,-4.75281467759114,6.776585878908743,-4.93712146282087,4.845184080354695,-3.6390000355128156
4015000000.0,5.591025982782742,-4.74807062331194,6.7672903503581825,-4.926870857579178,4.844595428171569,-3.635177980149162
4020000000.0,5.588472918418209,-4.743336941951455,6.765482306801806,-4.92362770111081,4.842163370529027,-3.634075179831183
4025000000.0,5.5859286744521475,-4.738613604429349,6.764267760691281,-4.91679639113943,4.84221519659307,-3.626596430792722
4030000000.0,5.583393211120013,-4.7339005817569015,6.764155697971778,-4.907225910227753,4.840067382091931,-3.6242661470097035
4035000000.0,5.580866488876194,-4.729197845036766,6.757059177066567,-4.899442158529942,4.839967137617422,-3.620410127386704
4040000000.0,5.578348468392599,-4.724505365462758,6.7540879710474275,-4.894639005890806,4.836650706648991,-3.6192617787969996
4045000000.0,5.575839110557256,-4.719823114319607,6.75269530586314,-4.886078154100466,4.83572374820637,-3.6154966158730346
4050000000.0,5.573338376472929,-4.7151510629827404,6.746691933117616,-4.879632703195075,4.83516894882991,-3.6118611878511633
4055000000.0,5.570846227455733,-4.710489182918046,6.73965976335319,-4.874962879474176,4.832711267338595,-3.605837398191343
4060000000.0,5.568362625033768,-4.705837445681638,6.738044952378388,-4.867494600565065,4.834014546561747,-3.602537029982826
4065000000.0,5.565887530945762,-4.701195822919628,6.73480653731814,-4.860814623899065,4.830845377308648,-3.601345036875365
4070000000.0,5.563420907139716,-4.696564286367891,6.730773225593255,-4.852186866897234,4.831457042951502,-3.594803131811575
4075000000.0,5.5609627157715735,-4.691942807851829,6.728084169502364,-4.848339922134167,4.827853732288698,-3.5924639989861964
4080000000.0,5.558512919203882,-4.687331359286142,6.725460343638596,-4.840303475889412,4.824749061842653,-3.5883535000113724
4085000000.0,5.55607148000448,-4.682729912674587,6.718658070449209,-4.835628474496019,4.825948785770613,-3.5879859758669097
4090000000.0,5.553638360945181,-4.678138440109742,6.7129530243095346,-4.827541300387998,4.822804957230731,-3.579889455887595
4095000000.0,5.551213525000479,-4.6735569137727815,6.712621364732761,-4.8256876847833805,4.824514804723049,-3.576949229901341
4100000000.0,5.5487969353462505,-4.668985305933223,6.707865929290115,-4.815480118100371,4.8198701086959925,-3.576036959523508
4105000000.0,5.546388555358478,-4.664423588948703,6.700544707879601,-4.8067852144587215,4.815438119725116,-3.568295431950414
4110000000.0,5.543988348611972,-4.659871735264734,6.699065621513606,-4.802061723472672,4.81515050090664,-3.568633591441946
4115000000.0,5.541596278879112,-4.655329717414467,6.695025988390963,-4.798795569843144,4.816660017675906,-3.5653512523485125
4120000000.0,5.53921231012859,-4.650797508018456,6.694959945353045,-4.791390652174481,4.819145873302909,-3.557503594641146
4125000000.0,5.536836406524164,-4.646275079784414,6.68476560459616,-4.789117474557568,4.808824143920981,-3.5599664603990018
4130000000.0,5.534468532423421,-4.641762405506979,6.682969924182882,-4.781669638528991,4.813222892615936,-3.553686835367093
4135000000.0,5.532108652376552,-4.637259458067474,6.688349454374363,-4.775479062588293,4.813029950819286,-3.544400319250064
4140000000.0,5.529756731125134,-4.632766210433665,6.681595225659899,-4.775620029231055,4.8085032633397455,-3.548871178759004
4145000000.0,5.527412733600912,-4.628282635659524,6.681984895529671,-4.766282743553471,4.812706225756814,-3.536120476088021
4150000000.0,5.525076624924608,-4.623808706884983,6.672369551161269,-4.762597397059811,4.80520426672811,-3.538343327642608
4155000000.0,5.522748370404722,-4.619344397335704,6.671303166141013,-4.75609374357478,4.80236209900869,-3.534247759666402
4160000000.0,5.520427935536348,-4.614889680322827,6.668594434191826,-4.753786409434461,4.80442947935552,-3.530152902600558
4165000000.0,5.518115286,-4.610444529242738,6.665860332150805,-4.737322629284217,4.799818040677529,-3.522196629893825
4170000000.0,5.515810387660444,-4.606008917576819,6.668484063658607,-4.737173845106704,4.802539581340755,-3.5192272098572532
4175000000.0,5.51351320656554,-4.601582818891215,6.658790578780605,-4.734408830708942,4.797573594682841,-3.5247892147796787
4180000000.0,5.511223708945089,-4.5971662068365875,6.659553832656235,-4.727021113565225,4.794725036330803,-3.509613929304578
4185000000.0,5.50894186120969,-4.592759055147876,6.654829091202116,-4.720090499133353,4.796274244237219,-3.5130953014417097
4190000000.0,5.50666762994961,-4.588361337644052,6.6522455324510155,-4.7170633713037695,4.7927070801028915,-3.506328289035269
4195000000.0,5.504400981933653,-4.58397302822788,6.654934377336801,-4.710061212631162,4.79789759030236,-3.5060877036183236
4200000000.0,5.502141884108046,-4.579594100885678,6.649422830308934,-4.703897132871668,4.78683497671536,-3.5015966816499025
4205000000.0,5.499890303595323,-4.575224529687066,6.647366725149065,-4.696062971950263,4.788586125023272,-3.497068035388528
4210000000.0,5.497646207693227,-4.570864288784734,6.642638982199414,-4.691801250402092,4.785860739856597,-3.4911480149342413
4215000000.0,5.495409563873615,-4.566513352414197,6.637716646925385,-4.681536165960765,4.782371684401423,-3.4938640425406886
4220000000.0,5.493180339781369,-4.562171694893546,6.643084271813353,-4.678671740943359,4.7813403822487865,-3.485243555923549
4225000000.0,5.490958503233321,-4.557839290623215,6.638490148309569,-4.665829941665815,4.780241244196367,-3.4840537816740422
4230000000.0,5.488744022217174,-4.553516114085733,6.631658214665049,-4.663723859013119,4.7822369311890265,-3.4798891045214204
4235000000.0,5.486536864890447,-4.549202139845481,6.631253408508056,-4.649562889969731,4.778428635008407,-3.479952109195474
4240000000.0,5.484336999579413,-4.544897342548455,6.627339060239185,-4.647990042493177,4.778476524775389,-3.4747805813894335
4245000000.0,5.48214439477805,-4.540601696922017,6.627246041972657,-4.63755238616472,4.776879370894137,-3.4718395860897124
4250000000.0,5.479959019147005,-4.536315177774657,6.625851186865641,-4.631966993364329,4.773591918565672,-3.4659523267825842
4255000000.0,5.4777808415125495,-4.532037759995747,6.61779845388219,-4.622762707367916,4.768795346465556,-3.4655349950196106
4260000000.0,5.475609830865567,-4.527769418555304,6.625548092790299,-4.618358896492608,4.771214179984571,-3.4575013399909476
4265000000.0,5.473445956360518,-4.523510128503743,6.615367601539068,-4.610841286201881,4.768205381000453,-3.460748783703895
4270000000.0,5.47128918731444,-4.519259864971635,6.621207023472341,-4.602652399402097,4.7663507151354585,-3.4521948351619383
4275000000.0,5.469139493205934,-4.5150186031694695,6.617658382072845,-4.594859992324145,4.7631965514745795,-3.4475632292306555
4280000000.0,5.466996843674173,-4.510786318387407,6.615404325852961,-4.586548770161504,4.76580213807742,-3.448909583681565
4285000000.0,5.464861208517904,-4.506562985995039,6.6121979913997055,-4.5809665893011635,4.761792909960423,-3.4415319562245985
4290000000.0,5.462732557694468,-4.502348581441151,6.609976070813614,-4.570440380844725,4.759732681336953,-3.441181622570667
4295000000.0,5.460610861318823,-4.498143080253471,6.607047718869796,-4.56387198116782,4.759933688885334,-3.4378349893345814
4300000000.0,5.458496089662571,-4.4939464580384385,6.605048361951611,-4.553904949876917,4.756713041623466,-3.4326094472660134
4305000000.0,5.456388213152994,-4.489758690480956,6.600600685577792,-4.544057720164411,4.754978984011,-3.4302983777470617
4310000000.0,5.454287202372103,-4.485579753344153,6.599239955201805,-4.535341430213447,4.752985696037564,-3.4276360267829142
4315000000.0,5.452193028055677,-4.481409622469138,6.59363846308524,-4.524369701851205,4.752407427311386,-3.422966410253135
4320000000.0,5.450105661092332,-4.477248273774768,6.5866620982520905,-4.514775747905572,4.74992966726796,-3.420391020808398
4325000000.0,5.448025072522573,-4.473095683257397,6.579968309941835,-4.509831332149982,4.74898016128215,-3.416014502427209
4330000000.0,5.445951233537871,-4.4689518269906445,6.571160900635356,-4.503070016300096,4.7499916485043014,-3.41540048217116
4335000000.0,5.443884115479734,-4.464816681125153,6.5662353694357565,-4.4995021790432235,4.748854412218957,-3.4118175174884056
4340000000.0,5.4418236898387935,-4.460690221888342,6.563423818282112,-4.493148806971212,4.74734576657728,-3.409403835619586
4345000000.0,5.439769928253889,-4.456572425584178,6.5563417825607955,-4.489000578962978,4.743716964557512,-3.4021400096596115
4350000000.0,5.437722802511169,-4.452463268592927,6.551380165402644,-4.481500342362853,4.741168198355078,-3.401715261335056
4355000000.0,5.4356822845431845,-4.448362727370923,6.547698012011949,-4.4796377583601865,4.742315222496593,-3.3977697416831707
4360000000.0,5.433648346428007,-4.4442707784503215,6.54304969709511,-4.473616624071686,4.741015256670014,-3.3948535311154657
4365000000.0,5.431620960388331,-4.440187398438866,6.5470122266164354,-4.46858277601746,4.738931027563953,-3.392048520687199
4370000000.0,5.429600098790604,-4.4361125640196475,6.541926349684678,-4.470026074237435,4.734616126404739,-3.3866412286152654
4375000000.0,5.427585734144145,-4.432046251950868,6.537709259716872,-4.463261816584763,4.738212964140847,-3.3762412459185227
4380000000.0,5.425577839100283,-4.427988439065601,6.5425413842397395,-4.459145488332312,4.737690863692093,-3.3815363397488563
4385000000.0,5.423576386451488,-4.423939102271555,6.5426238951780435,-4.451338731806513,4.737536523424829,-3.3712273064116856
4390000000.0,5.421581349130525,-4.419898218550838,6.54001418054541,-4.448409991268027,4.73070255672007,-3.3755056059164827
4395000000.0,5.419592700209594,-4.415865764959717,6.536895169650071,-4.446343550398696,4.729545319515262,-3.3717949527422926
4400000000.0,5.417610412899491,-4.411841718628385,6.5405406827423995,-4.433165515102577,4.7272877178612625,-3.3662043412692753
4405000000.0,5.415634460548771,-4.407826056760724,6.539667103140344,-4.42521365905161,4.7202922258159825,-3.3611176778527767
4410000000.0,5.413664816642912,-4.403818756634067,6.536922073191316,-4.420033367264673,4.724870011547313,-3.362274660821512
4415000000.0,5.411701454803489,-4.399819795598966,6.537553142174137,-4.407830106375029,4.731247449029744,-3.3569952830800744
4420000000.0,5.409744348787356,-4.395829151078957,6.53749831051235,-4.395176357999723,4.720561470835756,-3.3528568816612987
4425000000.0,5.407793472485828,-4.3918468005703195,6.5310225888167555,-4.3782656884451,4.722177276122917,-3.3611481111126396
4430000000.0,5.40584879992387,-4.387872721641848,6.52720716783784,-4.383552383089062,4.720094262499634,-3.351691469134137
4435000000.0,5.403910305259295,-4.38390689193462,6.515809145640477,-4.370887474253068,4.715838665597879,-3.3517387712519797
4440000000.0,5.401977962781967,-4.379949289161754,6.5130299729046195,-4.356387023548268,4.715830210634984,-3.3467545851085236
4445000000.0,5.400051746913,-4.375999891108182,6.505266954608574,-4.353939114656125,4.714515598527863,-3.346164550892773
4450000000.0,5.398131632203983,-4.372058675630419,6.490472145392093,-4.349787604687995,4.7176875326688945,-3.3369780166823797
4455000000.0,5.396217593336183,-4.368125620656325,6.487837943115841,-4.352043190220865,4.708638404995784,-3.341100166715957
4460000000.0,5.39430960511978,-4.364200704184873,6.478399773409337,-4.339018407941318,4.712164612648331,-3.334676377150882
4465000000.0,5.392407642493087,-4.360283904285928,6.460036090230689,-4.3387493232372245,4.704758444896359,-3.3321834433106328
4470000000.0,5.390511680521789,-4.3563751990999995,6.464875000567273,-4.340398406253817,4.715011951394127,-3.3270236908529855
4475000000.0,5.38862169439818,-4.3524745668380245,6.4648132814873955,-4.336321508181873,4.709742267925715,-3.3268277605811067
4480000000.0,5.386737659440403,-4.348581985781128,6.453345454603232,-4.346153391848613,4.712207754433344,-3.321499079931446
4485000000.0,5.384859551091707,-4.3446974342804,6.460213502068947,-4.343478224420759,4.706878474271817,-3.3165837512731353
4490000000.0,5.382987344919694,-4.340820890756663,6.465746739654128,-4.3430554334342615,4.707581658381449,-3.3113662591760664
4495000000.0,5.38112101661558,-4.336952333700241,6.463873850305324,-4.34056722572299,4.70519604106216,-3.313179947457907
4500000000.0,5.379260541993464,-4.333091741670734,6.46657498602436,-4.33613384363622,4.707378099198157,-3.304569968338041
4505000000.0,5.377405896989591,-4.32923909329679,6.470847680368387,-4.33406398451674,4.704260395273338,-3.302828558568014
4510000000.0,5.375557057661628,-4.325394367275874,6.4784509562990085,-4.329366671598183,4.699666866828764,-3.302540975010727
4515000000.0,5.373714000187947,-4.321557542374047,6.482195863048061,-4.315838589577914,4.698631742096966,-3.2996557765709245
4520000000.0,5.371876700866904,-4.317728597425733,6.493354892749055,-4.31046973184617,4.697538062647222,-3.2939958086098304
4525000000.0,5.37004513611613,-4.313907511333492,6.481873662724754,-4.299940105418722,4.697795209714717,-3.2940772591946232
4530000000.0,5.3682192824718244,-4.310094263067807,6.489311461953958,-4.287267091362046,4.695060725870652,-3.2895591849923185
4535000000.0,5.366399116588056,-4.30628883166684,6.482411565772952,-4.275078754565449,4.699740495360625,-3.2847766980169264
4540000000.0,5.364584615236061,-4.302491196236221,6.479293909377401,-4.265875226698271,4.69526865374085,-3.2862868464911488
4545000000.0,5.362775755303556,-4.298701335948818,6.477459547144832,-4.250344904039038,4.69106312354081,-3.2835085586568544
4550000000.0,5.360972513794047,-4.294919230044515,6.46973947210149,-4.2477145608472116,4.692432431181824,-3.2816799273357664
4555000000.0,5.359174867826149,-4.291144857829988,6.466742457699118,-4.240990886416953,4.689759405202347,-3.2785295081366024
4560000000.0,5.357382794632907,-4.287378198678482,6.461619819812817,-4.233507612415375,4.687234081626751,-3.27454586939646
4565000000.0,5.355596271561122,-4.283619232029589,6.456942981054945,-4.2259923270042465,4.691731486276195,-3.272874907460746
4570000000.0,5.353815276070684,-4.279867937389028,6.452665203001501,-4.216964334334629,4.687044164191766,-3.2703079890359805
4575000000.0,5.352039785733901,-4.27612429432842,6.4466149914645,-4.2070284244403116,4.68535998363332,-3.2689214652532086
4580000000.0,5.350269778234848,-4.272388282485067,6.4450350292149,-4.203679625916546,4.686311233466127,-3.26327876881764
4585000000.0,5.348505231368706,-4.268659881561738,6.440193406117593,-4.193238284545518,4.686981735273094,-3.2632046414377167
4590000000.0,5.346746123041109,-4.264939071326443,6.436171871747031,-4.1910071218378135,4.686705202838266,-3.257723956546966
4595000000.0,5.344992431267503,-4.261225831612215,6.427979258274652,-4.186581765205963,4.684501376068632,-3.257225982676205
4600000000.0,5.3432441341724966,-4.257520142316894,6.423448338015639,-4.179656298793054,4.682124320966974,-3.253250534660447
4605000000.0,5.34150120998923,-4.253821983402906,6.417234746114287,-4.177283038010562,4.683192621303835,-3.251021450789217
4610000000.0,5.339763637058732,-4.250131334897046,6.413823887577969,-4.170972988769095,4.6815930954755585,-3.250454112767816
4615000000.0,5.338031393829298,-4.2464481768902615,6.4133772378202965,-4.171218639521156,4.682002197755815,-3.243831388632747
4620000000.0,5.336304458855863,-4.242772489537435,6.411450878908322,-4.171789187243384,4.681902705275768,-3.2418290082347663
4625000000.0,5.334582810799375,-4.239104253057168,6.405362389675878,-4.164710545578913,4.680965972876386,-3.238968473450321
4630000000.0,5.3328664284261835,-4.235443447731568,6.403875616100599,-4.1623863091916595,4.678831625092672,-3.2351576102139883
4635000000.0,5.331155290607424,-4.231790053906029,6.40413780152557,-4.15684786823994,4.678924002819478,-3.2306941612429547
4640000000.0,5.329449376318409,-4.2281440519890205,6.402325825043085,-4.155179049796183,4.677233994995334,-3.2282210605265056
4645000000.0,5.327748664638021,-4.224505422451873,6.4054816552816805,-4.151622711095752,4.6762379413991955,-3.2253648404945716
4650000000.0,5.326053134748115,-4.220874145828564,6.402569803537211,-4.14948111341731,4.676508408728589,-3.223217137381447
4655000000.0,5.3243627659329205,-4.217250202715503,6.404932404153063,-4.144150871817226,4.672313819297955,-3.2175097265112695
4660000000.0,5.322677537578446,-4.213633573771326,6.40466125285455,-4.140565599146368,4.673102309765567,-3.214171929725477
4665000000.0,5.320997429171892,-4.210024239716677,6.405035413851761,-4.135922880639296,4.674169353151443,-3.2093223410010356
4670000000.0,5.319322420301065,-4.206422181333998,6.408608567152151,-4.135362021574172,4.674331934425334,-3.2091770280283693
4675000000.0,5.317652490653797,-4.202827379467324,6.404970024912689,-4.1268696081919485,4.6704269770666755,-3.206929346535286
4680000000.0,5.315987620017365,-4.1992398150220644,6.405973369341388,-4.1240113679481585,4.670311612619318,-3.203570331278249
4685000000.0,5.3143277882779225,-4.1956594689647995,6.405068483154601,-4.119518813963373,4.6703463807888435,-3.2052396939154604
4690000000.0,5.312672975419923,-4.192086322323069,6.404921123849037,-4.111968220844742,4.662837192811377,-3.196977722337961
4695000000.0,5.31102316152556,-4.188520356185168,6.404405542490533,-4.101272188030556,4.6659731073223245,-3.1959609178552206
4700000000.0,5.3093783267741985,-4.1849615516999314,6.401656521116862,-4.095220304703104,4.664632508611085,-3.190406034142844
4705000000.0,5.307738451441823,-4.181409890076533,6.403073478803212,-4.086819401284017,4.658693862862626,-3.2013644418764104
4710000000.0,5.306103515900476,-4.177865352584277,6.404948165344679,-4.075519429240016,4.657799712849813,-3.187373186002911
4715000000.0,5.304473500617711,-4.174327920552392,6.400016627824578,-4.068364298166529,4.656400692455364,-3.183694636827227
4720000000.0,5.3028483861560405,-4.170797575369826,6.390683844829256,-4.066041703370906,4.655326688027364,-3.1856598119865387
4725000000.0,5.3012281531723975,-4.167274298485039,6.393110480954787,-4.058237671836342,4.657302500512609,-3.1784730568864523
4730000000.0,5.299612782417588,-4.163758071405803,6.389374284920182,-4.0517867529566995,4.6567694861587565,-3.1749481966969304
4735000000.0,5.298002254735761,-4.160248875698993,6.384555460900964,-4.043832637311501,4.654289245851008,-3.1741262190242736
4740000000.0,5.296396551063868,-4.156746692990388,6.3733114737118575,-4.036559225616225,4.654315914990562,-3.1687095863269534
4745000000.0,5.294795652431137,-4.153251504964465,6.373581650384369,-4.037035397984928,4.657717692942391,-3.1648488504029872
4750000000.0,5.293199539958546,-4.149763293364203,6.365592956502716,-4.0320463447539145,4.649886554236774,-3.1617962882520083
4755000000.0,5.291608194858297,-4.146282039990874,6.367373257737738,-4.021501866930727,4.647209261231254,-3.156514916910197
4760000000.0,5.2900215984333,-4.142807726703845,6.364102169692164,-4.026677169215146,4.64875066086495,-3.155983390590562
4765000000.0,5.288439732076652,-4.13934033542038,6.356763964427787,-4.01584654877347,4.646396054264896,-3.1513688212466575
4770000000.0,5.286862577271128,-4.1358798481154375,6.364402202247993,-4.010207441224349,4.6454174483069375,-3.146946389441814
4775000000.0,5.28529011558867,-4.132426246821471,6.363113421224612,-4.019202949870037,4.643936534171902,-3.146098790361549
4780000000.0,5.283722328689878,-4.128979513628235,6.370337032633559,-4.0084885138349176,4.641858257271425,-3.142636958956394
4785000000.0,5.282159198323512,-4.125539630682578,6.361893245384671,-4.010939318774965,4.64044994552763,-3.143708054074681
4790000000.0,5.280600706325988,-4.122106580188257,6.36939349126515,-3.9968492808448706,4.641790229104021,-3.135494415941564
4795000000.0,5.279046834620881,-4.11868034440573,6.370250002622997,-3.989560796067735,4.639260885057455,-3.135527158557944
4800000000.0,5.277497565218436,-4.115260905651964,6.373334737138226,-3.979564329432938,4.635036152209075,-3.130268469370956
4805000000.0,5.275952880215075,-4.1118482463002435,6.363938395125281,-3.971646667957323,4.633281004521973,-3.1314104034170818
4810000000.0,5.274412761792908,-4.108442348779966,6.376477497161727,-3.962396517724961,4.631276406442948,-3.126870031582499
4815000000.0,5.272877192219253,-4.1050431955764575,6.367045567466023,-3.959455508062028,4.632149884464765,-3.1259994427216817
4820000000.0,5.271346153846154,-4.101650769230769,6.366875399440208,-3.950245139465546,4.63106826381112,-3.1215470051594356
4825000000.0,5.269819629109901,-4.098265052339493,6.351167491232738,-3.931822924663907,4.63331989734556,-3.120109909438116
4830000000.0,5.268297600530559,-4.094886027554563,6.359733801446248,-3.929750196456538,4.630495597405258,-3.1183534787529528
4835000000.0,5.266780050711494,-4.091513677583065,6.358424345626455,-3.9141548692131893,4.630201294054063,-3.115602049126138
4840000000.0,5.265266962338907,-4.088147985187044,6.353642112076296,-3.9058885691807967,4.630765319774149,-3.1138545226050294
4845000000.0,5.263758318181366,-4.084788933183316,6.347929739867328,-3.9041735559367834,4.626586267007828,-3.110616625297215
4850000000.0,5.2622541010893435,-4.081436504443273,6.341336793648887,-3.893734908289491,4.624863223315525,-3.107616236466793
4855000000.0,5.2607542939947605,-4.078090681892698,6.341568226404503,-3.8836625377829823,4.625733204146891,-3.1051783128528743
4860000000.0,5.259258879910526,-4.0747514485115754,6.333897921717126,-3.881000778876568,4.6251921083485605,-3.103820338414891
4865000000.0,5.257767841930087,-4.0714187873338945,6.331750243517381,-3.875808757464956,4.621747720805499,-3.1005173074135155
4870000000.0,5.256281163226975,-4.068092681447474,6.3267256632163305,-3.8704949207276926,4.623129693832283,-3.096768668070858
4875000000.0,5.254798827054357,-4.064773113993764,6.322717452665353,-3.865386634314253,4.621347657390697,-3.09345671529438
4880000000.0,5.253320816744596,-4.0614600681676665,6.316746345681118,-3.8580604107887466,4.619738434226902,-3.0905556808062697
4885000000.0,5.251847115708806,-4.058153527217342,6.317856057133076,-3.8560331433628505,4.640384002925116,-3.092447564004712
4890000000.0,5.25037770743641,-4.054853474444029,6.310047017162914,-3.849652197640992,4.617537877137953,-3.0830707470978655
4895000000.0,5.248912575494708,-4.05155989320186,6.308363971421094,-3.849470811212643,4.618838368786244,-3.083987122306459
4900000000.0,5.24745170352844,-4.048272766897671,6.310647201438313,-3.8431240428982867,4.619914631752249,-3.080163818298494
4905000000.0,5.2459950752593585,-4.044992078990822,6.308192830746156,-3.8335884599899694,4.618752816889382,-3.0791416435271963
4910000000.0,5.244542674485797,-4.041717812993013,6.302515695528871,-3.82686050051,4.615583406940926,-3.0757211434224847
4915000000.0,5.243094485082248,-4.038449952468101,6.3017951391544855,-3.823782955065643,4.611294826840527,-3.0724082139037736
4920000000.0,5.2416504909989365,-4.035188481031915,6.2961815734985835,-3.819061664492941,4.608293210147534,-3.0694638670013816
4925000000.0,5.240210676261403,-4.031933382352084,6.29655807284456,-3.8124663357241273,4.609438731416016,-3.068399250241216
4930000000.0,5.238775024970084,-4.028684640147838,6.29403526420606,-3.8082120703301494,4.605450811910744,-3.064436602449641
4935000000.0,5.237343521299901,-4.025442238189847,6.293379752023626,-3.8060181068801566,4.611751318604591,-3.063670389402106
4940000000.0,5.235916149499844,-4.022206160300031,6.288991591357262,-3.8003209859480935,4.60613370613181,-3.063143682963477
4945000000.0,5.234492893892564,-4.018976390351379,6.2893364874493525,-3.797265715156354,4.602152041714926,-3.0568973718428456
4950000000.0,5.233073738873967,-4.015752912267778,6.2829353368003895,-3.788762174686967,4.601426645017975,-3.0567341954863387
4955000000.0,5.231658668912809,-4.012535710023825,6.281715706865371,-3.7821344050662375,4.600714984352755,-3.054716385249801
4960000000.0,5.230247668550293,-4.009324767644661,6.278290608837198,-3.7766064547976,4.594726885463967,-3.0452142312067965
4965000000.0,5.2288407223996725,-4.006120069205784,6.276120823492787,-3.774795420492475,4.59803108282434,-3.0485489531140995
4970000000.0,5.227437815145854,-4.002921598832877,6.276629892164459,-3.7709805887350507,4.594050296560072,-3.044755983587053
4975000000.0,5.226038931545,-3.9997293407016326,6.276801364793485,-3.7688292279429216,4.602870837338005,-3.039468652514273
4980000000.0,5.224644056424141,-3.996543279037576,6.273116438221992,-3.764118657021451,4.5944084670766046,-3.042224041299107
4985000000.0,5.223253174680787,-3.993363398115893,6.2715282384439615,-3.7554582150490314,4.587859674858255,-3.032885630017316
4990000000.0,5.221866271282534,-3.99018968226125,6.2709789117856145,-3.754040323846739,4.593580313482378,-3.030468642515119
4995000000.0,5.22048333126669,-3.98702211584763,6.269936145565248,-3.7516535254182073,4.590958015447903,-3.033577811027976
5000000000.0,5.219104339739883,-3.9838606832981505,6.270802754953468,-3.7485310304348696,4.587910601111149,-3.02983131732136
5005000000.0,5.21772928187769,-3.980705369084897,6.273044329879297,-3.7398752097946746,4.58879970746213,-3.0266042323415907
5010000000.0,5.216358142924254,-3.977556157728747,6.268199958791832,-3.7408639780579174,4.588076155370452,-3.023360221740631
5015000000.0,5.21499090819191,-3.9744130337992027,6.2740134463171575,-3.738769275656891,4.5869646380274895,-3.0207254213230224
5020000000.0,5.213627563060818,-3.971275981914218,6.273347819166737,-3.728241902141761,4.585567311509326,-3.013272876084677
5025000000.0,5.212268092978585,-3.9681449867400294,6.271074944175851,-3.7287149878478743,4.583375779608071,-3.0204624516105776
5030000000.0,5.210912483459903,-3.9650200329909855,6.276552106260749,-3.7207254583424665,4.581932749767421,-3.018411708437995
5035000000.0,5.209560720086181,-3.961901105429379,6.270823064804653,-3.711960812243539,4.583474424248221,-3.0115301674915984
5040000000.0,5.208212788505184,-3.9587881888652783,6.268135710223831,-3.7087608167632977,4.582155079067184,-3.0102212872133682
5045000000.0,5.2068686744306705,-3.9556812681563605,6.265369622507678,-3.7026306204787636,4.579406344423635,-3.011433413077627
5050000000.0,5.205528363642032,-3.95258032820774,6.270359970008781,-3.704326901876734,4.581250982523778,-3.003396687206777
5055000000.0,5.204191841983941,-3.9494853539718067,6.261473082233123,-3.6927035980353273,4.5792336970021505,-3.0070952390441827
5060000000.0,5.202859095365994,-3.9463963304480596,6.262008426973227,-3.688737073441104,4.578056385649354,-3.003700982923812
5065000000.0,5.20153010976236,-3.943313242682939,6.258208971719436,-3.6830278959522156,4.581847046845796,-3.0000816446537426
5070000000.0,5.20020487121143,-3.940236075769661,6.25839457744397,-3.6735754229953854,4.576481377408758,-2.9981725911613633
5075000000.0,5.198883365815473,-3.9371648148480567,6.2478591014796905,-3.667450595057051,4.57852687169508,-2.998003299478072
5080000000.0,5.197565579740284,-3.9340994451044025,6.243801860489464,-3.6624464798596015,4.5766194907231315,-2.999222067734836
5085000000.0,5.196251499214847,-3.931039951771266,6.23678859285107,-3.659916318521241,4.572525655952601,-2.992729785916462
5090000000.0,5.1949411105309915,-3.9279863201273333,6.233979685029469,-3.6516683997188704,4.5735517935338255,-2.993679599985767
5095000000.0,5.193634400043052,-3.924938535497252,6.224751134414035,-3.6509200530828823,4.573740862576437,-2.9913149723257737
5100000000.0,5.192331354167533,-3.9218965832514705,6.226545474412412,-3.646807737496461,4.5771153192988185,-2.9902695771068495
5105000000.0,5.191031959382773,-3.918860448806074,6.228793834332698,-3.639423902843313,4.5706617527545585,-2.9851085558830706
5110000000.0,5.189736202228612,-3.9158301176226264,6.222525333323938,-3.635542636274662,4.57462492572617,-2.9814612286826083
5115000000.0,5.1884440693060645,-3.912805575208007,6.218274281624595,-3.631926194366271,4.573599674490745,-2.980260940383211
5120000000.0,5.187155547276981,-3.909786807114256,6.220483920226707,-3.6285705634659764,4.570613045485333,-2.974731026969981
5125000000.0,5.185870622863733,-3.906773798938412,6.216942894713563,-3.623137414415763,4.570124213251189,-2.9709560638540995
5130000000.0,5.184589282848879,-3.903766536322355,6.2180235784678075,-3.619004566750199,4.568004551295858,-2.9725739592182028
5135000000.0,5.183311514074849,-3.900765004952648,6.214377665268865,-3.6106417995845206,4.56860680100607,-2.967477152545507
5140000000.0,5.18203730344362,-3.8977691905603797,6.217020870301527,-3.6062441536005134,4.565676400151305,-2.9640651166859886
5145000000.0,5.1807666379163955,-3.8947790789210104,6.21218076580062,-3.599815758269969,4.566700882951887,-2.963473252843175
5150000000.0,5.179499504513293,-3.8917946558542114,6.214478745783687,-3.5933261373445986,4.568671326941765,-2.9608369105521932
5155000000.0,5.178235890313028,-3.888815907223713,6.214901497480323,-3.589498754832491,4.565396907834415,-2.9551592841076695
5160000000.0,5.176975782452599,-3.88584281893715,6.215033894192093,-3.5834720595776806,4.567209389238883,-2.953602365506988
5165000000.0,5.17571916812698,-3.8828753769459037,6.21318216989926,-3.5817829622677775,4.566636919572655,-2.9506753656991638
5170000000.0,5.174466034588807,-3.8799135672449503,6.211847991267358,-3.573994878581104,4.566651488902934,-2.9488209654912487
5175000000.0,5.173216369148076,-3.876957375872707,6.211984542549912,-3.5670960033857613,4.562500539746984,-2.9468262271307886
5180000000.0,5.171970159171831,-3.87400678891088,6.209876575823378,-3.561617053038982,4.564880901936428,-2.942609723786407
5185000000.0,5.170727392083871,-3.8710617924843103,6.209782050074948,-3.5565016529862876,4.564747661074103,-2.940839973203817
5190000000.0,5.169488055364439,-3.8681223727608254,6.208846221169596,-3.5486683321770394,4.562051149634437,-2.939554087105855
5195000000.0,5.168252136549921,-3.865188515951083,6.208002417532455,-3.54236422785086,4.563441928010018,-2.9397055200160063
5200000000.0,5.167019623232562,-3.8622602083084256,6.20670809256253,-3.5370985465878335,4.5622135624662965,-2.9348635786048747
5205000000.0,5.165790503060152,-3.859337436128725,6.20425065597436,-3.534619456949377,4.559411429384585,-2.9325869147511514
5210000000.0,5.164564763735745,-3.856420185750239,6.201700565847059,-3.524928735091603,4.5573018844044,-2.9331754480489023
5215000000.0,5.163342393017359,-3.853508443553455,6.198269226516949,-3.518643977575303,4.556336087739746,-2.928901506061968
5220000000.0,5.162123378717692,-3.8506021959609478,6.197009945570177,-3.515322711230936,4.556441013147327,-2.927279627640242
5225000000.0,5.160907708703825,-3.847701429437228,6.194845702360978,-3.5069219083072665,4.555829542890373,-2.9209888253915794
5230000000.0,5.159695370896942,-3.8448061304885943,6.188562592154269,-3.504459851976417,4.554998678649383,-2.9215596021452295
5235000000.0,5.158486353272039,-3.841916285662991,6.187850270986682,-3.50388248802815,4.552771927260614,-2.920990569569391
5240000000.0,5.157280643857645,-3.8390318815498534,6.184748626140112,-3.5009007596763193,4.555579585817059,-2.9161516382262365
5245000000.0,5.156078230735536,-3.8361529047799703,6.1847886984143905,-3.4963856445423334,4.553588926052215,-2.913827568745434
5250000000.0,5.154879102040461,-3.833279342025333,6.182167395610603,-3.4926317405029232,4.552472378375707,-2.9137365530451946
5255000000.0,5.153683245959853,-3.8304111799989924,6.178532936108432,-3.4899329327120396,4.5524692254697685,-2.912079349131078
5260000000.0,5.152490650733562,-3.8275484054549143,6.180390601634852,-3.493145180055192,4.5486728055498675,-2.906615751998564
5265000000.0,5.151301304653575,-3.8246910051878356,6.177864939190335,-3.4854512641267745,4.542264969852387,-2.897851347661885
5270000000.0,5.150115196063744,-3.8218389660331225,6.177443861965449,-3.484188483356467,4.548660992187917,-2.902353626113471
5275000000.0,5.148932313359511,-3.818992274866622,6.178535490527031,-3.4811707588811625,4.549643953996472,-2.8992529694897757
5280000000.0,5.147752644987645,-3.816150918604529,6.179338349025627,-3.476287188086821,4.5468194670898825,-2.8929395643210998
5285000000.0,5.1465761794459635,-3.8133148842032343,6.1816918173806785,-3.472037329802177,4.5497237137100495,-2.8904046976148794
5290000000.0,5.145402905283074,-3.8104841586591913,6.182491207762541,-3.470713397393516,4.542760982909569,-2.89123718867185
5295000000.0,5.144232811098103,-3.8076587290087693,6.176350915580757,-3.461792501687816,4.542033897777111,-2.8811518865831074
5300000000.0,5.143065885540435,-3.8048385823281174,6.183896067092261,-3.459118800618332,4.539882764404621,-2.882898911276368
5305000000.0,5.14190211730945,-3.8020237057330233,6.172819914801651,-3.4545588498262654,4.542202181575769,-2.8822578635173635
5310000000.0,5.140741495154264,-3.799214086378774,6.1778517832362265,-3.4529117787625507,4.542152681150781,-2.8790161824313465
5315000000.0,5.139584007873463,-3.796409711460015,6.179255014140894,-3.444649871434812,4.536883669846915,-2.8758167795370633
5320000000.0,5.138429644314856,-3.793610568210616,6.181465401031041,-3.4336196198146234,4.534918798465417,-2.876856084951669
5325000000.0,5.137278393375212,-3.79081664390353,6.177495936106966,-3.4358610439744703,4.533545704777734,-2.872122774641159
5330000000.0,5.136130244000006,-3.788027925850656,6.1807006431665155,-3.425275381071911,4.533045447173615,-2.873472494619174
5335000000.0,5.134985185183169,-3.785244401402704,6.177967269438935,-3.4129793234201986,4.536451935661267,-2.86575362415535
5340000000.0,5.1338432059668335,-3.7824660579490583,6.176527644991701,-3.4158061130341286,4.531952763339565,-2.8649939637430974
5345000000.0,5.132704295441086,-3.7796928829176415,6.178350694215207,-3.4060752875566926,4.530579891267542,-2.8594049935930066
5350000000.0,5.131568442743717,-3.7769248637747768,6.176243158494478,-3.4056371910437973,4.531247131539164,-2.8659431244786595
5355000000.0,5.130435637059973,-3.774161988025058,6.173805774936771,-3.397739179780923,4.527906503276543,-2.860141298193491
5360000000.0,5.129305867622315,-3.7714042432112107,6.172612733369562,-3.3986149030386232,4.528558318949814,-2.858680588654306
5365000000.0,5.1281791237101695,-3.76865161691396,6.176094431692576,-3.387332709153616,4.526837404084355,-2.8553848640874757
5370000000.0,5.127055394649689,-3.7659040967518997,6.17405308985537,-3.38331489665888,4.526758449721405,-2.854436757786659
5375000000.0,5.125934669813511,-3.763161670381354,6.175023657615705,-3.3758045840360777,4.523524747796942,-2.8497323898252698
5380000000.0,5.124816938620517,-3.760424325496249,6.168430592312392,-3.371278359914711,4.524967388710788,-2.8478261787569266
5385000000.0,5.123702190535594,-3.7576920498279827,6.168038647287595,-3.3645039981033347,4.525074187367778,-2.843037288387551
5390000000.0,5.122590415069398,-3.754964831145288,6.164176255115179,-3.3594857795538453,4.5217952970406605,-2.8418256479264628
5395000000.0,5.12148160177812,-3.7522426572541048,6.166407168813011,-3.3542251833408296,4.519931382922517,-2.841599441018852
5400000000.0,5.120375740263248,-3.7495255159974503,6.166673456836196,-3.3522777700353896,4.5176659250103715,-2.8376010490080716
5405000000.0,5.119272820171341,-3.7468133952552876,6.165490493846249,-3.33998196796883,4.516934261605902,-2.837375037664992
5410000000.0,5.118172831193789,-3.744106282944397,6.164822428269897,-3.3387107021126385,4.517417485840281,-2.8360719001570236
5415000000.0,5.117075763066591,-3.7414041670182474,6.163409079145164,-3.3366673766450545,4.516691688116915,-2.8307013531679095
5420000000.0,5.115981605570121,-3.738707035466865,6.161112705459693,-3.3282011350539698,4.51429620679773,-2.8280531552296106
5425000000.0,5.114890348528904,-3.7360148763167076,6.158978369795106,-3.325058046532633,4.512309375813991,-2.8270113961121157
5430000000.0,5.113801981811388,-3.733327677630538,6.153591318555415,-3.3120638966520604,4.510874809926263,-2.823908534528947
5435000000.0,5.112716495329721,-3.7306454275072958,6.158161246571339,-3.3101782772421227,4.510349733649761,-2.824542694089323
5440000000.0,5.111633879039525,-3.7279681140819676,6.153946988469739,-3.2995661072448335,4.509583992786761,-2.820906358321508
5445000000.0,5.1105541229396785,-3.725295725525464,6.153642500341811,-3.2984221928398645,4.512684956627027,-2.817050950177866
5450000000.0,5.109477217072091,-3.722628250044497,6.151667195488683,-3.290087242191847,4.507391383838241,-2.8175673880061924
5455000000.0,5.108403151521488,-3.7199656758814466,6.144795946358498,-3.2842969828985904,4.506741142174807,-2.8141854202408734
5460000000.0,5.1073319164151885,-3.717307991314242,6.145367429038533,-3.2797058070308522,4.50609165469213,-2.8165765956735855
5465000000.0,5.106263501922893,-3.7146551846562366,6.136376354330749,-3.271911162762305,4.504271586852648,-2.809760629051585
5470000000.0,5.105197898256465,-3.712007244256082,6.140636868893644,-3.2672465358434586,4.505701316430919,-2.8106926570225714
5475000000.0,5.104135095669715,-3.709364158497607,6.135317262781021,-3.259655930264976,4.504405463249911,-2.8060917629623185
5480000000.0,5.103075084458194,-3.706725915799691,6.136860940395181,-3.253011973085057,4.504503635970412,-2.8053859698676127
5485000000.0,5.102017854958972,-3.704092504616145,6.134055169045093,-3.251679033324328,4.505842424125695,-2.8045408969396908
5490000000.0,5.100963397550438,-3.701463913435589,6.127491261626874,-3.243942303408186,4.500773446801147,-2.8007781285003803
5495000000.0,5.099911702652084,-3.6988401307813277,6.126728127242265,-3.2436281769238073,4.504550382352393,-2.794521733853785
5500000000.0,5.0988627607242965,-3.696221145211233,6.119107966546658,-3.2335948514396735,4.49979147261049,-2.791647199320211
5505000000.0,5.097816562268154,-3.6936069453176206,6.114759265060018,-3.234496618697725,4.504308218413234,-2.792665899877295
5510000000.0,5.096773097825219,-3.6909975197271314,6.120647166466546,-3.228149934017915,4.4963601928684245,-2.7908764590874044
5515000000.0,5.095732357977332,-3.688392857100608,6.11823162909327,-3.219368078490579,4.493907629313868,-2.7888769896106944
5520000000.0,5.094694333346412,-3.6857929461329824,6.120550257628019,-3.2203155136731834,4.495460818512908,-2.787058471351766
5525000000.0,5.093659014594251,-3.683197775553148,6.114506066660851,-3.2088881556980566,4.500411685245578,-2.7793038023887466
5530000000.0,5.092626392422313,-3.6806073341238505,6.108086863876563,-3.203561221475684,4.49377349380821,-2.785815249371085
5535000000.0,5.091596457571539,-3.6780216106415615,6.11222930339408,-3.1998260997218777,4.5034235020753055,-2.778499931582258
5540000000.0,5.09056920082214,-3.6754405939363646,6.114280923635942,-3.199250703280261,4.492651117886973,-2.7778163151391455
5545000000.0,5.089544612993409,-3.672864272871841,6.117285485713258,-3.1888600751572307,4.492730605655298,-2.776913414642497
5550000000.0,5.088522684943518,-3.670292636344946,6.1040669190636665,-3.1899790142416773,4.487729512638209,-2.778698024984215
5555000000.0,5.087503407569326,-3.667725673285899,6.104261890186122,-3.1845481343806337,4.489732312119458,-2.77341598141914
5560000000.0,5.086486771806182,-3.665163372658065,6.102271965517581,-3.1811258471058843,4.490884650143497,-2.7647835239816327
5565000000.0,5.085472768627737,-3.662605723457837,6.106602269145142,-3.1744468980557197,4.489018896407986,-2.768371791685948
5570000000.0,5.084461389045745,-3.660052714714525,6.10159176379008,-3.17479369174486,4.4872420718895105,-2.76389778009522
5575000000.0,5.083452624109881,-3.6575043354902377,6.105769807486203,-3.168975428821638,4.495267048344333,-2.765139968623621
5580000000.0,5.0824464649075445,-3.654960574879772,6.085930329093645,-3.168128314474705,4.480775671310191,-2.758305272053882
5585000000.0,5.081442902563674,-3.652421422010496,6.094274568702204,-3.1540328185993114,4.480449760639193,-2.760364325606396
5590000000.0,5.080441928240558,-3.6498868660422366,6.089821468963431,-3.166303761640324,4.4849993160486585,-2.7612793800327617
5595000000.0,5.07944353313765,-3.6473568961671683,6.088790019132758,-3.1582676960989664,4.485342073429685,-2.7594498238986382
5600000000.0,5.0784477084913835,-3.6448315016096977,6.090636829131814,-3.155286524731821,4.485199874265035,-2.752058976179705
5605000000.0,5.077454445574988,-3.642310671626354,6.0940729794630375,-3.157855582507077,4.477882372210376,-2.752877130241257
5610000000.0,5.076463735698301,-3.6397943955056755,6.098667627385533,-3.1487089363236223,4.482341408614646,-2.7501421010914897
5615000000.0,5.075475570207596,-3.6372826625680994,6.094893998052234,-3.144568642645427,4.473224347677782,-2.745040121805067
5620000000.0,5.074489940485388,-3.6347754621658517,6.0943893002510015,-3.142214572515141,4.484223671752551,-2.746506759109541
5625000000.0,5.0735068379502675,-3.6322727836828346,6.092851519054496,-3.1386045088042627,4.478562369826605,-2.74524268073056
5630000000.0,5.07252625405671,-3.6297746165345175,6.091436594644274,-3.1336748293606944,4.478793283365514,-2.748994775381006
5635000000.0,5.071548180294904,-3.6272809501678287,6.090555466556156,-3.125307549296838,4.47984728695358,-2.740912886414381
5640000000.0,5.0705726081905755,-3.624791774061044,6.088981772356404,-3.1233578360308054,4.474061732088851,-2.747445790473482
5645000000.0,5.0695995293048055,-3.62230707772368,6.085609593654423,-3.121849958794533,4.476598537084525,-2.736567880811709
5650000000.0,5.0686289352338605,-3.6198268506963824,6.092383689372785,-3.1160099580715275,4.479462546570683,-2.7369640985808346
5655000000.0,5.067660817609017,-3.6173510825508237,6.087815507996082,-3.1027985292941,4.475669352415001,-2.730691878683978
5660000000.0,5.066695168096389,-3.6148797628895903,6.0889342673731015,-3.100621996848783,4.471231774658478,-2.7321795808769997
5665000000.0,5.065731978396755,-3.6124128813460774,6.089412457613143,-3.098576598438892,4.472468304467923,-2.7304036255649904
5670000000.0,5.064771240245387,-3.609950427584383,6.083018728597583,-3.0906861049475216,4.477424854990025,-2.7281066899153266
5675000000.0,5.063812945411882,-3.607492391299198,6.081444578318929,-3.08670119623228,4.4713296709771555,-2.729608663841744
5680000000.0,5.0628570856999895,-3.6050387622157065,6.079862458351213,-3.0800273794434383,4.468924664706835,-2.726628700404342
5685000000.0,5.06190365294745,-3.6025895300894737,6.081636585863453,-3.074653037311515,4.473558411024375,-2.718479464791992
5690000000.0,5.06095263902582,-3.600144684706346,6.082147927073352,-3.070354950619201,4.469357576864448,-2.720306948904702
5695000000.0,5.060004035840312,-3.5977042158823425,6.081835385458898,-3.054782131558982,4.466462883218808,-2.7210457845883327
5700000000.0,5.059057835329625,-3.5952681134635514,6.074318898664002,-3.0555430076294927,4.4668302202738985,-2.718128977892098
5705000000.0,5.0581140294657825,-3.5928363673260275,6.0668280101216965,-3.047937966606363,4.468585861828707,-2.713717537947641
5710000000.0,5.057172610253969,-3.5904089673756876,6.0686653475629555,-3.045284958687851,4.469358798747279,-2.7176902491482418
5715000000.0,5.056233569732366,-3.587985903548207,6.067147496657515,-3.0391274340574914,4.4647226709038295,-2.716121934715961
5720000000.0,5.055296899971992,-3.5855671658089165,6.063792173852875,-3.033237729332706,4.466625044173419,-2.7119495371720523
5725000000.0,5.054362593076542,-3.5831527441527014,6.058442279093181,-3.0247864364254076,4.464701843423996,-2.710867124027789
5730000000.0,5.053430641182226,-3.5807426286038977,6.059170854880146,-3.022830834987477,4.4635366465481745,-2.710369219964795
5735000000.0,5.052501036457613,-3.5783368092161925,6.06210270259501,-3.0177867619571512,4.463823091526121,-2.707914720267922
5740000000.0,5.0515737711034685,-3.5759352760725194,6.054872801990135,-3.011282964945751,4.463629929638643,-2.7046043283973322
5745000000.0,5.050648837352602,-3.57353801928496,6.0483098623938245,-3.0011185959032622,4.461191591262413,-2.7066915505289244
5750000000.0,5.04972622746971,-3.571145028994644,6.048976290338101,-2.997604283940739,4.463873442105458,-2.7038734166396394
5755000000.0,5.048805933751219,-3.5687562953716467,6.044525706002606,-2.9927350816555536,4.46157672150844,-2.7013927141359266
5760000000.0,5.047887948525132,-3.5663718086148917,6.038421240643016,-2.987861079964525,4.460678196595647,-2.6984606915749443
5765000000.0,5.046972264150872,-3.5639915589520497,6.03677437659402,-2.9839419940408876,4.460750457043801,-2.698732902258619
5770000000.0,5.0460588730191365,-3.5616155366394375,6.031081427502272,-2.9785361784391773,4.461272458977096,-2.695991768429764
5775000000.0,5.0451477675517395,-3.5592437319619266,6.02706425150082,-2.9763226389477566,4.4593037459668965,-2.695504205000609
5780000000.0,5.0442389402014625,-3.5568761352328364,6.023275417897974,-2.9713296220261833,4.460810220230904,-2.6939779765614236
5785000000.0,5.0433323834519035,-3.554512736793841,6.018834340572263,-2.9696764471658543,4.461280147580678,-2.6948002411552876
5790000000.0,5.042428089817329,-3.5521535270148705,6.015453024699256,-2.964007712200591,4.461291906115048,-2.6902184057165184
5795000000.0,5.041526051842524,-3.549798496294014,6.009558870128288,-2.9651230865243186,4.458521961134172,-2.688758101354452
5800000000.0,5.040626262102648,-3.5474476350574227,6.00993920709366,-2.9636661670299516,4.4631319972142425,-2.689618479218807
5805000000.0,5.03972871320308,-3.5451009337592123,6.005930072425429,-2.959581478597421,4.461783604052264,-2.689138817821653
5810000000.0,5.0388333977792845,-3.5427583828813716,5.9983751130801455,-2.959356226434558,4.459602250913477,-2.6850695870947394
5815000000.0,5.037940308496655,-3.5404199729336585,5.993577892624713,-2.9570005257967633,4.461982515735936,-2.678440723568745
5820000000.0,5.037049438050375,-3.5380856944535117,5.992259230455963,-2.9610311780430267,4.462669505960109,-2.681797919941621
5825000000.0,5.036160779165277,-3.5357555380059527,5.988810809493436,-2.955379059354868,4.457955758748374,-2.6777552511857854
5830000000.0,5.035274324595692,-3.5334294941834914,5.984312875408027,-2.9550559098312843,4.456452665688146,-2.6757887948085046
5835000000.0,5.034390067125315,-3.531107553606032,5.989592153548,-2.960714970194881,4.463867098556526,-2.6762349430587817
5840000000.0,5.03350799956706,-3.5287897069207803,5.9915649775210555,-2.961594687077349,4.462505756756159,-2.6703004791705576
5845000000.0,5.03262811476292,-3.5264759448021463,5.988115403141443,-2.9558957393533656,4.463806270174433,-2.6704387891098493
5850000000.0,5.0317504055838285,-3.524166257951657,5.988201795389535,-2.9635679070253533,4.462143200157866,-2.6674341382753837
5855000000.0,5.030874864929519,-3.5218606370978556,5.988707818812725,-2.9608954151610103,4.460353007311075,-2.6581105841038744
5860000000.0,5.030001485728388,-3.5195590729962176,5.980883120731945,-2.964111608682054,4.461835454242486,-2.6627714915489067
5865000000.0,5.029130260937358,-3.517261556429052,5.990863506338796,-2.955946374012653,4.460506127237499,-2.657217546110577
5870000000.0,5.028261183541741,-3.514968078205411,5.983420892787485,-2.96378159870746,4.457423282282608,-2.6552216478901576
5875000000.0,5.027394246555099,-3.512678629161002,5.990557873757769,-2.957921647460665,4.460943567374102,-2.6531635348090803
5880000000.0,5.026529443019116,-3.5103932001580915,5.990540369772743,-2.9618534265626795,4.457982596121276,-2.652412313691104
5885000000.0,5.025666766003456,-3.508111782085415,5.990695742934649,-2.9575408008922213,4.460574214895739,-2.650954180349577
5890000000.0,5.024806208605637,-3.505834365858093,5.996156332897989,-2.954645359646411,4.456018631113383,-2.649935404489227
5895000000.0,5.023947763950891,-3.5035609424175305,6.0049531314902,-2.953375721257929,4.457994750158559,-2.6411789656227533
5900000000.0,5.023091425192035,-3.5012915027313354,6.001960572235523,-2.9491294438924562,4.454557566353612,-2.6414226241250294
5905000000.0,5.022237185509343,-3.4990260377932256,5.9996860597697435,-2.9475478611196655,4.45589128036589,-2.6429631568769163
5910000000.0,5.021385038110409,-3.496764538622939,5.99887235583072,-2.9495834710835656,4.453434358197169,-2.6363644015578243
5915000000.0,5.020534976230019,-3.4945069962661477,5.999769322467421,-2.939554532394029,4.448569581270958,-2.6361943311529865
5920000000.0,5.019686993130029,-3.4922534017943674,5.997674432866527,-2.934069243888784,4.451864998147754,-2.6329592640988815
5925000000.0,5.018841082099223,-3.4900037463048696,5.998615552359104,-2.934434928141884,4.452600632922227,-2.6242821022380096
5930000000.0,5.017997236453196,-3.4877580209205936,5.996148833419362,-2.9355866570476903,4.450420303174633,-2.632971100445405
5935000000.0,5.017155449534224,-3.485516216790061,6.000908413233256,-2.9304975707214234,4.45431447364139,-2.6254858691883975
5940000000.0,5.016315714711135,-3.4832783250872845,5.994421314456072,-2.9317654982553596,4.448872718908089,-2.62247674378367
5945000000.0,5.015478025379187,-3.4810443370116846,5.992152807687894,-2.9199252286326605,4.451164489406347,-2.61405973262922
5950000000.0,5.014642374959939,-3.478814243788004,5.999554657656316,-2.9275659055942156,4.448826765559118,-2.6198331413626517
5955000000.0,5.01380875690113,-3.4765880366662154,6.004257537729494,-2.9309950909900353,4.449946074576751,-2.617201479857752
5960000000.0,5.012977164676555,-3.4743657069214433,6.005849536638516,-2.9251086884845883,4.447146535022862,-2.612975969588695
5965000000.0,5.01214759178594,-3.4721472458538734,6.005194022641383,-2.9229231851178983,4.4492484384577375,-2.607619225550351
5970000000.0,5.0113200317548205,-3.469932644788669,6.014978637754266,-2.92177015256986,4.444884459178606,-2.605911417593709
5975000000.0,5.010494478134419,-3.4677218950758872,6.02038173691934,-2.91542184263373,4.441928913090464,-2.6056311278671154
5980000000.0,5.009670924501528,-3.4655149880903897,6.024020860964805,-2.912351513200152,4.440033468219732,-2.59912056483481
5985000000.0,5.008849364458383,-3.4633119152317664,6.0242601595593355,-2.9020750180921406,4.43990667920815,-2.5989194775722058
5990000000.0,5.008029791632549,-3.4611126679242448,6.035569805471261,-2.89679158348325,4.436742025282905,-2.599820645447667
5995000000.0,5.007212199676799,-3.4589172376166086,6.040022068366818,-2.88919948074949,4.436431256234103,-2.5922886569751946
6000000000.0,5.0063965822689935,-3.456725615782115,6.0412051670896485,-2.877187105978523,4.432936553893006,-2.592841319041977
