f_Hz,teorico_re,teorico_im,"Medido (simplificado, 3 patrones)_re","Medido (simplificado, 3 patrones)_im","Medido (completo, 4 patrones)_re","Medido (completo, 4 patrones)_im"
100000000.0,18.536273411453244,-3.3908098037769085,24.59907693654523,-2.3338716450582506,18.535819470863864,-3.3908273220238567
105000000.0,18.462154558803007,-3.5427856568973817,24.49209020610504,-2.606486990735937,18.461700104482208,-3.5428046176654986
110000000.0,18.385203510870383,-3.692385588528928,24.501130501663894,-2.7982660898905767,18.384748885345754,-3.692405530844646
115000000.0,18.30551895370941,-3.839539339794149,24.411578655592002,-2.9921948074368654,18.305063778914395,-3.8395603814255064
120000000.0,18.223201404067268,-3.984181603060341,24.36164824333312,-3.15987132642688,18.222745799042784,-3.9842035824587136
125000000.0,18.138352923573287,-4.126252044605005,24.1839874265844,-3.3743063512601648,18.137896449489315,-4.1262752923328305
130000000.0,18.051076836744134,-4.265695309046098,24.16323105359817,-3.567606928798729,18.05062007410424,-4.265719536803231
135000000.0,17.96147745403961,-4.402461006214689,24.06242852669805,-3.7704482370268266,17.961020103607694,-4.402486341171097
140000000.0,17.869659801115436,-4.536503681231344,23.937466850192294,-3.9910928920583815,17.86920179016707,-4.536530213027204
145000000.0,17.775729355326988,-4.66778276862082,23.89230182901939,-4.182987330015317,17.775270959996398,-4.667810276646846
150000000.0,17.67979179044127,-4.796262531362093,23.807250856556845,-4.366559580112179,17.679332845248325,-4.79629102256602
155000000.0,17.581952730415416,-4.9219119858225,23.692038756939734,-4.5618971345481825,17.581493131449605,-4.921941534480847
160000000.0,17.482317512999366,-5.044704813565992,23.57337671199939,-4.701601319999414,17.481857178330095,-5.044735194675835
165000000.0,17.38099096381956,-5.164619261056294,23.512718781055586,-4.808325188045248,17.38053008219799,-5.1646502595990755
170000000.0,17.27807718150035,-5.28163802829669,23.388823972868803,-4.985975055202177,17.27761559306094,-5.281669997540774
175000000.0,17.173679334281083,-5.395748147459385,23.317436245241417,-5.131803246829741,17.173217210537118,-5.3957808831260765
180000000.0,17.067899468491092,-5.506940852559878,23.192712158033164,-5.349209152898231,17.067436689638924,-5.506974703050398
185000000.0,16.960838329151834,-5.615211441225619,23.05604203749144,-5.464954744146161,16.960374718729216,-5.615246003751656
190000000.0,16.852595192886607,-5.720559129594478,23.011390639065592,-5.62180685608417,16.852131179378596,-5.720594442275056
195000000.0,16.743267713234044,-5.822986901357752,22.9183912580775,-5.7549955117375475,16.742803074133676,-5.823022921838471
200000000.0,16.632951778382147,-5.922501351935243,22.801976484610588,-5.9103606581060895,16.632486450170124,-5.9225381936992685
205000000.0,16.52174138126558,-6.019112528737228,22.645999371316872,-6.081272252333733,16.52127522471355,-6.0191502999504145
210000000.0,16.40972850190065,-6.112833768430564,22.583816237218805,-6.2466984280585915,16.409261900155673,-6.1128723185585425
215000000.0,16.297003001769653,-6.203681532084401,22.447644485012166,-6.337081818423658,16.296535555860217,-6.203720638449622
220000000.0,16.183652530009848,-6.291675239025921,22.32566307916965,-6.489791265145796,16.183184383739864,-6.291715135309513
225000000.0,16.069762441111454,-6.3768371001886495,22.22593925466231,-6.6074629405209615,16.069293646059926,-6.376877604682177
230000000.0,15.95541572378438,-6.45919195168591,22.131681017014035,-6.758648623750134,15.954946351988049,-6.459233191745417
235000000.0,15.840692940614574,-6.538767089290754,22.017917413663074,-6.8370751591423,15.84022281959254,-6.538808777041819
240000000.0,15.72567217809751,-6.615592104451342,21.878202715458976,-7.010214988832346,15.725201326837157,-6.615634669544887
245000000.0,15.610429006608765,-6.68969872241826,21.780805487584676,-7.061704635952764,15.609957449650604,-6.689741586491826
250000000.0,15.495036449849053,-6.7611206430078035,21.69054184813402,-7.173660396958405,15.494564303458581,-6.761164047700404
255000000.0,15.379564963283638,-6.829893384473429,21.523121785143083,-7.311660777330433,15.379091935709347,-6.829937539994988
260000000.0,15.26408242108331,-6.8960541309067525,21.433047420662124,-7.365318691478254,15.263608737359176,-6.896098565686867
265000000.0,15.148654111065593,-6.959641583539882,21.293239442154025,-7.478480386700555,15.148179641520901,-6.959686616449582
270000000.0,15.033342737130585,-7.020695816272995,21.1689782729788,-7.585751796456242,15.032867546200338,-7.020741396717482
275000000.0,14.918208428685105,-7.079258135705007,21.06287330195694,-7.7141558600533235,14.917732629271077,-7.079304327860195
280000000.0,14.803308756551608,-7.1353709459011325,20.95583718044386,-7.765242433662952,14.802832246239728,-7.135417408813226
285000000.0,14.688698754864003,-7.189077618089464,20.818276251101928,-7.874663017358793,14.688221483675765,-7.189124645450636
290000000.0,14.574430948461087,-7.240422365439187,20.704735806487456,-7.966109866549405,14.573953003084496,-7.240469842472356
295000000.0,14.46055538529898,-7.289450123036137,20.59086503024533,-8.054004637163699,14.460076765041073,-7.289498031495402
300000000.0,14.347119673417021,-7.336206433136922,20.472487386966876,-8.15807112805666,14.346640385553263,-7.336254848580544
305000000.0,14.234169022006103,-7.380737335750856,20.35525983726006,-8.21603280527118,14.233689014696292,-7.380786048253027
310000000.0,14.121746286144662,-7.423089264569584,20.2375688804731,-8.318288759640943,14.121265622586025,-7.4231384708334165
315000000.0,14.009892014784814,-7.463308948237284,20.09069728966635,-8.361845865956768,14.009410489136151,-7.463358421771999
320000000.0,13.898644501589523,-7.501443316929922,19.984525324208814,-8.441734151717776,13.89816235155047,-7.501493163757025
325000000.0,13.788039838240678,-7.537539414189952,19.875330581814534,-8.527131144781157,13.787557063168556,-7.537589661995639
330000000.0,13.678111969857461,-7.571644313943062,19.720253798115266,-8.56606277521165,13.677628302881539,-7.5716948125441
335000000.0,13.568892752184423,-7.603805042606088,19.61589787516655,-8.674990864433276,13.568408524174547,-7.6038560400519435
340000000.0,13.460412010228525,-7.63406850617982,19.494082703525287,-8.706733593423367,13.459927041593234,-7.634119672840632
345000000.0,13.352697598044525,-7.662481422207,19.385532174176042,-8.778752428743896,13.352212009319091,-7.662532923083304
350000000.0,13.245775459387941,-7.689090256464446,19.259472224525297,-8.828625654355008,13.245289144634693,-7.689142012675269
355000000.0,13.139669688974317,-7.71394116424847,19.133238890453768,-8.895198699977819,13.13918267465847,-7.713993252253873
360000000.0,13.034402594102865,-7.737079936104861,19.016603562696805,-8.932742227334083,13.033914889461425,-7.737132207779548
365000000.0,12.929994756421104,-7.758551947848238,18.897662927412732,-9.00040133283975,12.929506396434677,-7.758604545462383
370000000.0,12.826465093625472,-7.7784021147105955,18.822202934614143,-9.046444101676942,12.825976256453911,-7.778454878071486
375000000.0,12.723830920910284,-7.796674849455218,18.677436785481074,-9.119796066953752,12.723341323990583,-7.796728000776737
380000000.0,12.6221080119944,-7.813414024289692,18.55019938391327,-9.140660528423075,12.621617670031355,-7.81346729346701
385000000.0,12.521310659571155,-7.828662936410404,18.42504849928667,-9.191892839281447,12.520819627567533,-7.828716462970599
390000000.0,12.42145173504246,-7.842464277010532,18.317234763321352,-9.212329755713204,12.420960056566338,-7.842517892175901
395000000.0,12.322542747412742,-7.854860103584119,18.208176905047345,-9.269141600412366,12.322050470468486,-7.854913980860435
400000000.0,12.224593901232296,-7.865891815360125,18.09313377544002,-9.306562196268706,12.224100974876894,-7.865945871517459
405000000.0,12.127614153492763,-7.875600131702403,17.980466029937357,-9.378252795015241,12.127120639195336,-7.875654527063479
410000000.0,12.031611269389717,-7.8840250733141835,17.864364458932204,-9.409818166336743,12.031117100059777,-7.8840796221760945
415000000.0,11.9365918768791,-7.89120594608885,17.755022987458126,-9.431199533466904,11.936097074586089,-7.891260590975004
420000000.0,11.842561519964923,-7.897181327452432,17.624609088697994,-9.448808097976531,11.842065981986183,-7.89723607912117
425000000.0,11.74952471066579,-7.901989055047266,17.505024251936103,-9.503077865037795,11.749028541662232,-7.902044075199278
430000000.0,11.657484979617237,-7.905666217610661,17.410710555448347,-9.527263360107225,11.656988263670021,-7.9057213285782515
435000000.0,11.566444925275377,-7.908249147906938,17.294946471440085,-9.5553334212253,11.565947567606132,-7.908304397979141
440000000.0,11.476406261695555,-7.909773417576207,17.18442962181239,-9.581910341826083,11.475908288639385,-7.909828793268246
445000000.0,11.38736986486682,-7.910273833767998,17.074191620068753,-9.607164719675087,11.386871278955281,-7.9103293291499215
450000000.0,11.299335817589931,-7.909784437433205,16.96689411913749,-9.626780675215212,11.298836628404617,-7.9098400220578355
455000000.0,11.212303452892598,-7.9083385031527955,16.870266010488894,-9.647615342271306,11.211803716901857,-7.908394169495921
460000000.0,11.126271395981338,-7.905968540387023,16.7484735160497,-9.668124188345534,11.125770992793422,-7.906024321595554
465000000.0,11.041237604734219,-7.90270629603409,16.65654597408869,-9.702405389586827,11.04073670121703,-7.9027622205199055
470000000.0,10.957199408743428,-7.898582758192403,16.54103540251493,-9.710216802642243,10.956697856711747,-7.898638728997015
475000000.0,10.874153546920525,-7.893628161025664,16.430133475867247,-9.712316994553941,10.873651363651007,-7.8936841448741575
480000000.0,10.792096203680936,-7.887871990635152,16.330343424971186,-9.743774833657273,10.791593485364977,-7.887928117923287
485000000.0,10.711023043727359,-7.881342991848537,16.228900439186063,-9.772831016492589,10.710519781246619,-7.881399254418261
490000000.0,10.63092924545461,-7.87406917583937,16.134904935358843,-9.779606412659032,10.63042544832376,-7.874125455169503
495000000.0,10.551809533000812,-7.866077828496227,16.033888598836043,-9.800285847650255,10.5513051871385,-7.86613420379716
500000000.0,10.473658206972008,-7.8573955194651015,15.921327417219358,-9.817109972556212,10.473153252050642,-7.857451988100597
505000000.0,10.396469173868987,-7.848048111793028,15.82702774643144,-9.82314562073732,10.395963688230946,-7.8481045974125845
510000000.0,10.320235974246666,-7.838060772105396,15.721154534931278,-9.830322933166201,10.319729903830284,-7.838117296709891
515000000.0,10.244951809637632,-7.82745798125348,15.634618660452942,-9.845748875398971,10.244445263410006,-7.827514561798755
520000000.0,10.170609568272369,-7.816263545372806,15.54243780630456,-9.852850503161706,10.170102509146396,-7.816320149043772
525000000.0,10.097201849629567,-7.8045006072968,15.448922770059236,-9.839507850755773,10.09669424601779,-7.804557134648805
530000000.0,10.024720987850456,-7.7921916582739135,15.343277884772515,-9.85542606715339,10.024212818926038,-7.792248272870009
535000000.0,9.953159074051454,-7.779358549939914,15.230428219014216,-9.856209590473897,9.95265028538946,-7.779415186491724
540000000.0,9.882507977569743,-7.7660225065004616,15.140358568756138,-9.866859557056232,9.88199869774984,-7.7660791860295735
545000000.0,9.812759366176419,-7.752204137082291,15.058696261353719,-9.872887521571004,9.812249633063525,-7.75226082681889
550000000.0,9.74390472529182,-7.737923448214395,14.97525412408314,-9.861564390840512,9.743394509093532,-7.7379800642178775
555000000.0,9.675935376237442,-7.723199856403525,14.88474941372505,-9.87051013451705,9.67542466906325,-7.72325651132168
560000000.0,9.608842493558672,-7.708052200771083,14.779875412819413,-9.868853507048769,9.608331210301074,-7.708108860807914
565000000.0,9.542617121452086,-7.692498755721085,14.703990916240208,-9.8650888616026,9.542105407398196,-7.692555373953272
570000000.0,9.477250189330672,-7.676557243611412,14.606816492689283,-9.872967700635506,9.476737952838622,-7.67661390775799
575000000.0,9.41273252655985,-7.6602448474027875,14.525380972269744,-9.856761179313922,9.412219817748415,-7.660301416105828
580000000.0,9.34905487639648,-7.643578223262259,14.43989983568767,-9.858542454644232,9.348541699046233,-7.64363479430443
585000000.0,9.286207909162528,-7.6265735130999035,14.345990569338454,-9.85573973006631,9.285694215526195,-7.626630075155959
590000000.0,9.224182234684273,-7.609246357019549,14.25270022101895,-9.858148352189042,9.22366803554172,-7.6093029370149
595000000.0,9.162968414027336,-7.591611905666014,14.174555513525542,-9.852773376122569,9.162453777720517,-7.591668445766649
600000000.0,9.102556970556938,-7.5736848324532,14.087054994253416,-9.844269883136835,9.10204184631473,-7.573741329709713
605000000.0,9.042938400352117,-7.555479345658863,14.014416820011382,-9.836184645668453,9.042422865756636,-7.555535784426828
610000000.0,8.98410318200182,-7.537009200373488,13.950207959354714,-9.839341574445939,8.983587295704403,-7.537065628888768
615000000.0,8.92604178580993,-7.518287710292033,13.84072808800712,-9.836602619002011,8.925525308566634,-7.518344156671857
620000000.0,8.868744682435556,-7.499327759338625,13.770111513268581,-9.81066131911972,8.868227785489903,-7.499384056320091
625000000.0,8.812202350994012,-7.48014181311554,13.695233433788792,-9.82014783235729,8.811685058002462,-7.480198149492176
630000000.0,8.756405286643153,-7.46074193016887,13.602156866948462,-9.809868041122646,8.755887479631426,-7.460798228084651
635000000.0,8.70134400767888,-7.441139773064377,13.535909643247976,-9.79965261566469,8.700825825836063,-7.441196000292377
640000000.0,8.647009062162818,-7.421346619268001,13.468548314535791,-9.79204151225411,8.646490503873629,-7.421402791768647
645000000.0,8.59339103410436,-7.40137337182636,13.39557459207738,-9.774484526716638,8.592872058669089,-7.401429446151256
650000000.0,8.540480549218481,-7.38123056984343,13.31489654235197,-9.771118300720548,8.539961135029037,-7.381286630191292
655000000.0,8.488268280279932,-7.360928398750378,13.235916569001358,-9.753374138761215,8.4877484188138,-7.360984369402675
660000000.0,8.436744952093632,-7.34047670036618,13.163478663338342,-9.738747710639348,8.43622468178528,-7.340532590327695
665000000.0,8.385901346100344,-7.319884982747346,13.099713939374894,-9.719585559338213,8.385380707056484,-7.3199407585857195
670000000.0,8.335728304635953,-7.299162429825648,13.015219114044319,-9.723737107181613,8.335207218350066,-7.2992182396664775
675000000.0,8.286216734861952,-7.278317910833293,12.952990959924087,-9.711237812382066,8.285695297236852,-7.278373641430243
680000000.0,8.237357612384,-7.25735998951549,12.880156406488952,-9.694941751390475,8.23683576393679,-7.257415635062544
685000000.0,8.18914198457476,-7.236296933130788,12.818750878387444,-9.691656986194179,8.188619801508677,-7.2363525485747555
690000000.0,8.141560973616539,-7.21513672124,12.752887475467,-9.681844023489045,8.141038425080106,-7.215192278940622
695000000.0,8.094605779278574,-7.193887054284897,12.672470989424664,-9.665928987925417,8.094082781938576,-7.193942540921182
700000000.0,8.048267681443185,-7.172555361958143,12.603135387319998,-9.642920225089718,8.047744285118348,-7.172610727666497
705000000.0,8.002538042394425,-7.151148811366341,12.54208247267724,-9.628645432500447,8.002014301606382,-7.151204092723408
710000000.0,7.957408308882204,-7.129674314988228,12.477849652338614,-9.6102904900095,7.956884202379701,-7.129729495293648
715000000.0,7.9128700139743575,-7.108138538430358,12.409520727604287,-9.595503028822197,7.912345524900309,-7.108193642266969
720000000.0,7.868914778708483,-7.086547907982832,12.362212353882951,-9.591497111875018,7.868390031244698,-7.086602967624042
725000000.0,7.825534313554919,-7.064908617977762,12.291878744093669,-9.578223507097492,7.825009175370252,-7.0649636133075475
730000000.0,7.782720419701651,-7.043226637953403,12.208776415487137,-9.554517124258622,7.782194811071492,-7.043281530011194
735000000.0,7.740464990171482,-7.021507719626987,12.159900129749929,-9.539749118033114,7.739939102853855,-7.021562515219922
740000000.0,7.6987600107812675,-6.999757403679398,12.094301157311518,-9.53551040758633,7.6982337692840686,-6.999812179443171
745000000.0,7.657597560952599,-6.977981026354985,12.034603019920425,-9.512305549021423,7.657070974069733,-6.978035675643543
750000000.0,7.616969814382838,-6.95618372587986,11.97463330713013,-9.488709824591096,7.616442880470969,-6.956238247642415
755000000.0,7.576869039585016,-6.934370448702124,11.909764032227294,-9.478894868990443,7.576341749305772,-6.934424922596032
760000000.0,7.537287600304649,-6.912545955557514,11.85696052190554,-9.456054508282744,7.5367600024143355,-6.912600298844347
765000000.0,7.4982179558211435,-6.890714827363981,11.805296763451278,-9.429212410521611,7.497690051905645,-6.890769018063231
770000000.0,7.459652661141132,-6.868881470948834,11.738772039248044,-9.414002183503037,7.459124386184978,-6.868935589298719
775000000.0,7.421584367090637,-6.847050124611976,11.680170239716416,-9.40015387195155,7.421055765006113,-6.847104169150497
780000000.0,7.384005820312675,-6.825224863528912,11.619988086896267,-9.363862377475467,7.3834768562381035,-6.825278717230267
785000000.0,7.346909863176546,-6.803409604997082,11.574194847216665,-9.363926817346691,7.346380657095381,-6.803463445302879
790000000.0,7.310289433604762,-6.781608113529167,11.508147371732761,-9.345297368659125,7.309759855427503,-6.781661865356232
795000000.0,7.27413756482321,-6.759824005796964,11.458340577697868,-9.319852202403899,7.273607693395157,-6.759877614241347
800000000.0,7.238447385039947,-6.7380607554294,11.399160309809872,-9.307790369401475,7.237917186134491,-6.7381143036842825
805000000.0,7.203212117057635,-6.71632169766824,11.350618826491635,-9.289499635889047,7.2026816403851734,-6.716375140600803
810000000.0,7.168425077824429,-6.694610033885028,11.293372425262206,-9.270022306384051,7.167894275508002,-6.694663375948225
815000000.0,7.134079677927879,-6.672928835962742,11.233611184771325,-9.243372186607377,7.13354852820061,-6.672982042234269
820000000.0,7.10016942103611,-6.651281050545622,11.191676298231794,-9.22720427585677,7.099638031818521,-6.65133415698845
825000000.0,7.066687903290383,-6.629669503160573,11.132562571379399,-9.21216872266412,7.066156183808913,-6.629722536497259
830000000.0,7.033628812652834,-6.608096902213507,11.085314983102858,-9.19122222473845,7.033096819826871,-6.608149817492719
835000000.0,7.000985928213087,-6.586565842863948,11.021126404822704,-9.15172431288288,7.000453549537056,-6.58661856060907
840000000.0,6.968753119457123,-6.565078810781151,10.991589176006652,-9.138546893612169,6.968220571917561,-6.565131432668077
845000000.0,6.936924345501683,-6.543638185784932,10.935263127237551,-9.114302265880426,6.936391472207139,-6.543690683997863
850000000.0,6.905493654297246,-6.5222462453743875,10.88234710663858,-9.098195618723153,6.9049604830916484,-6.52229866029863
855000000.0,6.874455181802477,-6.5009051681475745,10.84166396489744,-9.078640102205839,6.873921774679481,-6.500957467587297
860000000.0,6.843803151132889,-6.479617037115191,10.785747986433568,-9.062829885611494,6.843269430292125,-6.4796692594081104
865000000.0,6.813531871686241,-6.458383842911235,10.74008285226914,-9.031308262769418,6.812997874367101,-6.4584358919208285
870000000.0,6.783635738247141,-6.437207486903546,10.699303508069262,-9.008923196985831,6.783101501453898,-6.437259406780386
875000000.0,6.754109230073092,-6.416089784207097,10.655128016734693,-8.988046703142798,6.753574737266002,-6.416141587519445
880000000.0,6.724946909964144,-6.395032466602807,10.599180850552894,-8.968231461389545,6.724412098694048,-6.395084173127154
885000000.0,6.696143423318167,-6.37403718536462,10.55947147921133,-8.948641672412444,6.695608381732829,-6.374088778120419
890000000.0,6.667693497173611,-6.3531055139975035,10.50780078870345,-8.92783301330327,6.667158159118712,-6.3531570005810245
895000000.0,6.639591939241571,-6.332238950888975,10.463377200390552,-8.911224539542522,6.639056348782973,-6.33229034621339
900000000.0,6.611833636928793,-6.311438921876703,10.41916348364433,-8.883378837719533,6.611297782380278,-6.311490165222903
905000000.0,6.584413556353198,-6.2907067827346514,10.3819389800123,-8.858905378169204,6.583877479526532,-6.290757884811742
910000000.0,6.557326741353386,-6.270043821580196,10.336647377730182,-8.838636416928047,6.556790403284469,-6.270094814866463
915000000.0,6.530568312493498,-6.249451261204576,10.285340234039042,-8.822172079610278,6.530031684811209,-6.249502173642449
920000000.0,6.504133466064712,-6.228930261328954,10.258447853950454,-8.804080624216352,6.503596679642782,-6.228981056766477
925000000.0,6.478017473084575,-6.208481920788368,10.203061527540262,-8.774299748653647,6.477480359644776,-6.208532568398729
930000000.0,6.452215678295298,-6.1881072796457035,10.168712578191398,-8.755008718264817,6.45167836423557,-6.188157813009402
935000000.0,6.426723499162041,-6.167807321237858,10.128485296656562,-8.736423100237634,6.426185953289323,-6.167857751296197
940000000.0,6.401536424872196,-6.147582974156134,10.089776680054761,-8.711846667486403,6.400998648679182,-6.1476332669269205
945000000.0,6.376650015336532,-6.127435114162877,10.04983019258655,-8.69755409349146,6.376112013690985,-6.1274853275390555
950000000.0,6.352059900193067,-6.107364566046317,10.002064722213984,-8.673016357541448,6.351521618822159,-6.107414653308198
955000000.0,6.327761777814471,-6.0873721054155325,9.96848292393847,-8.641990261043413,6.327223286811057,-6.087422015486505
960000000.0,6.30375141431967,-6.067458460437343,9.923572840209793,-8.622285377861866,6.30321266457985,-6.067508268268735
965000000.0,6.280024642590381,-6.047624313516972,9.881251382805184,-8.607805872244565,6.279485654078213,-6.047674045089886
970000000.0,6.256577361293149,-6.027870302924203,9.838465929959296,-8.581774466613851,6.256038118454916,-6.027919895972304
975000000.0,6.233405533907504,-6.0081970243667255,9.807352358893306,-8.566604158864678,6.232866112713401,-6.008246525534626
980000000.0,6.210505187760731,-5.988605032512333,9.764971698844331,-8.53538860509161,6.209965508588798,-5.98865436697546
985000000.0,6.187872413069738,-5.969094842461545,9.72624638138691,-8.500711514838223,6.18733249198274,-5.969143987488542
990000000.0,6.165503361990504,-5.949666931172246,9.689674352258992,-8.494216275455914,6.164963242368806,-5.949716038917531
995000000.0,6.143394247675462,-5.930321738837815,9.646861379805005,-8.470991437711346,6.142853876543206,-5.930370725018004
1000000000.0,6.1215413433392145,-5.911059670220223,9.609273924945052,-8.464790423089438,6.12100076819569,-5.91110862258726
1005000000.0,6.099940981332924,-5.891881095939521,9.582709016438322,-8.431685195581474,6.099400232703204,-5.891929855119652
1010000000.0,6.0785895522276565,-5.872786353721088,9.538545389485924,-8.410641847028215,6.078048546958976,-5.872835005689392
1015000000.0,6.0574835039069805,-5.853775749601987,9.509119004692177,-8.388655080971164,6.056942321765865,-5.853824273111375
1020000000.0,6.036619340669045,-5.83484955909772,9.461703662171747,-8.380490553509333,6.0360778981458685,-5.834898050230707
1025000000.0,6.015993622338373,-5.816008028330629,9.42691541804795,-8.353428394050136,6.015451967832145,-5.816056369686273
1030000000.0,5.995602963387546,-5.797251375121175,9.401209929072111,-8.3226586193894,5.995061142662412,-5.797299536561358
1035000000.0,5.975444032068979,-5.778579790043293,9.363724608820009,-8.30465446936401,5.9749019944775,-5.7786278549744114
1040000000.0,5.955513549556901,-5.7599934374449155,9.335826137639843,-8.278734861699991,5.954971339031155,-5.760041352045221
1045000000.0,5.935808289099697,-5.7414924564348455,9.303169817420466,-8.270546192591764,5.935265898975557,-5.741540323793348
1050000000.0,5.916325075182707,-5.723076961836993,9.262859196910272,-8.232164168468342,5.915782430068908,-5.723124624466377
1055000000.0,5.897060782701579,-5.704747045113063,9.235717520909661,-8.209912759338463,5.896517972784781,-5.704794577526874
1060000000.0,5.878012336146243,-5.6865027752546835,9.198362603667844,-8.196334014210832,5.877469314698582,-5.686550236723286
1065000000.0,5.859176708795577,-5.668344199645958,9.165094103829261,-8.177595685741741,5.858633492579678,-5.668391557521233
1070000000.0,5.840550921922787,-5.650271344897394,9.129496090420934,-8.157344707409536,5.840007496393621,-5.650318593641071
1075000000.0,5.822132044011566,-5.632284217652127,9.104434387471189,-8.131547842783181,5.82158846113724,-5.632331315415844
1080000000.0,5.803917189983003,-5.614382805365326,9.073253199492397,-8.111562218714047,5.8033734223539515,-5.614429791117306
1085000000.0,5.785903520433292,-5.596567077057665,9.042736255349041,-8.094355405843931,5.785359574699957,-5.59661396565101
1090000000.0,5.7680882408822,-5.578836984043642,9.014128122659965,-8.075385640890445,5.767544125611433,-5.5788837639178075
1095000000.0,5.750468601032297,-5.561192460635634,8.973443141953675,-8.059926408400468,5.7499242532849895,-5.561239164524635
1100000000.0,5.733041894038912,-5.543633424824407,8.952393046945117,-8.023417820911042,5.73249739934071,-5.543679915370339
1105000000.0,5.715805455790791,-5.526159778936861,8.907936690066554,-8.003055469809901,5.71526070238802,-5.526206170976327
1110000000.0,5.698756664201392,-5.5087714102717635,8.875198447945925,-7.9838837320014795,5.698211718039661,-5.508817697822398
1115000000.0,5.68189293851079,-5.4914681917141515,8.85428956060953,-7.970652566214075,5.681347871307125,-5.4915143950101815
1120000000.0,5.66521173859812,-5.474249982329117,8.825214018719969,-7.949026995046877,5.664666496115392,-5.474296064057687
1125000000.0,5.648710564304489,-5.457116627935634,8.793805960678476,-7.925402261664889,5.6481651314426005,-5.457162579763739
1130000000.0,5.632386954766298,-5.440067961661061,8.765291275460426,-7.908572578566359,5.63184135481143,-5.440113818244302
1135000000.0,5.616238487758892,-5.4231038044769715,8.741779684024689,-7.883245872127864,5.615692739193093,-5.4231495136171075
1140000000.0,5.60026277905045,-5.406223965716895,8.708279832869842,-7.869030609653533,5.59971683852077,-5.406269599869146
1145000000.0,5.584457481766034,-5.389428243576559,8.682087982838063,-7.849901148987384,5.583911384379233,-5.389473767878665
1150000000.0,5.568820285761719,-5.37271642559721,8.64916567811116,-7.819587903250982,5.568273982200326,-5.372761785538737
1155000000.0,5.553348917008671,-5.356088289132557,8.627767359046912,-7.807532988117736,5.552802490649787,-5.356133573632489
1160000000.0,5.538041136987138,-5.339543601799849,8.598373130508934,-7.774778325132183,5.537494521281972,-5.339588704959244
1165000000.0,5.522894742090175,-5.323082121915648,8.576743910475107,-7.762170301950638,5.5223480016634,-5.323127147211922
1170000000.0,5.507907563037074,-5.306703598916742,8.545309858286801,-7.747935777820447,5.507360641712098,-5.30674854805568
1175000000.0,5.493077464296338,-5.290407773766724,8.519439366010468,-7.720104057158304,5.492530378339544,-5.290452565570152
1180000000.0,5.478402343518122,-5.274194379348665,8.497750109635088,-7.703857365213058,5.477855128472531,-5.274239073775444
1185000000.0,5.463880130976013,-5.258063140844375,8.470380528517515,-7.683958213618187,5.463332751376004,-5.258107723880019
1190000000.0,5.449508789018048,-5.242013776100644,8.444880825256014,-7.655321199261122,5.448961245867038,-5.242058197410753
1195000000.0,5.435286311526849,-5.226045995982921,8.423381451288336,-7.645654963072687,5.434738647256293,-5.2260903567984425
1200000000.0,5.421210723388764,-5.210159504716825,8.398067512919887,-7.6215703707575955,5.420662901389808,-5.210203729199086
1205000000.0,5.407280079971899,-5.19435400021788,8.36849317993375,-7.59212269043465,5.406732070805864,-5.1943980632767675
1210000000.0,5.393492466612915,-5.1786291744098705,8.349189572050205,-7.577605334246146,5.392944343236823,-5.178673148190755
1215000000.0,5.379845998112489,-5.16298471353218,8.323973011291777,-7.559966658184949,5.379297724290381,-5.163028587175498
1220000000.0,5.3663388182393055,-5.1474202984364625,8.30641468570522,-7.546090767827388,5.365790440525592,-5.1474640849049855
1225000000.0,5.352969099242465,-5.131935604873022,8.282200085604014,-7.523864371591132,5.352420571692186,-5.1319792649384315
1230000000.0,5.339735041372201,-5.116530303767201,8.270191802479252,-7.506129219470733,5.3391864367139465,-5.1165738496241575
1235000000.0,5.326634872408764,-5.101204061486128,8.246415117700353,-7.48032380192453,5.326086116469467,-5.10124746081421
1240000000.0,5.313666847199383,-5.085956540096133,8.220686470562192,-7.471760869080591,5.313117947369517,-5.085999891240866
1245000000.0,5.300829247203162,-5.070787397611132,8.209788290280374,-7.452863093835077,5.300280275208554,-5.070830627397552
1250000000.0,5.288120380043808,-5.055696288232271,8.193272937248151,-7.424003052218977,5.287571293959506,-5.055739347099993
1255000000.0,5.275538579070061,-5.040682862579132,8.164038776031578,-7.415577450042212,5.274989329509459,-5.040725878315529
1260000000.0,5.263082202923722,-5.025746767912748,8.142622295533188,-7.397756222965954,5.262532823528321,-5.025789679886754
1265000000.0,5.250749635115157,-5.010887648350733,8.117039267612586,-7.38136434530617,5.2502001040595605,-5.0109304690904946
1270000000.0,5.238539283606151,-4.996105145074748,8.09892234991716,-7.3603194080159495,5.237989637670048,-4.996147840833938
1275000000.0,5.226449580400019,-4.9813988965305676,8.080973728696069,-7.355341729887252,5.22589983740251,-4.981441557167447
1280000000.0,5.214478981138836,-4.9667685386209985,8.054236563019746,-7.338438940997573,5.213929079297407,-4.966811106786418
1285000000.0,5.202625964707682,-4.952213704891874,8.029773189090337,-7.319912376691176,5.202075915000472,-4.952256169237528
1290000000.0,5.190889032845808,-4.937734026711347,8.003823738037743,-7.296272046801173,5.1903388215730555,-4.937776360293583
1295000000.0,5.179266709764569,-4.92332913344271,7.983872176980623,-7.282767073294549,5.178716381027005,-4.9233713868412154
1300000000.0,5.16775754177206,-4.908998652610949,7.965501194403038,-7.272024077651765,5.167207107235582,-4.909040839803427
1305000000.0,5.156360096904305,-4.894742210063239,7.938571002250709,-7.24593139416385,5.155809492638455,-4.8947842541062725
1310000000.0,5.145072964562929,-4.8805594301235775,7.922429618371187,-7.243411486939545,5.14452227539203,-4.880601451987591
1315000000.0,5.133894755159169,-4.866449935741748,7.893519895625489,-7.220923322527787,5.133343888826243,-4.866491836877325
1320000000.0,5.122824099764144,-4.852413348636805,7.884682881662729,-7.202216127928709,5.122273172626842,-4.852455129622438
1325000000.0,5.111859649765267,-4.838449289435241,7.858566980013059,-7.184724194921131,5.111308566181283,-4.838490975043246
1330000000.0,5.101000076528703,-4.8245573778040525,7.8334247786782045,-7.171943594386099,5.100448846759617,-4.824598993538231
1335000000.0,5.090244071067756,-4.810737232578819,7.825052616442754,-7.148057264332427,5.089692777699719,-4.810778699016299
1340000000.0,5.079590343717105,-4.796988471886991,7.796040597871024,-7.12039632355467,5.079038867034446,-4.797029789230476
1345000000.0,5.069037623812768,-4.783310713266551,7.7765038968944795,-7.1191480660268365,5.068486044122683,-4.783352019985637
1350000000.0,5.058584659377711,-4.769703573780172,7.754418654261247,-7.091308033901962,5.058032935009001,-4.769744723447823
1355000000.0,5.048230216813,-4.756166670125042,7.735222010721927,-7.075489760223603,5.0476783762721675,-4.756207727316139
1360000000.0,5.037973080594387,-4.742699618738495,7.7131285676173045,-7.054639460977158,5.0374211024279765,-4.742740558303913
1365000000.0,5.027812052974264,-4.729302035899578,7.702046825056155,-7.039412278797958,5.027260004703571,-4.729342878191435
1370000000.0,5.01774595368886,-4.715973537826707,7.682919325653697,-7.007738437242832,5.017193773216311,-4.716014198894758
1375000000.0,5.007773619670613,-4.702713740771503,7.661847262948262,-6.996751532176092,5.007221317343121,-4.7027543388255895
1380000000.0,4.997893904765608,-4.689522261108987,7.6473390510158055,-6.980168775546481,4.99734151162579,-4.689562758100227
1385000000.0,4.988105679456008,-4.6763987154242095,7.626835700720265,-6.961942291942182,4.987553160117448,-4.676439108383968
1390000000.0,4.978407830587379,-4.663342720595459,7.608967838905859,-6.94215202195083,4.97785519820848,-4.663382998131716
1395000000.0,4.968799261100823,-4.65035389387414,7.58845805067221,-6.931058188010093,4.968246509725665,-4.650394107637912
1400000000.0,4.95927888976984,-4.63743185296146,7.573350631453332,-6.907785685257772,4.95872603722679,-4.637471929103561
1405000000.0,4.949845650941826,-4.624576216082009,7.553083358479199,-6.892870849944502,4.949292676773846,-4.624616206935575
1410000000.0,4.94049849428413,-4.611786602054341,7.537792499163228,-6.876420575974209,4.939945424841584,-4.611826493992796
1415000000.0,4.931236384534596,-4.599062630358652,7.520476741366304,-6.859417482939679,4.930683207839841,-4.599102422443034
1420000000.0,4.922058301256488,-4.586403921201676,7.506482809821636,-6.847171814939662,4.9215050408145125,-4.586443636884624
1425000000.0,4.912963238597737,-4.573810095578843,7.4895534222793,-6.825275250824558,4.912409868010675,-4.573849683676941
1430000000.0,4.90395020505443,-4.561280775333852,7.473847734101969,-6.809415868253141,4.903396737341947,-4.56132026864311
1435000000.0,4.895018223238461,-4.548815583215688,7.459988252651445,-6.793173375889631,4.894464668367966,-4.548854977787835
1440000000.0,4.886166329649268,-4.536414142933203,7.433801080459868,-6.772616114408046,4.885612613817971,-4.536453427167125
1445000000.0,4.877393574449586,-4.524076079207341,7.4254446597003705,-6.7563272962800935,4.876839802303669,-4.524115258995924
1450000000.0,4.8686990212451375,-4.5118010178210595,7.406132589935171,-6.739338484762966,4.868145130393751,-4.511840100502371
1455000000.0,4.860081746868199,-4.499588585667067,7.387235867108481,-6.722332792212814,4.859527739599485,-4.499627570803899
1460000000.0,4.851540841164964,-4.487438410793401,7.37075163360794,-6.705370741982153,4.850986731067649,-4.487477296253768
1465000000.0,4.8430754067866335,-4.475350122446973,7.359517371342256,-6.69273089297661,4.842521227790075,-4.475388927300393
1470000000.0,4.834684558984171,-4.463323351115089,7.341683501548923,-6.675769548780733,4.834130269495763,-4.463362057838937
1475000000.0,4.826367425406661,-4.451357728565075,7.318924626986661,-6.658610780924707,4.8258129974670245,-4.451396341133336
1480000000.0,4.818123145903185,-4.439452887882027,7.311936458650369,-6.637705350528946,4.817568664464351,-4.439491369234781
1485000000.0,4.80995087232817,-4.427608463504762,7.287457522472802,-6.61844300678022,4.809396240549376,-4.427646840786806
1490000000.0,4.801849768350147,-4.415824091260046,7.269783099998049,-6.603556292478265,4.801295028971381,-4.4158623822436756
1495000000.0,4.7938190092638315,-4.404099408395131,7.260443832917486,-6.584050739890629,4.793264204472741,-4.4041375786753525
1500000000.0,4.785857781805505,-4.392434053608682,7.235918264012148,-6.580132165548419,4.785302841907324,-4.392472206456829
1505000000.0,4.777965283971601,-4.380827667080141,7.229335036465051,-6.557332815044551,4.777410290809408,-4.38086567806485
1510000000.0,4.770140724840456,-4.369279890497573,7.209770897859745,-6.546972995079137,4.769585617888298,-4.369317842912072
1515000000.0,4.762383324397164,-4.357790367084052,7.19406607668786,-6.520399855023176,4.761828108928047,-4.357828165778201
1520000000.0,4.754692313361482,-4.3463587416226535,7.183378453802602,-6.510526998848354,4.754137034544993,-4.346396475630539
1525000000.0,4.747066933018711,-4.33498466048007,7.16079952095092,-6.494307517388454,4.74651151740671,-4.3350223061844675
1530000000.0,4.73950643505353,-4.323667771628919,7.14537515545106,-6.478982539936751,4.7389509238208785,-4.323705326892642
1535000000.0,4.732010081386695,-4.312407724668789,7.133461922610953,-6.452641533843606,4.731454483113831,-4.312445123980323
1540000000.0,4.724577144014586,-4.301204170846053,7.119313911576096,-6.442258911085467,4.724021462275284,-4.301241506399165
1545000000.0,4.717206904851508,-4.2900567630725055,7.104549880329057,-6.426351240169266,4.716651130541741,-4.290094004453628
1550000000.0,4.709898655574738,-4.2789651559428625,7.099818347256351,-6.403728431584842,4.709342838367751,-4.279002255200798
1555000000.0,4.702651697472234,-4.267929005751152,7.070521368965398,-6.391236706351966,4.702095709260164,-4.267966044982267
1560000000.0,4.69546534129298,-4.256947970506059,7.06048375138039,-6.365508689740571,4.694909277063293,-4.256984855698422
1565000000.0,4.688338907099903,-4.246021709945223,7.046396747649765,-6.353996035683155,4.687782758481363,-4.246058525301133
1570000000.0,4.681271724125329,-4.235149885548578,7.040322769596209,-6.329887548518595,4.680715523381467,-4.235186552049639
1575000000.0,4.674263130628914,-4.224332160550707,7.025155553473362,-6.31292578775413,4.673706833812756,-4.224368727782633
1580000000.0,4.667312473758023,-4.213568199952308,7.00142870989502,-6.306225605830379,4.666756043116465,-4.213604734475187
1585000000.0,4.660419109410501,-4.202857670530749,6.991550000231042,-6.287357757176573,4.659862610487488,-4.20289408981021
1590000000.0,4.65358240209979,-4.192200240849785,6.972998586803289,-6.274751182941783,4.653025792415531,-4.19223658901522
1595000000.0,4.6468017248223665,-4.1815955812684455,6.958247900323596,-6.2590133836268,4.646245022565704,-4.181631836896068
1600000000.0,4.640076458927428,-4.171043363949124,6.945719353804735,-6.24878061856671,4.639519682160048,-4.1710795558381015
1605000000.0,4.6334059939888155,-4.160543262864913,6.93882958616792,-6.227468763529988,4.632849163204564,-4.160579322988812
1610000000.0,4.626789727679118,-4.150094953806185,6.915953143684168,-6.216673489769282,4.626232763517695,-4.150130957655533
1615000000.0,4.620227065645913,-4.139698114386487,6.913014191675249,-6.197572366636415,4.619670071903429,-4.139733995047232
1620000000.0,4.6137174213901195,-4.1293524240477195,6.899106904613736,-6.181591168927365,4.613160339453866,-4.129388210272706
1625000000.0,4.607260216146418,-4.119057564064692,6.876698929420519,-6.155697861099619,4.606702988070834,-4.119093208794448
1630000000.0,4.600854878765686,-4.108813217549008,6.863232600288068,-6.154310523227406,4.600297579758409,-4.108848849622367
1635000000.0,4.594500845599437,-4.098619069452366,6.857081171705575,-6.137849812889923,4.593943501504463,-4.098654596722496
1640000000.0,4.588197560386214,-4.088474806569261,6.84873073701684,-6.112052170236806,4.5876401492987595,-4.088510178742187
1645000000.0,4.581944474139892,-4.078380117539117,6.840415884893606,-6.108325396755632,4.581387018723552,-4.078415458913149
1650000000.0,4.575741045039878,-4.068334692847885,6.820435426835539,-6.0936814785295645,4.575183468442225,-4.068369953861816
1655000000.0,4.569586738323148,-4.058338224829101,6.808910583685521,-6.072650366872419,4.569029081658605,-4.058373360995698
1660000000.0,4.563481026178108,-4.04839040766446,6.800520398339755,-6.066862947028345,4.562923322567378,-4.0484255016990085
1665000000.0,4.557423387640239,-4.038490937383885,6.785803024020105,-6.048830271412025,4.556865588988588,-4.038525926805925
1670000000.0,4.551413308489487,-4.028639511865149,6.777207257168653,-6.035645771203612,4.550855454178331,-4.028674417830064
1675000000.0,4.54545028114938,-4.018835830833034,6.765846934036479,-6.02243842933324,4.544892355562468,-4.01887065608086
1680000000.0,4.539533804587821,-4.009079595858066,6.756946120725925,-6.010177184670356,4.53897582252562,-4.009114343285997
1685000000.0,4.533663384219551,-3.9993705103548387,6.749479375355611,-5.993603938461475,4.533105349372763,-3.9994051542558053
1690000000.0,4.527838531810232,-3.9897082795799386,6.73592222942693,-5.975820040429006,4.527280408586037,-3.989742819378085
1695000000.0,4.522058765382129,-3.9800926106294843,6.725895211362523,-5.964418241646991,4.5215005801556485,-3.9801270787686294
1700000000.0,4.516323609121361,-3.9705232124363095,6.715146408368494,-5.9472596796548105,4.515765351942536,-3.9705575772535324
1705000000.0,4.510632593286693,-3.960999795766787,6.702410591724875,-5.929628367902371,4.510074252446257,-3.96103405668284
1710000000.0,4.504985254119842,-3.9515220732173244,6.697514054573984,-5.91674536093299,4.504426878636587,-3.9515562490527625
1715000000.0,4.4993811337572645,-3.942089759210525,6.679907084156846,-5.900148510954874,4.498822648157806,-3.9421238420660965
1720000000.0,4.493819780143407,-3.9327025699910543,6.678600326973486,-5.886959543305862,4.493261279791782,-3.9327365624744424
1725000000.0,4.488300746945385,-3.9233602236212017,6.670356411885042,-5.8693298142681085,4.487742188163544,-3.923394107824907
1730000000.0,4.482823593469076,-3.9140624399761585,6.656522886261147,-5.852830876867156,4.482264945861255,-3.9140962280731717
1735000000.0,4.477387884576581,-3.9048089407390307,6.655015578367546,-5.8296643371776895,4.476829210757191,-3.9048425824800415
1740000000.0,4.471993190605055,-3.895599449395585,6.640283008586501,-5.8247553323562276,4.471434434791027,-3.8956330614650883
1745000000.0,4.466639087286866,-3.886433691228753,6.6382057629038975,-5.809055487443562,4.466080309736059,-3.8864671997453732
1750000000.0,4.4613251556710605,-3.8773113933128935,6.628690236732889,-5.797532093815548,4.460766318695769,-3.877344829576102
1755000000.0,4.456050982046111,-3.868232284507833,6.619209629355352,-5.789278135346767,4.455492089193694,-3.868265667006732
1760000000.0,4.450816157863939,-3.859196095452686,6.605719300853295,-5.7770339751386555,4.450257182347365,-3.859229405834342
1765000000.0,4.4456202796651585,-3.85020255855947,6.599448379606728,-5.765825149334473,4.445061263311645,-3.8502357952973747
1770000000.0,4.440462949005551,-3.841251408006527,6.60169348016284,-5.753330158405473,4.439903938645352,-3.8412845551053434
1775000000.0,4.4353437723837335,-3.832342379731751,6.585633944545156,-5.745289587962597,4.434784669069359,-3.8323754813082966
1780000000.0,4.430262361169998,-3.8234752114256474,6.581276738266651,-5.745303622743662,4.429703239335473,-3.8235083011060937
1785000000.0,4.425218331536303,-3.8146496425242113,6.57309884543991,-5.72780070058055,4.424659151582799,-3.814682625119739
1790000000.0,4.420211304387408,-3.805865414201652,6.560576921728132,-5.716801231572863,4.419652048357962,-3.80589833104498
1795000000.0,4.415240905293103,-3.797122269362962,6.555787025167196,-5.705618645213251,4.414681616771962,-3.7971551115451856
1800000000.0,4.410306764421559,-3.788419952636344,6.541434320507661,-5.698171716611067,4.4097473930343725,-3.7884527511658743
1805000000.0,4.405408516473718,-3.779758210365489,6.527368640916205,-5.68573033267909,4.404849058721151,-3.7797909366885643
1810000000.0,4.400545800618766,-3.7711367906017426,6.518960387725853,-5.677677654684834,4.399986292996695,-3.7711694638579587
1815000000.0,4.395718260430635,-3.7625554430961294,6.515790968392555,-5.6669213687016695,4.395158729862266,-3.762588042692033
1820000000.0,4.390925543825509,-3.754013919291269,6.502968014075334,-5.65681588875042,4.390365936233194,-3.7540464587930966
1825000000.0,4.386167303000353,-3.7455119723131878,6.498629990574096,-5.639309104833668,4.385607658935254,-3.7455444011669012
1830000000.0,4.381443194372409,-3.7370493569630145,6.484998987316227,-5.638656293648749,4.380883478267261,-3.7370817802480927
1835000000.0,4.376752878519658,-3.728625829708587,6.474039455944258,-5.630810540970478,4.37619309816573,-3.728658203961226
1840000000.0,4.372096020122236,-3.7202411486759663,6.462893975607689,-5.619323500290095,4.371536170759561,-3.7202734534720268
1845000000.0,4.367472287904786,-3.7118950736408607,6.449742805958867,-5.609874092267634,4.366912360192269,-3.711927322600686
1850000000.0,4.362881354579708,-3.703587366019976,6.446960227835462,-5.5935639609900205,4.362321400392886,-3.703619509816162
1855000000.0,4.358322896791327,-3.695317788862285,6.434077267447487,-5.587065567815633,4.357762868712461,-3.695349893391406
1860000000.0,4.353796595060936,-3.68708610684023,6.429718419865485,-5.571431660859774,4.353236532222236,-3.687118111715682
1865000000.0,4.349302133732708,-3.67889208624086,6.411084788767441,-5.559035941906832,4.348741958398756,-3.678924024279095
1870000000.0,4.344839200920462,-3.670735494956907,6.398857560527491,-5.552534853066006,4.344278955347784,-3.6707673931534073
1875000000.0,4.340407488455268,-3.6626161024778083,6.3882181698640705,-5.539255203527987,4.339847174818278,-3.662647920841757
1880000000.0,4.336006691833875,-3.654533679880677,6.382009763559942,-5.5232321429673945,4.335446332477014,-3.654565398452283
1885000000.0,4.331636510167948,-3.646487999821225,6.371936652157704,-5.513393837182449,4.331076089381453,-3.6465196575909964
1890000000.0,4.327296646134104,-3.6384788365246443,6.35636255882827,-5.514795840644714,4.326736143945734,-3.638510502764982
1895000000.0,4.322986805924723,-3.6305059657764502,6.358620231427806,-5.487912404927784,4.322426295112793,-3.6305374622876405
1900000000.0,4.318706699199537,-3.6225691649132914,6.34009613447102,-5.483376165126507,4.318146084310667,-3.6226006392948733
1905000000.0,4.314456039037964,-3.614668212813723,6.339835600111781,-5.480107853722801,4.313895424862442,-3.6146996540157073
1910000000.0,4.31023454189219,-3.606802889888958,6.329494002203098,-5.463845493705704,4.309673858237864,-3.6068342343161692
1915000000.0,4.306041927540981,-3.5989729780735957,6.326574841354956,-5.443130803827899,4.305481212012617,-3.59900419306722
1920000000.0,4.301877919044208,-3.5911782608163225,6.313878154577388,-5.4394054191804315,4.301317133217465,-3.5912094526247853
1925000000.0,4.297742242698076,-3.583418523070603,6.297810823448895,-5.423719426942278,4.297181355446346,-3.5834496272506997
1930000000.0,4.293634627991053,-3.5756935512853514,6.2911863356213065,-5.4065854171451,4.293073691383559,-3.575724550220516
1935000000.0,4.289554807560468,-3.5680031333955955,6.2921277242812605,-5.399712785343097,4.288993874796685,-3.5680340776864945
1940000000.0,4.28550251714979,-3.560347058813129,6.276957561521478,-5.390028100837734,4.2849414940086845,-3.5603779487514617
1945000000.0,4.281477495566552,-3.5527251184171584,6.268980379690172,-5.379104815141454,4.280916421588296,-3.5527559397915947
1950000000.0,4.277479484640937,-3.5451371045449527,6.2563579896662675,-5.364497931224589,4.276918329778974,-3.5451678411695338
1955000000.0,4.27350822918498,-3.537582810982481,6.246501350641553,-5.348820021922029,4.272947008029965,-3.5376134540654163
1960000000.0,4.269563476952413,-3.5300620329550623,6.245615348327932,-5.341906342099737,4.269002249135645,-3.5300926231899767
1965000000.0,4.265644978599109,-3.5225745671180166,6.230565498063848,-5.326550272474989,4.265083655339075,-3.522605070928953
1970000000.0,4.261752487644146,-3.515120211547322,6.225372274752164,-5.3131396553202395,4.261191126739658,-3.515150630094911
1975000000.0,4.257885760431441,-3.507698765730274,6.218420713518828,-5.303519479821001,4.257324355721218,-3.5077291222985414
1980000000.0,4.254044556091994,-3.5003100305561743,6.210408131056983,-5.288819687945698,4.25348309642922,-3.5003402974687363
1985000000.0,4.250228636506684,-3.4929538083070057,6.201933636447706,-5.278103351886602,4.249667123274824,-3.4929840086403856
1990000000.0,4.246437766269642,-3.4856299026481494,6.185883461965716,-5.262566188687172,4.245876151696268,-3.4856600167828438
1995000000.0,4.242671712652172,-3.4783381186190945,6.184620021779235,-5.248944496636958,4.242110082367631,-3.478368142520002
2000000000.0,4.238930245567215,-3.4710782626241845,6.176811509115209,-5.242249984199646,4.2383685695089595,-3.4711082421625883
2005000000.0,4.235213137534363,-3.4638501424233707,6.172633490665884,-5.230028169533999,4.234651430661794,-3.4638800426650476
2010000000.0,4.231520163645376,-3.4566535671229977,6.158505837595639,-5.219472773567554,4.2309583712809875,-3.456683407603582
2015000000.0,4.227851101530243,-3.4494883471666027,6.155218689699538,-5.204304923665364,4.227289280375457,-3.449518090846572
2020000000.0,4.224205731323729,-3.442354294325747,6.141056386417059,-5.1896563551952415,4.223643820325783,-3.442383955208408
2025000000.0,4.220583835632443,-3.4352512216908666,6.13889610286193,-5.177384908583648,4.22002190510056,-3.435280801093914
2030000000.0,4.216985199502386,-3.42817894366216,6.135479613470186,-5.172196025193639,4.216423249521765,-3.428208482984159
2035000000.0,4.2134096103869885,-3.4211372759404948,6.1227050198592545,-5.157170077714721,4.212847577975327,-3.4211667290366563
2040000000.0,4.20985685811562,-3.41412603551835,6.114949726703808,-5.1497433163052815,4.2092947793889355,-3.414155440339865
2045000000.0,4.2063267348625715,-3.4071450406707866,6.107147791870962,-5.133517700104914,4.205764600607895,-3.4071743475144607
2050000000.0,4.202819035116503,-3.4001941109464564,6.104700128841032,-5.125732153418174,4.202256884194982,-3.4002233621581546
2055000000.0,4.1993335556503295,-3.3932730671586335,6.093513616234643,-5.1140368941656265,4.198771334618013,-3.393302249541616
2060000000.0,4.195870095491567,-3.386381731376294,6.086120021664292,-5.10269407185536,4.195307826157976,-3.3864108431041626
2065000000.0,4.192428455893113,-3.379519926915218,6.07998432652998,-5.088958467604225,4.1918661429203565,-3.3795489532080096
2070000000.0,4.18900844030445,-3.3726874783291385,6.074313625056584,-5.077513982914087,4.188446088640652,-3.37271643170697
2075000000.0,4.18560985434329,-3.365884211400922,6.066830057469565,-5.068716007547081,4.185047456422,-3.3659131087204237
2080000000.0,4.182232505767615,-3.3591099531337876,6.059123063700181,-5.0575871886236365,4.181670057931924,-3.3591387814738876
2085000000.0,4.178876204448147,-3.3523645317425657,6.053843859139007,-5.050392828177435,4.178313724433964,-3.352393310916997
2090000000.0,4.1755407623412095,-3.3456477766450003,6.043796789452091,-5.0402297042946795,4.174978220133627,-3.345676494758106
2095000000.0,4.172225993461989,-3.338959518453084,6.040014181776282,-5.029843888245863,4.171663424258033,-3.338988167891195
2100000000.0,4.168931713858191,-3.332299588964444,6.035538480802224,-5.016603351383718,4.168369110806384,-3.3323281543127297
2105000000.0,4.165657741584074,-3.325667821153757,6.026353532097205,-5.0078113686159424,4.165095082576871,-3.3256963324297195
2110000000.0,4.1624038966748635,-3.3190640491642225,6.017521298026127,-4.9995157483313735,4.1618411842018,-3.319092508845475
2115000000.0,4.159170001121545,-3.312488108299065,6.0124268599581026,-4.98979707643247,4.158607254858432,-3.3125165045533884
2120000000.0,4.155955878846005,-3.3059398350130866,6.002733558486714,-4.979417440473128,4.155393072093414,-3.30596816883172
2125000000.0,4.152761355676558,-3.299419066904266,5.9919268684896,-4.968412787764852,4.1521984814972654,-3.299447335923497
2130000000.0,4.149586259323797,-3.292925642705394,5.985260082433334,-4.958232434591736,4.14902334195125,-3.292953847396239
2135000000.0,4.146430419356822,-3.2864594022757627,5.980027775577477,-4.949343360869985,4.145867468203895,-3.2864875485065075
2140000000.0,4.143293667179783,-3.280020186592893,5.973014912879423,-4.9391586258080125,4.14273067084742,-3.280048268890437
2145000000.0,4.140175836008792,-3.273607837744315,5.966245519792426,-4.933081137546398,4.139612800049994,-3.273635879110075
2150000000.0,4.137076760849133,-3.2672221989193866,5.955830405725244,-4.916893254849445,4.1365136543384775,-3.267250145966797
2155000000.0,4.133996278472822,-3.2608631144011673,5.947369571996099,-4.901690373213147,4.1334331134400575,-3.260890970765287
2160000000.0,4.130934227396484,-3.2545304295583324,5.9449152253033475,-4.898915531902776,4.1303710504575495,-3.254558259311841
2165000000.0,4.127890447859534,-3.2482239908371353,5.940844184665359,-4.879875506222937,4.127327233219447,-3.2482517037952094
2170000000.0,4.124864781802689,-3.241943645753421,5.924546718372301,-4.875167470632882,4.124301475109005,-3.24197133541847
2175000000.0,4.121857072846766,-3.2356892428846833,5.923535352700925,-4.8652437821982994,4.1212937550341575,-3.235716864190125
2180000000.0,4.118867166271797,-3.229460631862171,5.9163820270890115,-4.852567953843037,4.118303799836216,-3.229488175589176
2185000000.0,4.115894908996429,-3.223257663363045,5.913137968165239,-4.84020180866281,4.11533151630092,-3.223285127280491
2190000000.0,4.112940149557627,-3.21708018910258,5.912310222046051,-4.829646732018148,4.112376746091818,-3.2171075809638614
2195000000.0,4.110002738090649,-3.210928061826413,5.895402491063017,-4.82237133958482,4.109439236455728,-3.2109554167346435
2200000000.0,4.107082526309323,-3.2048011353028487,5.894805243302418,-4.80984966702655,4.106519013141931,-3.2048284068997295
2205000000.0,4.104179367486583,-3.1986992643152052,5.88123344485679,-4.797254175482321,4.103615769503013,-3.1987264655859358
2210000000.0,4.101293116435293,-3.192622304654212,5.881132681561856,-4.788640030202711,4.100729513699357,-3.192649444198453
2215000000.0,4.0984236294893295,-3.186570113110457,5.873372480096625,-4.779184239611586,4.097859977927149,-3.1865971941140563
2220000000.0,4.095570764484944,-3.1805425474668834,5.8650912913940445,-4.768766089057709,4.095007060157081,-3.180569565073864
2225000000.0,4.092734380742366,-3.1745394664913285,5.857791924589028,-4.760252757085668,4.092170631141255,-3.174566430459423
2230000000.0,4.089914339047681,-3.168560729929127,5.855234291911128,-4.74514822536675,4.089350564074113,-3.1685875982385365
2235000000.0,4.087110501634953,-3.1626061984957485,5.844569914018182,-4.741226124608425,4.08654666715227,-3.1626330425870814
2240000000.0,4.0843227321686,-3.156675733869485,5.842262941341823,-4.731186341489289,4.083758878940559,-3.1567025106565807
2245000000.0,4.081550895726005,-3.150769198684201,5.8316568478288815,-4.715883079303544,4.080986971525692,-3.150795887130845
2250000000.0,4.0787948587803875,-3.144886456522121,5.8304442920986945,-4.7063587947669685,4.078230922491934,-3.1449130794850073
2255000000.0,4.076054489183888,-3.1390273719066624,5.821803811079249,-4.695134224733522,4.075490497192901,-3.139053927550917
2260000000.0,4.073329656150909,-3.1331918102953336,5.819469646169029,-4.689220905612556,4.0727656494817355,-3.133218322013051
2265000000.0,4.07062023024167,-3.1273796380726653,5.8135279023951805,-4.6790825372803955,4.070056184174171,-3.1274060858452097
2270000000.0,4.067926083345999,-3.121590722543198,5.809586137754393,-4.667934819204294,4.067362008080699,-3.121617098634992
2275000000.0,4.065247088667343,-3.11582493192452,5.807849071985734,-4.6599108410793955,4.064682999868274,-3.1158512516585968
2280000000.0,4.062583120706999,-3.1100821353403467,5.802400264997226,-4.644061582150587,4.062018989268525,-3.110108358534276
2285000000.0,4.059934055248558,-3.1043622028136575,5.787963474524228,-4.635409236835213,4.059369838090171,-3.104388379448
2290000000.0,4.057299769342572,-3.098665005259876,5.789203570648297,-4.6223378585305355,4.056735550061263,-3.0986910940846664
2295000000.0,4.054680141291419,-3.092990414480099,5.781469803268162,-4.614650141017723,4.054115875015164,-3.0930164552281654
2300000000.0,4.052075050634382,-3.0873383031543757,5.773203384889411,-4.603789400523402,4.0515107310298974,-3.0873642785615543
2305000000.0,4.049484378132928,-3.081708544835034,5.771582083647446,-4.595310352848029,4.048920045072674,-3.081734461352773
2310000000.0,4.0469080057561895,-3.0761010139400526,5.7656480436747195,-4.586774473435696,4.046343634906679,-3.076126875809391
2315000000.0,4.044345816666642,-3.0705155857464907,5.760768579207705,-4.576438591024271,4.043781412055583,-3.070541381761407
2320000000.0,4.041797695205973,-3.064952136383949,5.756428027998075,-4.564916411818107,4.041233258597931,-3.0649778593334793
2325000000.0,4.039263526881151,-3.059410542828096,5.753586932883605,-4.5579011239612806,4.038699071454713,-3.0594362165090323
2330000000.0,4.036743198350675,-3.053890682894228,5.751811189711724,-4.548606578107931,4.0361787276855505,-3.053916293381463
2335000000.0,4.034236597411006,-3.048392435230884,5.742171945854434,-4.5361014386958045,4.033672063850567,-3.0484179728149816
2340000000.0,4.031743612983195,-3.042915679313506,5.741582944904265,-4.531006023563824,4.031179075278207,-3.042941176121412
2345000000.0,4.029264135099679,-3.037460295438147,5.738756798410213,-4.5229460453529065,4.028699577519218,-3.037485737189701
2350000000.0,4.026798054891257,-3.0320261647152216,5.731482331965254,-4.5150299013789335,4.02623345254153,-3.032051556965786
2355000000.0,4.024345264574244,-3.0266131690633085,5.729459899645558,-4.506251263871039,4.023780646088263,-3.0266385014153627
2360000000.0,4.0219056574377925,-3.021221191202998,5.726160001986367,-4.497659406577577,4.021341015813788,-3.0212464660877587
2365000000.0,4.019479127831387,-3.015850114650783,5.721530228217852,-4.488243877026589,4.018914454694861,-3.0158753288723688
2370000000.0,4.017065571152504,-3.0104998237129994,5.713886171045177,-4.483481843191627,4.016500854474613,-3.0105250067002927
2375000000.0,4.014664883834435,-3.0051702034798096,5.7117623774117865,-4.472130013124776,4.014100147669482,-3.005195312296332
2380000000.0,4.012276963334271,-2.999861139819234,5.708661964990824,-4.462919529744342,4.011712204448263,-2.9998861875794502
2385000000.0,4.0099017081210535,-2.9945725193712263,5.69950331071985,-4.4582547788962295,4.0093368972465075,-2.9945975381477483
2390000000.0,4.00753901766407,-2.9893042295417924,5.6970228978365185,-4.449798657822544,4.006974188342196,-2.9893291909076996
2395000000.0,4.005188792421315,-2.9840561584971574,5.699221316372412,-4.438520454985917,4.004623967973583,-2.9840810415815318
2400000000.0,4.002850933828101,-2.9788281951579774,5.691901379698434,-4.4351321460954685,4.002286069076766,-2.978853054588713
2405000000.0,4.000525344285815,-2.9736202291935903,5.687062431725973,-4.425577735581285,3.9999604466037915,-2.9736450276177457
2410000000.0,3.9982119271508294,-2.968432151016317,5.685961579543751,-4.4150259851476354,3.9976470165072975,-2.9684568788421153
2415000000.0,3.995910586723553,-2.9632638517758068,5.681283804200269,-4.412002286020162,3.995345651024257,-2.9632885552629715
2420000000.0,3.99362122823763,-2.9581152233534156,5.6743021741146755,-4.40131526884192,3.9930562462890373,-2.9581398618257384
2425000000.0,3.991343757849279,-2.9529861583566452,5.670882373975722,-4.395546635098082,3.9907787549689036,-2.9530107557321927
2430000000.0,3.98907808262677,-2.9478765501136106,5.669173330161728,-4.387642782947282,3.988513066157857,-2.947901092557429
2435000000.0,3.9868241105400406,-2.9427862926675563,5.661719182459601,-4.382515626804171,3.986259051077954,-2.9428108020058867
2440000000.0,3.984581750450446,-2.9377152807714193,5.659666047585365,-4.375936116183141,3.98401667686166,-2.9377397430643746
2445000000.0,3.982350912100646,-2.9326634098824247,5.654983242512251,-4.3654196752556755,3.9817858053376614,-2.93268780578544
2450000000.0,3.980131506104618,-2.9276305761567323,5.653333268677942,-4.359439070223977,3.9795663881126817,-2.927654928001933
2455000000.0,3.977923443937802,-2.922616676444123,5.650670099626029,-4.352581575862936,3.977358308059348,-2.9226409804018516
2460000000.0,3.9757266379273775,-2.917621608282722,5.644326248634068,-4.345390083745354,3.975161463043023,-2.9176458664486664
2465000000.0,3.9735410012426566,-2.91264526989377,5.641371373463109,-4.33660113107815,3.9729758047308277,-2.912669469647413
2470000000.0,3.9713664478856114,-2.907687560176435,5.637949080613036,-4.3279316974870445,3.970801227226833,-2.9077117027169685
2475000000.0,3.969202892681515,-2.902748378702655,5.634565199064966,-4.319863644134161,3.9686376487279826,-2.9027724674025217
2480000000.0,3.9670502512697094,-2.897827625712039,5.633529266008759,-4.315510952885506,3.9664850012600215,-2.897851679014653
2485000000.0,3.9649084400944887,-2.8929252021067913,5.622885650082574,-4.308267314810576,3.964343126721098,-2.89294921408651
2490000000.0,3.9627773763960965,-2.888041009446688,5.622073719385963,-4.300109170232496,3.962212054102623,-2.888064964383337
2495000000.0,3.960656978201848,-2.8831749499440846,5.621647998772445,-4.287565421490374,3.96009164441386,-2.8831988226989016
2500000000.0,3.958547164317352,-2.878326926458971,5.61716215876411,-4.27825746362819,3.957981799618511,-2.8783507396932824
2505000000.0,3.95644785431786,-2.873496842494057,5.610134320117275,-4.274747454092054,3.955882450650584,-2.873520631677338
2510000000.0,3.9543589685397107,-2.868684602189908,5.607840149873387,-4.262227046827469,3.9537935428133038,-2.8687083114192644
2515000000.0,3.9522804280718953,-2.863890110320109,5.603197474040452,-4.2607891614823705,3.9517149790564847,-2.863913804645453
2520000000.0,3.950212154747725,-2.859113272286474,5.601513925460606,-4.245143464293019,3.9496466836875403,-2.8591368684154634
2525000000.0,3.948154071136599,-2.8543539941142875,5.591716606077308,-4.24127965243765,3.947588545094078,-2.854377567313505
2530000000.0,3.94610610053589,-2.8496121824475935,5.589282614685736,-4.234598406082448,3.9455405579329748,-2.8496357088556405
2535000000.0,3.944068166962918,-2.8448877445445104,5.589048022117408,-4.224153681608945,3.9435026160902247,-2.8449112005733714
2540000000.0,3.9420401951470345,-2.8401805882725957,5.585252821299422,-4.214829399390898,3.941474617137269,-2.8402039841367492
2545000000.0,3.940022110521802,-2.835490622104234,5.577927779746278,-4.207588026209381,3.939456487747809,-2.8355139734248773
2550000000.0,3.9380138392172754,-2.8308177551120757,5.576492349429484,-4.201362985653754,3.9374482059665654,-2.8308410612054935
2555000000.0,3.936015308052378,-2.8261618969645066,5.570273408279161,-4.186308291836191,3.935449627692571,-2.826185113345815
2560000000.0,3.9340264445273707,-2.8215229579211467,5.566581169893907,-4.184968954621915,3.933460746309164,-2.8215461591029127
2565000000.0,3.9320471768164227,-2.8169008488284004,5.561212638435975,-4.1785734300502115,3.9314814457452245,-2.816924008192937
2570000000.0,3.9300774337602675,-2.8122954811150294,5.55734929056001,-4.167649307421545,3.92951167334268,-2.812318571533239
2575000000.0,3.9281171448589545,-2.8077067667877658,5.554355208653483,-4.158825280060956,3.927551362274475,-2.807729799157693
2580000000.0,3.926166240264691,-2.8031346184269643,5.549352438110704,-4.155885838518283,3.9256004306545527,-2.8031576281149926
2585000000.0,3.9242246507747716,-2.798578949182282,5.544099547986477,-4.148198560431294,3.9236588075088976,-2.798601909749049
2590000000.0,3.9222923078245957,-2.794039672768401,5.539607321971809,-4.13401855695523,3.9217264280345603,-2.794062546861207
2595000000.0,3.9203691434807735,-2.789516703460777,5.5382869184319405,-4.129841354578655,3.9198032560128757,-2.789539543910347
2600000000.0,3.9184550904343127,-2.785009956091432,5.531269617306922,-4.118280993074537,3.9178891550760744,-2.785032727651368
2605000000.0,3.9165500819938988,-2.780519346044771,5.530854752115437,-4.114340067603251,3.9159841442962082,-2.7805420843291717
2610000000.0,3.914654052079245,-2.7760447892534423,5.5226474524212685,-4.1027107038814075,3.9140880596930248,-2.7760674596337167
2615000000.0,3.9127669352145364,-2.771586202194222,5.520440686367744,-4.095510481810126,3.912200926779675,-2.7716088229814524
2620000000.0,3.910888666521946,-2.767143501883938,5.521737922918515,-4.0907463121508085,3.910322664446523,-2.7671660829194136
2625000000.0,3.909019181715238,-2.762716605875428,5.515564979230298,-4.079060562737746,3.908453136277024,-2.762739116519124
2630000000.0,3.9071584170934432,-2.758305432253524,5.512833998194005,-4.072618357278495,3.9065923534680036,-2.7583278982087562
2635000000.0,3.9053063095346126,-2.753909899631073,5.507078111068084,-4.062848783741384,3.9047402069949344,-2.75393230557319
2640000000.0,3.9034627964896518,-2.7495299271449927,5.504801821568594,-4.057010759209286,3.9028966789704422,-2.749552291332562
2645000000.0,3.901627815976227,-2.7451654344523533,5.503122915882091,-4.048033182716762,3.9010616833253677,-2.745187738581798
2650000000.0,3.8998013065727455,-2.7408163417264975,5.494248294894344,-4.038051900071218,3.899235117197923,-2.740838588223478
2655000000.0,3.8979832074124117,-2.7364825696531865,5.492426968514035,-4.0300975992759955,3.897417003212242,-2.736504762053585
2660000000.0,3.896173458177351,-2.7321640394267783,5.4881928667722635,-4.025533241239624,3.8956072293782102,-2.732186199502498
2665000000.0,3.894371999092809,-2.727860672746443,5.486622223229821,-4.016411678248119,3.8938057555483856,-2.7278827719244823
2670000000.0,3.8925787709214212,-2.7235723918123984,5.481396938976934,-4.0071756298258965,3.892012491948793,-2.7235944335739175
2675000000.0,3.8907937149575473,-2.719299119322186,5.47419467681583,-3.999624833270883,3.890227391339248,-2.7193211153848442
2680000000.0,3.8890167730216803,-2.7150407784669714,5.470147883369197,-3.997963219888398,3.8884504290800868,-2.7150627583798213
2685000000.0,3.8872478874549152,-2.7107972929278783,5.465553585334028,-3.9897503695230747,3.8866815127580447,-2.710819220537091
2690000000.0,3.8854870011134945,-2.706568586872348,5.466426154413314,-3.9782410595616744,3.884920622634007,-2.7065904375452603
2695000000.0,3.8837340573634087,-2.7023545849505326,5.461682163772528,-3.9702849975826697,3.8831676475434556,-2.702376384982321
2700000000.0,3.8819890000750696,-2.698155212291717,5.4563178866359285,-3.9643540243788014,3.8814225577093078,-2.6981769737745744
2705000000.0,3.880251773618043,-2.6939703945007674,5.447953021975316,-3.959329175438187,3.8796852828841115,-2.6939921259198933
2710000000.0,3.878522322855843,-2.6898000576546095,5.44618655251142,-3.9571394247277967,3.877955823958597,-2.689821767510304
2715000000.0,3.876800593140797,-2.685644128298739,5.4423053919736235,-3.9456541302511954,3.876234063742228,-2.685665766828635
2720000000.0,3.875086530308962,-2.6815025334437563,5.435453467703143,-3.9377755855491072,3.874519957795329,-2.681524124266246
2725000000.0,3.8733800806751035,-2.6773752005619302,5.424969286417453,-3.9347348440617953,3.8728134501362548,-2.6773967749044116
2730000000.0,3.871681191027743,-2.673262057583791,5.427728037270185,-3.9306560544151914,3.8711145755244365,-2.6732835947555103
2735000000.0,3.869989808624251,-2.6691630328947484,5.42460931249938,-3.917504501918461,3.8694231649712587,-2.6691844886484137
2740000000.0,3.868305881186005,-2.6650780553317426,5.4181710843441655,-3.9174607567233815,3.8677392055457416,-2.6650995069256047
2745000000.0,3.8666293568936094,-2.661007054179916,5.416984752505648,-3.905910491478528,3.86606266572238,-2.6610284312056502
2750000000.0,3.8649601843821615,-2.6569499591693146,5.404665337748138,-3.9059576557616644,3.86439342835108,-2.656971339196307
2755000000.0,3.863298312736581,-2.65290670047162,5.408992255788881,-3.8973957550573233,3.8627315754278597,-2.6529280165305713
2760000000.0,3.861643691486992,-2.6488772086969012,5.406260741767407,-3.890803028489255,3.861076935549421,-2.6488984797839046
2765000000.0,3.8599962706041584,-2.6448614148903977,5.3983258979782915,-3.8818866397861607,3.859429464242154,-2.6448826338848037
2770000000.0,3.858356000494975,-2.6408592505293256,5.40552865021068,-3.8782164290902674,3.8577892344792044,-2.640880429730195
2775000000.0,3.8567228319980114,-2.636870647519714,5.389884010233733,-3.86774613552877,3.856155970558933,-2.636891774703258
2780000000.0,3.855096716379105,-2.6328955381932624,5.390856292692272,-3.862031140945353,3.8545298580061447,-2.6329166212119235
2785000000.0,3.8534776053270092,-2.628933855304225,5.39063075204266,-3.8557848196336506,3.8529107427069484,-2.6289548925497805
2790000000.0,3.85186545094909,-2.624985532026325,5.395706224725411,-3.850080702584177,3.851298614420915,-2.625006520511965
2795000000.0,3.8502602057670745,-2.6210505019496826,5.394183576085924,-3.843022950962209,3.8496933567884466,-2.621071441603968
2800000000.0,3.848661822712846,-2.6171286990777833,5.386362957093163,-3.837650986649936,3.8480949278743237,-2.6171496065660875
2805000000.0,3.8470702551242937,-2.613220057824458,5.383779015419262,-3.826714324237866,3.8465033374274062,-2.613240895992963
2810000000.0,3.8454854567412027,-2.609324513010892,5.383216215099036,-3.819963315079832,3.844918532283924,-2.609345303026612
2815000000.0,3.843907381701198,-2.6054419998626623,5.3739681604893255,-3.8123107141594996,3.843340400764624,-2.605462746651115
2820000000.0,3.8423359845357328,-2.6015724540067913,5.368846321642765,-3.8057095286037868,3.8417689714453656,-2.60159315875348
2825000000.0,3.8407712201661237,-2.5977158114688317,5.365874662147743,-3.8020556802381145,3.840204190332008,-2.5977364882358045
2830000000.0,3.839213043899631,-2.5938720086699685,5.3572929810293495,-3.7918686094078264,3.8386459584247663,-2.5938926273294216
2835000000.0,3.8376614114255836,-2.5900409824241515,5.3541194875790366,-3.784884797524978,3.837094304241689,-2.5900615547368884
2840000000.0,3.8361162788115513,-2.586222669935243,5.354941116315545,-3.776912567846335,3.8355491711212957,-2.5862431857980424
2845000000.0,3.834577602499558,-2.5824170087941978,5.34320844821731,-3.769535568166024,3.83401042476043,-2.582437485998143
2850000000.0,3.8330453393023403,-2.5786239369762547,5.342477974600145,-3.76003064072988,3.832478150571682,-2.5786443510014423
2855000000.0,3.8315194463996463,-2.5748433928381647,5.33299835124868,-3.7492517394469984,3.830952196314768,-2.574863746690691
2860000000.0,3.82999988133458,-2.5710753151154275,5.332195905004344,-3.743321535364085,3.829432623933918,-2.5710956258848894
2865000000.0,3.828486602009986,-2.56731964291956,5.324456707743932,-3.7399192550584157,3.8279193014833814,-2.5673399327441517
2870000000.0,3.8269795666848756,-2.563576315735385,5.322319435200836,-3.7304669354281117,3.8264122473072253,-2.5635965444072903
2875000000.0,3.8254787339708907,-2.5598452734183366,5.3236767520310355,-3.725186856545549,3.8249114200528935,-2.559865460189804
2880000000.0,3.823984062828813,-2.5561264561917967,5.318433847686789,-3.721241528629011,3.823416719070999,-2.556146616172076
2885000000.0,3.8224955125651117,-2.552419804644442,5.318000022076681,-3.7171969057687333,3.821928165690131,-2.5524399317328816
2890000000.0,3.8210130428285227,-2.548725259727624,5.311684132875186,-3.708941727855949,3.820445655116979,-2.548745337249363
2895000000.0,3.8195366136066804,-2.5450427627527574,5.312763349170653,-3.701070848151877,3.8189692267633473,-2.545062784300437
2900000000.0,3.818066185222773,-2.5413722553887443,5.313154374591372,-3.6967077501626955,3.8174987994792215,-2.5413922413479577
2905000000.0,3.8166017183322496,-2.5377136796594053,5.311043012618684,-3.6884997898122154,3.8160343152303478,-2.537733611488732
2910000000.0,3.8151431739195485,-2.5340669779409404,5.314368214460457,-3.6832017089631592,3.8145757872104364,-2.5340868655502913
2915000000.0,3.8136905132948784,-2.530432092959405,5.310773691325094,-3.6703445308614433,3.8131230954489395,-2.530451902232958
2920000000.0,3.8122436980910237,-2.5268089677882104,5.307468751151398,-3.6641653828023566,3.811676258547725,-2.5268287357108266
2925000000.0,3.8108026902601932,-2.523197545845642,5.30481179538349,-3.656274604791849,3.810235230610357,-2.5232172621195272
2930000000.0,3.809367452070899,-2.5195977708923984,5.30077518845196,-3.6447533117073254,3.80879996030794,-2.519617416914531
2935000000.0,3.8079379461048717,-2.516009587029149,5.299607280835937,-3.635954161262736,3.8073704414221727,-2.5160291746200305
2940000000.0,3.8065141352540137,-2.512432938694111,5.2918841470895375,-3.631817678001301,3.8059465866157987,-2.5124525016502655
2945000000.0,3.805095982717381,-2.508867770660651,5.288724501603251,-3.622437042160314,3.8045284093408513,-2.508887274360983
2950000000.0,3.803683451998203,-2.5053140280348964,5.283079543836225,-3.6158003741370197,3.803115843281793,-2.505333490748026
2955000000.0,3.8022765069009297,-2.501771656253377,5.279188481457644,-3.6055720042367474,3.8017088683330664,-2.501791055924556
2960000000.0,3.800875111528321,-2.4982406010806755,5.2746161961188855,-3.6010582677414553,3.8003074461097626,-2.4982599703581716
2965000000.0,3.7994792302785574,-2.494720808607102,5.2697722382202485,-3.595770921651911,3.798911535570577,-2.494740143527345
2970000000.0,3.798088827842392,-2.4912122252463895,5.26454897527999,-3.5904622866812437,3.797521101705185,-2.491231526161204
2975000000.0,3.7967038692003268,-2.4877147977334007,5.263544228947821,-3.5841051983806502,3.7961361338417348,-2.4877340538092714
2980000000.0,3.795324319619827,-2.484228473121858,5.251020323870321,-3.5772814243509856,3.794756510442338,-2.4842476955010526
2985000000.0,3.7939501446525585,-2.480753198782093,5.245653166989408,-3.574327455974283,3.7933823060396747,-2.4807724004613267
2990000000.0,3.7925813101316614,-2.4772889223988113,5.241625002727032,-3.572237387425224,3.7920134505328735,-2.4773081066021096
2995000000.0,3.7912177821690523,-2.473835591968873,5.238099837264026,-3.5712125602510314,3.7906499056235625,-2.4738547640370334
3000000000.0,3.789859527152754,-2.4703931557990937,5.239541668218203,-3.5671324583361756,3.789291657641475,-2.470412292907229
3005000000.0,3.788506511744258,-2.46696156250407,5.231806882131952,-3.5501709751070214,3.7879385829962087,-2.4669806039927513
3010000000.0,3.787158702875912,-2.4635407610040034,5.23453600162507,-3.548659348999005,3.7865907913309003,-2.4635597802606095
3015000000.0,3.785816067748339,-2.460130700522564,5.227761693874416,-3.5412464724010198,3.785248113608245,-2.460149676110343
3020000000.0,3.784478573827882,-2.4567313305847547,5.222013443449429,-3.536192316960531,3.783910585600099,-2.4567502743984115
3025000000.0,3.7831461888440807,-2.4533426010148,5.223565762520245,-3.537461308280276,3.7825782145619185,-2.453361539491824
3030000000.0,3.781818880787169,-2.4499644619340493,5.2083692222796065,-3.5360104023431953,3.7812508242200846,-2.4499833998386045
3035000000.0,3.780496617905607,-2.446596863758899,5.214873530390529,-3.535062250373826,3.7799286000982786,-2.446615778245106
3040000000.0,3.7791793687036357,-2.4432397571987283,5.208296518840828,-3.5334233988587784,3.7786113161949526,-2.443258659901146
3045000000.0,3.777867101938856,-2.439893093253852,5.211441434660565,-3.5347638043697884,3.7772990722506568,-2.43991198930216
3050000000.0,3.7765597866198397,-2.436556823213491,5.213561138638389,-3.5230472149296332,3.775991758663912,-2.436575641212576
3055000000.0,3.7752573920037635,-2.43323089865376,5.209668374737553,-3.5250843520780855,3.774689348582425,-2.433249722228149
3060000000.0,3.773959887594065,-2.4299152714356644,5.213682649107276,-3.5254885853707116,3.773391870780772,-2.4299340822097526
3065000000.0,3.772667243138132,-2.4266098937031235,5.219628766705526,-3.5210625010511793,3.772099258042495,-2.4266286624960887
3070000000.0,3.7713794286250075,-2.423314717880999,5.221345038499262,-3.514419789060344,3.770811449046574,-2.4233334373241475
3075000000.0,3.7700964142831257,-2.4200296966731463,5.222230915756929,-3.5134488573432017,3.7695284423311755,-2.420048399415636
3080000000.0,3.7688181705780717,-2.4167547830604788,5.2175626581174654,-3.4924200070569227,3.7682501513166438,-2.416773363807731
3085000000.0,3.7675446682103617,-2.4134899302990473,5.229339972078623,-3.4954080542576706,3.766976722142067,-2.4135085033541146
3090000000.0,3.76627587811325,-2.4102350919181315,5.228938867088557,-3.4927994206700377,3.765707930559187,-2.410253640690015
3095000000.0,3.7650117714505575,-2.4069902217183547,5.232537424708141,-3.471119929672115,3.764443821699188,-2.4070086347760222
3100000000.0,3.763752319614527,-2.403755273769806,5.232656409031743,-3.4688459259164115,3.7631843716977524,-2.4037736637728178
3105000000.0,3.762497494223696,-2.400530202410178,5.233229453897321,-3.4666176956678565,3.761929550738731,-2.400548569083489
3110000000.0,3.7612472671207957,-2.3973149622429233,5.227503903026388,-3.451044998020979,3.760679276554992,-2.397333238689578
3115000000.0,3.7600016103706726,-2.394109508135421,5.220768354501781,-3.4372421853569266,3.75943356920627,-2.3941277055958157
3120000000.0,3.758760496258229,-2.3909137952171635,5.218209320729809,-3.426571830913854,3.7581924316104005,-2.3909319261016186
3125000000.0,3.757523897286388,-2.387727778877946,5.218337810764529,-3.418200748689783,3.756955826942108,-2.38774585270635
3130000000.0,3.756291786174081,-2.384551414766088,5.210183867465896,-3.414968841960611,3.7557236703185497,-2.3845694704504896
3135000000.0,3.755064135854253,-2.3813846587866476,5.208996842608235,-3.4006142817238567,3.7544959995119234,-2.3814026257699283
3140000000.0,3.753840919471892,-2.3782274670996713,5.202181333816972,-3.39302138887559,3.7532727396742636,-2.3782453900685008
3145000000.0,3.7526221103820743,-2.375079796118438,5.199855171241303,-3.3856604575994353,3.7520539123862178,-2.3750976708035054
3150000000.0,3.75140768214804,-2.371941602507731,5.196555701074162,-3.375548870420508,3.750839457086172,-2.3719594148563936
3155000000.0,3.750197608539279,-2.3688128431821176,5.187502192975105,-3.377341331373484,3.7496293392945295,-2.3688306665535164
3160000000.0,3.74899186352964,-2.3656934753042402,5.1871821230363775,-3.376558174754708,3.748423595398789,-2.365711284518932
3165000000.0,3.747790421295462,-2.3625834562831263,5.173796420398162,-3.3688130716218847,3.747222073041428,-2.362601228902949
3170000000.0,3.746593256213722,-2.3594827437725074,5.171967538809577,-3.361093291869192,3.746024892046749,-2.359500465627417
3175000000.0,3.745400342860206,-2.356391295669151,5.167973381242615,-3.36613986537181,3.7448319665904264,-2.3564090403117666
3180000000.0,3.744211656007693,-2.353309070111208,5.159351989381392,-3.3562355005855133,3.743643223440751,-2.353326760307809
3185000000.0,3.7430271706241642,-2.350236025476573,5.163563783671708,-3.3508134015873594,3.7424587584822087,-2.3502536702233265
3190000000.0,3.7418468618710268,-2.347172120381255,5.16576775007304,-3.355220200673871,3.741278471229523,-2.3471897767492043
3195000000.0,3.7406707051013584,-2.3441173136777587,5.165695466386611,-3.3501407917728048,3.7401023115611953,-2.344134931827339
3200000000.0,3.7394986758581665,-2.3410715644534896,5.16350994018978,-3.3446023826894278,3.738930267096108,-2.341089144467679
3205000000.0,3.7383307498726728,-2.338034832029155,5.15966620279404,-3.3463787429164547,3.7377623257359356,-2.3380524166391066
3210000000.0,3.7371669030626062,-2.335007075957189,5.169112813196193,-3.3404173863041766,3.7365985278836926,-2.335024605661314
3215000000.0,3.7360071115305202,-2.3319882560201903,5.17018350831803,-3.3328737570825266,3.7354387367310027,-2.3320057323889967
3220000000.0,3.7348513515621264,-2.328978332229361,5.166819545128827,-3.331226530527974,3.734282959801824,-2.3289957936440357
3225000000.0,3.7336995996246407,-2.3259772648229697,5.172566173074966,-3.323946623210353,3.733131234606945,-2.3259946685248916
3230000000.0,3.732551832365154,-2.3229850142648223,5.173571922229114,-3.310747210086035,3.73198346019321,-2.323002333185039
3235000000.0,3.7314080266090133,-2.32000154124274,5.169739232669064,-3.298250106544915,3.730839621139571,-2.320018785444727
3240000000.0,3.730268159358224,-2.317026806667056,5.165196850267586,-3.2895814119432054,3.729699721469155,-2.3170439984145736
3245000000.0,3.729132207789863,-2.3140607716691193,5.159188648742196,-3.2868789531408367,3.728563736911049,-2.3140779460322674
3250000000.0,3.728000149254515,-2.311103397599811,5.160654282522673,-3.2801075492203626,3.7274316817633064,-2.3111205224656883
3255000000.0,3.7268719612747203,-2.3081546460280737,5.154447905178813,-3.267299774226194,3.7263034467943643,-2.308171697648993
3260000000.0,3.7257476215434364,-2.3052144787394515,5.147898035021891,-3.2610919728768026,3.7251790666002607,-2.3052314942729284
3265000000.0,3.7246271079225237,-2.3022828577346366,5.150600734536074,-3.2514832785514263,3.7240585594964104,-2.3022998064733224
3270000000.0,3.723510398441236,-2.299359745228038,5.147391460065959,-3.2475049193711008,3.722941830933669,-2.29937666601966
3275000000.0,3.7223974712947347,-2.296445103646346,5.139859107947335,-3.243301071436961,3.721828860427531,-2.2964620008102195
3280000000.0,3.7212883048426146,-2.293538895627123,5.129320239715494,-3.2380301995839327,3.7207196326065572,-2.2935557671106825
3285000000.0,3.7201828776074444,-2.290641084017395,5.139930711558257,-3.226449395691547,3.719614253069879,-2.2906578676827096
3290000000.0,3.719081168273321,-2.287751631872255,5.131555820583243,-3.218919898610904,3.718512491409603,-2.287768374665603
3295000000.0,3.7179831556844443,-2.284870502453484,5.1133301664083675,-3.2231571367676772,3.7174143871829073,-2.2848872821686395
3300000000.0,3.7168888188436977,-2.2819976592281748,5.108159429949153,-3.2230077210459185,3.7163200252788706,-2.282014434768828
3305000000.0,3.71579813691125,-2.279133065867365,5.113283755548028,-3.2140242753547663,3.7152293639224854,-2.279149775222149
3310000000.0,3.7147110892031665,-2.2762766862446933,5.106997662065673,-3.2017055573271733,3.714142269353075,-2.2762933256244193
3315000000.0,3.7136276551900407,-2.273428484435049,5.096299705135403,-3.2113912208968607,3.713058792337086,-2.273445181105818
3320000000.0,3.7125478144956285,-2.2705884247132455,5.102793386730189,-3.2027683188844085,3.7119789802119874,-2.2706050555150394
3325000000.0,3.7114715468955097,-2.2677564715526946,5.078936800667055,-3.194207760446019,3.710902573632414,-2.2677730756826455
3330000000.0,3.7103988323157524,-2.264932589624097,5.086701247421541,-3.1991292046515083,3.7098299117995666,-2.2649492011129557
3335000000.0,3.709329650831595,-2.26211674379414,5.091794584883276,-3.1946792054664344,3.7087607564428615,-2.262133314333139
3340000000.0,3.708263982666142,-2.259308899124204,5.085359724085334,-3.194167834331095,3.7076950557109534,-2.259325465211315
3345000000.0,3.7072018081890703,-2.2565090208690814,5.067666147299901,-3.1857006471897624,3.7066327764118423,-2.2565255528788946
3350000000.0,3.706143107915352,-2.2537170744757047,5.073353229194375,-3.1893536929239126,3.7055741157497444,-2.2537336096002405
3355000000.0,3.7050878625039854,-2.2509330255818822,5.074651527081737,-3.18638434686479,3.7045188773477715,-2.2509495328653104
3360000000.0,3.7040360527567415,-2.248156840015046,5.076821143466085,-3.1832673440831543,3.7034670792461113,-2.2481733175424763
3365000000.0,3.7029876596169253,-2.2453884837910056,5.087521343873794,-3.1863920683593,3.7024187529658303,-2.2454049552653514
3370000000.0,3.7019426641681417,-2.242627923112718,5.072997235040088,-3.1822200729069228,3.7013736753953994,-2.242644380244709
3375000000.0,3.7009010476330824,-2.2398751243690564,5.083021921626646,-3.176120143919005,3.7003321102359843,-2.239891525266415
3380000000.0,3.6998627913723188,-2.237130054133601,5.079768865570524,-3.1741364708134907,3.699293837054481,-2.2371464385156665
3385000000.0,3.69882787688311,-2.234392679163426,5.082635591787026,-3.1558357435378634,3.6982589186199326,-2.234408948799103
3390000000.0,3.697796285798221,-2.231662966397905,5.082293729646826,-3.157456296794812,3.697227331392929,-2.2316792357707214
3395000000.0,3.696767999884753,-2.2289408829575215,5.087238163020732,-3.1591040906363936,3.6961990786925627,-2.228957145461639
3400000000.0,3.6957430010429846,-2.2262263961426902,5.086386344714763,-3.1542292150534568,3.695174072516606,-2.2262426230678654
3405000000.0,3.6947212713052267,-2.2235194734325847,5.086431612720901,-3.1506962511062127,3.6941523421487856,-2.2235356710812195
3410000000.0,3.693702792834685,-2.220820082483975,5.079195914296221,-3.1304528130045806,3.6931338009867365,-2.2208361676113517
3415000000.0,3.6926875479243377,-2.218128191130077,5.085254623199751,-3.1276114134566013,3.6921185896448794,-2.2181442429743714
3420000000.0,3.69167551899582,-2.2154437673794023,5.084854265516843,-3.120805675898359,3.691106553299318,-2.2154597723784955
3425000000.0,3.6906666885983226,-2.212766779414626,5.078408548740775,-3.109044482861309,3.69009767545136,-2.212782718051256
3430000000.0,3.6896610394075005,-2.2100971955914597,5.085105317850861,-3.108289972493373,3.6890920660906965,-2.210113111616031
3435000000.0,3.6886585542243915,-2.2074349844375263,5.078697789500348,-3.0988048929741097,3.68808953659508,-2.207450846710604
3440000000.0,3.6876592159743447,-2.204780114651256,5.076855547668809,-3.089418378809777,3.6870901794380972,-2.2047959177438536
3445000000.0,3.6866630077059623,-2.2021325551007798,5.072774319850584,-3.0839535219070973,3.6860939450358927,-2.202148323719182
3450000000.0,3.6856699125900487,-2.199492274822833,5.0724484755285495,-3.070903032122329,3.6851008344682956,-2.199507962032003
3455000000.0,3.68467991391857,-2.196859243021674,5.065361152296546,-3.062748500235102,3.6841107894347376,-2.1968748849636004
3460000000.0,3.6836929951036277,-2.194233429068001,5.058474674491195,-3.0595389146387446,3.6831238319837616,-2.194249052821511
3465000000.0,3.6827091396764335,-2.1916148024978845,5.051530173443978,-3.053239648541301,3.682139933496968,-2.1916303910983714
3470000000.0,3.6817283312863065,-2.1890033330117036,5.043283752908963,-3.045591904133768,3.6811590730962,-2.189018880795621
3475000000.0,3.6807505536996676,-2.1863989904730925,5.035997675881593,-3.041095311164215,3.6801812530169538,-2.1864145135480477
3480000000.0,3.6797757907990514,-2.183801744907891,5.029539549040763,-3.0394729332263513,3.6792064560161366,-2.1838172579935717
3485000000.0,3.6788040265821267,-2.181211566503109,5.016580840212981,-3.0357916110610677,3.6782346192502855,-2.181227066880753
3490000000.0,3.677835245160724,-2.178628425605893,5.0122385735549075,-3.040794975646234,3.6772658240938676,-2.1786439495710983
3495000000.0,3.6768694307598713,-2.1760522927225034,5.009530780613894,-3.038401815343838,3.6762999951764956,-2.1760677974994938
3500000000.0,3.6759065677168463,-2.1734831385172964,5.002844636183768,-3.042098197984167,3.6753371037193254,-2.1734986627910926
3505000000.0,3.6749466404802273,-2.170920933811719,4.997643244646665,-3.043300201714634,3.6743771529259543,-2.170936461925471
3510000000.0,3.6739896336089646,-2.168365649583302,4.999786480246509,-3.050034263016062,3.673420170030267,-2.1683812024514246
3515000000.0,3.6730355317714483,-2.165817256964672,4.994765513191284,-3.049622303487907,3.6724660434611676,-2.165832804591506
3520000000.0,3.6720843197445974,-2.163275727242562,4.9969291411806225,-3.0506353692781567,3.6715148480883513,-2.1632912682156906
3525000000.0,3.6711359824129475,-2.1607410318568294,5.008925205860031,-3.058244539222672,3.670566590225902,-2.1607565899535572
3530000000.0,3.670190504767754,-2.15821314239949,5.01749352712494,-3.066739271297232,3.6696211744268616,-2.158228727146853
3535000000.0,3.6692478719060997,-2.1556920306137473,5.024644379402008,-3.057931618873315,3.668678573330608,-2.1557075480001338
3540000000.0,3.668308069030015,-2.1531776683930377,5.0290951780981,-3.0542343790538626,3.6677387938732147,-2.15319315020408
3545000000.0,3.6673710814456,-2.1506700277800777,5.049710172247045,-3.0437877210218436,3.666801910748753,-2.150685415249686
3550000000.0,3.6664368945621626,-2.1481690809659195,5.055993761211898,-3.0297562650632397,3.665867743855492,-2.14818437275251
3555000000.0,3.665505493891357,-2.1456748002890174,5.05942597770586,-3.022765356729797,3.6649363566084583,-2.1456900393068903
3560000000.0,3.664576865046339,-2.143187158234293,5.062856568651334,-2.9984055423382574,3.6640077176747545,-2.143202247793364
3565000000.0,3.6636509937409216,-2.1407061274322143,5.0598653332234,-2.9863031361116086,3.663081816961628,-2.1407211444763
3570000000.0,3.662727865788742,-2.1382316806578765,5.065104641020044,-2.9601967306380197,3.662158685875894,-2.138246536183941
3575000000.0,3.6618074671024363,-2.1357637908300955,5.0685981317092255,-2.906422694245044,3.661238234473078,-2.135778334176899
3580000000.0,3.660889783692822,-2.1333024310105007,5.0496450822748375,-2.901270221065773,3.6603204428878153,-2.133316963466782
3585000000.0,3.659974801668088,-2.130847574402641,5.01348222537029,-2.902080155146137,3.6594052668802726,-2.130862152939342
3590000000.0,3.6590625072329916,-2.128399194351091,5.001240587434405,-2.8874487039137295,3.6584928884337127,-2.1284137003755004
3595000000.0,3.6581528866880637,-2.125957264340571,4.978471205164082,-2.876568596912692,3.6575831318686842,-2.1259717333750334
3600000000.0,3.657245926428821,-2.1235217579950634,4.95857295292475,-2.8955550145710323,3.656676093138802,-2.1235363484773417
3605000000.0,3.656341612944986,-2.12109264907695,4.937779742365805,-2.8913844506555386,3.6557716643161804,-2.121107235795395
3610000000.0,3.655439932819717,-2.1186699114861383,4.932093745803463,-2.9186917383021487,3.654869993566468,-2.1186846447720167
3615000000.0,3.654540872728836,-2.116253519259208,4.920644397659824,-2.9282207069205146,3.653970887140099,-2.1162683101686897
3620000000.0,3.6536444194400777,-2.1138434465685583,4.924590164275221,-2.9380591765606456,3.6530744716026065,-2.113858276468303
3625000000.0,3.6527505598123313,-2.1114396677215574,4.89670412866499,-2.9670707825653633,3.652180500632376,-2.1114546826144704
3630000000.0,3.6518592807949015,-2.1090421571597067,4.936828879986918,-2.95656336819331,3.6512894307108823,-2.109057053592135
3635000000.0,3.6509705694267676,-2.1066508894578053,4.939140136689974,-2.962622070434177,3.650400743215708,-2.106665806896664
3640000000.0,3.650084412835855,-2.10426583932312,4.9533664666157255,-2.9550781052913555,3.6495146582936178,-2.1042806874917024
3645000000.0,3.6492007982383092,-2.101886981594565,4.958375557834571,-2.955537314560373,3.6486310752401625,-2.1019018165283203
3650000000.0,3.6483197129377807,-2.0995142912418836,4.9714374514972075,-2.9517023287082775,3.6477500603146353,-2.099529078625621
3655000000.0,3.647441144324712,-2.0971477433648404,4.978094869035109,-2.938889663657431,3.646871514832798,-2.0971624419825288
3660000000.0,3.646565079875637,-2.0947873131924135,4.975597520370723,-2.9333024708934263,3.6459954325541664,-2.0948019751536124
3665000000.0,3.6456915071524802,-2.0924329760819957,4.976733513563053,-2.9288983965794686,3.645121863639396,-2.092447603058005
3670000000.0,3.644820413801867,-2.090084707518605,4.979931238151262,-2.926460135694182,3.6442507881312953,-2.0900993075957506
3675000000.0,3.6439517875544407,-2.0877424831140927,4.9945480455657085,-2.9274415279423747,3.643382247594988,-2.0877570598031565
3680000000.0,3.64308561622418,-2.0854062786063627,4.994489929435041,-2.91171466243768,3.6425160580912026,-2.085420759156861
3685000000.0,3.6422218877077297,-2.083076069858594,4.990316242233583,-2.905025551742072,3.6416523008546444,-2.083090509974946
3690000000.0,3.6413605899837362,-2.0807518328584744,4.994267128825335,-2.8930268343764616,3.640791012055285,-2.080766192052093
3695000000.0,3.6405017111121833,-2.0784335437174284,4.995253061561184,-2.881659339535344,3.6399321264738096,-2.0784478295407682
3700000000.0,3.639645239233742,-2.0761211786698617,4.996749957457389,-2.876342638940588,3.6390756590462763,-2.076135423878893
3705000000.0,3.6387911625691203,-2.073814714072405,5.001897370165101,-2.8541949807796274,3.638221583413706,-2.0738288204602413
3710000000.0,3.637939469418423,-2.071514126403165,4.995868925351821,-2.842855187616589,3.6373698445368556,-2.0715281694961947
3715000000.0,3.6370901481605133,-2.069219392260982,4.992366644481331,-2.834765913465924,3.6365204960757174,-2.0692333864963683
3720000000.0,3.6362431872523864,-2.0669304883646853,4.97923959942133,-2.8167631297650066,3.635673440853369,-2.066944392924116
3725000000.0,3.6353985752285394,-2.0646473915523704,4.977315253987782,-2.8070633704886028,3.6348288079534803,-2.064661236310386
3730000000.0,3.6345563007003583,-2.062370078780659,4.959141099885089,-2.7878356825785797,3.6339864097600776,-2.062383834919224
3735000000.0,3.6337163523554987,-2.060098527123985,4.945101580948363,-2.7765382538576784,3.6331463719890684,-2.060112232401266
3740000000.0,3.632878718957284,-2.0578327137738697,4.924093251810249,-2.774619046135031,3.6323086248692005,-2.0578464293325083
3745000000.0,3.632043389344099,-2.0555726160382153,4.910920221674945,-2.7783880132460936,3.6314732323993164,-2.055586361447291
3750000000.0,3.631210352428795,-2.0533182113405903,4.886930754382499,-2.7861486124487307,3.6306400795338565,-2.0533320231869507
3755000000.0,3.6303795971980968,-2.051069477219533,4.878111912184566,-2.801804572639945,3.6298093013717545,-2.0510833768510026
3760000000.0,3.629551112712018,-2.0488263913278475,4.86700025298416,-2.820304389314961,3.628980784933302,-2.0488403972481057
3765000000.0,3.6287248881032816,-2.046588931431915,4.877628329679773,-2.8348266333263727,3.6281546408384138,-2.0466029929353575
3770000000.0,3.6279009125767403,-2.044357075411003,4.888938425615405,-2.8553318259775815,3.6273307576744167,-2.044371224801228
3775000000.0,3.6270791754088116,-2.042130801256583,4.915019125956322,-2.865258709460974,3.6265091802000367,-2.0421449614434404
3780000000.0,3.626259665946906,-2.039910087071653,4.943888584332817,-2.8677855175965976,3.6256898368375796,-2.0399242135380025
3785000000.0,3.6254423736088737,-2.0376949110700586,4.962673147272042,-2.850195314261834,3.6248726279756105,-2.0377089056431057
3790000000.0,3.624627287882445,-2.035485251575832,4.982967093815261,-2.8318596311763082,3.6240576328657723,-2.035499107390797
3795000000.0,3.62381439832468,-2.033281087022519,4.983334303514448,-2.8031757044559678,3.6232447083813684,-2.033294774318765
3800000000.0,3.6230036945614286,-2.0310823959525255,4.978023816597418,-2.7839338727194174,3.6224339512749806,-2.0310959753846904
3805000000.0,3.6221951662867813,-2.0288891570164576,4.9790219866976235,-2.76045237008249,3.6216253981403996,-2.028902596293903
3810000000.0,3.6213888032625423,-2.026701348972475,4.966800027360746,-2.7556561328641336,3.6208189643120052,-2.026714770510134
3815000000.0,3.620584595317694,-2.0245189506856405,4.956313328652091,-2.7412826881546826,3.6200146813034872,-2.024532299319986
3820000000.0,3.619782532347871,-2.0223419411272823,4.950982673048066,-2.7345441430512056,3.6192125827457997,-2.0223552514319407
3825000000.0,3.618982604314841,-2.0201702993743544,4.925727385661194,-2.729864438094256,3.618412513020538,-2.020183611622394
3830000000.0,3.618184801245987,-2.0180040046088044,4.917113157374478,-2.7267816177449764,3.617614661837944,-2.01801730334741
3835000000.0,3.617389113233794,-2.0158430361169435,4.907409042464441,-2.7460676511199686,3.616818951787162,-2.0158564450563112
3840000000.0,3.6165955304353434,-2.013687373288827,4.906966313036813,-2.7419930151718144,3.6160253641258038,-2.013700751542354
3845000000.0,3.6158040430718072,-2.011536995617628,4.900160042459076,-2.7415638605927195,3.6152338422870236,-2.0115503721621226
3850000000.0,3.6150146414279525,-2.009391882699028,4.90372677809131,-2.743082898783774,3.614444465628444,-2.009405253487443
3855000000.0,3.6142273158516454,-2.0072520142306005,4.90868767135631,-2.736727137290621,3.613657161515887,-2.0072653341933653
3860000000.0,3.613442056753361,-2.0051173700112077,4.903084174486462,-2.727184395797372,3.612871861491602,-2.0051306367625705
3865000000.0,3.6126588546057,-2.0029879299403968,4.90254740002948,-2.733920067906393,3.6120886693434424,-2.003001225327534
3870000000.0,3.6118776999429034,-2.000863674017799,4.905505901780451,-2.7265985728834425,3.6113075237842485,-2.0008769161447297
3875000000.0,3.611098583360379,-1.9987445823425394,4.898489691739821,-2.71959965916846,3.610528362145291,-1.998757787234503
3880000000.0,3.6103214955142273,-1.996630635112642,4.89108737713784,-2.717031538771424,3.609751233489908,-1.9966438275725111
3885000000.0,3.609546427120773,-1.994521812624445,4.897622472596288,-2.7164593785940396,3.608976203328234,-1.9945349836739863
3890000000.0,3.6087733689560997,-1.992418095272019,4.8975163168705125,-2.7111280071261623,3.6082031402782446,-1.992431228365943
3895000000.0,3.60800231185559,-1.9903194635465884,4.897028834748335,-2.7144393749687206,3.607432088573762,-1.9903326065457951
3900000000.0,3.607233246713469,-1.9882258980359562,4.890016002092681,-2.704502036668858,3.6066629741550242,-1.9882389877821314
3905000000.0,3.606466164482352,-1.9861373794239336,4.888915721453698,-2.6915436385360123,3.6058958705961968,-1.9861503910095901
3910000000.0,3.6057010561727947,-1.984053888489774,4.894880732057954,-2.689522229157286,3.6051307952912452,-1.9840668714801464
3915000000.0,3.6049379128528503,-1.98197540610761,4.890866500086577,-2.6858084115551533,3.6043676279798804,-1.9819883656805461
3920000000.0,3.604176725647628,-1.9799019132458935,4.888051511202387,-2.690632057918804,3.6036064356591875,-1.979914894353596
3925000000.0,3.6034174857388557,-1.9778333909668422,4.8830428037579585,-2.685755754691009,3.602847164647012,-1.97784634374021
3930000000.0,3.602660184364447,-1.9757698204258873,4.885333148178034,-2.6789078478556423,3.6020898692087258,-1.975782723581023
3935000000.0,3.601904812818072,-1.9737111828711265,4.88788718692694,-2.672340221781055,3.601334505416966,-1.973724037537473
3940000000.0,3.6011513624487326,-1.971657459642778,4.879717452532951,-2.67136146153918,3.60058101228652,-1.971670311929672
3945000000.0,3.6003998246603377,-1.9696086321726438,4.878033101107976,-2.6642637770569166,3.5998294583015586,-1.969621439264191
3950000000.0,3.599650190911288,-1.9675646819835708,4.8795783065736735,-2.6616102345607215,3.5990798324300717,-1.967577463467188
3955000000.0,3.5989024527140607,-1.9655255906889182,4.8760125388497055,-2.6536524099716448,3.5983320664695495,-1.9655383250462262
3960000000.0,3.598156601634797,-1.9634913399920293,4.876259569740853,-2.6478758027735436,3.597586211596699,-1.963504033591394
3965000000.0,3.5974126292928945,-1.961461911685704,4.87790479696765,-2.649099338388622,3.5968422533236626,-1.9614746007019968
3970000000.0,3.596670527360606,-1.9594372876516792,4.868524826820585,-2.6444887819196805,3.5961000967441517,-1.9594499563508254
3975000000.0,3.595930287562635,-1.957417449860107,4.864116615215708,-2.642951046343005,3.5953598339302935,-1.957430107755439
3980000000.0,3.5951919016757428,-1.9554023803690428,4.867845522482337,-2.635940395314453,3.5946214614061276,-1.9554149857469205
3985000000.0,3.594455361528349,-1.9533920613239313,4.862470369106779,-2.6321871582555625,3.593884889723823,-1.9534046452696403
3990000000.0,3.593720659000149,-1.9513864749570995,4.863536701172128,-2.626159685211895,3.593150187434681,-1.9513990156524186
3995000000.0,3.5929877860217188,-1.9493856035872517,4.860412831851985,-2.6265612043933197,3.5924173012785015,-1.9493981422290816
4000000000.0,3.5922567345741387,-1.9473894296189684,4.857370740892687,-2.6189130492616814,3.591686225285276,-1.947401922231708
4005000000.0,3.591527496688607,-1.9453979355422062,4.859519223460223,-2.618293885319787,3.590957001450094,-1.945410412809509
4010000000.0,3.590800064446066,-1.943411103931807,4.857256284524837,-2.6134869778604473,3.5902295530555715,-1.943423549527572
4015000000.0,3.590074429976829,-1.9414289174470034,4.850774674605836,-2.608253470003504,3.589503878825765,-1.9414413352803999
4020000000.0,3.5893505854602052,-1.9394513588309321,4.8505455093786285,-2.6042214606856007,3.588780030356853,-1.9394637462536086
4025000000.0,3.5886285231241377,-1.937478410910148,4.849201471046858,-2.6038260729741527,3.5880579633550176,-1.937490789371051
4030000000.0,3.5879082352448353,-1.9355100565941439,4.849535507775975,-2.59692225544651,3.5873376703370488,-1.9355223881928112
4035000000.0,3.587189714146412,-1.933546278874872,4.844152514353079,-2.593181012748497,3.586619117644498,-1.933558589291042
4040000000.0,3.586472952200529,-1.9315870608262675,4.843889979543555,-2.588209323118799,3.585902350136669,-1.9315993358084982
4045000000.0,3.585757941826041,-1.9296323856037778,4.842657995886141,-2.583439466392194,3.5851873292124963,-1.9296446276951276
4050000000.0,3.5850446754886396,-1.927682236443894,4.838401372291828,-2.5802126172257847,3.5844740381628823,-1.9276944585361007
4055000000.0,3.58433314570051,-1.9257365966636837,4.835613690705034,-2.579940801845399,3.583762496027016,-1.9257488126479452
4060000000.0,3.5836233450199795,-1.9237954496603291,4.832332380646047,-2.5757860188530155,3.5830526745582043,-1.9238076391754941
4065000000.0,3.582915266051178,-1.921858778910668,4.831674257605423,-2.5697740509521445,3.5823445862866734,-1.9218709279937616
4070000000.0,3.5822089014436953,-1.9199265679707365,4.8278972583742945,-2.567779406025317,3.5816382013961654,-1.91993870308472
4075000000.0,3.581504243892243,-1.9179988004753161,4.828302222013233,-2.564410149686094,3.5809335442223653,-1.918010907952736
4080000000.0,3.5808012861363236,-1.916075460137482,4.828297677933752,-2.5600721803836106,3.5802305831711543,-1.9160875353307947
4085000000.0,3.580100020959893,-1.9141565307481592,4.821704080732025,-2.555455849589984,3.5795292785091823,-1.9141685819782306
4090000000.0,3.5794004411910367,-1.9122419961756718,4.820407568122013,-2.55473418109708,3.578829693801189,-1.9122540366960374
4095000000.0,3.578702539701639,-1.9103318403653078,4.8178969207579865,-2.553729190603613,3.5781317803570096,-1.9103438704562874
4100000000.0,3.578006309407064,-1.9084260473388754,4.817326890192848,-2.54524513185422,3.5774355374875304,-1.9084380235500997
4105000000.0,3.5773117432658306,-1.9065246011942707,4.816067944633154,-2.5437841426507575,3.576740965497406,-1.9065365626555963
4110000000.0,3.576618834279295,-1.904627486105043,4.813931099268432,-2.5380002101034482,3.57604803943562,-1.904639410697299
4115000000.0,3.575927575491338,-1.9027346863199648,4.809287267343367,-2.536665667218019,3.5753567566324844,-1.9027466019250916
4120000000.0,3.5752379599880486,-1.9008461861626063,4.806616799721964,-2.53660802765953,3.5746671297092725,-1.9008580967561255
4125000000.0,3.5745499808974164,-1.8989619700309073,4.807653512976686,-2.529665573163292,3.573979148997287,-1.8989738327779315
4130000000.0,3.573863631389022,-1.8970820223967597,4.802054782208991,-2.5286289358228173,3.573292770741362,-1.8970938792280807
4135000000.0,3.5731789046737332,-1.8952063278055862,4.805328634679559,-2.5298445889454975,3.572608066707681,-1.8952181776745074
4140000000.0,3.572495794003401,-1.8933348708759241,4.803363333286587,-2.523262590445475,3.5719249386651897,-1.893346679359476
4145000000.0,3.5718142926705605,-1.891467636299013,4.800065204391186,-2.5264938072289365,3.571243427408038,-1.8914794585875268
4150000000.0,3.5711343940081335,-1.889604608838384,4.798986866105065,-2.5192825782774086,3.5705635152367017,-1.8896163850299068
4155000000.0,3.570456091389133,-1.8877457733294496,4.79984631262205,-2.5158948431140233,3.569885215313557,-1.8877575212487487
4160000000.0,3.5697793782263703,-1.8858911146791018,4.79573476509298,-2.515896238157052,3.5692084829836865,-1.8859028601498748
4165000000.0,3.5691042479721644,-1.884040617865306,4.796995437724566,-2.509588765912887,3.5685333532098453,-1.884052318659403
4170000000.0,3.568430694118056,-1.8821942679367032,4.795583323086082,-2.509701547374786,3.5678597949808366,-1.8822059628602152
4175000000.0,3.56775871019452,-1.8803520500122115,4.7918557987034625,-2.5005644237604856,3.567187780234371,-1.8803636924454807
4180000000.0,3.567088289770684,-1.8785139492806322,4.795378134449632,-2.5061127152061986,3.566517390342363,-1.8785256078898407
4185000000.0,3.5664194264540443,-1.8766799510002552,4.789104023409653,-2.4968092019545285,3.565848482134839,-1.8766915600550493
4190000000.0,3.565752113890192,-1.8748500404984714,4.790283044142372,-2.497905533223994,3.565181180700294,-1.8748616451407123
4195000000.0,3.565086345762535,-1.8730242031713842,4.785956867837721,-2.4918176129647636,3.5645153830627696,-1.873035772787497
4200000000.0,3.564422115792022,-1.871202424483426,4.7912836764449835,-2.4881511534997864,3.5638511795002676,-1.8712139576336098
4205000000.0,3.563759417736874,-1.869384689966975,4.787563971179098,-2.485094959868403,3.5631884597654544,-1.869396203629522
4210000000.0,3.563098245392313,-1.8675709852219748,4.786505655495152,-2.484984613120372,3.5625272846093847,-1.8675824913396348
4215000000.0,3.5624385925902953,-1.8657612959155587,4.784352806870285,-2.473617403912816,3.5618676060117664,-1.8657727351960527
4220000000.0,3.561780453199247,-1.8639556077816728,4.788542720746725,-2.476284391213915,3.5612094964555996,-1.8639670465974945
4225000000.0,3.5611238211238,-1.8621539066207058,4.784917908768503,-2.467033973831783,3.5605528337627197,-1.8621652923096221
4230000000.0,3.560468690304532,-1.860356178299117,4.778384831580534,-2.4675737344673188,3.559897671489318,-1.8603675683147585
4235000000.0,3.559815054717709,-1.85856240874907,4.779416647363104,-2.4557751935826535,3.5592440265727867,-1.8585737248415406
4240000000.0,3.5591629083750256,-1.8567725839680653,4.7765534272261245,-2.4570493509541547,3.558591869771808,-1.8567839027881725
4245000000.0,3.558512245323356,-1.8549866900185803,4.776554079105024,-2.4504466667926845,3.5579411997020634,-1.8549979646093047
4250000000.0,3.557863059644496,-1.8532047130277063,4.777965457014163,-2.4492247387992583,3.557292022859232,-1.8532159703245124
4255000000.0,3.5572153454549156,-1.8514266391867906,4.775535294821358,-2.4412745861662715,3.5566442864001306,-1.851437848707653
4260000000.0,3.5565690969055113,-1.849652454751081,4.778061882106719,-2.442868630373669,3.5559980570420264,-1.8496636604935721
4265000000.0,3.5559243081813596,-1.8478821460393724,4.772354106851668,-2.433208130743305,3.555353225661071,-1.8478932998310391
4270000000.0,3.5552809735014708,-1.8461156994336536,4.777224914839873,-2.432423339937941,3.5547099191740354,-1.8461268329562777
4275000000.0,3.554639087118549,-1.84435310137876,4.776877802595711,-2.4289399813941044,3.5540680286096107,-1.8443642080996132
4280000000.0,3.5539986433187525,-1.842594338382025,4.77143846211969,-2.420741651506307,3.5534275457868936,-1.842605400715718
4285000000.0,3.553359636421452,-1.8408393970129364,4.772597109764884,-2.4208525392367317,3.5527885483942288,-1.8408504496518594
4290000000.0,3.5527220607789975,-1.8390882639027935,4.771310722661397,-2.4120684932667453,3.5521509552245054,-1.8390992625866016
4295000000.0,3.552085910776484,-1.8373409257443656,4.768348995569969,-2.4087056775428946,3.551514787061879,-1.8373519023868914
4300000000.0,3.551451180831516,-1.835597369291556,4.768967074125961,-2.4042963473663423,3.550880056645059,-1.8356083126721474
4305000000.0,3.5508178653939795,-1.8338575813590627,4.766363760349076,-2.3978364750814634,3.550246720124659,-1.833868485452917
4310000000.0,3.5501859589458116,-1.8321215488220477,4.7660216251513,-2.392136131603177,3.5496148059618604,-1.8321324142068482
4315000000.0,3.5495554560007747,-1.8303892586158033,4.761989663232276,-2.38727520324901,3.5489842767064697,-1.830400095629699
4320000000.0,3.5489263511042304,-1.828660697735423,4.758522682995025,-2.3812725292775725,3.5483551467477534,-1.828671499366396
4325000000.0,3.5482986388329163,-1.8269358532354718,4.7545008635847585,-2.37991238897331,3.5477274137312014,-1.8269466453761134
4330000000.0,3.5476723137947266,-1.8252147122296654,4.746799880569946,-2.3746337414742444,3.547101042005969,-1.8252254795897112
4335000000.0,3.5470473706284866,-1.823497261890541,4.744010623426036,-2.3733033347230603,3.54647608478007,-1.8235080179915528
4340000000.0,3.5464238040037426,-1.8217834894491407,4.742486251360311,-2.3690527005676376,3.5458525062998874,-1.8217942166217476
4345000000.0,3.545801608620539,-1.8200733821946882,4.741018058296997,-2.370311503489947,3.54523030801655,-1.8200841099626335
4350000000.0,3.545180779209206,-1.8183669274742733,4.738685323798307,-2.3636399050296637,3.544609458591816,-1.818377614598198
4355000000.0,3.5445613105301486,-1.8166641126925374,4.734879459202521,-2.363955231663185,3.5439899729703632,-1.8166747990283891
4360000000.0,3.5439431973736326,-1.8149649253113573,4.732144153969637,-2.360517071464147,3.543371842718481,-1.8149755890300618
4365000000.0,3.543326434559577,-1.8132693528495365,4.735465135197681,-2.3568975972930244,3.542755095029378,-1.8132799834578
4370000000.0,3.5427110169373455,-1.8115773828824935,4.735936676542758,-2.3598133194875377,3.5421396875261864,-1.8115880199788055
4375000000.0,3.5420969393855404,-1.8098890030419565,4.730314357555532,-2.363071194963361,3.541525587848437,-1.8098996580560933
4380000000.0,3.541484196811798,-1.808204201015655,4.731705538863589,-2.35323783480622,3.5409128402896206,-1.8082147925937462
4385000000.0,3.5408727841525867,-1.8065229645470193,4.731901844287331,-2.3549312656853716,3.540301434332698,-1.806533556510734
4390000000.0,3.540262696373004,-1.804845281434875,4.734344334102498,-2.346276477478571,3.539691349019165,-1.8048558146175957
4395000000.0,3.539653928466578,-1.8031711395331467,4.732836077794951,-2.3459240594496973,3.5390825754360713,-1.8031816648092316
4400000000.0,3.5390464754550695,-1.8015005267505568,4.735997863924692,-2.339680595236948,3.5384751325279176,-1.8015110050531429
4405000000.0,3.5384403323882747,-1.799833431050333,4.740732467888381,-2.335833471937245,3.5378690118204195,-1.7998438727341446
4410000000.0,3.5378354943438315,-1.798169840449909,4.733562003369351,-2.3302170190667697,3.5372641292553992,-1.7981802549678279
4415000000.0,3.5372319564270245,-1.7965097430206367,4.727451588902419,-2.3258343130627828,3.5366605545160823,-1.7965201353467624
4420000000.0,3.5366297137705938,-1.7948531268874925,4.735400718010296,-2.3176465391996546,3.5360583444495037,-1.7948634541255093
4425000000.0,3.536028761534545,-1.7931999802287912,4.726563535019518,-2.2984661931716865,3.535457316873312,-1.7932102104096326
4430000000.0,3.53542909490596,-1.7915502912758952,4.726833612148067,-2.3075345792496726,3.5348576693232134,-1.7915605612127223
4435000000.0,3.5348307090988094,-1.7899040483129323,4.7215561225323315,-2.297509336560909,3.5342592420515206,-1.7899142646265238
4440000000.0,3.5342335993537666,-1.7882612396765112,4.718634198192243,-2.290729518648028,3.5336621086795654,-1.7882714160142188
4445000000.0,3.5336377609380243,-1.7866218537554392,4.713891139424348,-2.287807840649188,3.533066243137753,-1.786632013733317
4450000000.0,3.5330431891451104,-1.7849858789904434,4.702153492320057,-2.292365840822627,3.532471618928274,-1.7849960738394015
4455000000.0,3.532449879294706,-1.7833533038738905,4.706823005207226,-2.2868001863562735,3.5318783279979997,-1.7833634530840456
4460000000.0,3.531857826732467,-1.7817241169495133,4.6970708467050075,-2.283185689315608,3.5312862204808875,-1.781734254188531
4465000000.0,3.531267026829844,-1.7800983068121323,4.691405320677719,-2.2830727355975817,3.5306953931007006,-1.7801084441674289
4470000000.0,3.5306774749839063,-1.7784758621073853,4.685587220941156,-2.2875114961100733,3.530105820244943,-1.7784860240604665
4475000000.0,3.5300891666171625,-1.776856771531455,4.688851882053268,-2.28214950306766,3.529517523591835,-1.7768668913126837
4480000000.0,3.529502097177391,-1.7752410238307985,4.680156162966698,-2.2917614107417292,3.5289304259967005,-1.7752512003880607
4485000000.0,3.528916262137463,-1.7736286078018797,4.688591479113427,-2.2908391920003255,3.5283446373863225,-1.7736387577032342
4490000000.0,3.528331656995172,-1.7720195122909046,4.691234033584636,-2.292575531453091,3.527760052020752,-1.772029658963145
4495000000.0,3.5277482772730635,-1.7704137261935526,4.690734790328478,-2.2870443110695713,3.5271766636976962,-1.7704238357860604
4500000000.0,3.5271661185182643,-1.7688112384547177,4.690582989745576,-2.2896283995495255,3.526594511138042,-1.7688213538287345
4505000000.0,3.5265851763023175,-1.7672120380682432,4.695099624218566,-2.2868872463115624,3.5260135916207345,-1.767222123290114
4510000000.0,3.5260054462210126,-1.7656161140766642,4.702559222120596,-2.2808055000366694,3.525433894676863,-1.76562614648026
4515000000.0,3.5254269238942215,-1.7640234555709478,4.704341571216271,-2.27227594013926,3.5248553710717303,-1.7640334310996337
4520000000.0,3.5248496049657367,-1.7624340516902373,4.711781582725455,-2.270691701400564,3.5242780924342347,-1.7624439984039137
4525000000.0,3.5242734851031052,-1.7608478916215964,4.702737471798565,-2.262731655276014,3.523701914063223,-1.7608578020601426
4530000000.0,3.523698559997468,-1.7592649645997551,4.708598609692852,-2.255629356653724,3.5231270117367126,-1.759274819149134
4535000000.0,3.523124825363402,-1.7576852599068593,4.699245227795187,-2.251201902737117,3.5225532226912,-1.757695097748526
4540000000.0,3.5225522769387574,-1.756108766872218,4.699338136840286,-2.2415472833645698,3.521980661882508,-1.7561185446273062
4545000000.0,3.521980910484504,-1.754535474872056,4.700224558241729,-2.231589360145215,3.521409286701387,-1.7545451896328712
4550000000.0,3.5214107217845694,-1.7529653733292647,4.693417842219558,-2.230133451757011,3.5208390621564054,-1.7529750832530115
4555000000.0,3.5208417066456903,-1.7513984517131589,4.692938088789681,-2.2263020094584745,3.520270041052704,-1.7514081336831377
4560000000.0,3.520273860897253,-1.7498346995392284,4.69108946766435,-2.222886477937161,3.5197021827079746,-1.749844358045757
4565000000.0,3.519707180391142,-1.7482741063688985,4.683141748460006,-2.218551002447046,3.5191354555522985,-1.7482837465980097
4570000000.0,3.5191416610015898,-1.7467166618092866,4.683336952599385,-2.212571121029831,3.5185699302090234,-1.7467262615649821
4575000000.0,3.5185772986250226,-1.745162355512962,4.679610736153138,-2.205618334441134,3.5180055393509004,-1.7451719161357861
4580000000.0,3.5180140891799168,-1.7436111771777083,4.677550492775459,-2.2065083865310204,3.517442323305478,-1.7436207376720734
4585000000.0,3.5174520286066446,-1.7420631165462859,4.672329434744408,-2.19841817949316,3.5168802244118194,-1.7420726343922164
4590000000.0,3.5168911128673295,-1.7405181634061946,4.669853040391079,-2.199844772022641,3.5163193007504576,-1.7405276846648872
4595000000.0,3.5163313379457004,-1.7389763075894424,4.665489468155133,-2.195649357816479,3.5157594985481535,-1.7389858055205372
4600000000.0,3.5157726998469476,-1.73743753897231,4.663924800214774,-2.192584789257143,3.5152008499106646,-1.7374470149545729
4605000000.0,3.5152151945975754,-1.73590184747512,4.658421812759593,-2.191527839067626,3.5146433165485793,-1.7359113187092443
4610000000.0,3.514658818245264,-1.7343692230620076,4.656401889398079,-2.1859974353771117,3.5140869231462974,-1.7343786600501452
4615000000.0,3.5141035668587235,-1.7328396557406909,4.655923915095461,-2.1898133202361993,3.5135316783879325,-1.7328491055063948
4620000000.0,3.5135494365275575,-1.7313131355622444,4.6542587807432,-2.1899248522424566,3.5129775422335703,-1.731322580436605
4625000000.0,3.5129964233621203,-1.729789652620871,4.650319943023332,-2.186169886804972,3.5124245047819294,-1.729799075857712
4630000000.0,3.512444523493379,-1.7282691970536808,4.65074523072696,-2.185682207546373,3.511872609179311,-1.7282786087735738
4635000000.0,3.5118937330727795,-1.7267517590404649,4.6502417779238545,-2.183978173288804,3.5113218160833437,-1.7267611543355261
4640000000.0,3.5113440482721043,-1.7252373288034755,4.649928060030166,-2.1828593030798085,3.5107721305798734,-1.7252467104724398
4645000000.0,3.5107954652833424,-1.7237258966072027,4.652047532156536,-2.180658047696195,3.5102235580122922,-1.7237352548785432
4650000000.0,3.5102479803185522,-1.7222174527581586,4.649296721777485,-2.1793556945170187,3.5096760590955958,-1.7222268004843189
4655000000.0,3.50970158960973,-1.7207119876046566,4.653978211385999,-2.1780501238284873,3.5091296939082732,-1.7207213124463214
4660000000.0,3.5091562894086756,-1.7192094915365963,4.652516829687228,-2.1767707601143274,3.508584386632755,-1.7192188038347493
4665000000.0,3.5086120759868638,-1.7177099549852473,4.65138190757248,-2.1761267723425144,3.5080401689230665,-1.7177192575835185
4670000000.0,3.5080689456353107,-1.716213368423036,4.652569165311143,-2.17364807403774,3.507497043581452,-1.7162226477155336
4675000000.0,3.507526894664448,-1.714719722363331,4.652517011446688,-2.1678926666032328,3.506954985565033,-1.7147289629861284
4680000000.0,3.5069859194039923,-1.7132290073602352,4.652684145565097,-2.166872186846856,3.5064140123087637,-1.7132382341319936
4685000000.0,3.5064460162028195,-1.7117412140083708,4.650634909773013,-2.160694998354413,3.505874090706806,-1.7117504032166904
4690000000.0,3.505907181428836,-1.7102563329426739,4.656858728955446,-2.1598657684115614,3.5053352904729245,-1.7102654991768629
4695000000.0,3.505369411468856,-1.7087743548381853,4.652386889472242,-2.1525825240216343,3.5047974873163064,-1.7087834817014818
4700000000.0,3.5048327027284745,-1.7072952704098445,4.651394349830372,-2.151531286018421,3.5042607743512515,-1.7073043852193406
4705000000.0,3.504297051631947,-1.7058190704122835,4.6541249934904805,-2.133882720770003,3.5037251107454845,-1.705828078679057
4710000000.0,3.503762454622063,-1.7043457456396247,4.656643899923024,-2.1365116179144032,3.503190534427182,-1.7043547554475305
4715000000.0,3.503228908160028,-1.7028752869252741,4.65397163391868,-2.1333190098535537,3.5026569711669246,-1.7028842761676803
4720000000.0,3.50269640872534,-1.701407685141725,4.64770379676402,-2.1286873682886047,3.502124433392837,-1.701416652306346
4725000000.0,3.50216495281567,-1.6999429312003531,4.6472645658952825,-2.1281187196482643,3.5015929770020158,-1.6999518879611646
4730000000.0,3.501634536946745,-1.6984810160512196,4.644627514264735,-2.125299648515085,3.501062545156138,-1.6984899542076188
4735000000.0,3.5011051576522276,-1.697021930682871,4.642438995041015,-2.119001077063896,3.50053314633578,-1.6970308310299147
4740000000.0,3.5005768114836,-1.6955656661221457,4.6348824927097265,-2.1179027611088985,3.5000047610525065,-1.6955745653914256
4745000000.0,3.500049495010048,-1.6941122134339743,4.631932038970785,-2.1200520674046843,3.4994774353867384,-1.6941211209799314
4750000000.0,3.4995232048183436,-1.6926615637211866,4.632895295838461,-2.116894633187451,3.498951147718103,-1.69267044480062
4755000000.0,3.4989979375127334,-1.69121370812432,4.635539565933593,-2.112303097824448,3.4984258893937463,-1.6912225522713427
4760000000.0,3.4984736897148214,-1.6897686378214227,4.631762346565754,-2.114518438471968,3.497901628132017,-1.6897774920445763
4765000000.0,3.49795045806346,-1.688326344027868,4.628302295064517,-2.1098752407184027,3.497378373030024,-1.688335171451047
4770000000.0,3.497428239214634,-1.6868868179961598,4.633373845038575,-2.107492744135503,3.4968561797664712,-1.686895616070567
4775000000.0,3.4969070298413514,-1.6854500510157449,4.633741687809728,-2.111761311120783,3.4963349823988277,-1.6854588630353091
4780000000.0,3.4963868266335343,-1.6840160344128263,4.638992854069488,-2.105240491052419,3.495814798723575,-1.6840247947974474
4785000000.0,3.495867626297906,-1.6825847595501757,4.63405744639928,-2.1042890911376753,3.49529557334802,-1.6825935152701093
4790000000.0,3.495349425557885,-1.6811562178269477,4.637085493587044,-2.1002586201119793,3.4947773845673575,-1.681164938921064
4795000000.0,3.494832221153476,-1.6797304006784946,4.638419550256829,-2.093270786739084,3.4942601780301312,-1.6797390743324434
4800000000.0,3.494316009841163,-1.6783072995761845,4.643273042195068,-2.088685913065327,3.4937439873817415,-1.6783159324552166
4805000000.0,3.4938007883938016,-1.6768869060272171,4.63728792566066,-2.0812017866083816,3.4932287240054576,-1.6768955014870535
4810000000.0,3.4932865536005155,-1.6754692115744445,4.646106087427802,-2.076162751959692,3.49271453006852,-1.675477756902543
4815000000.0,3.4927733022665906,-1.6740542077961882,4.638527727685196,-2.0739664394285113,3.492201237484813,-1.6740627466167177
4820000000.0,3.4922610312133715,-1.6726418863060626,4.638581214408294,-2.069932952900914,3.491688962488176,-1.6726503955876524
4825000000.0,3.4917497372781563,-1.6712322387527947,4.624903397978382,-2.0591942537358654,3.4911775801758527,-1.6712407069880362
4830000000.0,3.491239417314097,-1.6698252568200478,4.631977541158292,-2.0564323382575416,3.4906672955784535,-1.6698336900035207
4835000000.0,3.490730068190096,-1.668420932226246,4.629917548617645,-2.0471617434664395,3.490157922054999,-1.668429311921929
4840000000.0,3.4902216867907043,-1.6670192567243975,4.625301233309767,-2.0420213774065905,3.489649509989429,-1.6670276093229837
4845000000.0,3.4897142700160244,-1.6656202221019223,4.624853937406629,-2.041532791683103,3.4891420927724663,-1.665628564839651
4850000000.0,3.4892078147816066,-1.6642238201804775,4.621106373668089,-2.0358485893236957,3.488635610498442,-1.6642321314559874
4855000000.0,3.4887023180183543,-1.6628300428157865,4.619364799965323,-2.0298702870493965,3.488130096747198,-1.662838317567176
4860000000.0,3.488197776672422,-1.6614388818974666,4.614213299318337,-2.027946706041795,3.487625527610793,-1.6614471475600945
4865000000.0,3.487694187705121,-1.6600503293488607,4.615141416468381,-2.0252156334950198,3.487121941458834,-1.6600585709122238
4870000000.0,3.487191548092821,-1.6586643771268672,4.610229423621412,-2.0238033850763317,3.48661927622757,-1.6586726118905049
4875000000.0,3.4866898548268557,-1.6572810172217705,4.608586732358106,-2.021549787187734,3.486117573071986,-1.6572892349726334
4880000000.0,3.4861891049134255,-1.6559002416570772,4.605340490087901,-2.017725647892202,3.485616802044678,-1.6559084369813017
4885000000.0,3.485689295373504,-1.6545220424893465,4.587274275501646,-2.016339431913731,3.4851168979140437,-1.6545302543964517
4890000000.0,3.485190423242746,-1.653146411808027,4.60199916093051,-2.0152358323405513,3.4846181038586623,-1.6531545838638815
4895000000.0,3.4846924855713906,-1.6517733417352918,4.598845639822902,-2.012846604747381,3.4841201481013595,-1.6517814987775317
4900000000.0,3.484195479424171,-1.650402824425875,4.598728482658577,-2.0102979810601034,3.4836231395445028,-1.6504109602453334
4905000000.0,3.483699401880223,-1.6490348520669098,4.596847806771347,-2.003335780768459,3.4831270424728134,-1.6490429466106575
4910000000.0,3.4832042500329923,-1.6476694168777657,4.59524538264448,-2.000064401551224,3.482631879106664,-1.6476774890601427
4915000000.0,3.482710020990146,-1.6463065111098916,4.597948140590972,-1.9984575589160163,3.4821376641169923,-1.6463145620038842
4920000000.0,3.48221671187348,-1.6449461270466506,4.596308305001007,-1.9960712369270797,3.481644344847602,-1.6449541603070126
4925000000.0,3.481724319818833,-1.6435882570031661,4.594462636063368,-1.9911876921593452,3.4811519370911124,-1.643596259893334
4930000000.0,3.4812328419759955,-1.6422328933261618,4.59581043369835,-1.9895777305737152,3.480660466163462,-1.6422408773311434
4935000000.0,3.4807422755086233,-1.6408800283938052,4.589208374215672,-1.9881568525714386,3.480169865206665,-1.6408880087408433
4940000000.0,3.4802526175941493,-1.6395296546155522,4.5900819992283095,-1.9825920563210953,3.479680204616963,-1.6395375961921437
4945000000.0,3.4797638654236973,-1.63818176443199,4.593704732682764,-1.9834785099423284,3.479191475766253,-1.638189696158004
4950000000.0,3.4792760162019967,-1.6368363503146866,4.588899760069868,-1.9768124641909335,3.478703592057045,-1.636844247681726
4955000000.0,3.478789067147295,-1.6354934047660332,4.587792601005374,-1.972536282632629,3.478216632203893,-1.6355012736971786
4960000000.0,3.4783030154912757,-1.634152920319095,4.591135339351656,-1.9745670822002137,3.477730604452802,-1.6341607858894263
4965000000.0,3.477817858478973,-1.6328148895374583,4.58545401169011,-1.9695335880226064,3.477245411265754,-1.632822730946382
4970000000.0,3.4773335933686873,-1.6314793050150795,4.588719339280151,-1.9678596316912025,3.476761162964715,-1.6314871237666302
4975000000.0,3.4768502174319034,-1.6301461593761362,4.58127632118989,-1.9707062630125165,3.4762777558079265,-1.6301539984927247
4980000000.0,3.4763677279532073,-1.6288154452748769,4.5845296530913435,-1.9624623750454544,3.475795271218725,-1.628823227328558
4985000000.0,3.4758861222302055,-1.6274871553954744,4.589268629420923,-1.962166688121607,3.47531369252791,-1.6274949193546522
4990000000.0,3.4754053975734447,-1.6261612824518776,4.583564128552892,-1.9625824864286177,3.4748329413767007,-1.6261690509513407
4995000000.0,3.4749255513063266,-1.6248378191876645,4.58363147818072,-1.9563047903950173,3.474353086796254,-1.6248455466765992
5000000000.0,3.4744465807650338,-1.6235167583758978,4.586384644024978,-1.9551784431899404,3.473874131353393,-1.6235244670083977
5005000000.0,3.4739684832984463,-1.6221980928189783,4.586173570142401,-1.9507061839103423,3.4733960273493483,-1.6222057704123696
5010000000.0,3.4734912562680647,-1.6208818153485038,4.5835654228316605,-1.952560800027124,3.472918792692946,-1.6208894994745742
5015000000.0,3.47301489704793,-1.6195679188251226,4.587680129648508,-1.9511259739109679,3.4724424551690674,-1.6195755800106806
5020000000.0,3.4725394030245487,-1.6182563961383936,4.588181698457756,-1.948896573119761,3.4719669624221297,-1.6182640367727024
5025000000.0,3.4720647715968123,-1.616947240206643,4.586606734732705,-1.9411173762869036,3.471492311224695,-1.616954834922513
5030000000.0,3.471591000175923,-1.6156404439768248,4.590267504523973,-1.9354397407951087,3.471018551331212,-1.6156479942367046
5035000000.0,3.471118086185317,-1.6143360004243803,4.585117240600439,-1.9347165460514408,3.4705456116671387,-1.6143435484129076
5040000000.0,3.4706460270605883,-1.6130339025530986,4.583747587755317,-1.9320460199524914,3.4700735431487275,-1.613041431117228
5045000000.0,3.4701748202494147,-1.6117341433949786,4.582889967690187,-1.9251450168634205,3.46960232184443,-1.6117416294093418
5050000000.0,3.469704463211482,-1.6104367160100919,4.585203482804943,-1.9312874180151158,3.469131990936021,-1.6104442221034947
5055000000.0,3.4692349534184124,-1.6091416134864445,4.579037739415024,-1.9193841433521928,3.4686624295763897,-1.6091490605584622
5060000000.0,3.468766288353688,-1.6078488289398416,4.579893225573466,-1.9178047731502417,3.4681937687664015,-1.6078562582408902
5065000000.0,3.4682984655125795,-1.6065583555137524,4.573714805810107,-1.9165038856037795,3.4677259138306757,-1.6065657814878633
5070000000.0,3.4678314824020746,-1.6052701863791756,4.577248278205847,-1.90950287250485,3.467258938965065,-1.6052775612467025
5075000000.0,3.4673653365408046,-1.6039843147345052,4.567672666470818,-1.9052058659452515,3.4667927377142838,-1.6039916769419535
5080000000.0,3.466900025458974,-1.602700733805397,4.565367264576623,-1.899285079148799,3.4663274062755374,-1.602708061439071
5085000000.0,3.466435546698288,-1.6014194368446375,4.564585598937961,-1.9012777553787057,3.4658629297847634,-1.6014267684237922
5090000000.0,3.4659718978118867,-1.600140417132011,4.560398156986576,-1.8939700449724366,3.465399248134088,-1.6001477104211557
5095000000.0,3.465509076364268,-1.5988636679741706,4.554004234706774,-1.8945169307966132,3.464936397005172,-1.5988709680654016
5100000000.0,3.465047079931225,-1.5975891827045057,4.551398074718165,-1.8915875345341906,3.464474384198452,-1.597596464457155
5105000000.0,3.4645859060997726,-1.5963169546830145,4.557856877271747,-1.888315007522877,3.464013240589651,-1.5963241994838162
5110000000.0,3.464125552468082,-1.5950469772961742,4.55014174752057,-1.8884233506272667,3.4635528495780847,-1.5950542291006722
5115000000.0,3.463666016645411,-1.5937792439568141,4.547503684657781,-1.8856143096226292,3.46309329742796,-1.5937864781369562
5120000000.0,3.4632072962520377,-1.5925137481039877,4.551372768159033,-1.88581692920657,3.4626346001883404,-1.5925209682724732
5125000000.0,3.4627493889191925,-1.5912504832028453,4.549049187285622,-1.884083244715883,3.462176680147547,-1.5912576907766278
5130000000.0,3.462292292288992,-1.589989442744511,4.550171381524781,-1.8779964909475237,3.461719580658556,-1.5899966086404984
5135000000.0,3.4618360040143723,-1.5887306202459532,4.546883970165153,-1.875734550080916,3.461263273664016,-1.5887377726171827
5140000000.0,3.461380521759027,-1.5874740092498656,4.550544222191062,-1.87347912919964,3.460807808886091,-1.587481135170123
5145000000.0,3.460925843197337,-1.586219603324538,4.5454959257561685,-1.8687994969629584,3.460353097900598,-1.586226706446065
5150000000.0,3.4604719660143073,-1.5849673960637378,4.544515163669939,-1.8654608422736445,3.459899211977531,-1.5849744757801736
5155000000.0,3.4600188879055067,-1.583717381086584,4.547507179348639,-1.8655862963272511,3.459446152296332,-1.5837244479887103
5160000000.0,3.4595666065769985,-1.5824695520374286,4.545137829718783,-1.8617622535988745,3.4589938540718395,-1.5824765956169955
5165000000.0,3.459115119745281,-1.5812239025857326,4.5440844966273515,-1.8615608587873003,3.4585423639901727,-1.5812309392436337
5170000000.0,3.4586644251372234,-1.5799804264259487,4.5422368914314575,-1.856670592361171,3.4580916531905803,-1.5799874332554504
5175000000.0,3.4582145204900008,-1.5787391172773986,4.54492375771933,-1.8516211807155556,3.4576417556245103,-1.5787460849226693
5180000000.0,3.4577654035510395,-1.5774999688841571,4.541175782995068,-1.8506631297956018,3.4571926199867504,-1.5775069307704679
5185000000.0,3.457317072077946,-1.576262975014931,4.540417407279661,-1.8472827487963532,3.4567442807959434,-1.5762699129102864
5190000000.0,3.456869523838454,-1.5750281294629425,4.541009558700008,-1.84138602492663,3.4562967270861433,-1.5750350277354441
5195000000.0,3.456422756610358,-1.5737954260458125,4.538067600101488,-1.8359672372933606,3.4558499368941358,-1.573802293896842
5200000000.0,3.4559767681814573,-1.5725648586054435,4.538013363850933,-1.834980748300778,3.4554039489120676,-1.5725717135935078
5205000000.0,3.455531556349492,-1.5713364210079046,4.538296193805808,-1.8333997685843353,3.454958738146687,-1.571343259408975
5210000000.0,3.455087118922087,-1.5701101071433152,4.536902954761209,-1.8249778341642033,3.454514280035584,-1.5701168966196375
5215000000.0,3.4546434537166926,-1.5688859109257318,4.535108032200993,-1.8230759208118419,3.4540706044803766,-1.5688926861207215
5220000000.0,3.454200558560523,-1.5676638262930327,4.533523660489451,-1.8208518924971604,3.4536276994486514,-1.5676705851409543
5225000000.0,3.453758431290501,-1.5664438472068067,4.532442676653924,-1.8192866704900714,3.453185566170701,-1.5664505921712297
5230000000.0,3.4533170697531994,-1.5652259676522378,4.528140432354436,-1.8159595465036702,3.4527441785490676,-1.565232695765245
5235000000.0,3.4528764718047835,-1.5640101816379954,4.528877558436454,-1.8141350585507843,3.452303583513565,-1.5640168910593453
5240000000.0,3.4524366353109537,-1.5627964831961225,4.52445979769376,-1.8154603180806559,3.4518637292347876,-1.5628032001178447
5245000000.0,3.4519975581468896,-1.5615848663819243,4.525507402020316,-1.812617601702052,3.4514246546400447,-1.5615915587593203
5250000000.0,3.451559238197192,-1.5603753252738572,4.523792225585834,-1.8087275966567637,3.4509863209278517,-1.5603819929706226
5255000000.0,3.4511216733558303,-1.5591678539734217,4.520857655665866,-1.807098481696507,3.4505487403356336,-1.5591745110499813
5260000000.0,3.450684861526085,-1.5579624466050508,4.525700123289397,-1.8113405582204705,3.450111964293699,-1.5579691086056902
5265000000.0,3.4502488006204914,-1.5567590973160044,4.529786725870808,-1.8113253737039094,3.4496759271506905,-1.5567657436386024
5270000000.0,3.449813488560788,-1.5555578002762578,4.52248542262189,-1.8063264019642404,3.449240570189616,-1.5555644268640114
5275000000.0,3.449378923277859,-1.554358549678397,4.52194905008441,-1.805556471545786,3.448806003212994,-1.5543651655280535
5280000000.0,3.448945102711683,-1.553161339737513,4.524881220297157,-1.8056607221565366,3.4483722006246653,-1.5531679427447238
5285000000.0,3.4485120248112775,-1.5519661646910923,4.523334043370879,-1.8038915122092203,3.4479391138644067,-1.5519727537241672
5290000000.0,3.4480796875346473,-1.5507730187989153,4.528743312348584,-1.799482339801208,3.4475067987742047,-1.5507795667855266
5295000000.0,3.44764808884873,-1.5495818963429473,4.525900087499755,-1.801104358092576,3.4470751910047377,-1.5495884504816566
5300000000.0,3.4472172267293457,-1.548392791627239,4.531269535202122,-1.7954418325769477,3.446644348458857,-1.5483992982469683
5305000000.0,3.446787099161142,-1.5472056989778176,4.521340781983327,-1.7927525956580181,3.446214166694353,-1.5472122030455744
5310000000.0,3.4463577041375446,-1.546020612742588,4.524307438403795,-1.7925245008941084,3.4457847891913,-1.5460271021683596
5315000000.0,3.4459290396607045,-1.5448375272912267,4.528907322138197,-1.7873876948411322,3.44535614124982,-1.5448439734001775
5320000000.0,3.4455011037414485,-1.543656437015082,4.5302527401263575,-1.7774444350891294,3.4449281955643776,-1.5436628211011567
5325000000.0,3.445073894399227,-1.5424773363270714,4.529193668263634,-1.781363812055239,3.4445009909279003,-1.5424837351114753
5330000000.0,3.4446474096620636,-1.5413002196615817,4.529904953011381,-1.7716387442378498,3.4440744934937526,-1.5413065587922112
5335000000.0,3.444221647566507,-1.540125081474366,4.525091211577503,-1.7696444244188627,3.4436487050776483,-1.5401314119319465
5340000000.0,3.443796606157578,-1.5389519162424468,4.527595749347862,-1.7698271414633973,3.443223679599522,-1.5389582350236324
5345000000.0,3.4433722834887246,-1.537780718464015,4.529513046734043,-1.766459930804399,3.4427993628709856,-1.537787008275258
5350000000.0,3.442948677621768,-1.536611482658331,4.525644378362699,-1.7594022972431367,3.442375725627983,-1.5366177356948703
5355000000.0,3.4425257866268586,-1.5354442033656275,4.526693822492064,-1.7573220987926834,3.441952838557128,-1.53545043581734
5360000000.0,3.4421036085824235,-1.5342788751470098,4.524994378972535,-1.7577983045765009,3.4415306551972136,-1.534285105698968
5365000000.0,3.4416821415751224,-1.5331154925843609,4.527728328931775,-1.7513261232095882,3.441109192192929,-1.5331216764315607
5370000000.0,3.441261383699797,-1.5319540502802431,4.525658392651479,-1.7481926967180272,3.4406884199491503,-1.531960214241474
5375000000.0,3.4408413330594243,-1.5307945428578018,4.528617854108988,-1.7452087365480746,3.440268381334117,-1.530800677755535
5380000000.0,3.4404219877650717,-1.5296369649606711,4.522512087325562,-1.7431812586312296,3.439849002903815,-1.5296430937323158
5385000000.0,3.4400033459358457,-1.528481311252878,4.521853301979083,-1.7414626220913991,3.4394303568142623,-1.5284874247121858
5390000000.0,3.4395854056988497,-1.527327576418746,4.5213106668968575,-1.7374594676992756,3.4390124083802482,-1.527333662495102
5395000000.0,3.439168165189138,-1.5261757551628037,4.523244068154435,-1.7322921366497483,3.438595170174616,-1.5261818028962966
5400000000.0,3.438751622549666,-1.5250258422096894,4.5252201924616555,-1.7324888530678042,3.4381786407456096,-1.5250318793257642
5405000000.0,3.438335775931248,-1.5238778323040592,4.523511936442015,-1.7233086671905289,3.437762769481623,-1.523883817521128
5410000000.0,3.4379206234925124,-1.5227317202104924,4.522113731361246,-1.7222493436404211,3.4373476102383425,-1.5227376950389695
5415000000.0,3.4375061633998545,-1.5215875007134012,4.521977256533097,-1.7239630823602918,3.43693315543255,-1.5215934770089659
5420000000.0,3.437092393827394,-1.5204451686169382,4.521709100263268,-1.7190390089703471,3.436519377163692,-1.5204511122316837
5425000000.0,3.436679312956928,-1.519304718744905,4.5212820167745935,-1.7162123645389165,3.4361062909644264,-1.5193106408784467
5430000000.0,3.436266918977892,-1.5181661459406621,4.5179894215461065,-1.709197927810388,3.435693868370815,-1.5181720306756257
5435000000.0,3.4358552100873103,-1.5170294450670387,4.520368423605352,-1.705549794921749,3.435282166995189,-1.5170352984201918
5440000000.0,3.4354441844897567,-1.515894611006242,4.517536527521349,-1.7005485801301083,3.434871119177944,-1.5159004365082964
5445000000.0,3.435033840397311,-1.5147616386597686,4.514666373479834,-1.7022180122784563,3.4344607661653344,-1.5147674709201933
5450000000.0,3.4346241760295135,-1.5136305229483167,4.516454212583182,-1.6941349394923209,3.4340510972220817,-1.5136363020869328
5455000000.0,3.434215189613326,-1.5125012588116955,4.5121392838077945,-1.6922119229860635,3.4336420871419433,-1.512507029086424
5460000000.0,3.433806879383087,-1.511373841208739,4.511540434736697,-1.685644891482642,3.4332337630053176,-1.5113795710884115
5465000000.0,3.4333992435804723,-1.5102482651172184,4.5073784375375885,-1.6852701066170706,3.4328261074952007,-1.5102539938528823
5470000000.0,3.4329922804544495,-1.5091245255337558,4.5076588353853495,-1.6800227700043953,3.432419137658607,-1.509130218935658
5475000000.0,3.4325859882612404,-1.508002617473735,4.504984476731882,-1.6777458929670657,3.432012829558833,-1.5080082969086313
5480000000.0,3.4321803652642777,-1.506882535971219,4.504828338023981,-1.6725638976062627,3.431607197692987,-1.5068881813249353
5485000000.0,3.431775409734166,-1.505764276078862,4.501275436597752,-1.671445605817206,3.431202224096504,-1.5057699152632225
5490000000.0,3.431371119948639,-1.504647832867827,4.5008085506563145,-1.6677346641853779,3.430797926830529,-1.5046534462147854
5495000000.0,3.4309674941925206,-1.5035332014276963,4.497627793572184,-1.6721408257816237,3.4303942962335046,-1.5035388363068596
5500000000.0,3.430564530757685,-1.502420376866393,4.4958907012603015,-1.6663609623277775,3.4299913145490817,-1.5024259778735987
5505000000.0,3.4301622279430157,-1.501309354310093,4.488493675418373,-1.6658324750195208,3.4295889751229742,-1.5013149600675764
5510000000.0,3.4297605840543683,-1.5002001289031446,4.498107880318847,-1.6598924258097028,3.4291873710173126,-1.5002056767290046
5515000000.0,3.4293595974045283,-1.4990926958079822,4.497671771892988,-1.6542396257102228,3.428786372996119,-1.499098207768986
5520000000.0,3.428959266313174,-1.4979870502050487,4.4975710313239246,-1.655081058080443,3.4283860456418687,-1.4979925590445071
5525000000.0,3.428559589106839,-1.4968831872927084,4.489524414637247,-1.6542836117102426,3.4279863279110594,-1.4968887009475889
5530000000.0,3.42816056411887,-1.495781102287169,4.4886475101971115,-1.643181735655633,3.427587278009413,-1.495786553069404
5535000000.0,3.4277621896893926,-1.4946807904223984,4.483655967265617,-1.6470868870972581,3.4271888885326782,-1.4946862638981298
5540000000.0,3.4273644641652705,-1.4935822469500455,4.493400932126505,-1.6436390342765927,3.4267912084433205,-1.493587674921411
5545000000.0,3.4269673859000696,-1.492485467139359,4.49397058738534,-1.6361469410269447,3.426394120060103,-1.492490847752779
5550000000.0,3.426570953254019,-1.4913904462771068,4.488763182335726,-1.633945379068854,3.4259976585875633,-1.4913958187647456
5555000000.0,3.426175164593976,-1.4902971796674989,4.487154060853678,-1.6338840043640233,3.4256018640404107,-1.4903025475383336
5560000000.0,3.425780018293386,-1.4892056626321062,4.48566157514834,-1.6379142964376523,3.4252067209376036,-1.4892110466592492
5565000000.0,3.42538551273225,-1.4881158905097815,4.488113068662928,-1.6285495253831195,3.424812210995285,-1.488121213708733
5570000000.0,3.4249916462970833,-1.4870278586565844,4.486619131773612,-1.6311483635216035,3.424418344798783,-1.4870331906830343
5575000000.0,3.424598417380883,-1.4859415624456995,4.4811980495894375,-1.626260495108644,3.424025080372881,-1.4859468730415246
5580000000.0,3.424205824383091,-1.484856997267362,4.481270036812586,-1.6286790455295077,3.423632495262861,-1.4848623124956093
5585000000.0,3.4238138657095574,-1.4837741585287796,4.484744469772362,-1.61586013405281,3.4232405301305353,-1.4837793931021355
5590000000.0,3.4234225397725053,-1.4826930416540554,4.478124235375463,-1.6227784360485817,3.422849187193517,-1.4826983179283755
5595000000.0,3.423031844990497,-1.481613642084112,4.47626091847088,-1.6179371267986926,3.4224584752369975,-1.4816188898153198
5600000000.0,3.4226417797883966,-1.4805359552766164,4.478109717031636,-1.6206822692960088,3.4220684277177544,-1.480541205610927
5605000000.0,3.4222523425973366,-1.4794599767059047,4.485801593591198,-1.6185587664412022,3.421679028068461,-1.479465192465952
5610000000.0,3.421863531854684,-1.4783857018629045,4.484174005185431,-1.614171817722681,3.4212902022591343,-1.4783908908935484
5615000000.0,3.4214753460040033,-1.4773131262550638,4.489456263642468,-1.6129026247775842,3.4209020433899693,-1.477318290078904
5620000000.0,3.4210877834950253,-1.4762422454062747,4.478737682648345,-1.6110062465027106,3.4205144243122474,-1.4762474143962978
5625000000.0,3.4207008427836114,-1.4751730548568,4.481812265520744,-1.607379442899354,3.4201274942445976,-1.4751781911854804
5630000000.0,3.4203145223317213,-1.4741055501632,4.478920071838235,-1.5998619468030593,3.41974114559384,-1.4741106464194764
5635000000.0,3.4199288206073772,-1.4730397268982587,4.4777867038042185,-1.600198311100163,3.4193554412432037,-1.47304481967937
5640000000.0,3.4195437360846337,-1.4719755806509118,4.479496281194455,-1.5910693885823763,3.4189703486534877,-1.471980615417366
5645000000.0,3.4191592672435416,-1.4709131070261734,4.476604917575764,-1.5986244037460198,3.4185858834423932,-1.4709181790642563
5650000000.0,3.4187754125701173,-1.4698523016450662,4.477348428174026,-1.5932678301825194,3.4182020237364457,-1.4698573370630585
5655000000.0,3.4183921705563094,-1.468793160144547,4.477212467038104,-1.5882999632552113,3.417818772969853,-1.4687981627992446
5660000000.0,3.418009539699967,-1.4677356781774376,4.4805157061726115,-1.5833277945386595,3.417436150957393,-1.4677406407310813
5665000000.0,3.4176275185048053,-1.4666798514123527,4.479314918758611,-1.582371175179599,3.4170541240422856,-1.466684804041811
5670000000.0,3.4172461054803764,-1.4656256755336305,4.470276199336651,-1.5793686117122152,3.4166726607854483,-1.4656306244523525
5675000000.0,3.416865299142036,-1.4645731462412614,4.473099957895354,-1.5731059347633098,3.41629185800366,-1.4645780495091338
5680000000.0,3.416485098010913,-1.4635222592508201,4.473535355004922,-1.5696169084540195,3.4159116541017283,-1.4635271361512239
5685000000.0,3.416105500613875,-1.4624730102933927,4.4713676836991,-1.5724681180066595,3.4155320541728313,-1.4624778988565705
5690000000.0,3.415726505483502,-1.4614253951155123,4.4738568916536074,-1.5659592642300697,3.4151530603120412,-1.461430237458393
5695000000.0,3.415348111158052,-1.460379409479086,4.474096598080017,-1.5534666779897601,3.4147746427653907,-1.460384179801744
5700000000.0,3.414970316181431,-1.4593350491613295,4.468960389111971,-1.5556977254586704,3.4143968288144815,-1.4593398344060171
5705000000.0,3.4145931191031624,-1.4582923099546978,4.462362272876249,-1.5541004568858439,3.4140195970562734,-1.458297093689567
5710000000.0,3.4142165184783577,-1.4572511876668173,4.4612188304317035,-1.5477842893776892,3.413642979421746,-1.457255934080212
5715000000.0,3.4138405128676843,-1.45621167812042,4.463306752833969,-1.5429919205600977,3.4132669765343273,-1.4562163880009142
5720000000.0,3.413465100837338,-1.4551737771532747,4.459323313586856,-1.5420231179711035,3.412891544546565,-1.455178483155716
5725000000.0,3.4130902809590107,-1.4541374806181213,4.456427196271517,-1.5362029714017416,3.4125166997358076,-1.454142155689997
5730000000.0,3.4127160518098636,-1.4531027843826045,4.457154595351882,-1.5337582679030137,3.4121424714167237,-1.4531074378543862
5735000000.0,3.412342411972494,-1.4520696843292085,4.458257243299157,-1.5311022977903643,3.411768833853557,-1.452074314305672
5740000000.0,3.4119693600349112,-1.4510381763551896,4.45332285484025,-1.5288855422226801,3.4113957544137317,-1.451042798234407
5745000000.0,3.4115968945905033,-1.450008256372513,4.449292532550287,-1.5193262023112886,3.4110232500476636,-1.4500128309104694
5750000000.0,3.4112250142380094,-1.448979920307786,4.447151907023401,-1.5186214083140457,3.41065135971907,-1.4489844883766774
5755000000.0,3.4108537175814915,-1.4479531641021957,4.445697374593691,-1.5161226791455062,3.410280052639287,-1.4479577151049765
5760000000.0,3.4104830032303064,-1.4469279837114424,4.442116704475807,-1.514409666972652,3.4099093188040865,-1.4469325262994952
5765000000.0,3.410112869799076,-1.4459043751056764,4.439994600808451,-1.5105206231406207,3.409539168515528,-1.445908895072289
5770000000.0,3.4097433159076616,-1.4448823342694357,4.435423474996406,-1.5085746331946106,3.4091695896329055,-1.4448868468418068
5775000000.0,3.409374340181133,-1.4438618572015802,4.4337609020796735,-1.5061685832594707,3.408800602626079,-1.4438663536849135
5780000000.0,3.409005941249743,-1.4428429399152318,4.429377302955939,-1.5035460195242487,3.408432178189911,-1.4428474252006804
5785000000.0,3.408638117748899,-1.4418255784377085,4.425202190329325,-1.5009584250678905,3.408064330331355,-1.441830052262077
5790000000.0,3.408270868319135,-1.440809768810465,4.4228976398808575,-1.5000904084827023,3.407697069761902,-1.4408142357508416
5795000000.0,3.4079041916060873,-1.4397955070890291,4.42114620079354,-1.5006058040143786,3.4073303877312404,-1.4397999729092221
5800000000.0,3.4075380862604616,-1.438782789342939,4.416655138281683,-1.4986071870048452,3.4069642577541965,-1.4387872473821286
5805000000.0,3.4071725509380135,-1.437771611655685,4.414349634946527,-1.4951439401781,3.406598705602311,-1.4377760497651613
5810000000.0,3.4068075842995165,-1.4367619701246457,4.411485510263187,-1.497202489963206,3.4062337314309596,-1.4367664173158265
5815000000.0,3.406443185010737,-1.4357538608610279,4.406982416274352,-1.500731263549691,3.405869319560767,-1.4357583280935082
5820000000.0,3.406079351742408,-1.4347472799898071,4.404556268663913,-1.4995161337754248,3.40550547379449,-1.4347517388699578
5825000000.0,3.4057160831702036,-1.433742223649666,4.4059915177221605,-1.4972710734654737,3.4051422098811632,-1.4337466605844282
5830000000.0,3.4053533779747123,-1.4327386879929354,4.40408838084741,-1.4974557755273712,3.40477949786473,-1.4327431224842901
5835000000.0,3.4049912348414106,-1.4317366691855349,4.401053791432869,-1.5005492064422854,3.4044173485528457,-1.4317411183157478
5840000000.0,3.4046296524606388,-1.430736163406913,4.404056869644261,-1.5043272574053914,3.4040557918155723,-1.4307406175115243
5845000000.0,3.4042686295275737,-1.4297371668499879,4.39969825362428,-1.4998247235314863,3.4036947395080457,-1.4297416002742105
5850000000.0,3.4039081647422047,-1.4287396757210904,4.401660051829092,-1.505616558282989,3.4033342994823155,-1.4287441265344352
5855000000.0,3.403548256809308,-1.427743686239904,4.404487364054732,-1.5099686386810407,3.402974417535931,-1.4277481453932763
5860000000.0,3.4031889044384216,-1.4267491946394066,4.396941247978594,-1.5077841192539478,3.402615024747306,-1.4267536516174026
5865000000.0,3.40283010634382,-1.4257561971658155,4.404301351806454,-1.5049013207809192,3.4022562598160886,-1.4257606162392316
5870000000.0,3.4024718612444915,-1.4247646900785254,4.402433154648698,-1.5102573798080672,3.4018980191938364,-1.4247691327559941
5875000000.0,3.40211416786411,-1.4237746696500553,4.403439352177554,-1.5071295519495842,3.4015403264529076,-1.423779086925826
5880000000.0,3.401757024931013,-1.4227861321659898,4.405696213811081,-1.5084368315603032,3.401183200060849,-1.422790543725857
5885000000.0,3.4014004311781787,-1.421799073924922,4.402996136468205,-1.5061359960661365,3.400826590014729,-1.421803472267901
5890000000.0,3.401044385343198,-1.420813491238399,4.409638113158598,-1.502576286877928,3.4004705723506343,-1.4208178497736368
5895000000.0,3.4006888861682536,-1.4198293804308633,4.414653935491194,-1.5075445423690095,3.4001151116774424,-1.4198337458248842
5900000000.0,3.400333932400095,-1.4188467378395992,4.414616804986541,-1.5029095241381283,3.399760149994635,-1.4188510724098382
5905000000.0,3.3999795227900167,-1.4178655598146765,4.411005298992827,-1.4998032249951976,3.399405717667817,-1.4178698790893272
5910000000.0,3.3996256560938307,-1.416885842718895,4.413367690198365,-1.5049293430638009,3.3990518763962307,-1.4168901754336816
5915000000.0,3.399272331071847,-1.4159075829277303,4.416675598960677,-1.4963598670294143,3.398698551839789,-1.415911857592271
5920000000.0,3.3989195464888486,-1.4149307768292778,4.4122107336301335,-1.4951105833100524,3.398345744229759,-1.4149350474998612
5925000000.0,3.398567301114069,-1.4139554208242004,4.413331542833362,-1.5014204480829552,3.3979935205901,-1.4139597136558086
5930000000.0,3.398215593721169,-1.412981511325672,4.411307070446009,-1.493426912008381,3.3976417878586247,-1.4129857606495289
5935000000.0,3.3978644230882136,-1.4120090447593256,4.4116172432348995,-1.4955918400731179,3.3972906258360203,-1.4120132969972665
5940000000.0,3.3975137879976502,-1.4110380175631985,4.412066473161112,-1.497076005495291,3.396939998572598,-1.41104226897765
5945000000.0,3.397163687236286,-1.4100684261876795,4.408887571300614,-1.4958849165949224,3.3965898814123476,-1.4100726711072018
5950000000.0,3.3968141195952644,-1.4091002670954558,4.414391042512522,-1.4937429670241553,3.396240339347981,-1.4091044817999514
5955000000.0,3.3964650838700443,-1.40813353676146,4.416633046000961,-1.49679493003489,3.3958913239856954,-1.408137754735141
5960000000.0,3.3961165788603767,-1.4071682316728182,4.419797180053698,-1.4946512210020249,3.395542832723005,-1.4071724244991644
5965000000.0,3.3957686033702847,-1.4062043483287965,4.417906043520228,-1.4969713628387857,3.3951948549867788,-1.4062085497470118
5970000000.0,3.39542115620804,-1.40524188324075,4.427501364894674,-1.494865257299612,3.394847454462511,-1.4052460456634832
5975000000.0,3.3950742361861406,-1.4042808329320713,4.432442166658069,-1.4888075979065107,3.3945005487319584,-1.4042849462716476
5980000000.0,3.394727842121292,-1.4033211939381378,4.4368542397777,-1.4904418987098913,3.39415418316029,-1.4033252986173514
5985000000.0,3.3943819728343834,-1.4023629628062617,4.4357965828853905,-1.4827291399871783,3.393808293830532,-1.4023670230486818
5990000000.0,3.3940366271504665,-1.4014061360956387,4.444557040929105,-1.4758790145440492,3.3934629801610776,-1.4014101345700243
5995000000.0,3.393691803898737,-1.4004507103772956,4.448064477861977,-1.4757357772361257,3.393118176930981,-1.4004546930034238
6000000000.0,3.3933475019125092,-1.399496682234043,4.450170900600825,-1.4655018400030668,3.392773865285829,-1.3995006003751438
