f_Hz,teorico_re,teorico_im,"Medido (simplificado, 3 patrones)_re","Medido (simplificado, 3 patrones)_im","Medido (completo, 4 patrones, Automático)_re","Medido (completo, 4 patrones, Automático)_im","Medido (completo, 4 patrones, Clásico)_re","Medido (completo, 4 patrones, Clásico)_im"
100000000.0,18.892340933288118,-5.542610473608728,25.696321718456968,-2.480186674268276,18.891881276136697,-5.542631529948622,18.891881276136697,-5.542631529948622
105000000.0,18.713303752639895,-5.751881288461378,25.583677619934086,-2.767210664193255,18.712843278694972,-5.7519036312411975,18.712843278694972,-5.7519036312411975
110000000.0,18.529971687304702,-5.952984049101251,25.59257006472995,-2.9698119826241,18.52951074193317,-5.953006988745882,18.52951074193317,-5.953006988745882
115000000.0,18.342804364066208,-6.145877044586238,25.498235403679587,-3.1744841302937488,18.342342539101182,-6.145900804386737,18.342342539101182,-6.145900804386737
120000000.0,18.152251840445203,-6.330547604478702,25.44538858823701,-3.3517399728683985,18.15178928597962,-6.330571925695979,18.15178928597962,-6.330571925695979
125000000.0,17.958752750946473,-6.507010398661679,25.258732657535774,-3.5776736346048943,17.958289011308636,-6.5070358040096075,17.958289011308636,-6.5070358040096075
130000000.0,17.762732681420562,-6.675305643445125,25.23630884467847,-3.781781561250102,17.76226848818391,-6.675331601367222,17.76226848818391,-6.675331601367222
135000000.0,17.56460276975707,-6.835497241916246,25.130052882189144,-3.9956997458805925,17.56413779643511,-6.835523985640573,17.56413779643511,-6.835523985640573
140000000.0,17.36475852801473,-6.98767088465788,24.998438243643378,-4.228181177598085,17.36429273312297,-6.987698549067747,17.36429273312297,-6.987698549067747
145000000.0,17.163578878422676,-7.131932134853948,24.95037229895293,-4.430734209562831,17.163112625900503,-7.13196035838147,17.163112625900503,-7.13196035838147
150000000.0,16.961425393462807,-7.268404519503966,24.860548391785994,-4.624473959753191,16.96095849888259,-7.268433350393058,16.96095849888259,-7.268433350393058
155000000.0,16.758641728456972,-7.397227646055304,24.739097696969846,-4.830439182825866,16.758174100133402,-7.397257213279964,16.758174100133402,-7.397257213279964
160000000.0,16.555553233715802,-7.518555361300709,24.61414551230436,-4.978148530411654,16.55508474632055,-7.518585373089634,16.55508474632055,-7.518585373089634
165000000.0,16.352466732332218,-7.632553966939499,24.549965734966648,-5.09147173393577,16.35199764857904,-7.632584090190255,16.35199764857904,-7.632584090190255
170000000.0,16.149670449088177,-7.739400503814059,24.419391021163513,-5.278847537190826,16.14920064177486,-7.739431274937795,16.14920064177486,-7.739431274937795
175000000.0,15.947434075651017,-7.839281114550227,24.343831188462733,-5.433042908642448,15.946963786624634,-7.839312228513174,15.946963786624634,-7.839312228513174
180000000.0,15.746008957226046,-7.932389492183315,24.21221959003274,-5.661989045445572,15.74553809963789,-7.93242148190516,15.74553809963789,-7.93242148190516
185000000.0,15.545628386064188,-8.01892542036448,24.068368048877634,-5.784478787339101,15.545156672763948,-8.018957750808566,15.545156672763948,-8.018957750808566
190000000.0,15.346507987657626,-8.099093408931546,24.020682639116455,-5.950246394992735,15.346036070015682,-8.09912609402076,15.346036070015682,-8.09912609402076
195000000.0,15.148846186053895,-8.17310142700317,23.922442457329534,-6.091089676087264,15.148373764719834,-8.173134456159941,15.148373764719834,-8.173134456159941
200000000.0,14.952824735444045,-8.24115973431935,23.79960299784954,-6.255053340476955,14.952351754844566,-8.241193299734539,14.952351754844566,-8.241193299734539
205000000.0,14.75860930599985,-8.303479810302878,23.63528104212076,-6.435140030036993,14.758135593839055,-8.30351410485632,14.758135593839055,-8.30351410485632
210000000.0,14.566350112819272,-8.360273379250199,23.569115977589696,-6.609772076504399,14.565876228755318,-8.36030816932207,14.565876228755318,-8.36030816932207
215000000.0,14.37618257776199,-8.411751529167516,23.425742236076147,-6.705600066759545,14.375707939043577,-8.411786549883525,14.375707939043577,-8.411786549883525
220000000.0,14.188228014895415,-8.458123921037833,23.296987943870946,-6.866686232885691,14.187752865540787,-8.458159523002971,14.187752865540787,-8.458159523002971
225000000.0,14.002594331207078,-8.499598084724516,23.191628852642495,-6.991160510215339,14.002118747171602,-8.499634022483528,14.002118747171602,-8.499634022483528
230000000.0,13.819376735155704,-8.536378797272944,23.0918485097033,-7.150713837164554,13.818900841387123,-8.536415277311637,13.818900841387123,-8.536415277311637
235000000.0,13.638658446518448,-8.56866753905017,22.97190031464838,-7.2340284005186355,13.63818198722368,-8.568704174012861,13.63818198722368,-8.568704174012861
240000000.0,13.460511401835342,-8.596662022948653,22.824418231097727,-7.416352245815348,13.460034431626505,-8.596699462273826,13.460034431626505,-8.596699462273826
245000000.0,13.284996950547228,-8.620555791760546,22.72167030497121,-7.471498230131445,13.284519492462863,-8.620593212219319,13.284519492462863,-8.620593212219319
250000000.0,13.11216653766517,-8.640537878790235,22.626139864969566,-7.589939828663143,13.111688776441023,-8.640575654646685,13.111688776441023,-8.640575654646685
255000000.0,12.942062369494211,-8.656792526802453,22.449734458558297,-7.735312114691427,12.941583886425596,-8.656830991317849,12.941583886425596,-8.656830991317849
260000000.0,12.774718059561346,-8.669498960489525,22.354603901167774,-7.792703626843666,12.774239182677075,-8.669537444974647,12.774239182677075,-8.669537444974647
265000000.0,12.610159252466355,-8.678831207774005,22.207163695621684,-7.91214690482249,12.609679796374877,-8.678870198518524,12.609679796374877,-8.678870198518524
270000000.0,12.448404223885497,-8.684957965431863,22.076001519232026,-8.025468768884222,12.447924283132966,-8.684997409537058,12.447924283132966,-8.684997409537058
275000000.0,12.289464455414372,-8.688042504718888,21.963731749197283,-8.160965992017728,12.288984192164223,-8.688082517686246,12.288984192164223,-8.688082517686246
280000000.0,12.13334518333933,-8.688242612900586,21.850809953823862,-8.215522296880781,12.132864455116824,-8.688282718369184,12.132864455116824,-8.688282718369184
285000000.0,11.980045920780183,-8.685710566818083,21.705669565634953,-8.330973711777172,11.979564646083507,-8.685751207921102,11.979564646083507,-8.685751207921102
290000000.0,11.829560952953631,-8.680593134862988,21.58573341399066,-8.427701806639794,11.829079257870134,-8.680634166567806,11.829079257870134,-8.680634166567806
295000000.0,11.681879805570171,-8.673031603978572,21.46545333723606,-8.520691775414418,11.681397686228987,-8.673073018043466,11.681397686228987,-8.673073018043466
300000000.0,11.536987686601272,-8.66316182854895,21.340365370091448,-8.630565906030201,11.536505145438642,-8.663203751347046,11.536505145438642,-8.663203751347046
305000000.0,11.39486590184136,-8.651114298279015,21.21668725794282,-8.69217415262222,11.394382870101257,-8.651156441912498,11.394382870101257,-8.651156441912498
310000000.0,11.255492244844406,-8.63701422240285,21.09229701263543,-8.800117112518835,11.25500879718317,-8.637056888406402,11.25500879718317,-8.637056888406402
315000000.0,11.118841361941088,-8.620981627785557,20.937644415129142,-8.846462964738878,11.118357211812635,-8.621024493819792,11.118357211812635,-8.621024493819792
320000000.0,10.984885093142669,-8.603131468701118,20.825394774654896,-8.931013597200847,10.98440056815658,-8.603174716129468,10.98440056815658,-8.603174716129468
325000000.0,10.853592789814957,-8.583573746275968,20.709940349774275,-9.02129584153694,10.853107879856955,-8.583617428560705,10.853107879856955,-8.583617428560705
330000000.0,10.724931610062923,-8.562413635783578,20.546697766896337,-9.062691585309427,10.72444594022297,-8.56245753171692,10.72444594022297,-8.56245753171692
335000000.0,10.59886679280626,-8.539751620159262,20.436158737921435,-9.177585339079284,10.598380806417348,-8.539796120241322,10.598380806417348,-8.539796120241322
340000000.0,10.475361911550777,-8.515683628276207,20.307746576713793,-9.211589890763761,10.474875373477046,-8.515728262168354,10.474875373477046,-8.515728262168354
345000000.0,10.354379108872282,-8.4903011766834,20.19299088650806,-9.28779711035902,10.353892168171079,-8.490346199711706,10.353892168171079,-8.490346199711706
350000000.0,10.235879312630423,-8.463691513654041,20.060022430087034,-9.34071287913579,10.235391819237593,-8.463736815498313,10.235391819237593,-8.463736815498313
355000000.0,10.119822434921605,-8.435937764529218,19.926770643169803,-9.41108350848066,10.119334411156391,-8.435983464931384,10.119334411156391,-8.435983464931384
360000000.0,10.006167554764232,-8.407119077466696,19.803718516498982,-9.451107872343126,10.005679020339942,-8.407164978573142,10.005679020339942,-8.407164978573142
365000000.0,9.894873085487351,-8.377310768819015,19.678073619446515,-9.522615972391003,9.89438406701765,-8.377357082412114,9.89438406701765,-8.377357082412114
370000000.0,9.785896927766837,-8.3465844674691,19.5980477934959,-9.571737404222375,9.785407681951233,-8.346630997062858,9.785407681951233,-8.346630997062858
375000000.0,9.67919660922228,-8.31500825754622,19.44532261700029,-9.649013201889767,9.678706710229534,-8.31505529042108,9.678706710229534,-8.31505529042108
380000000.0,9.574729411453877,-8.282646819030441,19.311246151900637,-9.671442145025754,9.574238901235661,-8.282693987859847,9.574238901235661,-8.282693987859847
385000000.0,9.472452485362734,-8.24956156583078,19.179164731777565,-9.725642830769736,9.47196141709654,-8.24960907709202,9.47196141709654,-8.24960907709202
390000000.0,9.372322955560497,-8.21581078099132,19.065408953732334,-9.74770264992301,9.371831401200982,-8.215858412373926,9.371831401200982,-8.215858412373926
395000000.0,9.274298014635999,-8.181449748741441,18.950120245565067,-9.807802841845602,9.273806011935957,-8.181497751893167,9.273806011935957,-8.181497751893167
400000000.0,9.178335008008048,-8.146530883161375,18.828682038037527,-9.847554068223676,9.17784248845318,-8.146579142634431,9.17784248845318,-8.146579142634431
405000000.0,9.08439151005489,-8.111103853283328,18.709503827006287,-9.923164311167138,9.083898530490405,-8.111152601724164,9.083898530490405,-8.111152601724164
410000000.0,8.99242539217283,-8.07521570449159,18.586981726319202,-9.956743054282313,8.991931875011641,-8.075264683188028,8.991931875011641,-8.075264683188028
415000000.0,8.902394883378953,-8.0389109761233,18.471596039662817,-9.979689724898494,8.901900858450114,-8.038960113649388,8.901900858450114,-8.038960113649388
420000000.0,8.814258624036544,-8.002231815204953,18.33418060699859,-9.998529901953733,8.813763942502181,-8.00228111735672,8.813763942502181,-8.00228111735672
425000000.0,8.727975713246211,-7.965218086288876,18.207847991686048,-10.05578618740401,8.727480489734207,-7.965267790486117,8.727480489734207,-7.965267790486117
430000000.0,8.643505750411641,-7.927907477379345,18.10815725533207,-10.081712734399343,8.643010114763973,-7.927957355774286,8.643010114763973,-7.927957355774286
435000000.0,8.560808871456008,-7.890335601959803,17.985989132716668,-10.111540650538297,8.56031268116973,-7.890385711038105,8.56031268116973,-7.890385711038105
440000000.0,8.479845780133626,-7.852536097151451,17.86931820439016,-10.139823463671926,8.479349065585236,-7.852586424846856,8.479349065585236,-7.852586424846856
445000000.0,8.400577774851344,-7.814540718049475,17.752944430925897,-10.166705919437248,8.40008053322488,-7.814591259183757,8.40008053322488,-7.814591259183757
450000000.0,8.322966771385726,-7.776379428296552,17.63968417437014,-10.187690781234787,8.322469012858226,-7.776430145363037,8.322469012858226,-7.776430145363037
455000000.0,8.246975321854874,-7.738080486964634,17.537577070541644,-10.210010088379287,8.246477116675754,-7.738131379764404,8.246477116675754,-7.738131379764404
460000000.0,8.172566630278194,-7.699670531825169,17.409136482689195,-10.23178889696934,8.17206780536544,-7.699721630125282,8.17206780536544,-7.699721630125282
465000000.0,8.099704565033157,-7.661174659095513,17.31184295664339,-10.268179380930205,8.099205333851568,-7.66122602563654,8.099205333851568,-7.66122602563654
470000000.0,8.028353668495354,-7.622616499755205,17.190063590525533,-10.276680262557967,8.0278538395675,-7.622667985332654,8.0278538395675,-7.622667985332654
475000000.0,7.958479164126733,-7.584018292530393,17.07314891843685,-10.279220570639517,7.957978759431095,-7.584069856342559,7.957978759431095,-7.584069856342559
480000000.0,7.8900469612567266,-7.545400953648111,16.967638539250213,-10.312547253953403,7.889546084606816,-7.545452784529384,7.889546084606816,-7.545452784529384
485000000.0,7.823023657782241,-7.5067841434644755,16.860412280028612,-10.343331397951516,7.822522292038078,-7.5068362297884645,7.822522292038078,-7.5068362297884645
490000000.0,7.757376540994814,-7.468186330072335,16.761147734098554,-10.350841858404646,7.756874709769021,-7.468238516191602,7.756874709769021,-7.468238516191602
495000000.0,7.693073586726776,-7.4296248499946005,16.654426778034683,-10.37283074722972,7.692571254208162,-7.4296772396736,7.692571254208162,-7.4296772396736
500000000.0,7.630083456992943,-7.391115966069417,16.535653079446977,-10.390677213955007,7.629580538107751,-7.391168547381307,7.629580538107751,-7.391168547381307
505000000.0,7.568375496290066,-7.352674922632898,16.436071990443754,-10.397362342476466,7.567872100429755,-7.352727606048566,7.567872100429755,-7.352727606048566
510000000.0,7.507919726702932,-7.314315998103936,16.324370771073692,-10.405132960848414,7.507415774034585,-7.314368805097517,7.507415774034585,-7.314368805097517
515000000.0,7.448686841953702,-7.2760525550742425,16.232835530119292,-10.421675009366098,7.448182468601026,-7.276105523908701,7.448182468601026,-7.276105523908701
520000000.0,7.3906482005195455,-7.237897088004877,16.135459974407983,-10.429445821940922,7.390143357222007,-7.237950170011233,7.390143357222007,-7.237950170011233
525000000.0,7.333775817933024,-7.199861268628452,16.036857623568373,-10.415798255450653,7.333270472950486,-7.199914328583163,7.333270472950486,-7.199914328583163
530000000.0,7.27804235836982,-7.161955989153886,15.925319985432253,-10.432650715852233,7.277536455653949,-7.16200923841048,7.277536455653949,-7.16200923841048
535000000.0,7.223421125619271,-7.124191403368009,15.806369930534334,-10.433588500448653,7.222914599065667,-7.124244747802261,7.222914599065667,-7.124244747802261
540000000.0,7.16988605352471,-7.086576965725705,15.711171577801068,-10.445026313823966,7.16937906402975,-7.086630451457512,7.16937906402975,-7.086630451457512
545000000.0,7.117411695972904,-7.049121468517496,15.624808680975596,-10.451685566485457,7.116904293364508,-7.0491750577811025,7.116904293364508,-7.0491750577811025
550000000.0,7.065973216504574,-7.011833077200646,15.536733985952184,-10.440160799220779,7.0654653699860415,-7.011886655676337,7.0654653699860415,-7.011886655676337
555000000.0,7.0155463776114235,-6.97471936397691,15.441093494978833,-10.449768001467742,7.015038055911946,-6.974773076704599,7.015038055911946,-6.974773076704599
560000000.0,6.966107529778985,-6.937787339697242,15.33051125816982,-10.448139301925043,6.96559862332979,-6.937841129220786,6.96559862332979,-6.937841129220786
565000000.0,6.917633600328909,-6.901043484170755,15.250280695185554,-10.444547214503789,6.917124301069453,-6.901097310602023,6.917124301069453,-6.901097310602023
570000000.0,6.870102082109206,-6.864493774952363,15.147670193984203,-10.452932948007165,6.8695922541412635,-6.864547737527307,6.8695922541412635,-6.864547737527307
575000000.0,6.823491022076142,-6.828143714680669,15.061745867376693,-10.436245543941174,6.822980747934294,-6.82819763699794,6.822980747934294,-6.82819763699794
580000000.0,6.777779009807152,-6.791998357034757,14.971426347022051,-10.438328117812778,6.777268276052435,-6.7920523654119185,6.777268276052435,-6.7920523654119185
585000000.0,6.732945165980075,-6.756062331375814,14.872331240799495,-10.435522299385147,6.732433909211085,-6.756116403008732,6.732433909211085,-6.756116403008732
590000000.0,6.6889691308504045,-6.720339866136743,14.773835994792156,-10.438159345399638,6.688457357647255,-6.720394036376333,6.688457357647255,-6.720394036376333
595000000.0,6.645831052754762,-6.684834811020221,14.691260679678042,-10.43277997332201,6.645318856688661,-6.684889014586911,6.645318856688661,-6.684889014586911
600000000.0,6.603511576665866,-6.64955065806313,14.598927680751695,-10.424025562809474,6.602998889624565,-6.649604882532105,6.602998889624565,-6.649604882532105
605000000.0,6.561991832821301,-6.614490561622643,14.522142338227432,-10.415836810370097,6.561478753810927,-6.614544797639738,6.561478753810927,-6.614544797639738
610000000.0,6.521253425445857,-6.579657357336913,14.454069165924807,-10.419479591337737,6.520740019170027,-6.5797116746004045,6.520740019170027,-6.5797116746004045
615000000.0,6.481278421584939,-6.545053580110838,14.3386887129884,-10.416502191804794,6.480764374288387,-6.545107977410563,6.480764374288387,-6.545107977410563
620000000.0,6.442049340064224,-6.510681481175117,14.264197463388843,-10.389613339731985,6.441534893665729,-6.510735769039982,6.441534893665729,-6.510735769039982
625000000.0,6.403549140588947,-6.476543044264613,14.184901552543737,-10.399736469312792,6.403034293951834,-6.47659746673265,6.403034293951834,-6.47659746673265
630000000.0,6.365761212994318,-6.44264000095986,14.086762080309652,-10.388985576330281,6.365245824527883,-6.442694439500078,6.365245824527883,-6.442694439500078
635000000.0,6.328669366656971,-6.4089738452335245,14.01669349345162,-10.378556584207612,6.328153616364502,-6.409028278562637,6.328153616364502,-6.409028278562637
640000000.0,6.2922578200758865,-6.375545847241667,13.945434860453794,-10.370830026856988,6.291741700797073,-6.3756002943447045,6.291741700797073,-6.3756002943447045
645000000.0,6.256511190629885,-6.342357066397697,13.8684076460172,-10.35262963584718,6.255994654592072,-6.3424114647558785,6.255994654592072,-6.3424114647558785
650000000.0,6.221414484517564,-6.3094083637652005,13.783177403056373,-10.349184345305947,6.220897489233671,-6.3094628159897015,6.220897489233671,-6.3094628159897015
655000000.0,6.186953086884478,-6.276700413803944,13.699873836701455,-10.33070137693014,6.186435630724498,-6.276754821256872,6.186435630724498,-6.276754821256872
660000000.0,6.15311275214134,-6.244233715501804,13.62338520943998,-10.315535639473312,6.152594880348632,-6.244288094289315,6.152594880348632,-6.244288094289315
665000000.0,6.119879594476179,-6.212008602923737,13.556020725259097,-10.2957042282064,6.119361360726917,-6.2120629156608365,6.119361360726917,-6.2120629156608365
670000000.0,6.087240078562518,-6.180025255207329,13.466725297761942,-10.300032499098252,6.086721359047713,-6.180079676302017,6.086721359047713,-6.180079676302017
675000000.0,6.0551810104649855,-6.148283706033122,13.400902186745956,-10.28716529336888,6.0546619415309255,-6.14833810539943,6.0546619415309255,-6.14833810539943
680000000.0,6.023689528743061,-6.116783852596378,13.324026397971396,-10.270201705836833,6.023170034107322,-6.116838212819126,6.023170034107322,-6.116838212819126
685000000.0,5.992753095753132,-6.085525464105772,13.2589689978559,-10.266961811764462,5.992233261392968,-6.08557986472533,5.992233261392968,-6.08557986472533
690000000.0,5.962359489148467,-6.054508189833083,13.189320238246022,-10.25683362296799,5.96183927838475,-6.054562590111405,5.96183927838475,-6.054562590111405
695000000.0,5.932496793576319,-6.023731566736875,13.104516240264221,-10.240150978121056,5.931976101735533,-6.023785936288688,5.931976101735533,-6.023785936288688
700000000.0,5.903153392570884,-5.993195026681945,13.0313859133749,-10.216157171146095,5.902632288136835,-5.9932493090599,5.902632288136835,-5.9932493090599
705000000.0,5.874317960640549,-5.962897903275204,12.966826881119784,-10.201381272823792,5.873796505001004,-5.962952151504384,5.873796505001004,-5.962952151504384
710000000.0,5.845979455547516,-5.932839438337695,12.898989834982025,-10.182291380829183,5.845457622831318,-5.932893627140966,5.845457622831318,-5.932893627140966
715000000.0,5.818127110777603,-5.903018788031354,12.826830867981167,-10.166876615221131,5.817604874598607,-5.90307294459277,5.817604874598607,-5.90307294459277
720000000.0,5.790750428197797,-5.8734350286582755,12.776541224348744,-10.162968607803677,5.790227937724623,-5.873489210674359,5.790227937724623,-5.873489210674359
725000000.0,5.763839170898944,-5.84408716214927,12.702272559108676,-10.149093735765726,5.76331626193921,-5.844141323565129,5.76331626193921,-5.844141323565129
730000000.0,5.7373833562207,-5.814974121257696,12.61477011412073,-10.124146490869556,5.736859933494931,-5.815028200410678,5.736859933494931,-5.815028200410678
735000000.0,5.711373248955862,-5.786094774473717,12.562970800502182,-10.108934038650997,5.710849549817411,-5.7861488071860325,5.710849549817411,-5.7861488071860325
740000000.0,5.685799354730884,-5.757447930673357,12.493557984937564,-10.104531929842707,5.685275272151081,-5.757502000280392,5.685275272151081,-5.757502000280392
745000000.0,5.660652413559449,-5.729032343516031,12.430542468312973,-10.080349060859257,5.660127972923473,-5.72908631710611,5.660127972923473,-5.72908631710611
750000000.0,5.635923393565767,-5.700846715603459,12.367251625978328,-10.055744482879767,5.635398591714277,-5.7009005906108285,5.635398591714277,-5.7009005906108285
755000000.0,5.6116034848742595,-5.6728897024123075,12.298675298951691,-10.045486795998826,5.611078297233793,-5.672943575593313,5.611078297233793,-5.672943575593313
760000000.0,5.587684093662201,-5.645159916012183,12.242878710543822,-10.021738686323445,5.587158591875627,-5.645213690469924,5.587158591875627,-5.645213690469924
765000000.0,5.564156836371891,-5.617655928580074,12.188326711111888,-9.99380997356303,5.563631024415371,-5.617709576272822,5.563631024415371,-5.617709576272822
770000000.0,5.541013534078864,-5.590376275721718,12.118093019159982,-9.977858939403145,5.540487318281604,-5.590429885718142,5.540487318281604,-5.590429885718142
775000000.0,5.518246207012668,-5.563319459609883,12.05613298623855,-9.963418769421997,5.517719641053747,-5.563373035474357,5.517719641053747,-5.563373035474357
780000000.0,5.495847069226712,-5.536483951949001,11.992799495232862,-9.925474277166023,5.495320126037474,-5.536537342420887,5.495320126037474,-5.536537342420887
785000000.0,5.473808523413706,-5.509868196775131,11.944071332509324,-9.925726444375526,5.473281324559505,-5.5099216383759195,5.473281324559505,-5.5099216383759195
790000000.0,5.4521231558632275,-5.48347061309976,11.874391752575699,-9.906164533435224,5.4515955502751,-5.483523992686368,5.4515955502751,-5.483523992686368
795000000.0,5.43078373155797,-5.4572895974055236,11.821788547318333,-9.879667191902064,5.430255823888585,-5.457342857573843,5.430255823888585,-5.457342857573843
800000000.0,5.409783189405256,-5.431323526001486,11.759216226462556,-9.867041573334959,5.4092549242492804,-5.431376763641875,5.4092549242492804,-5.431376763641875
805000000.0,5.389114637600445,-5.405570757245288,11.707853204172276,-9.848026632320051,5.38858608205027,-5.405623922804342,5.38858608205027,-5.405623922804342
810000000.0,5.3687713491188775,-5.380029633639011,11.647403887176033,-9.827651187748401,5.368242442524306,-5.380082724688743,5.368242442524306,-5.380082724688743
815000000.0,5.348746757333083,-5.354698483805339,11.584420291256407,-9.799731898685566,5.348217477098392,-5.354751453159099,5.348217477098392,-5.354751453159099
820000000.0,5.329034451751971,-5.329575624350197,11.539950410870906,-9.782997723620042,5.32850492489761,-5.329628531100473,5.32850492489761,-5.329628531100473
825000000.0,5.309628173878841,-5.304659361617786,11.477501158484717,-9.767216904735125,5.309098283867872,-5.3047122245601495,5.309098283867872,-5.3047122245601495
830000000.0,5.290521813185046,-5.279947993343573,11.427543193327233,-9.745399963077679,5.2899916358412815,-5.280000764414389,5.2899916358412815,-5.280000764414389
835000000.0,5.2717094031962155,-5.255439810210539,11.360115478716102,-9.703949071721555,5.271178810866328,-5.255492374478487,5.271178810866328,-5.255492374478487
840000000.0,5.253185117688026,-5.231133097313758,11.328586209937779,-9.690476404404574,5.252654361734348,-5.231185610448421,5.252654361734348,-5.231185610448421
845000000.0,5.234943266988532,-5.207026135538011,11.269189381497075,-9.665066055156037,5.234412157884413,-5.20707853972218,5.234412157884413,-5.20707853972218
850000000.0,5.21697829438415,-5.183117202853032,11.213254015981194,-9.648203717421588,5.216446859824927,-5.183169550819229,5.216446859824927,-5.183169550819229
855000000.0,5.19928477262644,-5.15940457553062,11.170162078548493,-9.62789112061301,5.198753092643576,-5.159456835824887,5.198753092643576,-5.159456835824887
860000000.0,5.181857400536905,-5.135886529287752,11.111091520664203,-9.611281823429263,5.1813253735657545,-5.135938736837626,5.1813253735657545,-5.135938736837626
865000000.0,5.164690999707073,-5.11256134035952,11.06295951467488,-9.578372160753739,5.164158684604228,-5.1126133818793935,5.164158684604228,-5.1126133818793935
870000000.0,5.147780511291193,-5.0894272865055905,11.019816908590341,-9.555077725769227,5.147247946382703,-5.089479220626808,5.147247946382703,-5.089479220626808
875000000.0,5.131120992888967,-5.066482647953656,10.97310557238412,-9.533307449562962,5.130588155491896,-5.066534486859221,5.130588155491896,-5.066534486859221
880000000.0,5.114707615515734,-5.04372570828319,10.914072347200836,-9.512476200725002,5.114174425878367,-5.043777466365721,5.114174425878367,-5.043777466365721
885000000.0,5.098535660657678,-5.021154755252634,10.87202106961946,-9.492098858390072,5.0980022284134785,-5.021206423595184,5.0980022284134785,-5.021206423595184
890000000.0,5.082600517409615,-4.998768081573014,10.81748143621129,-9.470272184520155,5.082066760120137,-4.998819659180869,5.082066760120137,-4.998819659180869
895000000.0,5.0668976796929925,-4.976563985630776,10.77046506248997,-9.452932162308272,5.06636364852971,-4.9766154962179,5.06636364852971,-4.9766154962179
900000000.0,5.051422743551852,-4.95454077216256,10.723831034030841,-9.423836451493514,5.050888432409367,-4.954592139202833,5.050888432409367,-4.954592139202833
905000000.0,5.036171404524456,-4.932696752884418,10.68446258377121,-9.398360253789587,5.0356368623456005,-4.932747994695623,5.0356368623456005,-4.932747994695623
910000000.0,5.02113945508847,-4.911030247077927,10.636601748060126,-9.377158956890188,5.0206046292577895,-4.9110813969356775,5.0206046292577895,-4.9110813969356775
915000000.0,5.00632278217752,-4.889539582135462,10.58239894689535,-9.359842038629965,5.005787633730557,-4.889590669280471,5.005787633730557,-4.889590669280471
920000000.0,4.991717364767108,-4.868223094066803,10.553754021031367,-9.341170192938304,4.991182057680564,-4.86827409231123,4.991182057680564,-4.86827409231123
925000000.0,4.977319271527856,-4.847079127969165,10.495486474740181,-9.309853787404142,4.976783605016387,-4.8471299752461325,4.976783605016387,-4.8471299752461325
930000000.0,4.963124658544137,-4.826106038462576,10.459068991727928,-9.28980704468662,4.962588781125811,-4.826156792839744,4.962588781125811,-4.826156792839744
935000000.0,4.949129767096189,-4.805302190092489,10.416497501441473,-9.270405563971973,4.948593638868484,-4.8053528597180915,4.948593638868484,-4.8053528597180915
940000000.0,4.93533092150388,-4.784665957701368,10.375606340980548,-9.244755673790374,4.934794548672738,-4.784716500830839,4.934794548672738,-4.784716500830839
945000000.0,4.921724527030314,-4.764195726770948,10.333271527291933,-9.229834693852794,4.9211879069363835,-4.764246213652108,4.9211879069363835,-4.764246213652108
950000000.0,4.908307067843559,-4.74388989373673,10.282917133032127,-9.204076926045365,4.907770140880979,-4.743940259373867,4.907770140880979,-4.743940259373867
955000000.0,4.895075105034775,-4.723746866276248,10.247496177998162,-9.171741023717749,4.8945379630381005,-4.723797057985548,4.8945379630381005,-4.723797057985548
960000000.0,4.882025274691136,-4.703765063572509,10.200063475152188,-9.151066078997621,4.88148784723235,-4.703815164640717,4.88148784723235,-4.703815164640717
965000000.0,4.869154286021907,-4.683942916553988,10.155261522438352,-9.13588719933808,4.86861659332057,-4.683992960607693,4.86861659332057,-4.683992960607693
970000000.0,4.85645891953616,-4.66427886811246,10.110154143056949,-9.108615486013747,4.855920951188381,-4.66432877691758,4.855920951188381,-4.66432877691758
975000000.0,4.843936025270609,-4.644771373299879,10.077088324958181,-9.092873191994348,4.843397866372643,-4.644821213342051,4.843397866372643,-4.644821213342051
980000000.0,4.831582521066097,-4.625418899505498,10.032492660357143,-9.060174630075668,4.831044085435661,-4.625468568496278,4.831044085435661,-4.625468568496278
985000000.0,4.8193953908913265,-4.606219926614285,9.991778218032605,-9.023907081563998,4.818856700891512,-4.6062693987557095,4.818856700891512,-4.6062693987557095
990000000.0,4.807371683212452,-4.5871729471477245,9.952880574529361,-9.01713348664862,4.806832769617445,-4.587222411862106,4.806832769617445,-4.587222411862106
995000000.0,4.795508509407195,-4.568276466387975,9.907721891948048,-8.99276389879592,4.79496931975285,-4.568325813781283,4.79496931975285,-4.568325813781283
1000000000.0,4.783803042222188,-4.5495290024863255,9.867762189264408,-8.986269324833184,4.7832636214160855,-4.549578344589052,4.7832636214160855,-4.549578344589052
1005000000.0,4.772252514272285,-4.5309290865568475,9.83975526586906,-8.951813932309369,4.77171292102794,-4.530978234563085,4.77171292102794,-4.530978234563085
1010000000.0,4.760854216580617,-4.5124752627560945,9.793161480724352,-8.929685008598282,4.760314338337498,-4.512524308340003,4.760314338337498,-4.512524308340003
1015000000.0,4.749605497158214,-4.494166088349645,9.761994749363103,-8.906798857342517,4.749065432845743,-4.494215016406948,4.749065432845743,-4.494215016406948
1020000000.0,4.738503759622034,-4.476000133766259,9.711801663841229,-8.898069648158803,4.737963394999932,-4.4760490480193225,4.737963394999932,-4.4760490480193225
1025000000.0,4.727546461850287,-4.457975982640377,9.675117843830398,-8.869779586544634,4.727005871285229,-4.4580247476716455,4.727005871285229,-4.4580247476716455
1030000000.0,4.716731114673967,-4.440092231843628,9.647994813632335,-8.837755558180271,4.716190357238342,-4.440140817174823,4.716190357238342,-4.440140817174823
1035000000.0,4.70605528060356,-4.422347491506032,9.608352827379317,-8.818881341234144,4.7055142835140495,-4.422395990095248,4.7055142835140495,-4.422395990095248
1040000000.0,4.69551657258988,-4.404740385027482,9.578866729719069,-8.791883187184967,4.694975395946286,-4.404788737630372,4.694975395946286,-4.404788737630372
1045000000.0,4.6851126528180735,-4.387269549080118,9.544118491168273,-8.783339039666664,4.684571274155438,-4.387317878270815,4.684571274155438,-4.387317878270815
1050000000.0,4.674841231533812,-4.369933633602133,9.501870112393739,-8.743097385387355,4.6742995816591995,-4.369981739078598,4.6742995816591995,-4.369981739078598
1055000000.0,4.664700065900765,-4.352731301783549,9.473126930772647,-8.71993234763451,4.664158242806715,-4.352779285118826,4.664158242806715,-4.352779285118826
1060000000.0,4.654686958888419,-4.33566123004446,9.433565405338392,-8.705658751262133,4.654144898044474,-4.335709155518878,4.654144898044474,-4.335709155518878
1065000000.0,4.644799758189419,-4.318722108006216,9.398365170048846,-8.686053929835591,4.644257484061946,-4.318769938192776,4.644257484061946,-4.318769938192776
1070000000.0,4.635036355165517,-4.301912638456002,9.360758585062372,-8.664823185481435,4.634493850868725,-4.301960364223048,4.634493850868725,-4.301960364223048
1075000000.0,4.625394683821378,-4.28523153730523,9.334264133677712,-8.637967965619394,4.624852017304618,-4.285279115054442,4.624852017304618,-4.285279115054442
1080000000.0,4.615872719805386,-4.268677533542172,9.30127785893491,-8.617079525473173,4.615329852638619,-4.268725005836732,4.615329852638619,-4.268725005836732
1085000000.0,4.606468479436705,-4.252249369179179,9.268941919138532,-8.59910237056602,4.605925417399694,-4.2522967542726455,4.605925417399694,-4.2522967542726455
1090000000.0,4.597180018757848,-4.235945799194892,9.23863472882593,-8.579310264116057,4.596636773533353,-4.235993083919369,4.596636773533353,-4.235993083919369
1095000000.0,4.588005432612009,-4.219765591471761,9.19564593851841,-8.562974705466136,4.587461924156844,-4.219812806055783,4.587461924156844,-4.219812806055783
1100000000.0,4.578942853744462,-4.203707526729207,9.173550075215413,-8.5249700310337,4.578399203090492,-4.203754517748758,4.578399203090492,-4.203754517748758
1105000000.0,4.569990451927344,-4.18777039845274,9.126712027163416,-8.503432280754462,4.569446509400678,-4.187817287871492,4.569446509400678,-4.187817287871492
1110000000.0,4.561146433107156,-4.17195301281933,9.092105930711456,-8.483337228481606,4.560602278406146,-4.171999802038723,4.560602278406146,-4.171999802038723
1115000000.0,4.5524090385743285,-4.156254188619285,9.069763842459105,-8.469654568777832,4.551864754711976,-4.156300911171365,4.551864754711976,-4.156300911171365
1120000000.0,4.543776544154249,-4.140672757174942,9.03903591216518,-8.447049818396698,4.543232071086737,-4.140719360584854,4.543232071086737,-4.140719360584854
1125000000.0,4.535247259419121,-4.1252075622563655,9.005909134468787,-8.422309536064803,4.534702580071948,-4.12525403410297,4.534702580071948,-4.12525403410297
1130000000.0,4.52681952692008,-4.109857459994354,8.975689713526902,-8.404718451688067,4.526274664342199,-4.109903844485206,4.526274664342199,-4.109903844485206
1135000000.0,4.518491721438998,-4.0946213187908995,8.950854740090643,-8.378330998436395,4.517946704647242,-4.094667555590587,4.517946704647242,-4.094667555590587
1140000000.0,4.510262249259416,-4.079498019227401,8.915384379888424,-8.363374369440287,4.509717016521024,-4.079544188713704,4.509717016521024,-4.079544188713704
1145000000.0,4.50212954745607,-4.064486453970744,8.88764382410435,-8.343407921284774,4.501584145324551,-4.064532518798599,4.501584145324551,-4.064532518798599
1150000000.0,4.494092083202497,-4.049585527677502,8.853074708334479,-8.31162614110238,4.493546459968061,-4.049631415698396,4.493546459968061,-4.049631415698396
1155000000.0,4.4861483530962065,-4.034794156896405,8.830223074318791,-8.299132527394715,4.485602596288246,-4.034839985184946,4.485602596288246,-4.034839985184946
1160000000.0,4.478296882500932,-4.020111269969247,8.799394948010644,-8.264854484946218,4.47775092676975,-4.020156902737911,4.47775092676975,-4.020156902737911
1165000000.0,4.4705362249054925,-4.005535806930408,8.77631808267932,-8.25177111183141,4.4699901333638925,-4.005581376041861,4.4699901333638925,-4.005581376041861
1170000000.0,4.462864961298789,-3.9910667194051177,8.7430259833248,-8.236803469177476,4.462318666596489,-3.991112218954943,4.462318666596489,-3.991112218954943
1175000000.0,4.455281699560508,-3.9767029705066292,8.715803013349234,-8.207722990836123,4.454735231880559,-3.9767483054656405,4.454735231880559,-3.9767483054656405
1180000000.0,4.4477850738670766,-3.962443534732411,8.692739198388793,-8.190824136743263,4.447238467464488,-3.9624887810251512,4.447238467464488,-3.9624887810251512
1185000000.0,4.440373744112469,-3.948287397859512,8.663809851234983,-8.16999856312259,4.439826958479124,-3.9483325336721924,4.439826958479124,-3.9483325336721924
1190000000.0,4.4330463953434425,-3.9342335568391933,8.637002035890218,-8.140071957114504,4.4324994383166185,-3.9342785219843424,4.4324994383166185,-3.9342785219843424
1195000000.0,4.425801737208804,-3.9202810196909548,8.614022519761999,-8.130042851300653,4.425254645714364,-3.9203259401006743,4.425254645714364,-3.9203259401006743
1200000000.0,4.41863850342234,-3.9064288053960663,8.587330898252928,-8.104869946847161,4.418091243884891,-3.906473585510599,4.418091243884891,-3.906473585510599
1205000000.0,4.4115554512390105,-3.8926759437906866,8.556292877844037,-8.074007671889472,4.411007991888716,-3.8927205494918105,4.411007991888716,-3.8927205494918105
1210000000.0,4.404551360944073,-3.8790214754586843,8.535708624696953,-8.05893957325294,4.404003778905423,-3.8790660020479426,4.404003778905423,-3.8790660020479426
1215000000.0,4.397625035354761,-3.8654644516242365,8.509007415712869,-8.040493344338794,4.397077288873732,-3.865508880997927,4.397077288873732,-3.865508880997927
1220000000.0,4.390775299334184,-3.852003934044293,8.490239953650105,-8.02612247276478,4.390227441973951,-3.852048287464836,4.390227441973951,-3.852048287464836
1225000000.0,4.38400099931713,-3.8386389949009927,8.464680160573877,-8.002894077800509,4.383452981569017,-3.8386832193063585,4.383452981569017,-3.8386832193063585
1230000000.0,4.37730100284742,-3.8253687166940824,8.451792569206463,-7.9845917415647385,4.376752909407957,-3.8254128359013815,4.376752909407957,-3.8254128359013815
1235000000.0,4.370674198126541,-3.812192192133443,8.42676711470678,-7.957625466286482,4.370125945090769,-3.812236157644226,4.370125945090769,-3.812236157644226
1240000000.0,4.36411949357321,-3.799108524031759,8.39936963299091,-7.948635209470371,4.363571076639762,-3.7991524532562715,4.363571076639762,-3.7991524532562715
1245000000.0,4.357635817393618,-3.7861168251973965,8.387673469707856,-7.929132125437447,4.357087331248514,-3.7861606404223838,4.357087331248514,-3.7861606404223838
1250000000.0,4.35122211716203,-3.773216218327571,8.370306787621562,-7.899106970528674,4.350673518498765,-3.7732598550093686,4.350673518498765,-3.7732598550093686
1255000000.0,4.344877359411502,-3.7604058359018224,8.33925093523819,-7.89018046683227,4.3443285727973615,-3.760449438691414,4.3443285727973615,-3.760449438691414
1260000000.0,4.338600529234401,-3.747684820075878,8.316551988246209,-7.871586754304681,4.338051602471477,-3.7477283212497707,4.338051602471477,-3.7477283212497707
1265000000.0,4.332390629892512,-3.735052322575931,8.289474090433464,-7.854400254452561,4.331841535428995,-3.7350957338274546,4.331841535428995,-3.7350957338274546
1270000000.0,4.326246682436442,-3.7225075045933895,8.270293321042825,-7.832497158551836,4.325697468197991,-3.722550790480412,4.325697468197991,-3.722550790480412
1275000000.0,4.3201677253340955,-3.7100495366801334,8.25096943668023,-7.827382729301726,4.319618400629494,-3.7100928056075784,4.319618400629494,-3.7100928056075784
1280000000.0,4.314152814107972,-3.697677598644306,8.22270414742635,-7.809628228620976,4.313603313238662,-3.6977207743985754,4.313603313238662,-3.6977207743985754
1285000000.0,4.308201020981059,-3.6853908794467087,8.196850523177158,-7.790218986029942,4.307651358368966,-3.6854339497526714,4.307651358368966,-3.6854339497526714
1290000000.0,4.302311434531085,-3.673188577097782,8.169551331310096,-7.765432876442811,4.301761597408882,-3.6732315080332567,4.301761597408882,-3.6732315080332567
1295000000.0,4.296483159352927,-3.66106989855525,8.148316324716323,-7.75135459204425,4.295933193317119,-3.6611127554210845,4.295933193317119,-3.6611127554210845
1300000000.0,4.29071531572894,-3.6490340596224273,8.128678578495515,-7.74019112495216,4.290165232739735,-3.649076860166211,4.290165232739735,-3.649076860166211
1305000000.0,4.285007039307031,-3.637080284847228,8.100415514056255,-7.712811948662713,4.284456773615958,-3.6371229295753373,4.284456773615958,-3.6371229295753373
1310000000.0,4.279357480786233,-3.6252078074218916,8.082942832048763,-7.710279084307696,4.278807117125872,-3.625250450026871,4.278807117125872,-3.625250450026871
1315000000.0,4.27376580560963,-3.613415869083458,8.052544213996914,-7.686617440736048,4.27321524749717,-3.613458380965978,4.27321524749717,-3.613458380965978
1320000000.0,4.2682311936644055,-3.601703720015005,8.043041679069228,-7.6673184051062515,4.267680578527294,-3.601746116495823,4.267680578527294,-3.601746116495823
1325000000.0,4.262752838988856,-3.590070618747663,8.01546519884977,-7.648927516006903,4.262202050588519,-3.590112916633426,4.262202050588519,-3.590112916633426
1330000000.0,4.257329949486173,-3.5785158320634416,7.988810587813981,-7.635474912879008,4.2567789966683485,-3.5785580625643316,4.2567789966683485,-3.5785580625643316
1335000000.0,4.251961746644821,-3.5670386348988474,7.97991103976205,-7.610768455908478,4.251410737032991,-3.567080714471438,4.251410737032991,-3.567080714471438
1340000000.0,4.246647465265361,-3.555638310249359,7.94953287519537,-7.58168271281978,4.246096257437755,-3.555680223660158,4.246096257437755,-3.555680223660158
1345000000.0,4.241386353193521,-3.5443141490747214,7.928499339090301,-7.5803854069167445,4.240835024292545,-3.5443560698394103,4.240835024292545,-3.5443560698394103
1350000000.0,4.236177671059389,-3.533065450205097,7.905368544679863,-7.551251679220361,4.235626190485627,-3.5331071999001686,4.235626190485627,-3.5331071999001686
1355000000.0,4.231020692022543,-3.5218915202480843,7.885003814115732,-7.53473467613302,4.230469085192197,-3.521933178512506,4.230469085192197,-3.521933178512506
1360000000.0,4.225914701522988,-3.510791673496595,7.861723425283131,-7.512896246363154,4.225362946281291,-3.510833207695524,4.225362946281291,-3.510833207695524
1365000000.0,4.220858997037738,-3.499765231837626,7.849828766432337,-7.497164764403312,4.22030717043743,-3.499806674348768,4.22030717043743,-3.499806674348768
1370000000.0,4.2158528878429165,-3.488811524661895,7.829886336834959,-7.464078390774333,4.21530092727392,-3.488852768369448,4.21530092727392,-3.488852768369448
1375000000.0,4.210895694781209,-3.4779298887743795,7.807470735761551,-7.452556379284429,4.210343597361114,-3.4779710741914824,4.210343597361114,-3.4779710741914824
1380000000.0,4.2059867500345725,-3.4671196683057506,7.792034887121305,-7.43532821318716,4.205434557184642,-3.4671607542936855,4.205434557184642,-3.4671607542936855
1385000000.0,4.2011253969020235,-3.456380214624692,7.77037544169916,-7.416250392517626,4.200573067256457,-3.456421192975849,4.200573067256457,-3.456421192975849
1390000000.0,4.196310989582421,-3.4457108862511383,7.751506174399907,-7.3955936640139885,4.195758540071089,-3.4457517450065023,4.195758540071089,-3.4457517450065023
1395000000.0,4.191542892962081,-3.435111048770395,7.729690092838281,-7.383959861128207,4.190990309991239,-3.4351518478278185,4.190990309991239,-3.4351518478278185
1400000000.0,4.186820482407144,-3.4245800747481856,7.713786777921217,-7.359721134206715,4.186267796315503,-3.4246207291576494,4.186267796315503,-3.4246207291576494
1405000000.0,4.182143143560525,-3.4141173436465837,7.6923134154609585,-7.344095770188899,4.181590323596205,-3.414157912263369,4.181590323596205,-3.414157912263369
1410000000.0,4.177510272143386,-3.4037222417408595,7.6760744159802385,-7.326973829106975,4.176957351042322,-3.4037627116506055,4.176957351042322,-3.4037627116506055
1415000000.0,4.172921273760977,-3.3933941620372337,7.65773558695176,-7.309227167070069,4.172368237512808,-3.3934345304209437,4.172368237512808,-3.3934345304209437
1420000000.0,4.168375563712768,-3.3831325041915252,7.642762948135212,-7.296520795324618,4.167822436998406,-3.3831728014171785,4.167822436998406,-3.3831728014171785
1425000000.0,4.16387256680674,-3.37293667442871,7.624942625793656,-7.273666957952653,4.16331932498976,-3.3729768367463007,4.16331932498976,-3.3729768367463007
1430000000.0,4.159411717177753,-3.362806085463369,7.608268378883445,-7.257143433501245,4.158858371417791,-3.36284615291195,4.158858371417791,-3.36284615291195
1435000000.0,4.154992458109888,-3.3527401564210466,7.593533611597189,-7.240259028791604,4.154439020600166,-3.3527801254209764,4.154439020600166,-3.3527801254209764
1440000000.0,4.150614241862645,-3.342738312760485,7.566024535871433,-7.218587519396818,4.150060627264857,-3.3427781601910938,4.150060627264857,-3.3427781601910938
1445000000.0,4.14627652950094,-3.332799986196766,7.557043873530735,-7.201774581318584,4.145722860099522,-3.3328397319906475,4.145722860099522,-3.3328397319906475
1450000000.0,4.141978790728775,-3.322924614625325,7.536640347578514,-7.183979906249993,4.141424992230422,-3.3229642593675486,4.141424992230422,-3.3229642593675486
1455000000.0,4.137720503726504,-3.3131116420468545,7.516673960626493,-7.166174202564854,4.137166578862397,-3.3131511853340867,4.137166578862397,-3.3131511853340867
1460000000.0,4.13350115499162,-3.303360518493084,7.499228929533577,-7.148466561233182,4.13294711998583,-3.3033999593532895,4.13294711998583,-3.3033999593532895
1465000000.0,4.129320239182953,-3.29367069995343,7.487169851334125,-7.135390844825677,4.128766131482415,-3.2937100648733297,4.128766131482415,-3.2937100648733297
1470000000.0,4.125177258968219,-3.2840416483025106,7.468320826013445,-7.117648231603501,4.124623031897267,-3.284080911299581,4.124623031897267,-3.284080911299581
1475000000.0,4.121071724874829,-3.27447283122853,7.444336380908996,-7.099582761895949,4.12051734508442,-3.2745119932961884,4.12051734508442,-3.2745119932961884
1480000000.0,4.117003155143883,-3.264963722162509,7.436910479905853,-7.077967901543515,4.1164487270373264,-3.2650027502680827,4.1164487270373264,-3.2650027502680827
1485000000.0,4.112971075587264,-3.2555138002083743,7.411185282097133,-7.057660222238715,4.112416482036413,-3.255552713906249,4.112416482036413,-3.255552713906249
1490000000.0,4.1089750194477785,-3.2461225500738817,7.392466585340653,-7.0420771444113095,4.108420308391929,-3.2461613754384824,4.108420308391929,-3.2461613754384824
1495000000.0,4.105014527262249,-3.236789462002386,7.382562373210216,-7.0218640299433766,4.104459752538035,-3.236828163777166,4.104459752538035,-3.236828163777166
1500000000.0,4.101089146727494,-3.2275140317054354,7.356437216800041,-7.017567644722976,4.100534213566863,-3.2275527222099174,4.100534213566863,-3.2275527222099174
1505000000.0,4.097198432569148,-3.218295760296192,7.34949374532306,-6.993976478689023,4.096643452598651,-3.218334303549307,4.096643452598651,-3.218334303549307
1510000000.0,4.093341946413213,-3.2091341542236687,7.3287051640443135,-6.9830656190689515,4.092786838177636,-3.2091726402501735,4.092786838177636,-3.2091726402501735
1515000000.0,4.0895192566603225,-3.200028725207778,7.312333607999071,-6.955314716942773,4.088964038234016,-3.2000670428670026,4.088964038234016,-3.2000670428670026
1520000000.0,4.0857299383626176,-3.1909789901751813,7.300806650879367,-6.945118337114773,4.085174651585379,-3.191017249423452,4.085174651585379,-3.191017249423452
1525000000.0,4.0819735731032,-3.1819844711959355,7.2770176140367075,-6.928009270717381,4.081418134770457,-3.182022634991469,4.081418134770457,-3.182022634991469
1530000000.0,4.0782497488780844,-3.173044695420928,7.260680015681947,-6.912002482893513,4.077694207548579,-3.173082766248026,4.077694207548579,-3.173082766248026
1535000000.0,4.074558059980599,-3.16415919502009,7.248276129319405,-6.884576605646355,4.074002433903348,-3.1641970969696644,4.074002433903348,-3.1641970969696644
1540000000.0,4.070898106888182,-3.1553275071213878,7.233157809094312,-6.87375651967281,4.07034238870284,-3.1553653486150224,4.07034238870284,-3.1553653486150224
1545000000.0,4.067269496151505,-3.146549173750577,7.217532087445583,-6.857150981349114,4.066713678984447,-3.146586917836271,4.066713678984447,-3.146586917836271
1550000000.0,4.063671840285884,-3.1378237417717143,7.212546291120669,-6.833776517397969,4.0631159883408445,-3.1378613383321445,4.0631159883408445,-3.1378613383321445
1555000000.0,4.060104757664912,-3.129150762828424,7.181670868194933,-6.820379358371762,4.059548710525327,-3.1291882918825813,4.059548710525327,-3.1291882918825813
1560000000.0,4.056567872416278,-3.1205297932858995,7.171228114240973,-6.793630514881652,4.0560117531917,-3.1205671564104436,4.0560117531917,-3.1205671564104436
1565000000.0,4.0530608143197036,-3.1119603941736496,7.156213256105047,-6.781621379303063,4.052504602616647,-3.1119976888688186,4.052504602616647,-3.1119976888688186
1570000000.0,4.04958321870696,-3.1034421311289653,7.149875556508256,-6.756658041724982,4.0490269622438095,-3.103479268743565,4.0490269622438095,-3.103479268743565
1575000000.0,4.0461347263639205,-3.0949745743411086,7.133872493852599,-6.738930246812671,4.045578367421441,-3.095011607296048,4.045578367421441,-3.095011607296048
1580000000.0,4.042714983434593,-3.0865572984962113,7.108682788371715,-6.731700354376416,4.042158469416595,-3.086594299858834,4.042158469416595,-3.086594299858834
1585000000.0,4.039323641327084,-3.0781898827228793,7.098252858662565,-6.712109040938399,4.038767059378914,-3.078226763927758,4.038767059378914,-3.078226763927758
1590000000.0,4.035960356621478,-3.0698719105384966,7.078616777887966,-6.698836244635916,4.035403651442587,-3.0699087178024467,4.035403651442587,-3.0699087178024467
1595000000.0,4.032624790979544,-3.061602969796205,7.063028724373698,-6.682387097651219,4.032067986560527,-3.0616396801779238,4.032067986560527,-3.0616396801779238
1600000000.0,4.029316611056273,-3.05338265263258,7.049624901227832,-6.671737857639846,4.028759724938568,-3.053419301989561,4.028759724938568,-3.053419301989561
1605000000.0,4.02603548841317,-3.04521055541597,7.042387353520218,-6.649663935442933,4.025478553100283,-3.045247066533734,4.025478553100283,-3.045247066533734
1610000000.0,4.022781099433283,-3.0370862786955,7.01820097900899,-6.638163165203718,4.0222240125565,-3.0371227298782753,4.0222240125565,-3.0371227298782753
1615000000.0,4.019553125237925,-3.0290094271507373,7.015037349680458,-6.6184938523614925,4.018996016682466,-3.029045752944538,4.018996016682466,-3.029045752944538
1620000000.0,4.016351251605039,-3.0209796095420023,7.000349042933713,-6.601802428754781,4.015794049157169,-3.021015836135911,4.015794049157169,-3.021015836135911
1625000000.0,4.0131751688891875,-3.0129964386613253,6.977043252996121,-6.57454693313447,4.012617810660401,-3.013032503565421,4.012617810660401,-3.013032503565421
1630000000.0,4.01002457194312,-3.00505953128403,6.962448961354896,-6.573094312470749,4.00946712974694,-3.0050955946302866,4.00946712974694,-3.0050955946302866
1635000000.0,4.0068991600408825,-2.9971685081209514,6.9558757844356816,-6.556094386273556,4.006341675688101,-2.997204465159836,4.006341675688101,-2.997204465159836
1640000000.0,4.003798636802444,-2.98932299377127,6.947249878970727,-6.529292344158596,4.0032410909762906,-2.98935878283129,4.0032410909762906,-2.98935878283129
1645000000.0,4.000722710119788,-2.9815226166759516,6.938096590794902,-6.525525191173635,4.000165113683974,-2.981558385838196,4.000165113683974,-2.981558385838196
1650000000.0,3.9976710920844645,-2.9737670090718007,6.91705118833572,-6.510061356458625,3.9971133614185397,-2.97380269062594,3.9971133614185397,-2.97380269062594
1655000000.0,3.9946434989165405,-2.966055806946101,6.904998643423101,-6.488147789063618,3.9940856876703292,-2.9660913539086233,3.9940856876703292,-2.9660913539086233
1660000000.0,3.991639650894942,-2.9583886499918526,6.895824739117249,-6.482222859088716,3.991081787409523,-2.958424163096723,3.991081787409523,-2.958424163096723
1665000000.0,3.988659272289143,-2.950765181563581,6.880367960892796,-6.463352373148746,3.988101308174708,-2.95080058163391,3.988101308174708,-2.95080058163391
1670000000.0,3.985702091292176,-2.943185048633735,6.871175931302073,-6.449699376826791,3.985144069923793,-2.94322036520913,3.985144069923793,-2.94322036520913
1675000000.0,3.9827678399549375,-2.935647901749636,6.859101645147939,-6.4359488147075385,3.9822097427377035,-2.935683135959031,3.9822097427377035,-2.935683135959031
1680000000.0,3.979856254121759,-2.9281533949909955,6.849571329924605,-6.423248553190653,3.9792980979789485,-2.9281885519508943,3.9792980979789485,-2.9281885519508943
1685000000.0,3.9769670733672124,-2.920701185927986,6.841653218543881,-6.406085098140109,3.976408865809708,-2.9207362359676257,3.976408865809708,-2.9207362359676257
1690000000.0,3.9741000409341316,-2.913290935579853,6.827414354273237,-6.387496303849329,3.9735417404810587,-2.913325873472357,3.9735417404810587,-2.913325873472357
1695000000.0,3.971254903672811,-2.905922308374072,6.816692891795119,-6.3756589690599474,3.970696537053323,-2.9059571751831736,3.970696537053323,-2.9059571751831736
1700000000.0,3.96843141198137,-2.8985949721060273,6.805373311735992,-6.357793900880874,3.967872971543146,-2.8986297295222325,3.967872971543146,-2.8986297295222325
1705000000.0,3.9656293197472507,-2.8913085978992283,6.79199581272224,-6.339381124430684,3.9650707919045,-2.891343243675178,3.9650707919045,-2.891343243675178
1710000000.0,3.962848384289821,-2.8840628601660323,6.786674033266864,-6.326130904503519,3.9622898238711413,-2.8840974223064073,3.9622898238711413,-2.8840974223064073
1715000000.0,3.960088366304067,-2.8768574365688866,6.768191584418297,-6.308663944369196,3.959529686260409,-2.8768918962838206,3.959529686260409,-2.8768918962838206
1720000000.0,3.9573490298053517,-2.8696920079820702,6.766628037603047,-6.295188815606974,3.956790341033386,-2.869726380181455,3.956790341033386,-2.869726380181455
1725000000.0,3.954630142075207,-2.8625662584539393,6.757948094336973,-6.276893022763914,3.9540713958782145,-2.8626005166834263,3.9540713958782145,-2.8626005166834263
1730000000.0,3.9519314736081492,-2.8554798751696566,6.74340839513318,-6.259624824516836,3.9513726330358407,-2.855514029695049,3.9513726330358407,-2.855514029695049
1735000000.0,3.949252798059489,-2.8484325484144097,6.741912879039812,-6.235732585471966,3.9486939424220027,-2.8484665485011784,3.9486939424220027,-2.8484665485011784
1740000000.0,3.946593892194119,-2.841423971537112,6.726125830056496,-6.23052923706868,3.9460349417661402,-2.841457945962065,3.9460349417661402,-2.841457945962065
1745000000.0,3.943954535836252,-2.834453840914568,6.7238376377769224,-6.2144105991927985,3.9433955701153596,-2.834487711130829,3.9433955701153596,-2.834487711130829
1750000000.0,3.9413345118201004,-2.827521855916111,6.713677233313236,-6.202445554547005,3.9407754829721235,-2.827555653512807,3.9407754829721235,-2.827555653512807
1755000000.0,3.9387336059414677,-2.8206277188686966,6.7034654949680315,-6.193890941283279,3.9381745157725754,-2.820661465701473,3.9381745157725754,-2.820661465701473
1760000000.0,3.936151606910232,-2.8137711350224524,6.689181845416463,-6.181061732107443,3.9355924265644995,-2.813804806268343,3.9355924265644995,-2.813804806268343
1765000000.0,3.9335883063037165,-2.8069518125166737,6.68240330298271,-6.16950978703,3.9330290846434655,-2.806985411546511,3.9330290846434655,-2.806985411546511
1770000000.0,3.93104349852091,-2.8001694623462625,6.684546072196487,-6.1568507555651975,3.9304842919774394,-2.8002029763221046,3.9304842919774394,-2.8002029763221046
1775000000.0,3.9285169807375366,-2.7934237983286,6.667471753788693,-6.1483311995897,3.9279576687607807,-2.793457266047971,3.9279576687607807,-2.793457266047971
1780000000.0,3.9260085528619397,-2.7867145370708535,6.662382561695674,-6.148536910575877,3.9254492178094167,-2.78674800678016,3.9254492178094167,-2.78674800678016
1785000000.0,3.923518017491783,-2.7800413979376972,6.653796362030921,-6.1303622136136475,3.9229586251635884,-2.7800747540011144,3.9229586251635884,-2.7800747540011144
1790000000.0,3.921045179871536,-2.773404103019466,6.640499700466617,-6.118849012894708,3.9204857042873864,-2.7734373911367283,3.9204857042873864,-2.7734373911367283
1795000000.0,3.91858984785073,-2.7668023771007104,6.635275505027186,-6.107359747077565,3.918030340741861,-2.7668355922300947,3.918030340741861,-2.7668355922300947
1800000000.0,3.916151831842985,-2.7602359476291616,6.6199731121907135,-6.0994975414902015,3.9155922308802356,-2.7602691194517943,3.9155922308802356,-2.7602691194517943
1805000000.0,3.913730944785761,-2.753704544685101,6.605112431049123,-6.08643157782965,3.9131712494389017,-2.753737639525468,3.9131712494389017,-2.753737639525468
1810000000.0,3.9113270021008533,-2.747207900951124,6.596030934897765,-6.078101143451717,3.9107672524076675,-2.7472409454472424,3.9107672524076675,-2.7472409454472424
1815000000.0,3.908939821655589,-2.740745751682292,6.592491715161563,-6.067097897685143,3.9083800514074074,-2.740778725129124,3.9083800514074074,-2.740778725129124
1820000000.0,3.906569223724725,-2.7343178346766748,6.578866835859281,-6.056498645885624,3.9060093684805595,-2.7343507460904752,3.9060093684805595,-2.7343507460904752
1825000000.0,3.9042150309530337,-2.7279238902462715,6.574304436254088,-6.03841974061226,3.903655143985735,-2.7279566858447897,3.903655143985735,-2.7279566858447897
1830000000.0,3.901877068318549,-2.7215636611883034,6.559570838467991,-6.037653183304969,3.9013170954788405,-2.721596458458884,3.9013170954788405,-2.721596458458884
1835000000.0,3.8995551630964798,-2.7152368927568795,6.547829982274298,-6.029458832292665,3.898995118772139,-2.7152696421338183,3.898995118772139,-2.7152696421338183
1840000000.0,3.897249144823758,-2.7089433326350285,6.536001234841304,-6.017459785703692,3.8966890259866465,-2.708976009753584,3.8966890259866465,-2.708976009753584
1845000000.0,3.8949588452642208,-2.7026827309070893,6.522024065919035,-6.0075264307076495,3.894398639426511,-2.702715350358186,3.894398639426511,-2.702715350358186
1850000000.0,3.8926840983744104,-2.6964548400314534,6.519060095130016,-5.990735455591121,3.8921238717268527,-2.6964873507937135,3.8921238717268527,-2.6964873507937135
1855000000.0,3.8904247402699754,-2.6902594148136605,6.505281094828436,-5.98388431200913,3.8898644297996667,-2.690291887500432,3.8898644297996667,-2.690291887500432
1860000000.0,3.8881806091926707,-2.6840962123798437,6.500657964447811,-5.96775151285495,3.887620267623081,-2.684128581606768,3.887620267623081,-2.684128581606768
1865000000.0,3.8859515454779325,-2.6779649921505073,6.481056784930759,-5.954579786795502,3.885391078665226,-2.6779972864721944,3.885391078665226,-2.6779972864721944
1870000000.0,3.8837373915230278,-2.6718655158146407,6.467966758134122,-5.947739251347902,3.8831768452200546,-2.6718977716084287,3.8831768452200546,-2.6718977716084287
1875000000.0,3.88153799175576,-2.665797547304176,6.456732104758224,-5.9338745686508005,3.8809773733351767,-2.6658297183523625,3.8809773733351767,-2.6658297183523625
1880000000.0,3.8793531926037215,-2.659760852768755,6.450200677834638,-5.9172776259181274,3.878792530415357,-2.6597929185430975,3.878792530415357,-2.6597929185430975
1885000000.0,3.877182842464085,-2.6537552005508336,6.439459998123999,-5.907015536046485,3.87662211356182,-2.6537872043074886,3.87662211356182,-2.6537872043074886
1890000000.0,3.875026791673915,-2.6477803611610917,6.4226536897572455,-5.90831039207573,3.8744659645461432,-2.6478123807883494,3.8744659645461432,-2.6478123807883494
1895000000.0,3.8728848924810038,-2.64183610725417,6.425276883698377,-5.880635938038969,3.872324073051333,-2.641867944726418,3.872324073051333,-2.641867944726418
1900000000.0,3.870756999015203,-2.6359222136047027,6.405572877282365,-5.875647994358109,3.870196058753832,-2.635954028523865,3.870196058753832,-2.635954028523865
1905000000.0,3.868642967260258,-2.6300384570836624,6.404875326737316,-5.8725215646189515,3.868082029066088,-2.63007024918658,3.868082029066088,-2.63007024918658
1910000000.0,3.8665426550261257,-2.6241846166350067,6.394054065227518,-5.855546442451074,3.8659816451476234,-2.6242163036607358,3.8659816451476234,-2.6242163036607358
1915000000.0,3.864455921921766,-2.6183604732526202,6.391107268147417,-5.83414951688801,3.8638948879057,-2.61839202181224,3.8638948879057,-2.61839202181224
1920000000.0,3.8623826293284047,-2.612565809957545,6.377460985203192,-5.830173145922946,3.8618215138279792,-2.6125973384895316,3.8618215138279792,-2.6125973384895316
1925000000.0,3.860322640373251,-2.606800411775507,6.36066031400409,-5.813623554591552,3.859761415079268,-2.606831841767981,3.859761415079268,-2.606831841767981
1930000000.0,3.858275819903666,-2.601064065714721,6.353750840041415,-5.795846195528597,3.857714547320771,-2.601095382947738,3.857714547320771,-2.601095382947738
1935000000.0,3.8562420344617716,-2.5953565607439795,6.354422394757846,-5.788994243819686,3.8556807701254954,-2.595387830233077,3.8556807701254954,-2.595387830233077
1940000000.0,3.8542211522594894,-2.589677687771018,6.338383146128587,-5.7787236721807504,3.853659786962418,-2.589708898401696,3.853659786962418,-2.589708898401696
1945000000.0,3.8522130431540047,-2.584027239621155,6.329882061910918,-5.767377580708383,3.851651624431239,-2.5840583796251506,3.851651624431239,-2.5840583796251506
1950000000.0,3.8502175786236474,-2.5784050110161942,6.316652170613118,-5.752049172414032,3.849656073613913,-2.5784360579454977,3.849656073613913,-2.5784360579454977
1955000000.0,3.8482346317441776,-2.5728107985536033,6.306340653057964,-5.7356868336114175,3.8476730584278744,-2.572841743905959,3.8476730584278744,-2.572841743905959
1960000000.0,3.846264077165472,-2.567244400685946,6.3051155165158645,-5.728733332127367,3.845702499725183,-2.5672752987565093,3.845702499725183,-2.5672752987565093
1965000000.0,3.844305791088601,-2.5617056177005777,6.289385051509409,-5.712545644328032,3.8437441107245602,-2.5617364187933087,3.8437441107245602,-2.5617364187933087
1970000000.0,3.842359651243299,-2.5561942516995932,6.283872195431005,-5.698686301054235,3.84179793478871,-2.5562249640792216,3.84179793478871,-2.5562249640792216
1975000000.0,3.8404255368657934,-2.550710106580023,6.2764120027601615,-5.688723352524364,3.839863774366173,-2.55074075640923,3.839863774366173,-2.55074075640923
1980000000.0,3.8385033286770267,-2.5452529880142896,6.268004045240842,-5.673431932574639,3.8379415105785406,-2.545283541821994,3.8379415105785406,-2.545283541821994
1985000000.0,3.836592908861224,-2.539822703430892,6.2589939127728735,-5.662277368685666,3.8360310339768646,-2.539853188046695,3.8360310339768646,-2.539853188046695
1990000000.0,3.8346941610448257,-2.534419061995343,6.24223874467961,-5.6458621314002535,3.834132176425841,-2.534449448829034,3.834132176425841,-2.534449448829034
1995000000.0,3.8328069702757657,-2.5290418745913383,6.240839001730696,-5.63190045080902,3.832244975614123,-2.5290721693117364,3.832244975614123,-2.5290721693117364
2000000000.0,3.830931223003098,-2.5236909538021672,6.2324038564826765,-5.6249550171348845,3.8303691778996187,-2.5237212058118965,3.8303691778996187,-2.5237212058118965
2005000000.0,3.829066807056952,-2.5183661138923465,6.227926244796602,-5.612360813616878,3.8285047330812465,-2.518396284493279,3.8285047330812465,-2.518396284493279
2010000000.0,3.827213611628825,-2.513067170789487,6.213028631917584,-5.601191703945517,3.8266514431116145,-2.5130972758929433,3.8266514431116145,-2.5130972758929433
2015000000.0,3.825371527252196,-2.507793942066384,6.209575677734699,-5.585553352279991,3.8248093343510003,-2.507823945620956,3.8248093343510003,-2.507823945620956
2020000000.0,3.82354044578346,-2.502546246923333,6.194774802872198,-5.570114187176926,3.8229781561238503,-2.502576157640696,3.8229781561238503,-2.502576157640696
2025000000.0,3.821720260383166,-2.497323906170659,6.192409705338008,-5.557528615833549,3.821157955211277,-2.497353734098462,3.821157955211277,-2.497353734098462
2030000000.0,3.8199108654975773,-2.4921267422114677,6.188513599079105,-5.552284213668404,3.819348539848437,-2.4921565352062007,3.819348539848437,-2.4921565352062007
2035000000.0,3.8181121568405163,-2.4869545790246033,6.175177435582172,-5.536491599236155,3.817549743468121,-2.4869842759438963,3.817549743468121,-2.4869842759438963
2040000000.0,3.8163240313755127,-2.4818072421478234,6.16683340303625,-5.52877567111582,3.81576156745043,-2.481836891254128,3.81576156745043,-2.481836891254128
2045000000.0,3.814546387298243,-2.476684558661177,6.158721902109052,-5.5118880341728715,3.813983868232575,-2.476714101251248,3.813983868232575,-2.476714101251248
2050000000.0,3.812779124019248,-2.4715863571705867,6.155923388927627,-5.5039652187596655,3.8122165896093363,-2.4716158469346725,3.8122165896093363,-2.4716158469346725
2055000000.0,3.8110221421469377,-2.4665124677916346,6.144144819012224,-5.4916887681610245,3.8104595321824264,-2.4665418828727654,3.8104595321824264,-2.4665418828727654
2060000000.0,3.8092753434708597,-2.461462722133548,6.1363092974919455,-5.479899514115389,3.8087126834122764,-2.4614920630238615,3.8087126834122764,-2.4614920630238615
2065000000.0,3.807538630945249,-2.4564369532833785,6.1298631761337585,-5.465656439428054,3.806975928001879,-2.4564662033997546,3.806975928001879,-2.4564662033997546
2070000000.0,3.805811908672832,-2.4514349957903763,6.1238300226973665,-5.453814910367903,3.8052491670419424,-2.4514641701671516,3.8052491670419424,-2.4514641701671516
2075000000.0,3.804095081888895,-2.446456685650557,6.115824445714939,-5.444671711615144,3.8035322907599323,-2.4464858027971843,3.8035322907599323,-2.4464858027971843
2080000000.0,3.802388056945606,-2.441501860291452,6.107662929438156,-5.433091663520319,3.8018252136798436,-2.4415309047605676,3.8018252136798436,-2.4415309047605676
2085000000.0,3.800690741296587,-2.436570358557052,6.101905298719954,-5.4256885429561,3.800127863981894,-2.436599355373036,3.800127863981894,-2.436599355373036
2090000000.0,3.799003043481731,-2.431662020692928,6.091277751836824,-5.415036698293298,3.7984400988776446,-2.4316909523721506,3.7984400988776446,-2.4316909523721506
2095000000.0,3.7973248731122617,-2.426776688331534,6.087185894872457,-5.40435533972189,3.796761902849687,-2.42680555032004,3.796761902849687,-2.42680555032004
2100000000.0,3.795656140856027,-2.4219142044776913,6.082466666058384,-5.390676794494562,3.7950931389034483,-2.4219429780697515,3.7950931389034483,-2.4219429780697515
2105000000.0,3.79399675842303,-2.417074413494247,6.072697912935763,-5.381478352517085,3.7934336955610792,-2.4171031306210957,3.7934336955610792,-2.4171031306210957
2110000000.0,3.7923466385511837,-2.4122571610879033,6.063281932189607,-5.372807240187401,3.791783517361719,-2.4122858248645285,3.791783517361719,-2.4122858248645285
2115000000.0,3.7907056949922904,-2.4074622942952226,6.057808067357544,-5.362775129123389,3.790142539670057,-2.40749089339835,3.790142539670057,-2.40749089339835
2120000000.0,3.7890738424982455,-2.402689661468802,6.047566711651059,-5.3519023959980565,3.7885106220727867,-2.4027181937250885,3.7885106220727867,-2.4027181937250885
2125000000.0,3.7874509968074537,-2.3979391122636082,6.036187999883172,-5.340340512100979,3.7868877035543687,-2.3979675740377,3.7868877035543687,-2.3979675740377
2130000000.0,3.7858370746314587,-2.3932104976234836,6.029096514430791,-5.329772733292846,3.7852737365114795,-2.393238892371913,3.7852737365114795,-2.393238892371913
2135000000.0,3.7842319936417814,-2.3885036697678124,6.023458163312654,-5.320596697122217,3.7836686208222634,-2.3885320053725763,3.7836686208222634,-2.3885320053725763
2140000000.0,3.7826356724569647,-2.3838184821783437,6.0160095765612684,-5.310011171732222,3.782072252439209,-2.3838467508663364,3.782072252439209,-2.3838467508663364
2145000000.0,3.781048030629818,-2.3791547895861793,6.008679555504785,-5.303711010177588,3.780484567026096,-2.3791830185647704,3.780484567026096,-2.3791830185647704
2150000000.0,3.7794689886348602,-2.374512447958913,5.997890595456008,-5.286757171607629,3.778905452241289,-2.3745405716965213,3.778905452241289,-2.3745405716965213
2155000000.0,3.7778984678559584,-2.3698913144879206,5.989106974936305,-5.270893482369693,3.777334872151054,-2.3699193385960626,3.777334872151054,-2.3699193385960626
2160000000.0,3.7763363905741536,-2.3652912475758097,5.9861654034567735,-5.268174620773041,3.7757727815712845,-2.365319251780252,3.7757727815712845,-2.365319251780252
2165000000.0,3.7747826799556803,-2.3607121068240113,5.982086729492024,-5.248460238461827,3.7742190389265016,-2.360739983702615,3.7742190389265016,-2.360739983702615
2170000000.0,3.7732372600401636,-2.356153753020526,5.964794609152427,-5.243261022849702,3.772673512689559,-2.356181603869748,3.772673512689559,-2.356181603869748
2175000000.0,3.7717000557290037,-2.3516160481278088,5.9635999525828165,-5.233142970251341,3.771136301137784,-2.351643830774274,3.771136301137784,-2.351643830774274
2180000000.0,3.7701709927739335,-2.3470988552708034,5.956103151434541,-5.219950974167203,3.76960718874303,-2.3471265544062976,3.76960718874303,-2.3471265544062976
2185000000.0,3.768649997765754,-2.3426020387251176,5.952669182158914,-5.20721314143502,3.7680861704166113,-2.3426296544826375,3.7680861704166113,-2.3426296544826375
2190000000.0,3.7671369981232408,-2.338125463905334,5.951691937583621,-5.196443178921109,3.7665731643876823,-2.338153007113739,3.7665731643876823,-2.338153007113739
2195000000.0,3.7656319220822194,-2.333668997353466,5.933859064731871,-5.188541397347887,3.7650679767010455,-2.33369649771543,3.7650679767010455,-2.33369649771543
2200000000.0,3.7641346986848054,-2.3292325067275423,5.933192011262452,-5.175730135361395,3.7635707474506086,-2.3292599213457708,3.7635707474506086,-2.3292599213457708
2205000000.0,3.7626452577688116,-2.3248158607903355,5.919018322490729,-5.162398663523676,3.7620812144429046,-2.3248431955558373,3.7620812144429046,-2.3248431955558373
2210000000.0,3.7611635299573094,-2.3204189293982114,5.91873823104592,-5.153672728485152,3.760599485958837,-2.320446204108298,3.760599485958837,-2.320446204108298
2215000000.0,3.7596894466483537,-2.316041583490123,5.910512472153399,-5.143807494266253,3.759125350685096,-2.3160687963181257,3.759125350685096,-2.3160687963181257
2220000000.0,3.7582229400048592,-2.3116836950767197,5.901778974533125,-5.132921214881016,3.7576587881359953,-2.3117108398790145,3.7576587881359953,-2.3117108398790145
2225000000.0,3.75676394294463,-2.3073451372295946,5.894003928641836,-5.124051092661594,3.7561997426205087,-2.3073722261563194,3.7561997426205087,-2.3073722261563194
2230000000.0,3.7553123891305376,-2.3030257840706554,5.891395290101339,-5.1084808897090195,3.75474816855514,-2.303052771023723,3.75474816855514,-2.303052771023723
2235000000.0,3.7538682129608496,-2.2987255107616136,5.879960968836673,-5.104273099861673,3.7533039238516097,-2.298752473949028,3.7533039238516097,-2.298752473949028
2240000000.0,3.7524313495596973,-2.294444193493605,5.877441394430849,-5.093984005202141,3.7518670443427022,-2.2944710881765755,3.7518670443427022,-2.2944710881765755
2245000000.0,3.7510017347676916,-2.2901817094769235,5.866465693333377,-5.077926057197398,3.7504373557651376,-2.290208504834491,3.7504373557651376,-2.290208504834491
2250000000.0,3.749579305132674,-2.285937936930879,5.865071105960931,-5.068210905121829,3.749014917499447,-2.2859646666403255,3.749014917499447,-2.2859646666403255
2255000000.0,3.748163997900605,-2.2817127550737757,5.856004013982218,-5.056466135082101,3.7475995515210307,-2.2817394115355207,3.7475995515210307,-2.2817394115355207
2260000000.0,3.7467557510065936,-2.2775060441129953,5.853318368438449,-5.050470392310264,3.7461912903251586,-2.2775326594018397,3.7461912903251586,-2.2775326594018397
2265000000.0,3.7453545030660518,-2.2733176852352073,5.8470260689495355,-5.039949240818161,3.744790002051571,-2.2733442331174207,3.744790002051571,-2.2733442331174207
2270000000.0,3.743960193365982,-2.2691475605966875,5.842852934434119,-5.028446882945603,3.7433956647626987,-2.2691740333764683,3.7433956647626987,-2.2691740333764683
2275000000.0,3.742572761856398,-2.2649955533137485,5.840866609790168,-5.020273608274593,3.7420082218251003,-2.2650219705856447,3.7420082218251003,-2.2650219705856447
2280000000.0,3.7411921491418636,-2.2608615474532767,5.835293726858032,-5.003823185738683,3.7406275691426143,-2.26088785919574,3.7406275691426143,-2.26088785919574
2285000000.0,3.7398182964731626,-2.2567454280233874,5.820112733091848,-4.9945462223856865,3.7392536205580758,-2.256771686434068,3.7392536205580758,-2.256771686434068
2290000000.0,3.738451145739087,-2.25264708096418,5.821408745444803,-4.981222833387635,3.7378864755349928,-2.2526732489087946,3.7378864755349928,-2.2526732489087946
2295000000.0,3.737090639458346,-2.2485663931385984,5.813174377167053,-4.9731851571998975,3.736525918216505,-2.2485925107692917,3.736525918216505,-2.2485925107692917
2300000000.0,3.735736720771594,-2.244503252323405,5.804499877862629,-4.961824686061079,3.735171943365887,-2.2445292988872585,3.735171943365887,-2.2445292988872585
2305000000.0,3.7343893334335716,-2.2404575472002453,5.802658958336698,-4.953179138947602,3.7338245450473146,-2.240483535117694,3.7338245450473146,-2.240483535117694
2310000000.0,3.7330484218053677,-2.236429167346826,5.796332437014815,-4.944320186667405,3.7324835938469505,-2.2364550984021565,3.7324835938469505,-2.2364550984021565
2315000000.0,3.7317139308467846,-2.2324180032281875,5.791169401031811,-4.933624745996686,3.731149069379792,-2.2324438649666525,3.731149069379792,-2.2324438649666525
2320000000.0,3.7303858061088193,-2.2284239461880753,5.786611458807355,-4.921713419169817,3.7298209140869507,-2.2284497304807984,3.7298209140869507,-2.2284497304807984
2325000000.0,3.7290639937262555,-2.2244468884404163,5.78345385306581,-4.914546181045084,3.7284990833407043,-2.2244726243442283,3.7284990833407043,-2.2244726243442283
2330000000.0,3.7277484404103554,-2.220486723060884,5.781488155565687,-4.905044815390853,3.727183517544825,-2.2205123949391203,3.727183517544825,-2.2205123949391203
2335000000.0,3.726439093441661,-2.216543343978562,5.771456070808629,-4.891918172945631,3.72587410442219,-2.2165689345807427,3.72587410442219,-2.2165689345807427
2340000000.0,3.7251359006629015,-2.212616645967703,5.770576613513295,-4.886828937261353,3.7245709091228205,-2.212642199702231,3.7245709091228205,-2.212642199702231
2345000000.0,3.7238388104719946,-2.2087065246395845,5.767477157401996,-4.878573353309146,3.723273800094308,-2.208732023021017,3.723273800094308,-2.208732023021017
2350000000.0,3.722547771815156,-2.2048128764344446,5.759744610996425,-4.87030555297901,3.7219827132349117,-2.204838322675281,3.7219827132349117,-2.204838322675281
2355000000.0,3.7212627341801006,-2.2009355986135217,5.7575101734330545,-4.8613303543172,3.720697661690807,-2.2009609843185096,3.720697661690807,-2.2009609843185096
2360000000.0,3.719983647589347,-2.1970745892511787,5.753940887330692,-4.852502746425437,3.719418552824349,-2.1970999162979132,3.719418552824349,-2.1970999162979132
2365000000.0,3.7187104625936116,-2.1932297472271145,5.7490191902338035,-4.842769085870682,3.7181453363228916,-2.1932550108410345,3.7181453363228916,-2.1932550108410345
2370000000.0,3.717443130265299,-2.1894009722186625,5.740792162333728,-4.837766655205854,3.7168779549313635,-2.1894262047142674,3.7168779549313635,-2.1894262047142674
2375000000.0,3.716181602192084,-2.185588164693179,5.738551717223781,-4.826108777480824,3.715616410913688,-2.185613319651513,3.715616410913688,-2.185613319651513
2380000000.0,3.7149258304705866,-2.1817912259005134,5.735218062894872,-4.816642969745014,3.714360617873293,-2.1818163179743366,3.714360617873293,-2.1818163179743366
2385000000.0,3.7136757677001304,-2.1780100578655635,5.725415037744893,-4.81168336513247,3.7131104960583827,-2.178035120219473,3.7131104960583827,-2.178035120219473
2390000000.0,3.7124313669765985,-2.1742445633809155,5.722701215068663,-4.803024107934384,3.7118660784863935,-2.174269567505862,3.7118660784863935,-2.174269567505862
2395000000.0,3.711192581886364,-2.170494645999563,5.724960877871588,-4.791601477691495,3.7106273060092785,-2.170519570808343,3.7106273060092785,-2.170519570808343
2400000000.0,3.7099593665003154,-2.166760210027708,5.717026934170687,-4.788035270251486,3.709394044377081,-2.1667851125930198,3.709394044377081,-2.1667851125930198
2405000000.0,3.7087316753679613,-2.163041160517645,5.7119037533902635,-4.778144996095258,3.7081663202039827,-2.1630659987824963,3.7081663202039827,-2.1630659987824963
2410000000.0,3.707509463511617,-2.1593374032607184,5.710708052797366,-4.767355649589673,3.7069440994857086,-2.1593621686897606,3.7069440994857086,-2.1593621686897606
2415000000.0,3.7062926864206753,-2.155648844780361,5.705512194261306,-4.764264518009607,3.7057272937867785,-2.1556735889822876,3.7057272937867785,-2.1556735889822876
2420000000.0,3.7050813000459524,-2.1519753923252094,5.698206406487674,-4.753114515321254,3.704515859589711,-2.1520000658336618,3.704515859589711,-2.1520000658336618
2425000000.0,3.7038752607941174,-2.1483169538622975,5.694423616472296,-4.747213341304752,3.7033097986021564,-2.1483415873297473,3.7033097986021564,-2.1483415873297473
2430000000.0,3.702674525522196,-2.144673438070319,5.692501350324688,-4.739154656074255,3.7021090517829762,-2.144698016486395,3.7021090517829762,-2.144698016486395
2435000000.0,3.7014790515321505,-2.141044754332969,5.684499856522936,-4.733768344887156,3.7009135297123206,-2.141069299030791,3.7009135297123206,-2.141069299030791
2440000000.0,3.7002887965655353,-2.137430812732357,5.682172043110123,-4.727073433992219,3.699723261596998,-2.1374553112960273,3.699723261596998,-2.1374553112960273
2445000000.0,3.699103718798226,-2.1338315240424937,5.677258375198102,-4.716184089693238,3.6985381512408755,-2.1338559518161677,3.6985381512408755,-2.1338559518161677
2450000000.0,3.6979237768352213,-2.1302467997228467,5.675329538856914,-4.710126688803058,3.697358199086496,-2.1302711850905185,3.697358199086496,-2.1302711850905185
2455000000.0,3.6967489297055165,-2.1266765519119666,5.672380918084414,-4.70311863285495,3.6961833346043758,-2.126700889599168,3.6961833346043758,-2.126700889599168
2460000000.0,3.6955791368570443,-2.1231206934211873,5.665617817382348,-4.695623256691276,3.6950134998976907,-2.1231449831405365,3.6950134998976907,-2.1231449831405365
2465000000.0,3.6944143581516915,-2.11957913772839,5.662441372267058,-4.686594343954592,3.693848700882252,-2.119603367144362,3.693848700882252,-2.119603367144362
2470000000.0,3.693254553860376,-2.1160517989718333,5.658775577863692,-4.67767164526497,3.69268887324344,-2.1160759691129627,3.69268887324344,-2.1160759691129627
2475000000.0,3.692099684658195,-2.11253859194406,5.655128124930446,-4.669375476192705,3.69153398125278,-2.112562706756959,3.69153398125278,-2.112562706756959
2480000000.0,3.6909497116196417,-2.109039432085858,5.653781724886839,-4.665032494817199,3.690384002885947,-2.109063514870077,3.690384002885947,-2.109063514870077
2485000000.0,3.6898045962138815,-2.1055542354802963,5.642555166075423,-4.657315009697783,3.6892388171511477,-2.1055782721907788,3.6892388171511477,-2.1055782721907788
2490000000.0,3.688664300300094,-2.1020829188468184,5.641589305090962,-4.649022164826051,3.688098515364813,-2.1021068982623095,3.688098515364813,-2.1021068982623095
2495000000.0,3.687528786122882,-2.0986253995354063,5.641194726270944,-4.636183615116144,3.6869629955299925,-2.098649292473845,3.6869629955299925,-2.098649292473845
2500000000.0,3.6863980163077366,-2.0951815955208,5.636455328817815,-4.626553788195461,3.6858321949397252,-2.0952054254991475,3.6858321949397252,-2.0952054254991475
2505000000.0,3.6852719538565677,-2.091751425396785,5.62885048648643,-4.622854331562426,3.6847060880001616,-2.0917752320402943,3.6847060880001616,-2.0917752320402943
2510000000.0,3.684150562143293,-2.0883348083705395,5.626516775242798,-4.609967583733986,3.6835846782588533,-2.088358529676502,3.6835846782588533,-2.088358529676502
2515000000.0,3.6830338049094866,-2.084931664257042,5.621313826309235,-4.608513319241654,3.682467893374132,-2.084955374627225,3.682467893374132,-2.084955374627225
2520000000.0,3.6819216462600832,-2.081541913473536,5.619739177011589,-4.592400283936742,3.6813557190327066,-2.081565517544048,3.6813557190327066,-2.081565517544048
2525000000.0,3.6808140506591482,-2.0781654770340605,5.609272734832485,-4.588222131997013,3.6802480604664978,-2.0781890568882426,3.6802480604664978,-2.0781890568882426
2530000000.0,3.6797109829256915,-2.0748022765440344,5.606572647145632,-4.581399876611365,3.6791449768459077,-2.0748258096597074,3.6791449768459077,-2.0748258096597074
2535000000.0,3.6786124082295513,-2.0714522341948984,5.606307031828275,-4.57075031354367,3.6780463987529473,-2.071475694556946,3.6780463987529473,-2.071475694556946
2540000000.0,3.6775182920873184,-2.0681152727588166,5.602297263781438,-4.561126662946144,3.6769522563050683,-2.068138669660292,3.6769522563050683,-2.068138669660292
2545000000.0,3.676428600358328,-2.064791315583429,5.594537686606771,-4.553529869852898,3.675862516098109,-2.0648146646559113,3.675862516098109,-2.0648146646559113
2550000000.0,3.675343299240694,-2.0614802865866713,5.592862387843664,-4.547219703328677,3.674777205884442,-2.0615035913678477,3.674777205884442,-2.0615035913678477
2555000000.0,3.6742623552674036,-2.058182110251633,5.586562188032301,-4.53154232906873,3.6736962165104363,-2.0582053150921644,3.6736962165104363,-2.0582053150921644
2560000000.0,3.6731857353024573,-2.0548967116214865,5.582350996379993,-4.530221710887892,3.6726195751801876,-2.0549199055801655,3.6726195751801876,-2.0549199055801655
2565000000.0,3.672113406537066,-2.0516240162944563,5.576597006145128,-4.523578217804565,3.6715472112686216,-2.0516471669375136,3.6715472112686216,-2.0516471669375136
2570000000.0,3.6710453364858915,-2.0483639504188536,5.57258770338405,-4.5122860429043845,3.670479113546306,-2.0483870270834417,3.670479113546306,-2.0483870270834417
2575000000.0,3.669981492983341,-2.04511644068815,5.569400510805058,-4.503210966078454,3.669415249220124,-2.045139456746851,3.669415249220124,-2.045139456746851
2580000000.0,3.6689218441799114,-2.0418814143361166,5.563893365543258,-4.500172585100314,3.6683555695288472,-2.041904409647006,3.6683555695288472,-2.041904409647006
2585000000.0,3.6678663585385753,-2.038658799132001,5.558315487580893,-4.492188463927371,3.667300048780107,-2.0386817425394512,3.667300048780107,-2.0386817425394512
2590000000.0,3.6668150048312205,-2.0354485233757673,5.553787967174325,-4.477485573230679,3.6662486614555343,-2.035471371702509,3.6662486614555343,-2.035471371702509
2595000000.0,3.6657677521351326,-2.0322505158933755,5.552160384018881,-4.4733053995860566,3.6652014014396186,-2.0322733333020824,3.6652014014396186,-2.0322733333020824
2600000000.0,3.664724569829526,-2.029064706032119,5.544907409643095,-4.461223873239238,3.6641581702814627,-2.029087446993089,3.6641581702814627,-2.029087446993089
2605000000.0,3.6636854275921147,-2.0258910236560017,5.5442133280720745,-4.457324746381901,3.6631190267977067,-2.02591373474742,3.6631190267977067,-2.02591373474742
2610000000.0,3.662650295395736,-2.0227293991411743,5.535729561449779,-4.445122686627921,3.6620838378612413,-2.022752033986064,3.6620838378612413,-2.022752033986064
2615000000.0,3.66161914350501,-2.019579763371406,5.5333059223961225,-4.437763733556728,3.661052671132169,-2.019602347857641,3.661052671132169,-2.019602347857641
2620000000.0,3.660591942473045,-2.016442047733614,5.534426728013155,-4.433077118875104,3.660025479647239,-2.0164645959704552,3.660025479647239,-2.0164645959704552
2625000000.0,3.65956866313819,-2.0133161841134313,5.5280641459008795,-4.420896718002841,3.6590021568947413,-2.013338654633835,3.6590021568947413,-2.013338654633835
2630000000.0,3.6585492766208207,-2.0102021048908267,5.525068489835396,-4.414303627366269,3.657982752475411,-2.0102245303124113,3.657982752475411,-2.0102245303124113
2635000000.0,3.6575337543201734,-2.007099742935766,5.519065141518012,-4.404130255264127,3.6569671905368883,-2.0071221030306323,3.6569671905368883,-2.0071221030306323
2640000000.0,3.656522067911217,-2.004009031603919,5.516519752348607,-4.398182582073994,3.6559554895312316,-2.0040313503172285,3.6559554895312316,-2.0040313503172285
2645000000.0,3.6555141893415657,-2.000929904732412,5.514723411295419,-4.388996619034517,3.6549475985531874,-2.0009521610813414,3.6549475985531874,-2.0009521610813414
2650000000.0,3.6545100908284307,-1.9978622966356214,5.5054924855195,-4.378475071176733,3.6539434397552606,-1.9978844879991398,3.6539434397552606,-1.9978844879991398
2655000000.0,3.6535097448556106,-1.9948061421010168,5.5035093193606555,-4.3703459222900705,3.65294308097742,-1.9948282779106057,3.65294308097742,-1.9948282779106057
2660000000.0,3.652513124170523,-1.9917613763850353,5.498882096806626,-4.365640300947471,3.6519464334972254,-1.9917834802520349,3.6519464334972254,-1.9917834802520349
2665000000.0,3.651520201781267,-1.9887279352090115,5.497209217802056,-4.356308142100514,3.650953499284385,-1.9887499757041083,3.650953499284385,-1.9887499757041083
2670000000.0,3.6505309509537343,-1.9857057547551409,5.491745390422316,-4.346707343800438,3.649964212542094,-1.9857277331571161,3.649964212542094,-1.9857277331571161
2675000000.0,3.6495453452087445,-1.9826947716624836,5.4841600460236295,-4.338775720946729,3.648978558829721,-1.982716700144559,3.648978558829721,-1.982716700144559
2680000000.0,3.6485633583192247,-1.9796949230230165,5.479612208750251,-4.337091019458532,3.6479965479629626,-1.9797168385097332,3.6479965479629626,-1.9797168385097332
2685000000.0,3.6475849643074234,-1.976706146377718,5.4747656779970155,-4.328577226153499,3.6470181227370126,-1.9767280061413237,3.6470181227370126,-1.9767280061413237
2690000000.0,3.646610137442158,-1.9737283797126948,5.4757355432178425,-4.316863955201926,3.646043298707825,-1.9737501590664137,3.646043298707825,-1.9737501590664137
2695000000.0,3.6456388522360976,-1.9707615614553502,5.4707256637697474,-4.308610214371235,3.645071981424428,-1.9707832868623034,3.645071981424428,-1.9707832868623034
2700000000.0,3.64467108344308,-1.9678056304705909,5.464988956088508,-4.302433865230452,3.644104177609279,-1.9678273155706651,3.644104177609279,-1.9678273155706651
2705000000.0,3.643706806055463,-1.9648605260570682,5.456098917054216,-4.297073616390057,3.6431398460096305,-1.9648821784676502,3.6431398460096305,-1.9648821784676502
2710000000.0,3.6427459953015093,-1.9619261879434622,5.453946060942262,-4.294931009790967,3.6421790259211058,-1.9619478225888176,3.6421790259211058,-1.9619478225888176
2715000000.0,3.6417886266428,-1.9590025562848017,5.449983713842264,-4.283044896826072,3.6412216288590273,-1.9590241133382926,3.6412216288590273,-1.9590241133382926
2720000000.0,3.640834675771688,-1.9560895716588191,5.442787249470577,-4.274780950755197,3.6402676321013043,-1.9561110764536314,3.6402676321013043,-1.9561110764536314
2725000000.0,3.639884118608776,-1.9531871750623462,5.431617721495087,-4.271389219874153,3.639317007928625,-1.9532086613456925,3.639317007928625,-1.9532086613456925
2730000000.0,3.63893693130043,-1.950295307907741,5.4342465904376365,-4.267471471165828,3.6383698398810704,-1.9503167614980088,3.6383698398810704,-1.9503167614980088
2735000000.0,3.6379930902163213,-1.9474139120193572,5.431151638240761,-4.253885203571371,3.637425974432802,-1.9474352766821654,3.637425974432802,-1.9474352766821654
2740000000.0,3.637052571947001,-1.944542929630042,5.424061278602073,-4.253772637290525,3.6364854173533745,-1.9445642931765035,3.6364854173533745,-1.9445642931765035
2745000000.0,3.6361153533015047,-1.9416823033776738,5.422908923360829,-4.241929937771421,3.635548187893912,-1.9417035874229953,3.635548187893912,-1.9417035874229953
2750000000.0,3.6351814113049836,-1.9388319763017319,5.40970847332534,-4.2416624714026145,3.634614168574653,-1.9388532630952724,3.634614168574653,-1.9388532630952724
2755000000.0,3.634250723196369,-1.935991891839902,5.414158089026649,-4.233154795098746,3.6336835074553817,-1.9360131156521334,3.6336835074553817,-1.9360131156521334
2760000000.0,3.633323266426064,-1.9331619938247155,5.4111957645617075,-4.226394619553538,3.632756032491351,-1.9331831714987047,3.632756032491351,-1.9331831714987047
2765000000.0,3.6323990186536603,-1.930342226480219,5.40292965140991,-4.217001101740676,3.631831731113619,-1.9303633457068048,3.631831731113619,-1.9303633457068048
2770000000.0,3.6314779577456897,-1.9275325344186838,5.410161193317935,-4.21369568182228,3.63091071874698,-1.9275536210681563,3.63091071874698,-1.9275536210681563
2775000000.0,3.6305600617733975,-1.9247328626373397,5.39395814585278,-4.202360486888233,3.6299927177582725,-1.9247538850082844,3.6299927177582725,-1.9247538850082844
2780000000.0,3.629645309010545,-1.9219431565151484,5.394808669437339,-4.196667457588556,3.629077971524895,-1.9219641364143403,3.629077971524895,-1.9219641364143403
2785000000.0,3.628733677931242,-1.919163361809603,5.394438816783305,-4.190371914147414,3.6281663388227723,-1.9191842964207733,3.6281663388227723,-1.9191842964207733
2790000000.0,3.6278251472077985,-1.9163934246535632,5.399550416487567,-4.1848655198601215,3.6272578415073,-1.9164143145073769,3.6272578415073,-1.9164143145073769
2795000000.0,3.6269196957086094,-1.9136332915521213,5.397869986562043,-4.1776725272452255,3.626352379408077,-1.9136541315148499,3.626352379408077,-1.9136541315148499
2800000000.0,3.626017302496064,-1.9108829093794952,5.389579895426083,-4.1719600015015805,3.625449935289191,-1.9109037140873455,3.625449935289191,-1.9109037140873455
2805000000.0,3.6251179468244747,-1.9081422253759563,5.3869660603727745,-4.160693866899878,3.62455055983535,-1.90816295539761,3.62455055983535,-1.90816295539761
2810000000.0,3.6242216081380407,-1.9054111871447879,5.386272280219643,-4.153859780414623,3.62365421697767,-1.9054318687353644,3.62365421697767,-1.9054318687353644
2815000000.0,3.623328266068828,-1.9026897426492668,5.376601995963134,-4.145716126851883,3.6227608133526235,-1.9027103748827323,3.6227608133526235,-1.9027103748827323
2820000000.0,3.622437900434776,-1.8999778402096847,5.371171261753364,-4.138840567334257,3.621870413776635,-1.8999984276074964,3.621870413776635,-1.8999984276074964
2825000000.0,3.621550491237733,-1.8972754285003885,5.367846445761346,-4.135116649122859,3.6209829863892,-1.8972959891191055,3.6209829863892,-1.8972959891191055
2830000000.0,3.6206660186615083,-1.8945824565468579,5.358981395065196,-4.124368111245923,3.620098455179337,-1.8946029508498021,3.620098455179337,-1.8946029508498021
2835000000.0,3.6197844630699514,-1.8918988737228037,5.355593114786643,-4.117177795190807,3.6192168781600844,-1.8919193195793,3.6192168781600844,-1.8919193195793
2840000000.0,3.6189058050050544,-1.8892246297473028,5.356395556384731,-4.10913449907043,3.6183382242140176,-1.8892450184020264,3.6183382242140176,-1.8892450184020264
2845000000.0,3.618030025185076,-1.8865596746819524,5.344142692498556,-4.101163886040356,3.6174623667727297,-1.88658001723475,3.6174623667727297,-1.88658001723475
2850000000.0,3.6171571045026893,-1.8839039589280597,5.343403221160367,-4.091461952884847,3.616589439157548,-1.8839242351681336,3.616589439157548,-1.8839242351681336
2855000000.0,3.6162870240231486,-1.8812574332238527,5.333640121349856,-4.080056633647404,3.61571929385033,-1.881277639869588,3.61571929385033,-1.881277639869588
2860000000.0,3.6154197649824846,-1.8786200486417213,5.332672844571202,-4.074061299010474,3.614852029430935,-1.8786402123778483,3.614852029430935,-1.8786402123778483
2865000000.0,3.6145553087857123,-1.8759917565854836,5.3243968152365575,-4.070386088833518,3.613987524013824,-1.8760118979034108,3.613987524013824,-1.8760118979034108
2870000000.0,3.6136936370050665,-1.873372508787678,5.3222001725931785,-4.060676451505346,3.6131258361029,-1.8733925849745143,3.6131258361029,-1.8733925849745143
2875000000.0,3.612834731378258,-1.8707622573068876,5.323448381874663,-4.055449821564325,3.612266939544092,-1.870782293577448,3.612266939544092,-1.870782293577448
2880000000.0,3.6119785738067476,-1.8681609545250775,5.317789353879895,-4.05131850058733,3.611410748726401,-1.868180963399131,3.611410748726401,-1.868180963399131
2885000000.0,3.611125146354041,-1.865568553144972,5.317125805980526,-4.047294991706732,3.6105573193551272,-1.8655885311951046,3.6105573193551272,-1.8655885311951046
2890000000.0,3.6102744312440067,-1.8629850061874462,5.310544796296622,-4.038642980692428,3.6097065614944985,-1.8630049293329192,3.6097065614944985,-1.8630049293329192
2895000000.0,3.609426410859211,-1.8604102669889477,5.311621647951748,-4.030715536143577,3.6088585468282948,-1.860430133459229,3.6088585468282948,-1.860430133459229
2900000000.0,3.608581067739273,-1.8578442891989442,5.3118302797843215,-4.026397663582682,3.6080132069657136,-1.857864122271433,3.6080132069657136,-1.857864122271433
2905000000.0,3.60773838457924,-1.855287026777389,5.3096133113974355,-4.017979682517172,3.6071705084836285,-1.8553068028183977,3.6071705084836285,-1.8553068028183977
2910000000.0,3.606898344227982,-1.8527384339922182,5.312909098354703,-4.0128218896580705,3.606330489974303,-1.852758168797034,3.606330489974303,-1.852758168797034
2915000000.0,3.606060929686602,-1.8501984654168668,5.3093619350902586,-3.99951452633544,3.6054930476620908,-1.8502181137320908,3.6054930476620908,-1.8502181137320908
2920000000.0,3.6052261241068697,-1.8476670759278109,5.305819969593152,-3.993148339516822,3.6046582201270816,-1.8476866811522372,3.6046582201270816,-1.8476866811522372
2925000000.0,3.6043939107896708,-1.84514422070213,5.303027528176074,-3.985034931450525,3.60382598805937,-1.8451637712947264,3.60382598805937,-1.8451637712947264
2930000000.0,3.6035642731834736,-1.8426298552150984,5.298967070820954,-3.9730933956467935,3.60299632054399,-1.8426493283413237,3.60299632054399,-1.8426493283413237
2935000000.0,3.602737194882815,-1.8401239352377918,5.297762631361426,-3.9641038841039276,3.6021692326251755,-1.8401433469442225,3.6021692326251755,-1.8401433469442225
2940000000.0,3.6019126596268043,-1.837626416834723,5.289550510985454,-3.9596577501784678,3.601344647822396,-1.8376458014014443,3.601344647822396,-1.8376458014014443
2945000000.0,3.6010906512976435,-1.8351372563614954,5.286308390313805,-3.9499752870865135,3.60052261654255,-1.8351565769232996,3.60052261654255,-1.8351565769232996
2950000000.0,3.6002711539191643,-1.8326564104624818,5.280366430048454,-3.9430273278428145,3.5997030816625237,-1.8326756863735514,3.5997030816625237,-1.8326756863735514
2955000000.0,3.5994541516553835,-1.8301838360685236,5.276406512849137,-3.932432065158337,3.5988860511658043,-1.8302030429195735,3.5988860511658043,-1.8302030429195735
2960000000.0,3.598639628809075,-1.8277194903946503,5.271484086485608,-3.927733312747089,3.5980714990610227,-1.8277386657781003,3.5980714990610227,-1.8277386657781003
2965000000.0,3.597827569820356,-1.8252633309378241,5.2663156259662385,-3.9222192619279457,3.5972594085816976,-1.8252824699840482,3.5972594085816976,-1.8252824699840482
2970000000.0,3.597017959265292,-1.8228153154747002,5.260755679598111,-3.916665349029894,3.596449764054374,-1.822834418272288,3.596449764054374,-1.822834418272288
2975000000.0,3.596210781854518,-1.8203754020594136,5.259619380765303,-3.9102143325375294,3.59564257947062,-1.8203944592750607,3.59564257947062,-1.8203944592750607
2980000000.0,3.5954060224318733,-1.8179435490213838,5.24655846810775,-3.902756985441645,3.594837737716994,-1.8179625644966293,3.594837737716994,-1.8179625644966293
2985000000.0,3.5946036659730534,-1.8155197149631388,5.240745589646025,-3.8996363211945306,3.594035347749453,-1.8155387095770807,3.594035347749453,-1.8155387095770807
2990000000.0,3.5938036975842773,-1.8131038587581625,5.236282686400919,-3.897471613057227,3.5932353550584226,-1.8131228373283659,3.5932353550584226,-1.8131228373283659
2995000000.0,3.5930061025009707,-1.8106959395487592,5.232293341982049,-3.896433776788249,3.5924377395649327,-1.8107149087010084,3.5924377395649327,-1.8107149087010084
3000000000.0,3.592210866086462,-1.8082959167439407,5.233594376099658,-3.8924535461501346,3.5916425132120784,-1.8083148536806912,3.5916425132120784,-1.8083148536806912
3005000000.0,3.5914179738306955,-1.8059037500173285,5.225968614216312,-3.8746967771558056,3.590849563724611,-1.8059225764967046,3.590849563724611,-1.8059225764967046
3010000000.0,3.590627411348959,-1.8035193993050818,5.22848892351722,-3.8734388757084535,3.590059021160631,-1.803538209466299,3.590059021160631,-1.803538209466299
3015000000.0,3.5898391643806242,-1.8011428248038395,5.221425599801073,-3.865626658081326,3.589270728865284,-1.8011615859902266,3.589270728865284,-1.8011615859902266
3020000000.0,3.589053218787903,-1.7987739869686818,5.215319270573299,-3.8603064439978447,3.5884847460190055,-1.7987927138871775,3.5884847460190055,-1.7987927138871775
3025000000.0,3.5882695605546173,-1.7964128465111147,5.2164927222680655,-3.8618771029997725,3.587701101700097,-1.7964315758681608,3.587701101700097,-1.7964315758681608
3030000000.0,3.587488175784982,-1.794059364397067,5.200425815500119,-3.8598565383032133,3.586919620445341,-1.7940780884817125,3.586919620445341,-1.7940780884817125
3035000000.0,3.586709050702405,-1.7917135018449106,5.206835578709505,-3.8593554908600223,3.5861405401050876,-1.7917322110640181,3.5861405401050876,-1.7917322110640181
3040000000.0,3.5859321716482944,-1.7893752203234954,5.1997149837268655,-3.8575349921060296,3.585363620410768,-1.7893939179407659,3.585363620410768,-1.7893939179407659
3045000000.0,3.5851575250808865,-1.7870444815502067,5.20253595984076,-3.8592516271180473,3.5845889981397105,-1.787063181173973,3.5845889981397105,-1.787063181173973
3050000000.0,3.584385097574083,-1.7847212474890344,5.204898417524842,-3.847384986789027,3.583816580508721,-1.7847398648425767,3.583816580508721,-1.7847398648425767
3055000000.0,3.5836148758163,-1.7824054803486655,5.200391529291599,-3.849497922211484,3.5830463377368122,-1.7824241084151105,3.5830463377368122,-1.7824241084151105
3060000000.0,3.582846846609333,-1.7800971425805905,5.204156919652905,-3.850284544100443,3.58227833795801,-1.7801157660400648,3.58227833795801,-1.7801157660400648
3065000000.0,3.5820809968672327,-1.7777961968772273,5.210149166493975,-3.846154281291695,3.5815125273462183,-1.7778147831303515,3.5815125273462183,-1.7778147831303515
3070000000.0,3.5813173136151963,-1.775502606170065,5.211860414762838,-3.8395301146471708,3.5807488543614974,-1.775521143311248,3.5807488543614974,-1.775521143311248
3075000000.0,3.580555783988465,-1.77321633362782,5.212447019529491,-3.838746478812039,3.579987333029705,-1.773234859064196,3.579987333029705,-1.773234859064196
3080000000.0,3.5797963952312415,-1.7709373426546138,5.2082141987325254,-3.8169134364441115,3.579227904211556,-1.7709557292557077,3.579227904211556,-1.7709557292557077
3085000000.0,3.579039134695612,-1.7686655968881628,5.219905568062989,-3.820742900074672,3.5784707252463526,-1.768683990817235,3.5784707252463526,-1.768683990817235
3090000000.0,3.578283989840488,-1.7664010601979891,5.21923603347514,-3.818202187127175,3.577715579314854,-1.7664194325159737,3.577715579314854,-1.7664194325159737
3095000000.0,3.5775309482305526,-1.764143696683641,5.22360721060174,-3.796084186830182,3.576962550797955,-1.7641619207988695,3.576962550797955,-1.7641619207988695
3100000000.0,3.576779997535224,-1.7618934706729374,5.223462760479695,-3.7939152670190817,3.5762116026044857,-1.7619116749984391,3.5762116026044857,-1.7619116749984391
3105000000.0,3.5760311255276256,-1.759650346720222,5.2237869429492285,-3.791815043789808,3.5754627360835625,-1.7596685312675366,3.5754627360835625,-1.7596685312675366
3110000000.0,3.575284320083572,-1.7574142896046352,5.218213272867747,-3.7755889933735594,3.5747158867557056,-1.757432371540501,3.5747158867557056,-1.757432371540501
3115000000.0,3.5745395691805655,-1.7551852643284016,5.211511854017867,-3.7611492484468876,3.573971086513119,-1.7552032558706772,3.573971086513119,-1.7552032558706772
3120000000.0,3.5737968608967976,-1.7529632361151357,5.208992413615861,-3.7501526199611743,3.5732283579823663,-1.7529811550142897,3.5732283579823663,-1.7529811550142897
3125000000.0,3.5730561834101726,-1.7507481704081544,5.2091504653986584,-3.741665816652394,3.5724876791280193,-1.750766029895494,3.5724876791280193,-1.750766029895494
3130000000.0,3.5723175249973305,-1.7485400328688152,5.200483886219437,-3.7381115577244683,3.5717489688607844,-1.7485578715655297,3.5717489688607844,-1.7485578715655297
3135000000.0,3.5715808740326884,-1.7463387893748619,5.1995651118482265,-3.723362409631945,3.5710123041579664,-1.7463565307099713,3.5710123041579664,-1.7463565307099713
3140000000.0,3.5708462189874894,-1.7441444060187874,5.192495036521552,-3.715351833413132,3.5702776031770873,-1.7441620974554428,3.5702776031770873,-1.7441620974554428
3145000000.0,3.5701135484288615,-1.7419568491062107,5.190066604785429,-3.707794689922262,3.569544915922362,-1.7419744892917777,3.569544915922362,-1.7419744892917777
3150000000.0,3.56938285101889,-1.7397760851542703,5.186762082362496,-3.6973412161961914,3.568814193736807,-1.7397936569066987,3.568814193736807,-1.7397936569066987
3155000000.0,3.5686541155136937,-1.737602080890028,5.17692924324789,-3.6989454800395296,3.5680854038125047,-1.737619664983199,3.5680854038125047,-1.737619664983199
3160000000.0,3.5679273307625183,-1.735434803248892,5.17626749307069,-3.698297614206027,3.5673586195424436,-1.735452377429752,3.5673586195424436,-1.735452377429752
3165000000.0,3.567202485706836,-1.7332742193730464,5.162404080270275,-3.6898114010435012,3.5666336859266887,-1.7332917468691023,3.5666336859266887,-1.7332917468691023
3170000000.0,3.5664795693794535,-1.7311202966099046,5.160513129901099,-3.6819042368206785,3.5659107558835883,-1.7311377702557866,3.5659107558835883,-1.7311377702557866
3175000000.0,3.565758570903635,-1.728973002510567,5.155766999655751,-3.687117393684686,3.56518973777274,-1.7289905063077347,3.56518973777274,-1.7289905063077347
3180000000.0,3.565039479492227,-1.726832304828298,5.146946579329699,-3.676619937787258,3.5644705873069036,-1.7268497449342652,3.5644705873069036,-1.7268497449342652
3185000000.0,3.564322284446801,-1.7246981715170149,5.151204818117761,-3.671382756521533,3.5637534190748617,-1.7247155688206408,3.5637534190748617,-1.7247155688206408
3190000000.0,3.5636069751567976,-1.7225705707297891,5.152909560699948,-3.6762299284955797,3.563038129867038,-1.7225879901124164,3.563038129867038,-1.7225879901124164
3195000000.0,3.5628935410986866,-1.7204494708173617,5.15271421220841,-3.6711415563971426,3.5623246951241363,-1.7204668523131192,3.5623246951241363,-1.7204668523131192
3200000000.0,3.562181971835132,-1.7183348403266705,5.150352989137432,-3.6654755922375384,3.5616131111900633,-1.718352182310399,3.5616131111900633,-1.718352182310399
3205000000.0,3.561472257014166,-1.7162266479993944,5.145920789781188,-3.667304841860502,3.5609033756242954,-1.7162439989009446,3.5609033756242954,-1.7162439989009446
3210000000.0,3.5607643863683758,-1.7141248627705035,5.155628109792332,-3.6617645056149626,3.5601955653853232,-1.714142163963377,3.5601955653853232,-1.714142163963377
3215000000.0,3.560058349714092,-1.7120294537668264,5.1567382127875785,-3.654179963268052,3.559489533837662,-1.7120467003426305,3.559489533837662,-1.7120467003426305
3220000000.0,3.5593541369505943,-1.7099403903056314,5.152969837338796,-3.6524862178215383,3.5587853012518083,-1.709957623333728,3.5587853012518083,-1.709957623333728
3225000000.0,3.5586517380593197,-1.707857641893216,5.158910778036576,-3.6454028669806617,3.5580829379152905,-1.7078748189625295,3.5580829379152905,-1.7078748189625295
3230000000.0,3.5579511431030806,-1.7057811782235102,5.1602318544122125,-3.6319594261301953,3.557382343887104,-1.705798264050589,3.557382343887104,-1.705798264050589
3235000000.0,3.5572523422252913,-1.7037109691766934,5.156510154644807,-3.619007526123538,3.5566835130168615,-1.7037279715234306,3.5566835130168615,-1.7037279715234306
3240000000.0,3.5565553256492053,-1.7016469848178213,5.1518681585985995,-3.6099850610567334,3.55598646436734,-1.7016639289632993,3.55598646436734,-1.7016639289632993
3245000000.0,3.555860083677155,-1.6995891953954663,5.145417490272814,-3.607068001579224,3.5552911847779036,-1.699606120907478,3.5552911847779036,-1.699606120907478
3250000000.0,3.5551666066898067,-1.697537571340368,5.146905474490569,-3.600303843077223,3.5545977158194453,-1.697554446971609,3.5545977158194453,-1.697554446971609
3255000000.0,3.554474885145415,-1.6954920832640967,5.140747596693331,-3.58691331609305,3.553905948683923,-1.6955088750823917,3.553905948683923,-1.6955088750823917
3260000000.0,3.553784909579095,-1.6934527019577283,5.133911428535705,-3.580338698900775,3.553215929691503,-1.6934694528696073,3.553215929691503,-1.6934694528696073
3265000000.0,3.5530966706020948,-1.6914193983905306,5.136823096711916,-3.5706983467192774,3.552527704774005,-1.69143608029645,3.552527704774005,-1.69143608029645
3270000000.0,3.552410158901076,-1.6893921437086585,5.13333763169363,-3.5665958452780417,3.551841172693462,-1.6894087969024785,3.551841172693462,-1.6894087969024785
3275000000.0,3.5517253652374072,-1.6873709092338662,5.125388663189147,-3.562045873719135,3.551156330590638,-1.6873875351438432,3.551156330590638,-1.6873875351438432
3280000000.0,3.5510422804464596,-1.6853556664622231,5.114381192437426,-3.5562415685805444,3.5504731772655065,-1.685372260191892,3.5504731772655065,-1.685372260191892
3285000000.0,3.5503608954369126,-1.6833463870628462,5.1255804890781675,-3.5449520354158386,3.5497918559403896,-1.6833628938312628,3.5497918559403896,-1.6833628938312628
3290000000.0,3.549681201190065,-1.6813430428766418,5.1169274784477405,-3.5369161039961314,3.5491121056032386,-1.6813595015158127,3.5491121056032386,-1.6813595015158127
3295000000.0,3.549003188759157,-1.6793456059150569,5.097495013344867,-3.5405694470467477,3.5484339814531456,-1.6793620988058335,3.5484339814531456,-1.6793620988058335
3300000000.0,3.5483268492686935,-1.6773540483588416,5.0917938762279,-3.540328828341278,3.547757611452226,-1.6773705385250832,3.547757611452226,-1.6773705385250832
3305000000.0,3.54765217391378,-1.675368342556825,5.097188705058054,-3.531456744144069,3.5470829661060352,-1.6753847662603805,3.5470829661060352,-1.6753847662603805
3310000000.0,3.546979153959464,-1.6733884610246963,5.090941114339045,-3.5185645283734046,3.5464099003838685,-1.673404804354563,3.5464099003838685,-1.673404804354563
3315000000.0,3.54630778074008,-1.671414376443799,5.079030303988283,-3.52822509768394,3.54573846755667,-1.6714307840506397,3.54573846755667,-1.6714307840506397
3320000000.0,3.5456380456586056,-1.6694460616599376,5.0858265690368825,-3.5197953872034566,3.5450687715204223,-1.6694624042475936,3.5450687715204223,-1.6694624042475936
3325000000.0,3.5449699401860224,-1.6674834896821893,5.0612113794293245,-3.5099111949625588,3.5444005096851043,-1.6674997876896298,3.5444005096851043,-1.6674997876896298
3330000000.0,3.544303455860684,-1.6655266336817316,5.068645713178032,-3.5155619271323357,3.5437340814278366,-1.6655429531038948,3.5437340814278366,-1.6655429531038948
3335000000.0,3.5436385842876903,-1.663575466990674,5.073785354851839,-3.5113812413878467,3.543069242610824,-1.6635917492183125,3.543069242610824,-1.6635917492183125
3340000000.0,3.542975317138267,-1.6616299631009042,5.066797934301052,-3.5106971364445902,3.5424059365450784,-1.661646241115217,3.5424059365450784,-1.661646241115217
3345000000.0,3.5423136461491556,-1.6596900956629415,5.048561662680237,-3.5012126867643247,3.5417441489267807,-1.6597063255952298,3.5417441489267807,-1.6597063255952298
3350000000.0,3.5416535631220043,-1.6577558384848003,5.053908797728715,-3.5054461484708574,3.5410841077439277,-1.657772083056896,3.5410841077439277,-1.657772083056896
3355000000.0,3.5409950599227695,-1.6558271655308638,5.0550483928148955,-3.502606200731738,3.5404256138139654,-1.655843384969011,3.5404256138139654,-1.655843384969011
3360000000.0,3.540338128481122,-1.653904050920767,5.057097210452391,-3.4996576517185543,3.5397686971602083,-1.653920243692241,3.5397686971602083,-1.653920243692241
3365000000.0,3.5396827607898578,-1.6519864689282873,5.067656075095474,-3.503599012724952,3.539113403411834,-1.6520026696122152,3.539113403411834,-1.6520026696122152
3370000000.0,3.5390289489043187,-1.6500743939802487,5.052487115809401,-3.498713525765511,3.5384594979720334,-1.6500905722275836,3.5384594979720334,-1.6500905722275836
3375000000.0,3.538376684941815,-1.6481678006554301,5.062814337487788,-3.4930777666807242,3.537807297484714,-1.6481839277778054,3.537807297484714,-1.6481839277778054
3380000000.0,3.537725961081055,-1.646266663683485,5.0591964377514325,-3.4910268968862344,3.537156554205899,-1.6462827750293103,3.537156554205899,-1.6462827750293103
3385000000.0,3.5370767695615846,-1.6443709579438726,5.062740252148415,-3.472407349789123,3.536507371789983,-1.6443869442221617,3.536507371789983,-1.6443869442221617
3390000000.0,3.536429102683223,-1.6424806584647913,5.061951864386859,-3.4742330588815133,3.5358597066870647,-1.642496650238319,3.5358597066870647,-1.642496650238319
3395000000.0,3.535782952805518,-1.6405957404221299,5.066630013982746,-3.4763563060537055,3.53521359270572,-1.6406117343155946,3.53521359270572,-1.6406117343155946
3400000000.0,3.535138312347193,-1.6387161791384197,5.065645365004112,-3.471436777629148,3.534568946356096,-1.6387321369920225,3.534568946356096,-1.6387321369920225
3405000000.0,3.5344951737856083,-1.636841950081799,5.065520596697202,-3.4679511026043848,3.5339258085941627,-1.6368578799426368,3.5339258085941627,-1.6368578799426368
3410000000.0,3.533853529656227,-1.6349730288649857,5.058721662787256,-3.4468086558407744,3.5332841069277117,-1.634988827970329,3.5332841069277117,-1.634988827970329
3415000000.0,3.5332133725520807,-1.6331093912442594,5.06478313079188,-3.444346812324864,3.5326439898012976,-1.6331251626848775,3.5326439898012976,-1.6331251626848775
3420000000.0,3.5325746951232495,-1.6312510131184492,5.064367948937328,-3.437453861428209,3.532005308006,-1.6312667357706223,3.532005308006,-1.6312667357706223
3425000000.0,3.5319374900763383,-1.629397870527932,5.057956419332282,-3.425125178129102,3.531368056223445,-1.629413516667891,3.531368056223445,-1.629413516667891
3430000000.0,3.5313017501739665,-1.6275499396536381,5.064571489121299,-3.4248558113204552,3.530732361807582,-1.6275655710601897,3.530732361807582,-1.6275655710601897
3435000000.0,3.530667468234255,-1.6257071968160672,5.058084800810777,-3.4148827803343296,3.530098034913727,-1.6257227663714875,3.530098034913727,-1.6257227663714875
3440000000.0,3.530034637130327,-1.623869618474309,5.056315626816028,-3.405246955371383,3.5294651882997523,-1.623885123666755,3.5294651882997523,-1.623885123666755
3445000000.0,3.529403249789805,-1.6220371812250738,5.052029757266752,-3.3995507510209886,3.5288337737717494,-1.6220526488582263,3.5288337737717494,-1.6220526488582263
3450000000.0,3.52877329919432,-1.620209861801731,5.052020731207172,-3.386204786618861,3.528203814809275,-1.6202252404976232,3.528203814809275,-1.6202252404976232
3455000000.0,3.5281447783790214,-1.6183876370733552,5.044768291175053,-3.3775713132140486,3.5275752455983587,-1.6184029630776493,3.5275752455983587,-1.6184029630776493
3460000000.0,3.5275176804320956,-1.6165704840437802,5.037468371476099,-3.374060497142975,3.5269481040310833,-1.6165857889774242,3.5269481040310833,-1.6165857889774242
3465000000.0,3.5268919984942824,-1.614758379850661,5.030269884438245,-3.3673512190409913,3.5263223759471165,-1.6147736439215,3.5263223759471165,-1.6147736439215
3470000000.0,3.526267725758407,-1.6129513017645427,5.021796795733162,-3.359179270248159,3.5256980477918334,-1.612966517244354,3.5256980477918334,-1.612966517244354
3475000000.0,3.5256448554689053,-1.6111492271879375,5.014153906397362,-3.354314368563656,3.525075130460019,-1.6111644136173782,3.525075130460019,-1.6111644136173782
3480000000.0,3.525023380921363,-1.6093521336544099,5.007218063091331,-3.352463168216101,3.524453616180717,-1.6093673088718312,3.524453616180717,-1.6093673088718312
3485000000.0,3.5244032954620543,-1.6075599988276672,4.993670188299631,-3.3481428794260806,3.523833447928289,-1.6075751541161405,3.523833447928289,-1.6075751541161405
3490000000.0,3.523784592487487,-1.6057728005006604,4.988576633764243,-3.353249340071464,3.523214723314518,-1.6057879855345034,3.523214723314518,-1.6057879855345034
3495000000.0,3.523167265443952,-1.603990516594688,4.985559608711462,-3.350794328703742,3.5225973800233965,-1.604005682876231,3.5225973800233965,-1.604005682876231
3500000000.0,3.522551307827074,-1.6022131251585143,4.97811136946305,-3.354424882754884,3.521981384809421,-1.602228314425989,3.521981384809421,-1.602228314425989
3505000000.0,3.521936713181377,-1.6004406043674864,4.972328724092304,-3.355553692460791,3.5213667603589687,-1.6004557996222437,3.5213667603589687,-1.6004557996222437
3510000000.0,3.521323475099838,-1.5986729325226636,4.973846865924099,-3.3627855741488144,3.5207535433019035,-1.5986881642961988,3.5207535433019035,-1.5986881642961988
3515000000.0,3.5207115872234596,-1.5969100880499527,4.968335331740797,-3.362253966524463,3.5201416256493787,-1.5969253153563479,3.5201416256493787,-1.5969253153563479
3520000000.0,3.520101043240842,-1.5951520494992502,4.97017459619842,-3.3635729475439504,3.519531098966585,-1.5951672766481912,3.519531098966585,-1.5951672766481912
3525000000.0,3.5194918368877546,-1.59339879554359,4.981827282339316,-3.3722278518152287,3.5189219776155807,-1.5934140582833192,3.5189219776155807,-1.5934140582833192
3530000000.0,3.5188839619467176,-1.5916503049783015,4.989888803239769,-3.381617643721865,3.5183141663956676,-1.5916656113987147,3.5183141663956676,-1.5916656113987147
3535000000.0,3.5182774122465865,-1.58990655672017,4.997399042131838,-3.373051892441755,3.5177076595236074,-1.5899217963305452,3.5177076595236074,-1.5899217963305452
3540000000.0,3.5176721816621406,-1.5881675298066071,5.0018489619170925,-3.3696255189305995,3.5171024578736083,-1.5881827373413437,3.5171024578736083,-1.5881827373413437
3545000000.0,3.5170682641136737,-1.586433203394826,5.02336041597367,-3.360082451555155,3.516498668715296,-1.586448323945885,3.516498668715296,-1.586448323945885
3550000000.0,3.5164656535665895,-1.5847035567610246,5.030253091948422,-3.3460773020820738,3.5158960915329285,-1.584718577169305,3.5158960915329285,-1.584718577169305
3555000000.0,3.515864344031005,-1.5829785692995753,5.033826489620285,-3.339197049934539,3.515294801961003,-1.582993536948991,3.515294801961003,-1.582993536948991
3560000000.0,3.5152643295613517,-1.5812582205222174,5.038323470368342,-3.3143709106897536,3.514694794738093,-1.5812730235589998,3.514694794738093,-1.5812730235589998
3565000000.0,3.514665604255984,-1.5795424900572632,5.035534884436603,-3.3018689981183043,3.5140960441834763,-1.5795572121535517,3.5140960441834763,-1.5795572121535517
3570000000.0,3.5140681622567933,-1.577831357648803,5.041999071959643,-3.275337848297197,3.5134986193323106,-1.5778459028191676,3.5134986193323106,-1.5778459028191676
3575000000.0,3.51347199774882,-1.5761248031559216,5.048140974314268,-3.2201309757720153,3.5129024392183066,-1.5761389957809564,3.5129024392183066,-1.5761389957809564
3580000000.0,3.5128771049598764,-1.5744228065519184,5.028498651862908,-3.2139587773873233,3.5123074242250216,-1.5744369753128762,3.5123074242250216,-1.5744369753128762
3585000000.0,3.5122834781601666,-1.5727253479235335,4.990759887864953,-3.2130219585863595,3.511713570107479,-1.5727395436191256,3.511713570107479,-1.5727395436191256
3590000000.0,3.511691111661916,-1.571032407470183,4.978563273648218,-3.1974114257791943,3.5111211175045307,-1.5710465136042127,3.5111211175045307,-1.5710465136042127
3595000000.0,3.511099999819001,-1.5693439655031953,4.955292766804553,-3.1851099185704403,3.5105298555664923,-1.5693580137929513,3.5105298555664923,-1.5693580137929513
3600000000.0,3.510510137026583,-1.567660002445059,4.9333853263727105,-3.2038114800489317,3.509939882746056,-1.567674180331377,3.509939882746056,-1.567674180331377
3605000000.0,3.5099215177207452,-1.5659804988286719,4.911798853871904,-3.198541037421152,3.5093511309871888,-1.5659946595677021,3.5093511309871888,-1.5659946595677021
3610000000.0,3.509334136378134,-1.564305435296599,4.904122049809317,-3.2265954796361584,3.5087637351556364,-1.564319768210406,3.5087637351556364,-1.564319768210406
3615000000.0,3.5087479875156076,-1.5626347926003352,4.89144860708325,-3.2359734425376265,3.508177522513477,-1.5626491887225298,3.508177522513477,-1.5626491887225298
3620000000.0,3.508163065689876,-1.5609685515995746,4.8946584119548495,-3.2465003775111874,3.5075926351142086,-1.5609830024392282,3.5075926351142086,-1.5609830024392282
3625000000.0,3.5075793654971608,-1.5593066932614827,4.863953946681421,-3.2751067988322133,3.507008778858747,-1.5593213426965875,3.507008778858747,-1.5593213426965875
3630000000.0,3.5069968815728454,-1.5576491986599792,4.905626208147038,-3.266577214383412,3.5064265470100664,-1.5576637488407001,3.5064265470100664,-1.5576637488407001
3635000000.0,3.5064156085911353,-1.555996048975022,4.9073480144196235,-3.2731111061492575,3.5058452955910586,-1.5560106311380564,3.5058452955910586,-1.5560106311380564
3640000000.0,3.5058355412647177,-1.5543472254918984,4.92211174854625,-3.2662442815867023,3.5052653168549006,-1.5543617443005533,3.5052653168549006,-1.5543617443005533
3645000000.0,3.5052566743444302,-1.5527027096005228,4.9269222534400745,-3.267143043526937,3.5046864850340853,-1.5527172226347539,3.5046864850340853,-1.5527172226347539
3650000000.0,3.5046790026189236,-1.5510624827947388,4.940281360899771,-3.264046205284594,3.504108897091266,-1.5510769568201863,3.504108897091266,-1.5510769568201863
3655000000.0,3.5041025209143375,-1.549426526671626,4.947516057811139,-3.251332061219434,3.5035324516913398,-1.5494409085144298,3.5035324516913398,-1.5494409085144298
3660000000.0,3.5035272240939728,-1.5477948229308147,4.944905121008983,-3.24558061228699,3.5029571375707707,-1.547809165469166,3.5029571375707707,-1.547809165469166
3665000000.0,3.5029531070579703,-1.5461673533738025,4.945981846368542,-3.2412490067508277,3.5023830273720784,-1.5461816615882742,3.5023830273720784,-1.5461816615882742
3670000000.0,3.502380164742991,-1.54454409990328,4.949080176595787,-3.2390599920008643,3.5018101065287714,-1.5445583849027997,3.5018101065287714,-1.5445583849027997
3675000000.0,3.501808392121899,-1.5429250445224567,4.9637806717503965,-3.241027038660528,3.501238431176567,-1.542939319917375,3.501238431176567,-1.542939319917375
3680000000.0,3.5012377842034494,-1.5413101693343998,4.964245534596704,-3.22494187054398,3.5006678140934784,-1.5413243385452136,3.5006678140934784,-1.5413243385452136
3685000000.0,3.500668336031979,-1.5396994565413689,4.9599677023786075,-3.2179618845721167,3.500098336972265,-1.5397135806288886,3.500098336972265,-1.5397135806288886
3690000000.0,3.500100042687096,-1.5380928884441634,4.964369856062538,-3.2059468045675508,3.499530062806744,-1.5381069273689554,3.499530062806744,-1.5381069273689554
3695000000.0,3.4995328992833796,-1.5364904474414705,4.965677851891125,-3.1944213687225256,3.4989629199734846,-1.536504407462914,3.4989629199734846,-1.536504407462914
3700000000.0,3.498966900970076,-1.5348921160292202,4.96718139765409,-3.189170676250004,3.4983969300046147,-1.5349060355236497,3.4983969300046147,-1.5349060355236497
3705000000.0,3.4984020429308007,-1.5332978767999446,4.973381620475084,-3.166748601056211,3.4978320908493723,-1.5333116452594886,3.4978320908493723,-1.5333116452594886
3710000000.0,3.497838320383243,-1.5317077124421423,4.967452274231969,-3.1548671548909573,3.497268323830831,-1.5317214076212957,3.497268323830831,-1.5317214076212957
3715000000.0,3.497275728578873,-1.5301216057396483,4.963952473553036,-3.146480099554311,3.4967057061883544,-1.530135246517618,3.4967057061883544,-1.530135246517618
3720000000.0,3.496714262802651,-1.5285395395710066,4.95106882505856,-3.1273286589165257,3.4961441455656574,-1.5285530701515078,3.4961441455656574,-1.5285530701515078
3725000000.0,3.496153918372742,-1.52696149690885,4.949290284346184,-3.1173664365401232,3.4955837841120485,-1.5269749617220454,3.4955837841120485,-1.5269749617220454
3730000000.0,3.4955946906402295,-1.5253874608192843,4.931271411425632,-3.0966701003516826,3.495024428658971,-1.525400811847867,3.495024428658971,-1.525400811847867
3735000000.0,3.495036574988835,-1.5238174144612757,4.9170828359068315,-3.084386084561795,3.4944662178660137,-1.523830699048729,3.4944662178660137,-1.523830699048729
3740000000.0,3.4944795668346367,-1.5222513410860428,4.895183876909735,-3.081391238093418,3.4939090776837443,-1.522264623963647,3.4939090776837443,-1.522264623963647
3745000000.0,3.493923661625795,-1.5206892240364571,4.881055393014819,-3.0846993713557795,3.4933530944106725,-1.520702535177076,3.4933530944106725,-1.520702535177076
3750000000.0,3.4933688548422785,-1.519131046746443,4.855543710546629,-3.0915213859713004,3.4927981439340914,-1.5191444192387695,3.4927981439340914,-1.5191444192387695
3755000000.0,3.4928151419955915,-1.5175767927403847,4.84524587415825,-3.1073325713944198,3.49224438900398,-1.5175902653849442,3.49224438900398,-1.5175902653849442
3760000000.0,3.4922625186285057,-1.5160264456325387,4.832422041893728,-3.1259474372360767,3.4916917107401235,-1.516040038185784,3.4916917107401235,-1.516040038185784
3765000000.0,3.491710980314795,-1.5144799891264475,4.8422492606525305,-3.1416710236510177,3.4911402527101716,-1.5144936612097712,3.4911402527101716,-1.5144936612097712
3770000000.0,3.4911605226589706,-1.5129374070143615,4.8524424650093545,-3.1636056096132683,3.4905898841348395,-1.512951196564934,3.4905898841348395,-1.512951196564934
3775000000.0,3.4906111412960206,-1.511398683176663,4.87846369238302,-3.1754542605638463,3.490040679148999,-1.5114125123895958,3.490040679148999,-1.5114125123895958
3780000000.0,3.4900628318911497,-1.5098638015812953,4.907773919938032,-3.179827499066175,3.4894925592402837,-1.5098776207777016,3.4894925592402837,-1.5098776207777016
3785000000.0,3.489515590139525,-1.5083327462831941,4.927808055190454,-3.1628845003999158,3.488945427605603,-1.5083464334105026,3.488945427605603,-1.5083464334105026
3790000000.0,3.4889694117660204,-1.506805501423728,4.949441987377781,-3.1452608724922793,3.4883993681475065,-1.5068190501873884,3.4883993681475065,-1.5068190501873884
3795000000.0,3.488424292524967,-1.5052820512301384,4.951104208293926,-3.1158443430111276,3.48785423171926,-1.505295410611851,3.48785423171926,-1.505295410611851
3800000000.0,3.4878802281999013,-1.5037623800149846,4.946381229124888,-3.0958492318810733,3.4873101210717437,-1.5037756151498491,3.4873101210717437,-1.5037756151498491
3805000000.0,3.4873372146033197,-1.5022464721755957,4.948407508090511,-3.071837607370036,3.486767097957969,-1.502259551221428,3.486767097957969,-1.502259551221428
3810000000.0,3.4867952475764348,-1.5007343121935237,4.935745352636594,-3.066353151739638,3.4862250519216325,-1.5007473649247214,3.4862250519216325,-1.5007473649247214
3815000000.0,3.486254322988932,-1.4992258846340019,4.925416154588837,-3.0510875694608037,3.485684051861177,-1.4992388487093207,3.485684051861177,-1.4992388487093207
3820000000.0,3.4857144367387294,-1.4977211741454075,4.919974871616926,-3.0439877290160413,3.485144129031101,-1.4977340941152477,3.485144129031101,-1.4977340941152477
3825000000.0,3.4851755847517403,-1.4962201654587273,4.893869532159795,-3.037881158331513,3.4846051155872173,-1.49623307008353,3.4846051155872173,-1.49623307008353
3830000000.0,3.484637762981639,-1.4947228433870297,4.884837537688259,-3.0343628110689584,3.484067239355443,-1.4947357296803157,3.484067239355443,-1.4947357296803157
3835000000.0,3.4841009674096246,-1.493229192824936,4.873411533319137,-3.0538490448755837,3.4835303996084503,-1.4932422035624136,3.4835303996084503,-1.4932422035624136
3840000000.0,3.4835651940441927,-1.491739198748102,4.872863016045791,-3.049769654394883,3.4829946228861575,-1.491752178515892,3.4829946228861575,-1.491752178515892
3845000000.0,3.483030438920905,-1.4902528462126967,4.865545542577614,-3.049086947245667,3.4824598267664295,-1.4902658230301853,3.4824598267664295,-1.4902658230301853
3850000000.0,3.4824966981021612,-1.488770120354892,4.868813383700792,-3.0510034199951646,3.4819261123313217,-1.4887830986903856,3.4819261123313217,-1.4887830986903856
3855000000.0,3.481963967676977,-1.487291006390349,4.873967708054425,-3.0448799686873165,3.481393411137292,-1.4873039351101953,3.481393411137292,-1.4873039351101953
3860000000.0,3.4814322437607594,-1.4858154896137135,4.86841213216862,-3.0348677668294033,3.4808616468422016,-1.4858283565978403,3.4808616468422016,-1.4858283565978403
3865000000.0,3.4809015224950857,-1.4843435553981124,4.867150745950991,-3.0419284291609308,3.4803309299151066,-1.4843564601685246,3.4803309299151066,-1.4843564601685246
3870000000.0,3.480371800047487,-1.4828751891946552,4.870297119437755,-3.034695885018115,3.4798012231991997,-1.4828880397361006,3.4798012231991997,-1.4828880397361006
3875000000.0,3.479843072611229,-1.4814103765319393,4.863142375095859,-3.0272246835318963,3.479272448348557,-1.4814231826100897,3.479272448348557,-1.4814231826100897
3880000000.0,3.4793153364050995,-1.4799491030155556,4.85533664955367,-3.024298412318638,3.478744665716175,-1.4799618930695824,3.478744665716175,-1.4799618930695824
3885000000.0,3.4787885876731948,-1.4784913543276046,4.861784591440857,-3.0242296146148675,3.4782179605921963,-1.4785041302846187,3.4782179605921963,-1.4785041302846187
3890000000.0,3.4782628226847097,-1.4770371162262093,4.861659906422407,-3.018873499935682,3.4776921933556015,-1.4770498529794909,3.4776921933556015,-1.4770498529794909
3895000000.0,3.4777380377337255,-1.4755863745450333,4.860645045476016,-3.022404375972526,3.477167410437557,-1.4755991272942646,3.477167410437557,-1.4755991272942646
3900000000.0,3.4772142291390096,-1.474139115192807,4.853667645976239,-3.011902428069318,3.476643552147713,-1.4741518048435955,3.476643552147713,-1.4741518048435955
3905000000.0,3.4766913932438044,-1.4726953241528509,4.852960492546461,-2.9986275506891125,3.4761207017317015,-1.4727079270032213,3.4761207017317015,-1.4727079270032213
3910000000.0,3.476169526415628,-1.471254987482606,4.8589050305548165,-2.9970339648820272,3.4755988737049766,-1.4712675673942117,3.4755988737049766,-1.4712675673942117
3915000000.0,3.475648625046072,-1.469818091313167,4.854662309482608,-2.9931195368888965,3.47507794650046,-1.46983064536872,3.47507794650046,-1.46983064536872
3920000000.0,3.4751286855505996,-1.46838462184882,4.851161841063138,-2.998072744830734,3.474557995464943,-1.4683972032791137,3.474557995464943,-1.4683972032791137
3925000000.0,3.474609704368353,-1.466954565366579,4.845962536003114,-2.9929014830625187,3.474038981225426,-1.4669671143364211,3.474038981225426,-1.4669671143364211
3930000000.0,3.474091677961955,-1.4655279082157335,4.848400411043061,-2.9861215793531417,3.4735209665180014,-1.4655404065139883,3.4735209665180014,-1.4655404065139883
3935000000.0,3.473574602817313,-1.464104636817392,4.85109438373962,-2.9796464024165448,3.473003904935199,-1.4641170860013515,3.473003904935199,-1.4641170860013515
3940000000.0,3.4730584754434326,-1.4626847376640328,4.842413674197835,-2.9783070526267417,3.472487727515669,-1.4626971816359047,3.472487727515669,-1.4626971816359047
3945000000.0,3.4725432923722197,-1.461268197319057,4.8407725171728195,-2.9710391995353405,3.4719725307015614,-1.4612805921794951,3.4719725307015614,-1.4612805921794951
3950000000.0,3.472029050158299,-1.459855002416346,4.84220090071812,-2.968538781027564,3.4714582987076144,-1.4598673737879841,3.4714582987076144,-1.4598673737879841
3955000000.0,3.4715157453788223,-1.458445139659819,4.838673038304745,-2.9602751450759635,3.4709449675532174,-1.4584574579764467,3.4709449675532174,-1.4584574579764467
3960000000.0,3.471003374633285,-1.4570385958229979,4.838947261457915,-2.9544814550551464,3.470432596300586,-1.457050871894851,3.470432596300586,-1.457050871894851
3965000000.0,3.4704919345433436,-1.4556353577485714,4.840253253088174,-2.9559816534172674,3.469921170124524,-1.4556476347988065,3.469921170124524,-1.4556476347988065
3970000000.0,3.4699814217526312,-1.4542354123479673,4.8305422369222555,-2.9508259207286103,3.4694105967689097,-1.454247662192367,3.4694105967689097,-1.454247662192367
3975000000.0,3.4694718329265797,-1.45283874660092,4.825774143562281,-2.9491260423251093,3.468900981312906,-1.4528509847463655,3.468900981312906,-1.4528509847463655
3980000000.0,3.4689631647522385,-1.4514453475550497,4.829709950112607,-2.9422651026466657,3.468392333673723,-1.4514575328993848,3.468392333673723,-1.4514575328993848
3985000000.0,3.4684554139381016,-1.4500552023254394,4.824076965613218,-2.9382256446626154,3.467884548346898,-1.4500673627334124,3.467884548346898,-1.4500673627334124
3990000000.0,3.4679485772139276,-1.448668298094216,4.825213625396767,-2.9322217370750385,3.4673777160526282,-1.4486804140492873,3.4673777160526282,-1.4486804140492873
3995000000.0,3.4674426513305696,-1.4472846221101356,4.821656528367905,-2.932593508732313,3.4668717732146397,-1.4472967376337769,3.4668717732146397,-1.4472967376337769
4000000000.0,3.4669376330598007,-1.4459041616881705,4.818658142507159,-2.9246784753750057,3.4663667320769704,-1.4459162257970808,3.4663667320769704,-1.4459162257970808
4005000000.0,3.4664335191941444,-1.444526904209099,4.8205922470891815,-2.924309021386452,3.4658626337862617,-1.4445389572129987,3.4658626337862617,-1.4445389572129987
4010000000.0,3.465930306546705,-1.4431528371190994,4.818230201736099,-2.9193662064669326,3.4653594054532912,-1.4431648560653823,3.4653594054532912,-1.4431648560653823
4015000000.0,3.465427991950999,-1.441781947929346,4.811549480503748,-2.9137345260139207,3.464857048157653,-1.441793933514779,3.464857048157653,-1.441793933514779
4020000000.0,3.464926572260793,-1.4404142242156093,4.811237671083713,-2.9097095387452336,3.4643556262514528,-1.4404261790296762,3.4643556262514528,-1.4404261790296762
4025000000.0,3.464426044349933,-1.4390496536178552,4.8095628352632325,-2.909363483690931,3.463855091994455,-1.439061601540012,3.463855091994455,-1.439061601540012
4030000000.0,3.4639264051121867,-1.4376882238398534,4.810002070076545,-2.902414575362082,3.4633554517772023,-1.4377001223897872,3.4633554517772023,-1.4377001223897872
4035000000.0,3.4634276514610787,-1.4363299226487822,4.804367515037484,-2.8983831299677627,3.462856663565198,-1.4363417964240544,3.462856663565198,-1.4363417964240544
4040000000.0,3.46292978032973,-1.4349747378748399,4.804079283817742,-2.8933884302972626,3.462358789220669,-1.4349865749841122,3.462358789220669,-1.4349865749841122
4045000000.0,3.4624327886707027,-1.433622657410859,4.802781481612978,-2.888543995079492,3.461861788378898,-1.4336344599155455,3.461861788378898,-1.4336344599155455
4050000000.0,3.4619366734558383,-1.4322736692119207,4.79827831672955,-2.8851080751447955,3.4613656461314783,-1.4322854493052477,3.4613656461314783,-1.4322854493052477
4055000000.0,3.4614414316761057,-1.4309277612949736,4.79511202111327,-2.8848015626298404,3.460870388977164,-1.4309395364429094,3.460870388977164,-1.4309395364429094
4060000000.0,3.4609470603414425,-1.4295849217384569,4.79166948146643,-2.8804674929355483,3.4603759960151206,-1.4295966678350225,3.4603759960151206,-1.4295966678350225
4065000000.0,3.4604535564806054,-1.428245138681922,4.791039119297861,-2.8743779162096046,3.4598824855716863,-1.4282568418984223,3.4598824855716863,-1.4282568418984223
4070000000.0,3.459960917141017,-1.4269084003256616,4.786958605733656,-2.8722375194215863,3.459389823220205,-1.4269200885332767,3.459389823220205,-1.4269200885332767
4075000000.0,3.4594691393886143,-1.4255746949303374,4.78726575944717,-2.8689319364217067,3.4588980477166418,-1.425586356076479,3.4588980477166418,-1.425586356076479
4080000000.0,3.4589782203077024,-1.4242440108166121,4.787209792720265,-2.864604755926739,3.458407127508083,-1.4242556391223202,3.458407127508083,-1.4242556391223202
4085000000.0,3.4584881570008026,-1.4229163363647856,4.780388853685748,-2.859595870154029,3.4579170212989188,-1.4229279354351443,3.4579170212989188,-1.4229279354351443
4090000000.0,3.4579989465885097,-1.421591660014431,4.778787206775028,-2.858913077438261,3.457427804538348,-1.4216032501023925,3.457427804538348,-1.4216032501023925
4095000000.0,3.4575105862093456,-1.420269970264033,4.775953121676409,-2.857865357392633,3.4569394299246343,-1.4202815505719624,3.4569394299246343,-1.4202815505719624
4100000000.0,3.4570230730196143,-1.418951255670633,4.775566682438344,-2.849236573861881,3.4564519086532632,-1.418962777490347,3.4564519086532632,-1.418962777490347
4105000000.0,3.4565364041932605,-1.4176355048494722,4.774049219503043,-2.8477944639987975,3.4559652331062845,-1.4176470130012782,3.4559652331062845,-1.4176470130012782
4110000000.0,3.4560505769217285,-1.4163227064736388,4.771889239471801,-2.8418503521056637,3.4554793900557845,-1.4163341744431457,3.4554793900557845,-1.4163341744431457
4115000000.0,3.4555655884138203,-1.415012849273718,4.766881641927132,-2.840333608531555,3.454994373606106,-1.4150243071347872,3.454994373606106,-1.4150243071347872
4120000000.0,3.4550814358955586,-1.4137059220374444,4.76382803382956,-2.8402493917318803,3.4545102066087314,-1.4137173762245734,3.4545102066087314,-1.4137173762245734
4125000000.0,3.4545981166100486,-1.4124019136093566,4.765005746761287,-2.8333044516089694,3.45402689057747,-1.4124133177499385,3.45402689057747,-1.4124133177499385
4130000000.0,3.454115627817342,-1.4111008128904539,4.758999020133888,-2.8320349702903918,3.4535443680720697,-1.411112209585534,3.4535443680720697,-1.411112209585534
4135000000.0,3.4536339667943006,-1.4098026088378557,4.761985422804069,-2.8336198862357724,3.4530627310350663,-1.4098140050385481,3.4530627310350663,-1.4098140050385481
4140000000.0,3.453153130834463,-1.4085072904644635,4.760054100848433,-2.826864185724818,3.4525818796990597,-1.408518641340716,3.4525818796990597,-1.408518641340716
4145000000.0,3.4526731172479117,-1.4072148468386256,4.756156396633552,-2.8301237489134925,3.452101850359657,-1.4072262152805959,3.452101850359657,-1.4072262152805959
4150000000.0,3.452193923361143,-1.4059252670838027,4.755177153257039,-2.8227742670931386,3.451622646165397,-1.405936585521925,3.451622646165397,-1.405936585521925
4155000000.0,3.4517155465169322,-1.404638540378237,4.755959641158063,-2.8194763786313786,3.4511442743280454,-1.4046498313044202,3.4511442743280454,-1.4046498313044202
4160000000.0,3.45123798407421,-1.403354655954623,4.751422224970808,-2.8193622213863545,3.4506666883714083,-1.4033659447829505,3.4506666883714083,-1.4033659447829505
4165000000.0,3.4507612334079303,-1.4020736030997822,4.752796132312459,-2.81308520797081,3.45018994283303,-1.4020848457101405,3.45018994283303,-1.4020848457101405
4170000000.0,3.450285291908943,-1.400795371154337,4.751029404205629,-2.8132495457981412,3.449713994905686,-1.400806610157925,3.449713994905686,-1.400806610157925
4175000000.0,3.44981015698387,-1.3995199495123902,4.747446407014753,-2.803757581119211,3.4492388313650104,-1.3995311286046845,3.4492388313650104,-1.3995311286046845
4180000000.0,3.4493358260549813,-1.398247327621204,4.750423303641308,-2.809813905413563,3.4487645295419203,-1.3982585332501576,3.4487645295419203,-1.3982585332501576
4185000000.0,3.4488622965600664,-1.3969774949808822,4.74423288352522,-2.7999948191177615,3.4482909552471184,-1.396988641753229,3.4482909552471184,-1.396988641753229
4190000000.0,3.448389565952316,-1.3957104411440557,4.745071940841444,-2.8013283042440955,3.4478182353190054,-1.3957215883632672,3.4478182353190054,-1.3957215883632672
4195000000.0,3.4479176317002,-1.3944461557155696,4.740689827331433,-2.7949353049733268,3.447346271174106,-1.3944572627275522,3.447346271174106,-1.3944572627275522
4200000000.0,3.4474464912873444,-1.3931846283521698,4.7460871098657424,-2.7916251488898642,3.4468751635853803,-1.3931957024030435,3.4468751635853803,-1.3931957024030435
4205000000.0,3.446976142212415,-1.391925848762196,4.742143852948727,-2.788387085192456,3.4464047909263273,-1.391936901196234,3.4464047909263273,-1.391936901196234
4210000000.0,3.4465065819889955,-1.390669806705274,4.740756676493478,-2.7883416306722046,3.445935226306255,-1.3906808538441624,3.445935226306255,-1.3906808538441624
4215000000.0,3.4460378081454737,-1.3894164919920124,4.738937576139189,-2.776653285367342,3.4454664318062727,-1.3894274639612023,3.4454664318062727,-1.3894274639612023
4220000000.0,3.445569818224921,-1.3881658944836974,4.742776389177074,-2.7797869173021703,3.4449984728091203,-1.3881768742289864,3.4449984728091203,-1.3881768742289864
4225000000.0,3.4451026097849824,-1.3869180040919937,4.739315117169501,-2.7701848602875137,3.4445312361761427,-1.3869289232231352,3.4445312361761427,-1.3869289232231352
4230000000.0,3.4446361803977568,-1.3856728107786467,4.732260165826867,-2.7704689598643877,3.4440647685256147,-1.3856837332784322,3.4440647685256147,-1.3856837332784322
4235000000.0,3.444170527649686,-1.3844303045551838,4.733746333855274,-2.758534758069548,3.443599114702303,-1.3844411465847701,3.443599114702303,-1.3844411465847701
4240000000.0,3.443705649141443,-1.383190475482622,4.730420090309801,-2.7597999096580783,3.443134221617098,-1.3832013224175819,3.443134221617098,-1.3832013224175819
4245000000.0,3.4432415424878187,-1.3819533136711752,4.730526196391311,-2.7531442482354676,3.4426701117422533,-1.381964113648315,3.4426701117422533,-1.381964113648315
4250000000.0,3.442778205317614,-1.3807188092799616,4.731749488367109,-2.7521077737797284,3.4422067847316917,-1.3807295948904819,3.4422067847316917,-1.3807295948904819
4255000000.0,3.4423156352735274,-1.3794869525167186,4.729441680707785,-2.7439165353138173,3.4417441950353416,-1.3794976847729177,3.4417441950353416,-1.3794976847729177
4260000000.0,3.4418538300120476,-1.3782577336375132,4.731636838388874,-2.7458440797667403,3.4412824093129584,-1.3782684682478092,3.4412824093129584,-1.3782684682478092
4265000000.0,3.441392787203348,-1.377031142946459,4.726067985799884,-2.735691071404427,3.440821324807031,-1.3770418162706908,3.440821324807031,-1.3770418162706908
4270000000.0,3.440932504531175,-1.375807170795434,4.7308209047918295,-2.735319458428801,3.440361074346776,-1.3758178295314942,3.440361074346776,-1.3758178295314942
4275000000.0,3.4404729796927485,-1.3745858075837973,4.730378820240781,-2.7318494408934613,3.4399015466809644,-1.374596439242298,3.4399015466809644,-1.374596439242298
4280000000.0,3.4400142103986524,-1.3733670437581147,4.72499787319746,-2.7232158875456607,3.4394427385767368,-1.373377623133961,3.4394427385767368,-1.373377623133961
4285000000.0,3.4395561943727317,-1.372150869811877,4.725880088474207,-2.723533670939265,3.438984732227464,-1.3721614433675045,3.438984732227464,-1.3721614433675045
4290000000.0,3.4390989293519905,-1.370937276285228,4.724805645808544,-2.7145574959734033,3.4385274539110027,-1.3709477903536125,3.4385274539110027,-1.3709477903536125
4295000000.0,3.43864241308649,-1.3697262537646901,4.7216714363368695,-2.711047786111546,3.438070918503286,-1.3697367437808707,3.438070918503286,-1.3697367437808707
4300000000.0,3.4381866433392454,-1.3685177928828933,4.722281947790054,-2.7066866559609966,3.437615151133083,-1.368528249209869,3.437615151133083,-1.368528249209869
4305000000.0,3.4377316178861266,-1.367311884318306,4.719711386539872,-2.7000167214344675,3.4371601060958823,-1.3673222969043404,3.4371601060958823,-1.3673222969043404
4310000000.0,3.4372773345157595,-1.366108518794966,4.71941747669012,-2.694269126784131,3.4367058179421877,-1.3661188904521697,3.4367058179421877,-1.3661188904521697
4315000000.0,3.436823791029425,-1.364907687082216,4.715280371300534,-2.689152373342001,3.4362522473031483,-1.364918026278902,3.4362522473031483,-1.364918026278902
4320000000.0,3.4363709852409654,-1.3637093799944398,4.711796431173082,-2.6828977925584527,3.4357994169066592,-1.3637196791153559,3.4357994169066592,-1.3637196791153559
4325000000.0,3.435918914976681,-1.3625135883907968,4.707451190970783,-2.681377767102029,3.4353473226013014,-1.3625238769497332,3.4353473226013014,-1.3625238769497332
4330000000.0,3.43546757807524,-1.3613203031749654,4.6995735907398535,-2.6755996959622963,3.4348959352807724,-1.3613305598755159,3.4348959352807724,-1.3613305598755159
4335000000.0,3.4350169723875803,-1.3601295152948825,4.696493994040754,-2.6741867061136966,3.4344453132818744,-1.360139760549027,3.4344453132818744,-1.360139760549027
4340000000.0,3.434567095776815,-1.3589412157424852,4.6948984757601355,-2.66985331402793,3.4339954257298646,-1.358951430225043,3.4339954257298646,-1.358951430225043
4345000000.0,3.4341179461181386,-1.3577553955534576,4.693013112288835,-2.6711827796565855,3.433546270244896,-1.357765613619769,3.433546270244896,-1.357765613619769
4350000000.0,3.4336695212987363,-1.3565720458069757,4.690741285091863,-2.664311185680697,3.433097827334735,-1.3565822186937224,3.433097827334735,-1.3565822186937224
4355000000.0,3.433221819217689,-1.3553911576254554,4.6865149555638,-2.6645228483481693,3.4326501040146833,-1.355401330228602,3.4326501040146833,-1.355401330228602
4360000000.0,3.4327748377858827,-1.3542127221743028,4.683626307275284,-2.660946493543606,3.4322031047773076,-1.3542228701424803,3.4322031047773076,-1.3542228701424803
4365000000.0,3.4323285749259194,-1.3530367306616649,4.686969860660322,-2.6575678427325027,3.4317568617425076,-1.3530468476198303,3.4317568617425076,-1.3530468476198303
4370000000.0,3.431883028572026,-1.3518631743381841,4.686972195805067,-2.660720430572706,3.4313113231085506,-1.3518733035491535,3.4313113231085506,-1.3518733035491535
4375000000.0,3.4314381966699647,-1.3506920444967503,4.680694186933032,-2.6638366930871302,3.4308664611516964,-1.3507021933973533,3.4308664611516964,-1.3507021933973533
4380000000.0,3.4309940771769467,-1.3495233324722602,4.682451364611819,-2.6539542813020116,3.4304223440619275,-1.3495334132321979,3.4304223440619275,-1.3495334132321979
4385000000.0,3.4305506680615436,-1.348357029641372,4.682248594158267,-2.6558331955364785,3.429978939882918,-1.3483671152724772,3.429978939882918,-1.3483671152724772
4390000000.0,3.4301079673036003,-1.3471931274222684,4.68501161234289,-2.6472289806439364,3.429536249064707,-1.3472031513451026,3.429536249064707,-1.3472031513451026
4395000000.0,3.429665972894149,-1.3460316172744138,4.683189149470417,-2.6468983738791905,3.4290942471712045,-1.3460416347789161,3.4290942471712045,-1.3460416347789161
4400000000.0,3.429224682835325,-1.3448724906983205,4.686538010266753,-2.640816946859307,3.428652973611199,-1.3448824609066619,3.428652973611199,-1.3448824609066619
4405000000.0,3.4287840951402817,-1.3437157392353112,4.6913489957001095,-2.637297094780075,3.428212414324565,-1.343725675692385,3.428212414324565,-1.343725675692385
4410000000.0,3.428344207833105,-1.3425613544672852,4.684050598729753,-2.631199730119916,3.4277724795349624,-1.342571256670288,3.4277724795349624,-1.342571256670288
4415000000.0,3.4279050189487332,-1.3414093280164852,4.6777627174637875,-2.6264362439631013,3.42733325090055,-1.3414192027349303,3.42733325090055,-1.3414192027349303
4420000000.0,3.427466526532872,-1.3402596515452674,4.686153129333494,-2.6186671197920175,3.426894803004372,-1.3402694625977454,3.426894803004372,-1.3402694625977454
4425000000.0,3.427028728641914,-1.3391123167558703,4.6780171294756485,-2.5985380304205115,3.4264569351526246,-1.3391220107093782,3.4264569351526246,-1.3391220107093782
4430000000.0,3.4265916233428575,-1.3379673153901885,4.677418721446656,-2.607991634820778,3.4260198418643766,-1.3379770599476604,3.4260198418643766,-1.3379770599476604
4435000000.0,3.4261552087132263,-1.3368246392295444,4.672352090721804,-2.597488771473998,3.4255833876472366,-1.3368343205366306,3.4255833876472366,-1.3368343205366306
4440000000.0,3.4257194828409894,-1.335684280094464,4.669496074859285,-2.590468632055592,3.4251476397427116,-1.335693916279501,3.4251476397427116,-1.335693916279501
4445000000.0,3.4252844438244825,-1.3345462298444535,4.664523450629634,-2.5872911432369965,3.424712570833814,-1.3345558465316325,3.424712570833814,-1.3345558465316325
4450000000.0,3.4248500897723293,-1.3334104803777764,4.65189059802201,-2.5913389547124464,3.4242781501021824,-1.3334201302393562,3.4242781501021824,-1.3334201302393562
4455000000.0,3.424416418803365,-1.3322770236312336,4.656749935940358,-2.5860534315219694,3.4238445053742,-1.3322866292005417,3.4238445053742,-1.3322866292005417
4460000000.0,3.423983429046557,-1.331145851579943,4.646683194346132,-2.581839798088386,3.4234114540223723,-1.331155437793926,3.4234114540223723,-1.331155437793926
4465000000.0,3.4235511186409306,-1.3300169562371242,4.640585103613739,-2.5814825705290994,3.4229791105118514,-1.3300265411878585,3.4229791105118514,-1.3300265411878585
4470000000.0,3.423119485735494,-1.3288903296538783,4.634036426686198,-2.585785435129749,3.4225474475455853,-1.3288999417113971,3.4225474475455853,-1.3288999417113971
4475000000.0,3.422688528489158,-1.3277659639189763,4.637442430953596,-2.580618339548932,3.4221165079960767,-1.3277755342649258,3.4221165079960767,-1.3277755342649258
4480000000.0,3.4222582450706693,-1.3266438511586438,4.627605828609391,-2.590041190416115,3.421686181147974,-1.3266534832719183,3.421686181147974,-1.3266534832719183
4485000000.0,3.4218286336585306,-1.3255239835363495,4.636029414343088,-2.5897648690090946,3.421256623500474,-1.325533597005021,3.421256623500474,-1.325533597005021
4490000000.0,3.4213996924409296,-1.324406353252594,4.638336345136764,-2.591840957514374,3.420827702405117,-1.3244159696679556,3.420827702405117,-1.3244159696679556
4495000000.0,3.420971419615666,-1.3232909525447012,4.637891804679342,-2.586256567641034,3.4203994237589037,-1.3233005294625073,3.4203994237589037,-1.3233005294625073
4500000000.0,3.420543813390081,-1.322177773686608,4.6372764550412375,-2.5890206282906676,3.419971821031486,-1.322187361289108,3.419971821031486,-1.322187361289108
4505000000.0,3.420116871980984,-1.3210668089886612,4.641796767284241,-2.5866251735027315,3.4195449074781448,-1.3210763700094397,3.4195449074781448,-1.3210763700094397
4510000000.0,3.419690593614582,-1.3199580507974085,4.6495537055368334,-2.5809951779083855,3.4191186723094362,-1.3199675617702389,3.4191186723094362,-1.3199675617702389
4515000000.0,3.4192649765264105,-1.3188514914953968,4.651646702653793,-2.5724850845852902,3.4186930608301447,-1.318860942229062,3.4186930608301447,-1.318860942229062
4520000000.0,3.418840018961262,-1.317747123500969,4.659090416260106,-2.571469272392794,3.418268150338378,-1.3177565520857843,3.418268150338378,-1.3177565520857843
4525000000.0,3.4184157191731215,-1.3166449392680613,4.650042423221536,-2.5628373079430053,3.417843789229502,-1.3166543209734853,3.417843789229502,-1.3166543209734853
4530000000.0,3.417992075425092,-1.3155449312860052,4.656227809320699,-2.5560594403243995,3.4174201776460897,-1.3155542579226829,3.4174201776460897,-1.3155542579226829
4535000000.0,3.4175690859893284,-1.3144470920793265,4.646634027261709,-2.5510299688835207,3.4169971282099274,-1.3144563941686196,3.4169971282099274,-1.3144563941686196
4540000000.0,3.4171467491469754,-1.31335141420755,4.6470719942390595,-2.541257668228333,3.416574785293204,-1.313360650682204,3.416574785293204,-1.313360650682204
4545000000.0,3.4167250631880925,-1.312257890265002,4.64834473731104,-2.5312269820886715,3.4161530978464687,-1.3122670585477954,3.4161530978464687,-1.3122670585477954
4550000000.0,3.416304026411594,-1.3111665128806136,4.641171150848921,-2.5294107971576345,3.415732019678375,-1.311175672808462,3.415732019678375,-1.311175672808462
4555000000.0,3.4158836371251806,-1.3100772747177312,4.6406423772476995,-2.5255734352698687,3.41531162604655,-1.3100864057438049,3.41531162604655,-1.3100864057438049
4560000000.0,3.4154638936452755,-1.3089901684739198,4.638683065434487,-2.5220725912275306,3.4148918701124873,-1.3089992744412644,3.4148918701124873,-1.3089992744412644
4565000000.0,3.4150447942969584,-1.3079051868807747,4.6305310171936975,-2.517226870664311,3.4144727196831113,-1.3079142677107227,3.4144727196831113,-1.3079142677107227
4570000000.0,3.414626337413903,-1.3068223227037294,4.630837615342812,-2.511230791272248,3.414054260637597,-1.306831360739384,3.414054260637597,-1.306831360739384
4575000000.0,3.4142085213383133,-1.3057415687418679,4.627188461288979,-2.5039789528980925,3.413636417220143,-1.3057505615976792,3.413636417220143,-1.3057505615976792
4580000000.0,3.4137913444208587,-1.3046629178277367,4.6247308180329645,-2.504877810392335,3.4132192305018645,-1.3046719124874888,3.4132192305018645,-1.3046719124874888
4585000000.0,3.413374805020615,-1.3035863628271587,4.619625977189286,-2.4963608024628927,3.4128026534770055,-1.3035953066831631,3.4128026534770055,-1.3035953066831631
4590000000.0,3.4129589015049993,-1.3025118966390479,4.616706992566561,-2.4977813290044937,3.4123867380783426,-1.3025208459910862,3.4123867380783426,-1.3025208459910862
4595000000.0,3.4125436322497102,-1.3014395121952251,4.612225495381608,-2.4933131620641187,3.4119714401016914,-1.3014484340412682,3.4119714401016914,-1.3014484340412682
4600000000.0,3.4121289956386667,-1.3003692024602347,4.610539008978909,-2.490189213580794,3.411556793100917,-1.3003781012192286,3.411556793100917,-1.3003781012192286
4605000000.0,3.4117149900639476,-1.2993009604311647,4.604683016391538,-2.4888619179003677,3.411142754662118,-1.299309852124647,3.411142754662118,-1.299309852124647
4610000000.0,3.4113016139257324,-1.2982347791374633,4.602694498026398,-2.4831797492791994,3.4107293630578788,-1.2982436329542433,3.4107293630578788,-1.2982436329542433
4615000000.0,3.41088886563224,-1.297170651640763,4.601666496009141,-2.4871794081481613,3.410316617397112,-1.2971795238594983,3.410316617397112,-1.2971795238594983
4620000000.0,3.410476743599672,-1.2961085710346993,4.599667567393554,-2.4873029844886356,3.40990448726264,-1.2961174398856747,3.40990448726264,-1.2961174398856747
4625000000.0,3.4100652462521523,-1.295048530444735,4.59559575284333,-2.4833122877376845,3.409492964227358,-1.2950573741374771,3.409492964227358,-1.2950573741374771
4630000000.0,3.4096543720216714,-1.2939905230279836,4.595779547156029,-2.482960189237375,3.409082094247276,-1.2939993577404967,3.409082094247276,-1.2939993577404967
4635000000.0,3.409244119348027,-1.2929345419730365,4.595092654962434,-2.4812995986845143,3.4086718389734703,-1.2929433610477992,3.4086718389734703,-1.2929433610477992
4640000000.0,3.408834486678768,-1.2918805804997855,4.594561375336483,-2.480251179133236,3.4082622054113014,-1.291889387377988,3.4082622054113014,-1.291889387377988
4645000000.0,3.408425472469137,-1.290828631859254,4.596595738674941,-2.4782559525541314,3.407853204341635,-1.2908374176158317,3.407853204341635,-1.2908374176158317
4650000000.0,3.408017075182016,-1.2897786893334218,4.593579801144313,-2.4768565828419136,3.407444790935984,-1.2897874640079312,3.407444790935984,-1.2897874640079312
4655000000.0,3.4076092932878694,-1.2887307462350583,4.598179556871652,-2.4759505522426206,3.4070370388381677,-1.2887395029486013,3.4070370388381677,-1.2887395029486013
4660000000.0,3.407202125264689,-1.2876847959075497,4.59648357947211,-2.474660650718198,3.406629862678995,-1.287693540497889,3.406629862678995,-1.287693540497889
4665000000.0,3.4067955695979397,-1.2866408317247335,4.595079748773914,-2.4740433044928793,3.406223301480131,-1.286649567819498,3.406223301480131,-1.286649567819498
4670000000.0,3.4063896247805054,-1.2855988470907282,4.5961780854666205,-2.4717017806646844,3.4058173637828095,-1.285607561197947,3.4058173637828095,-1.285607561197947
4675000000.0,3.405984289312635,-1.284558835439771,4.5962267989169625,-2.465920486846448,3.4054120247179687,-1.2845675084561543,3.4054120247179687,-1.2845675084561543
4680000000.0,3.4055795617018885,-1.2835207902360484,4.596182762820608,-2.465004579638986,3.4050072992678837,-1.2835294512202944,3.4050072992678837,-1.2835294512202944
4685000000.0,3.405175440463085,-1.2824847049735346,4.5942151582472714,-2.4586573665394926,3.404603161674144,-1.2824933241354142,3.404603161674144,-1.2824933241354142
4690000000.0,3.4047719241182506,-1.2814505731758283,4.60036264014094,-2.458344771441969,3.4041996850869136,-1.2814591758002982,3.4041996850869136,-1.2814591758002982
4695000000.0,3.4043690111965645,-1.2804183883959896,4.595989236520671,-2.4507019713882743,3.40379673976342,-1.2804269446573067,3.40379673976342,-1.2804269446573067
4700000000.0,3.403966700234309,-1.2793881442163797,4.594760534064111,-2.449676453256154,3.4033944237574656,-1.2793966893409918,3.4033944237574656,-1.2793966893409918
4705000000.0,3.4035649897748175,-1.2783598342485007,4.598464777651428,-2.4319034698052167,3.4029927154879083,-1.2783682622946324,3.4029927154879083,-1.2783682622946324
4710000000.0,3.403163878368425,-1.2773334521328361,4.600584924092923,-2.434884411634406,3.402591624203087,-1.2773418883847032,3.402591624203087,-1.2773418883847032
4715000000.0,3.402763364572416,-1.2763089915386927,4.5977817363004405,-2.431552757315396,3.4021910929487595,-1.2763174050465158,3.4021910929487595,-1.2763174050465158
4720000000.0,3.402363446950976,-1.2752864461640447,4.591394461376849,-2.426504078506173,3.4017911343294878,-1.2752948314946464,3.4017911343294878,-1.2752948314946464
4725000000.0,3.4019641240751404,-1.2742658097353765,4.590701664551046,-2.426009870614456,3.4013918102660514,-1.2742741863802012,3.4013918102660514,-1.2742741863802012
4730000000.0,3.401565394522747,-1.2732470760075272,4.5879109533937505,-2.4230622516469755,3.400993063830772,-1.2732554321945118,3.400993063830772,-1.2732554321945118
4735000000.0,3.401167256878388,-1.272230238763538,4.585815950436948,-2.4165821109403045,3.400594908743716,-1.272238552636955,3.400594908743716,-1.272238552636955
4740000000.0,3.400769709733357,-1.2712152918144974,4.5778728834170686,-2.41506212041807,3.400197316070765,-1.271223600530757,3.400197316070765,-1.271223600530757
4745000000.0,3.4003727516856075,-1.27020222899939,4.574425752956764,-2.4171789586494254,3.399800343936339,-1.2702105481572292,3.399800343936339,-1.2702105481572292
4750000000.0,3.3999763813396995,-1.269191044184944,4.575346092252686,-2.4141282111415316,3.3994039785585226,-1.2691993373981485,3.3994039785585226,-1.2691993373981485
4755000000.0,3.3995805973067577,-1.2681817312654835,4.578085157405662,-2.409723882760714,3.39900820846612,-1.2681899880942826,3.39900820846612,-1.2681899880942826
4760000000.0,3.39918539820442,-1.2671742841627747,4.573787425807979,-2.4118509099485888,3.398612990256613,-1.2671825526479898,3.398612990256613,-1.2671825526479898
4765000000.0,3.398790782656794,-1.266168696825882,4.570281813384027,-2.4069780380625696,3.39821835101496,-1.26617693443487,3.39821835101496,-1.26617693443487
4770000000.0,3.39839674929441,-1.2651649632310176,4.575355749707961,-2.4050009271464177,3.397824348629777,-1.2651731757379654,3.397824348629777,-1.2651731757379654
4775000000.0,3.3980032967541764,-1.2641630773813954,4.575160973427765,-2.4095110372291684,3.3974309044830973,-1.2641713102475987,3.3974309044830973,-1.2641713102475987
4780000000.0,3.3976104236793314,-1.2631630333070856,4.580700920259445,-2.403311197895944,3.3970380595474703,-1.263171215358307,3.3970380595474703,-1.263171215358307
4785000000.0,3.3972181287194023,-1.2621648250648696,4.575434693971402,-2.4021159098178666,3.396645735305109,-1.2621730004245593,3.396645735305109,-1.2621730004245593
4790000000.0,3.396826410530158,-1.2611684467380961,4.578529681563914,-2.398313726379788,3.396254033926035,-1.26117658875942,3.396254033926035,-1.26117658875942
4795000000.0,3.396435267773566,-1.2601738924365384,4.580093805154582,-2.3913695161927544,3.395862894654405,-1.2601819845288733,3.395862894654405,-1.2601819845288733
4800000000.0,3.396044699117748,-1.2591811562962512,4.585095427503413,-2.387126156720208,3.3954723534642226,-1.259189209815282,3.3954723534642226,-1.259189209815282
4805000000.0,3.3956547032369366,-1.2581902324794303,4.5792049866981355,-2.3791731803326472,3.395082315459302,-1.2581982401845737,3.395082315459302,-1.2581982401845737
4810000000.0,3.395265278811433,-1.257201115174272,4.588295420075425,-2.374738350528125,3.394692942380984,-1.2572090775799176,3.394692942380984,-1.2572090775799176
4815000000.0,3.394876424527562,-1.2562137985948323,4.580413316346238,-2.3720866773301554,3.3943040413497343,-1.2562217493522418,3.3943040413497343,-1.2562217493522418
4820000000.0,3.3944881390776334,-1.2552282769808907,4.580467052689681,-2.3680793100580577,3.39391575428974,-1.2552361972639845,3.39391575428974,-1.2552361972639845
4825000000.0,3.394100421159896,-1.254244544597809,4.566934076202453,-2.356266723380981,3.393527943800304,-1.2542524067826377,3.393527943800304,-1.2542524067826377
4830000000.0,3.3937132694784977,-1.2532625957363972,4.574084690911256,-2.3540437599187496,3.393140834822111,-1.2532704283587908,3.393140834822111,-1.2532704283587908
4835000000.0,3.3933266827434445,-1.2522824247127762,4.572339274046859,-2.344533317826053,3.3927542282608796,-1.252290196866687,3.3927542282608796,-1.252290196866687
4840000000.0,3.392940659670558,-1.251304025868242,4.5676949945247785,-2.3390720123732267,3.3923681737880327,-1.251311765464015,3.3923681737880327,-1.251311765464015
4845000000.0,3.392555198981437,-1.2503273935691313,4.566995074405451,-2.3386568377949186,3.391982711878376,-1.2503351249734398,3.391982711878376,-1.2503351249734398
4850000000.0,3.392170299403413,-1.249352522206689,4.5632785167335665,-2.332698786125526,3.391597785685459,-1.2493602168781008,3.391597785685459,-1.2493602168781008
4855000000.0,3.3917859596695155,-1.248379406196934,4.561635083986339,-2.3265785579202025,3.3912134313238513,-1.2483870603603129,3.3912134313238513,-1.2483870603603129
4860000000.0,3.3914021785184283,-1.2474080399805267,4.556224057570063,-2.3243695784493856,3.390829618724493,-1.2474156818632645,3.390829618724493,-1.2474156818632645
4865000000.0,3.39101895469445,-1.2464384180226398,4.557087628109854,-2.3217553622119516,3.390446399838855,-1.246446036625272,3.390446399838855,-1.246446036625272
4870000000.0,3.3906362869474584,-1.2454705348128259,4.551887175508357,-2.3200850982200025,3.390063702622341,-1.2454781440310263,3.390063702622341,-1.2454781440310263
4875000000.0,3.390254174032868,-1.2445043848648887,4.5500891116029845,-2.3177806751153596,3.3896815793936876,-1.244511976295844,3.3896815793936876,-1.244511976295844
4880000000.0,3.389872614711593,-1.2435399627167538,4.546760678460019,-2.31375861119758,3.3892999983892387,-1.243547528363555,3.3892999983892387,-1.243547528363555
4885000000.0,3.3894916077500095,-1.2425772629303409,4.528108820989653,-2.311199105970309,3.388918881692015,-1.2425848323600515,3.388918881692015,-1.2425848323600515
4890000000.0,3.389111151919916,-1.2416162800914363,4.542969213949252,-2.311207767435046,3.3885385166284943,-1.241623822568819,3.3885385166284943,-1.241623822568819
4895000000.0,3.3887312459984984,-1.2406570088095659,4.539637348444274,-2.308658626509375,3.3881585910200536,-1.240664534191777,3.3881585910200536,-1.240664534191777
4900000000.0,3.3883518887682906,-1.2396994437178708,4.53942165000256,-2.306157755185383,3.387779232490923,-1.239706948010148,3.387779232490923,-1.239706948010148
4905000000.0,3.3879730790171383,-1.2387435794729802,4.537710999272917,-2.299021450389628,3.3874004062548324,-1.2387510374910735,3.3874004062548324,-1.2387510374910735
4910000000.0,3.3875948155381614,-1.237789410754889,4.536028150190697,-2.295678129121162,3.3870221316713893,-1.2377968447667824,3.3870221316713893,-1.2377968447667824
4915000000.0,3.3872170971297195,-1.2368369322668338,4.5386307782518545,-2.294337131191334,3.3866444300951306,-1.236844348113965,3.3866444300951306,-1.236844348113965
4920000000.0,3.3868399225953754,-1.2358861387351694,4.536848508792212,-2.291895962267232,3.3862672451044125,-1.2358935360202836,3.3862672451044125,-1.2358935360202836
4925000000.0,3.386463290743857,-1.2349370249092475,4.535030942392566,-2.28688749715202,3.3858905990240133,-1.2349443886093057,3.3858905990240133,-1.2349443886093057
4930000000.0,3.386087200389024,-1.2339895855612948,4.536249156884081,-2.285448871564941,3.385514517213281,-1.2339969324314077,3.385514517213281,-1.2339969324314077
4935000000.0,3.3857116503498315,-1.2330438154862944,4.529328314910142,-2.283646517382181,3.385138927417135,-1.2330511546980227,3.385138927417135,-1.2330511546980227
4940000000.0,3.385336639450298,-1.2320997095018618,4.530339669941677,-2.2781321741178697,3.3847639181697855,-1.2321070082600205,3.3847639181697855,-1.2321070082600205
4945000000.0,3.384962166519465,-1.2311572624481308,4.533708469075116,-2.279404674423161,3.3843894701660004,-1.231164557297449,3.3843894701660004,-1.231164557297449
4950000000.0,3.384588230391369,-1.2302164691876318,4.528994203154777,-2.27236662777373,3.3840154999264707,-1.2302237226163655,3.3840154999264707,-1.2302237226163655
4955000000.0,3.384214829905003,-1.229277324605175,4.52789209826604,-2.268030745290972,3.38364209028771,-1.229284547451987,3.38364209028771,-1.229284547451987
4960000000.0,3.3838419639042825,-1.2283398236077336,4.530894228068011,-2.270453195434325,3.3832692486562173,-1.2283470497790179,3.3832692486562173,-1.2283470497790179
4965000000.0,3.3834696312380164,-1.2274039611243273,4.525171811855601,-2.2650214587113915,3.3828968781825073,-1.2274111567518795,3.3828968781825073,-1.2274111567518795
4970000000.0,3.3830978307598683,-1.2264697321059073,4.52835561625094,-2.263652651875534,3.382525097821459,-1.2264769085581981,3.382525097821459,-1.2264769085581981
4975000000.0,3.382726561328327,-1.2255371315252406,4.520278925329373,-2.2661480171955057,3.3821537878620074,-1.2255443272465385,3.3821537878620074,-1.2255443272465385
4980000000.0,3.3823558218066725,-1.2246061543767963,4.523914153027595,-2.2580654810456227,3.381783061693671,-1.2246132909267797,3.381783061693671,-1.2246132909267797
4985000000.0,3.3819856110629423,-1.223676795676632,4.528506435244208,-2.258209383212229,3.3814128814464164,-1.2236839199239968,3.3814128814464164,-1.2236839199239968
4990000000.0,3.3816159279699027,-1.2227490504622809,4.522378493504975,-2.258342275886717,3.3810431659480535,-1.2227561774366573,3.3810431659480535,-1.2227561774366573
4995000000.0,3.381246771405012,-1.2218229137926397,4.5226210569283625,-2.252044570459355,3.380674005291921,-1.221829996813412,3.380674005291921,-1.221829996813412
5000000000.0,3.380878140250393,-1.2208983807478575,4.525243277091799,-2.2511997857855084,3.3803053916748675,-1.2209054484307833,3.3803053916748675,-1.2209054484307833
5005000000.0,3.3805100333927984,-1.2199754464292243,4.52507444050935,-2.2467272978955815,3.3799372808504917,-1.2199824814385403,3.3799372808504917,-1.2199824814385403
5010000000.0,3.380142449723582,-1.219054105959061,4.522008922598743,-2.248547688826461,3.3795696851322488,-1.219061149304399,3.3795696851322488,-1.219061149304399
5015000000.0,3.3797753881386656,-1.2181343544806102,4.5260437118106545,-2.2474846390251524,3.379202649066804,-1.2181413791944862,3.379202649066804,-1.2181413791944862
5020000000.0,3.379408847538509,-1.217216187157928,4.526444340580778,-2.2453538063628367,3.37883611114804,-1.2172231921203305,3.37883611114804,-1.2172231921203305
5025000000.0,3.3790428268280803,-1.2162995991757732,4.525118804149464,-2.237407275017591,3.378470074697322,-1.2163065527315489,3.378470074697322,-1.2163065527315489
5030000000.0,3.378677324916825,-1.2153845857395043,4.528991928297156,-2.2319798076461486,3.378104591082289,-1.215391495247018,3.378104591082289,-1.215391495247018
5035000000.0,3.378312340718636,-1.214471142074967,4.5235144653603685,-2.230985477834782,3.377739576701714,-1.214478046903865,3.377739576701714,-1.214478046903865
5040000000.0,3.377947873151822,-1.2135592634283918,4.522037000769538,-2.228271198596976,3.3773750999326633,-1.213566147777806,3.3773750999326633,-1.213566147777806
5045000000.0,3.3775839211390832,-1.2126489450662887,4.521384430754026,-2.2212733837839234,3.377011137400065,-1.2126557826720832,3.377011137400065,-1.2126557826720832
5050000000.0,3.3772204836074744,-1.2117401822753386,4.5230400258228265,-2.2278208326935576,3.3766477223019633,-1.2117470491781774,3.3766477223019633,-1.2117470491781774
5055000000.0,3.3768575594883825,-1.2108329703622929,4.517325552472237,-2.2153366213355414,3.3762847501126454,-1.2108397656589087,3.3762847501126454,-1.2108397656589087
5060000000.0,3.3764951477174945,-1.2099273046538663,4.518043891377173,-2.213895216652535,3.3759223437916903,-1.2099340837885737,3.3759223437916903,-1.2099340837885737
5065000000.0,3.376133247234769,-1.2090231804966367,4.511561012337944,-2.2122351135743745,3.375560406302552,-1.2090299525510375,3.375560406302552,-1.2090299525510375
5070000000.0,3.3757718569844086,-1.2081205932569405,4.515401880376306,-2.205450009723109,3.3751990320550753,-1.2081273134040278,3.3751990320550753,-1.2081273134040278
5075000000.0,3.3754109759148316,-1.207219538320771,4.505666751207842,-2.200487188771615,3.374838090233997,-1.2072262368025475,3.374838090233997,-1.2072262368025475
5080000000.0,3.3750506029786425,-1.2063200110936778,4.503470996233328,-2.194387076379107,3.374477698974411,-1.2063266704288613,3.374477698974411,-1.2063266704288613
5085000000.0,3.374690737132607,-1.2054220070006652,4.50226378055252,-2.196474311121873,3.3741178323666725,-1.205428673570161,3.3741178323666725,-1.205428673570161
5090000000.0,3.374331377337622,-1.2045255214860933,4.498247710434409,-2.188823305074037,3.373758441379221,-1.2045321425031692,3.373758441379221,-1.2045321425031692
5095000000.0,3.373972522558689,-1.2036305500135762,4.491416318450395,-2.189030915289065,3.3733995503170724,-1.2036371753905297,3.3733995503170724,-1.2036371753905297
5100000000.0,3.373614171764889,-1.2027370880658859,4.48870136371041,-2.185961881425178,3.373041182533997,-1.2027436927736772,3.373041182533997,-1.2027436927736772
5105000000.0,3.373256323929351,-1.201845131144851,4.495263363962559,-2.1831947440470163,3.372683372223424,-1.2018517035784992,3.372683372223424,-1.2018517035784992
5110000000.0,3.372898978029231,-1.200954674771261,4.487116348144585,-2.1828580761195018,3.372325981585536,-1.2009612503171645,3.372325981585536,-1.2009612503171645
5115000000.0,3.3725421330456813,-1.200065714484768,4.484361462216062,-2.179909037891262,3.3719691195396497,-1.2000722701377917,3.3719691195396497,-1.2000722701377917
5120000000.0,3.3721857879638253,-1.19917824584379,4.488030216700019,-2.1805023873990557,3.3716127999434926,-1.1991847929949682,3.3716127999434926,-1.1991847929949682
5125000000.0,3.371829941772732,-1.1982922644254166,4.485519221194915,-2.1786731386480866,3.371256939713381,-1.1982987978685131,3.371256939713381,-1.1982987978685131
5130000000.0,3.371474593465392,-1.1974077658253095,4.486839021420462,-2.1726507419306555,3.370901593627391,-1.197414255582422,3.370901593627391,-1.197414255582422
5135000000.0,3.3711197420386867,-1.1965247456576118,4.48338364066359,-2.170212645501439,3.370546721769175,-1.1965312195425262,3.370546721769175,-1.1965312195425262
5140000000.0,3.370765386493367,-1.1956431995548507,4.487016899386603,-2.168283460566854,3.370192387829248,-1.1956496502523835,3.370192387829248,-1.1956496502523835
5145000000.0,3.3704115258340277,-1.1947631231678453,4.4819407742186215,-2.1632509657872845,3.369838493515756,-1.1947695452543152,3.369838493515756,-1.1947695452543152
5150000000.0,3.370058159069082,-1.1938845121656119,4.480918113665693,-2.159880906000903,3.3694851191185475,-1.1938909094445238,3.3694851191185475,-1.1938909094445238
5155000000.0,3.369705285210735,-1.193007362235272,4.483697539336003,-2.1603327920401316,3.3691322653270586,-1.1930137514217125,3.3691322653270586,-1.1930137514217125
5160000000.0,3.369352903274962,-1.19213166908196,4.481294106054181,-2.1563669144690185,3.368779866832794,-1.1921380320072565,3.368779866832794,-1.1921380320072565
5165000000.0,3.3690010122814806,-1.191257428428732,4.4799706486077655,-2.1561917953069822,3.3684279710981957,-1.1912637855949397,3.3684279710981957,-1.1912637855949397
5170000000.0,3.36864961125373,-1.1903846360164732,4.478177855801216,-2.1511759919434303,3.368076555523015,-1.1903909599336704,3.368076555523015,-1.1903909599336704
5175000000.0,3.368298699218844,-1.1895132876038077,4.481022307173516,-2.1463276775296904,3.3677256561499425,-1.189519572466373,3.3677256561499425,-1.189519572466373
5180000000.0,3.3679482752076293,-1.1886433789670094,4.477006302313278,-2.1451844781984883,3.3673752103074213,-1.1886496563937043,3.3673752103074213,-1.1886496563937043
5185000000.0,3.367598338254541,-1.1877749058999116,4.476216147660779,-2.14178804255494,3.3670252669795766,-1.1877811580568434,3.3670252669795766,-1.1877811580568434
5190000000.0,3.3672488873976576,-1.1869078642138184,4.476987111553372,-2.1359238534445004,3.3666758151810976,-1.1869140744632398,3.3666758151810976,-1.1869140744632398
5195000000.0,3.366899921678659,-1.1860422497374148,4.474119778994334,-2.1302897055488037,3.3663268276917995,-1.1860484247929854,3.3663268276917995,-1.1860484247929854
5200000000.0,3.366551440142805,-1.1851780583166802,4.473874471903301,-2.1293860832808345,3.3659783465867483,-1.1851842218013562,3.3659783465867483,-1.1851842218013562
5205000000.0,3.366203441838909,-1.1843152858148007,4.474016387963509,-2.127900786737363,3.365630350102401,-1.1843214337791397,3.365630350102401,-1.1843214337791397
5210000000.0,3.365855925819317,-1.1834539281120806,4.4729495131246315,-2.1193176562764453,3.365282818365853,-1.1834600211329573,3.365282818365853,-1.1834600211329573
5215000000.0,3.3655088911398856,-1.1825939811058577,4.470997150579868,-2.1173533498859194,3.3649357726214215,-1.1826000589328036,3.3649357726214215,-1.1826000589328036
5220000000.0,3.3651623368599575,-1.1817354407104164,4.469283391682896,-2.1150758419259894,3.364589208192746,-1.1817415011778207,3.364589208192746,-1.1817415011778207
5225000000.0,3.3648162620423405,-1.1808783028569017,4.468034944530124,-2.113506714490238,3.364243126973104,-1.1808843493884555,3.364243126973104,-1.1808843493884555
5230000000.0,3.3644706657532866,-1.180022563493235,4.4636319950453025,-2.1099050881798234,3.3638975029680824,-1.1800285889903264,3.3638975029680824,-1.1800285889903264
5235000000.0,3.364125547062468,-1.1791682185840298,4.4642567179832655,-2.1082046466720907,3.363552388531638,-1.179174226612319,3.363552388531638,-1.179174226612319
5240000000.0,3.363780905042956,-1.1783152641105061,4.459395601921612,-2.1093365230487295,3.363207723163417,-1.1783212792415054,3.363207723163417,-1.1783212792415054
5245000000.0,3.363436738771199,-1.1774636960704081,4.460411911990426,-2.106620700141853,3.3628635619056486,-1.1774696872739765,3.3628635619056486,-1.1774696872739765
5250000000.0,3.3630930473270033,-1.1766135104779214,4.458689403982391,-2.1026344559054926,3.362519857698758,-1.1766194744619245,3.362519857698758,-1.1766194744619245
5255000000.0,3.362749829793508,-1.1757647033635887,4.455558264281322,-2.1008628294373737,3.362176622529778,-1.1757706550668516,3.362176622529778,-1.1757706550668516
5260000000.0,3.3624070852571686,-1.17491727077423,4.459921406976985,-2.105647299716799,3.3618339135621857,-1.17492323705756,3.3618339135621857,-1.17492323705756
5265000000.0,3.3620648128077306,-1.1740712087728586,4.463827020997313,-2.106037306864348,3.3614916675254114,-1.174077164829022,3.3614916675254114,-1.174077164829022
5270000000.0,3.3617230115382135,-1.1732265134386015,4.45649452807118,-2.10050890278216,3.3611498186071085,-1.1732324416997808,3.3611498186071085,-1.1732324416997808
5275000000.0,3.3613816805448886,-1.1723831808666179,4.4557448682521965,-2.0997887702985176,3.360808485338318,-1.1723890994109334,3.360808485338318,-1.1723890994109334
5280000000.0,3.3610408189272576,-1.1715412071680191,4.458465184761846,-2.1002153971362643,3.3604676432924556,-1.1715471174658771,3.3604676432924556,-1.1715471174658771
5285000000.0,3.360700425788032,-1.1707005884697885,4.45675945163051,-2.098402157286157,3.360127240692813,-1.1707064841423576,3.360127240692813,-1.1707064841423576
5290000000.0,3.3603605002331163,-1.1698613209147033,4.462337186384619,-2.09441334501923,3.359787344676783,-1.1698671784074666,3.359787344676783,-1.1698671784074666
5295000000.0,3.360021041371583,-1.169023400661254,4.459060450976931,-2.0959594680111056,3.3594478722751924,-1.169029265398342,3.3594478722751924,-1.169029265398342
5300000000.0,3.359682048315658,-1.1681868238835666,4.464690411306095,-2.090691666757991,3.359108907124558,-1.1681926428940972,3.359108907124558,-1.1681926428940972
5305000000.0,3.3593435201806963,-1.1673515867713253,4.454514927107233,-2.0873200211372747,3.35877031801209,-1.1673573949052147,3.35877031801209,-1.1673573949052147
5310000000.0,3.359005456085166,-1.1665176855296937,4.457294809948737,-2.0874110047716385,3.3584322733228054,-1.1665234833468519,3.3584322733228054,-1.1665234833468519
5315000000.0,3.358667855150627,-1.1656851163792392,4.462102468529089,-2.082623026483519,3.358094696190056,-1.165690872480977,3.358094696190056,-1.165690872480977
5320000000.0,3.358330716501711,-1.1648538755558537,4.463952165013197,-2.072698166906604,3.3577575563222277,-1.1648595646140256,3.3577575563222277,-1.1648595646140256
5325000000.0,3.357994039266106,-1.1640239593106805,4.462323268169857,-2.076715567190614,3.3574208789085533,-1.1640296674697217,3.3574208789085533,-1.1640296674697217
5330000000.0,3.3576578225745335,-1.1631953639100372,4.463512064168461,-2.0669667738949333,3.3570846573755015,-1.163201007059672,3.3570846573755015,-1.163201007059672
5335000000.0,3.357322065560732,-1.162368085635339,4.458499272099856,-2.0646811392877242,3.356748870964318,-1.1623737165261037,3.356748870964318,-1.1623737165261037
5340000000.0,3.3569867673614366,-1.161542120783026,4.460778139082428,-2.0651572661176125,3.3564135898277776,-1.161547744269878,3.3564135898277776,-1.161547744269878
5345000000.0,3.3566519271163626,-1.1607174656644874,4.462723308893923,-2.0619744923095538,3.3560787591123495,-1.1607230610474084,3.3560787591123495,-1.1607230610474084
5350000000.0,3.3563175439681854,-1.1598941166059866,4.459051845138333,-2.0546023741497943,3.3557443465083248,-1.1598996682509937,3.3557443465083248,-1.1598996682509937
5355000000.0,3.3559836170625235,-1.1590720699485904,4.4600180140224825,-2.052665909693889,3.355410425339998,-1.1590776022122626,3.355410425339998,-1.1590776022122626
5360000000.0,3.3556501455479193,-1.1582513220480921,4.457994298826405,-2.0531272806635195,3.3550769459445218,-1.1582568534147724,3.3550769459445218,-1.1582568534147724
5365000000.0,3.3553171285758223,-1.157431869274941,4.461004135778161,-2.046844804767169,3.3547439398252235,-1.1574373529477449,3.3547439398252235,-1.1574373529477449
5370000000.0,3.3549845653005703,-1.1566137080141696,4.458873561904867,-2.0436030586749427,3.354411362327779,-1.1566191695350179,3.354411362327779,-1.1566191695350179
5375000000.0,3.354652454879372,-1.1557968346653216,4.461852761142311,-2.040889848775623,3.3540792680551323,-1.1558022691789454,3.3540792680551323,-1.1558022691789454
5380000000.0,3.3543207964722908,-1.154981245642379,4.455531419597641,-2.0384717562549795,3.353747572450107,-1.1549866692826738,3.353747572450107,-1.1549866692826738
5385000000.0,3.3539895892422256,-1.1541669373736922,4.454732783780171,-2.0367757343704302,3.353416361080462,-1.1541723457582338,3.353416361080462,-1.1541723457582338
5390000000.0,3.353658832354893,-1.15335390630191,4.454223980420635,-2.0327627805699833,3.353085598127178,-1.1533592855905648,3.353085598127178,-1.1533592855905648
5395000000.0,3.3533285249788123,-1.1525421488839067,4.456323420979526,-2.0277507905898604,3.352755298183745,-1.1525474892486338,3.352755298183745,-1.1525474892486338
5400000000.0,3.352998666285289,-1.1517316615907143,4.458063769844303,-2.0282024137383927,3.352425453356916,-1.1517369951534546,3.352425453356916,-1.1517369951534546
5405000000.0,3.352669255448395,-1.1509224409074514,4.456758704835664,-2.0188330772863425,3.352096023423587,-1.1509277156826143,3.352096023423587,-1.1509277156826143
5410000000.0,3.352340291644953,-1.1501144833332553,4.4551594545902935,-2.0177527764110548,3.3517670517872538,-1.150119747673108,3.3517670517872538,-1.150119747673108
5415000000.0,3.352011774054521,-1.1493077853812115,4.454635797045554,-2.019589444325742,3.35143853714417,-1.1493130544494548,3.35143853714417,-1.1493130544494548
5420000000.0,3.351683701859375,-1.148502343578287,4.454477946682204,-2.014660662997151,3.3511104593976966,-1.148507577732424,3.3511104593976966,-1.148507577732424
5425000000.0,3.3513560742444928,-1.1476981544652614,4.454000796343873,-2.011854571029847,3.350782827706473,-1.1477033664690497,3.350782827706473,-1.1477033664690497
5430000000.0,3.351028890397537,-1.1468952145966589,4.450923946765213,-2.0045709357428354,3.350455617724757,-1.1469003827185178,3.350455617724757,-1.1469003827185178
5435000000.0,3.3507021495088405,-1.146093520540681,4.453365106904763,-2.001140884661258,3.3501288885755183,-1.1460986583243657,3.3501288885755183,-1.1460986583243657
5440000000.0,3.3503758507713894,-1.145293068879141,4.450606566980568,-1.995940897657034,3.3498025687883617,-1.1452981743410542,3.3498025687883617,-1.1452981743410542
5445000000.0,3.350049993380807,-1.1444938562073954,4.447305674726405,-1.9975250310818613,3.349476697947683,-1.1444989693061185,3.349476697947683,-1.1444989693061185
5450000000.0,3.3497245765353365,-1.1436958791342784,4.44948155405918,-1.9895386718301054,3.3491512840567013,-1.1437009360724009,3.3491512840567013,-1.1437009360724009
5455000000.0,3.3493995994358317,-1.1428991342820372,4.444983190274447,-1.9873581029308838,3.348826280658091,-1.142904179086909,3.348826280658091,-1.142904179086909
5460000000.0,3.349075061285733,-1.1421036182862656,4.444617545356495,-1.9807341779044,3.348501732938465,-1.1421086188466518,3.348501732938465,-1.1421086188466518
5465000000.0,3.3487509612910573,-1.1413093277958386,4.440158665987267,-1.980139668826392,3.3481776094005413,-1.1413143253045173,3.3481776094005413,-1.1413143253045173
5470000000.0,3.3484272986603822,-1.140516259472848,4.440588607587105,-1.9749251165106076,3.347853943990474,-1.1405212196091052,3.347853943990474,-1.1405212196091052
5475000000.0,3.348104072604829,-1.1397244099925383,4.437788144906246,-1.97250809071943,3.347530701028326,-1.1397293539817421,3.347530701028326,-1.1397293539817421
5480000000.0,3.3477812823380497,-1.138933776043243,4.4377701149241435,-1.9673272437052742,3.347207905428501,-1.1389386835887765,3.347207905428501,-1.1389386835887765
5485000000.0,3.3474589270762105,-1.1381443543263199,4.433989051577309,-1.9660215948527147,3.3468855293976443,-1.1381492536885334,3.3468855293976443,-1.1381492536885334
5490000000.0,3.347137006037977,-1.1373561415560882,4.433544140888389,-1.962313428761957,3.346563602905501,-1.1373610136308636,3.346563602905501,-1.1373610136308636
5495000000.0,3.3468155184445014,-1.136569134459767,4.429721981891855,-1.966653715310274,3.3462421033052068,-1.1365740308325614,3.3462421033052068,-1.1365740308325614
5500000000.0,3.346494463519406,-1.13578332977741,4.428143470241571,-1.9607446069473748,3.3459210329140308,-1.135788188046556,3.3459210329140308,-1.135788188046556
5505000000.0,3.3461738404887686,-1.1349987242618458,4.420410069860077,-1.9597443691048235,3.345600366935221,-1.1350035824059523,3.345600366935221,-1.1350035824059523
5510000000.0,3.3458536485811106,-1.134215314678614,4.4303875996689,-1.9545378442902896,3.345280226935271,-1.1342201203360074,3.345280226935271,-1.1342201203360074
5515000000.0,3.345533887027379,-1.133433097805906,4.4301239264721985,-1.948857835633779,3.3449604577556187,-1.1334378646008838,3.3449604577556187,-1.1334378646008838
5520000000.0,3.3452145550609353,-1.1326520704345011,4.429705944012346,-1.9498066559211369,3.3446411279170825,-1.1326568366259724,3.3446411279170825,-1.1326568366259724
5525000000.0,3.34489565191754,-1.1318722293677075,4.421334642095502,-1.9484818248741007,3.344322177652463,-1.1318769946865588,3.344322177652463,-1.1318769946865588
5530000000.0,3.344577176835339,-1.131093571421301,4.4210410918515475,-1.9372284031516114,3.344003685809029,-1.13109826606558,3.344003685809029,-1.13109826606558
5535000000.0,3.34425912905485,-1.1303160934234655,4.415417598669388,-1.9409169514648343,3.343685614742191,-1.1303208114941394,3.343685614742191,-1.1303208114941394
5540000000.0,3.3439415078189483,-1.129539792214732,4.425337455988162,-1.9382580991967289,3.3433680490071938,-1.129544472400138,3.3433680490071938,-1.129544472400138
5545000000.0,3.3436243123728535,-1.1287646646479206,4.426239921945996,-1.9307864621415207,3.343050849625926,-1.1287692938731608,3.343050849625926,-1.1287692938731608
5550000000.0,3.343307541964116,-1.127990707588079,4.420865396301203,-1.9282500561538287,3.3427340473328906,-1.1279953242833878,3.3427340473328906,-1.1279953242833878
5555000000.0,3.342991195842603,-1.1272179179124266,4.418984686708917,-1.9281644940614069,3.342417693283149,-1.1272225304454615,3.342417693283149,-1.1272225304454615
5560000000.0,3.3426752732604856,-1.1264462925102934,4.41690855399991,-1.932246126701143,3.3421017683847003,-1.1264509250489874,3.3421017683847003,-1.1264509250489874
5565000000.0,3.342359773472226,-1.1256758282830632,4.419869449412742,-1.923016559285968,3.341786273562485,-1.1256803965081117,3.341786273562485,-1.1256803965081117
5570000000.0,3.3420446957345633,-1.124906522144115,4.417901820243285,-1.9256427686654778,3.3414711917954327,-1.1249111018754547,3.3414711917954327,-1.1249111018754547
5575000000.0,3.3417300393065026,-1.124138371018766,4.412519157667416,-1.9203582539835988,3.341156498975431,-1.1241429225472932,3.341156498975431,-1.1241429225472932
5580000000.0,3.341415803449298,-1.1233713718442135,4.412156945149649,-1.9229208010561059,3.340842268153504,-1.1233759319113548,3.340842268153504,-1.1233759319113548
5585000000.0,3.3411019874264447,-1.1226055215694792,4.416425401129028,-1.9102620288182584,3.3405284588959567,-1.1226099956286224,3.3405284588959567,-1.1226099956286224
5590000000.0,3.3407885905036627,-1.1218408171553507,4.4089167209745135,-1.9168809153777107,3.3402150327905087,-1.1218453345476327,3.3402150327905087,-1.1218453345476327
5595000000.0,3.3404756119488854,-1.1210772555743276,4.407148049754866,-1.9119171999300524,3.3399020390121565,-1.1210817407794573,3.3399020390121565,-1.1210817407794573
5600000000.0,3.340163051032248,-1.1203148338105628,4.408565938986214,-1.9149476795195055,3.339589494066463,-1.1203193273323722,3.339589494066463,-1.1203193273323722
5605000000.0,3.3398509070260722,-1.1195535488598096,4.416295469359513,-1.9134829909454558,3.339277394834151,-1.1195580147046589,3.339277394834151,-1.1195580147046589
5610000000.0,3.3395391792048565,-1.1187933977293631,4.414731982134518,-1.9089995423030504,3.338965653689017,-1.1187978337845301,3.338965653689017,-1.1187978337845301
5615000000.0,3.339227866845264,-1.1180343774380084,4.419947197079148,-1.9082176018274413,3.3386543728372966,-1.1180387937581915,3.3386543728372966,-1.1180387937581915
5620000000.0,3.3389169692261085,-1.1172764850159633,4.408957255088716,-1.9055609257396273,3.338343410962676,-1.1172808974672253,3.338343410962676,-1.1172808974672253
5625000000.0,3.3386064856283424,-1.1165197175048251,4.412112643502363,-1.9022135313556214,3.338032942854664,-1.1165240989531064,3.338032942854664,-1.1165240989531064
5630000000.0,3.3382964153350474,-1.1157640719575155,4.409509199832632,-1.894452606124826,3.3377228478696352,-1.1157684066510014,3.3377228478696352,-1.1157684066510014
5635000000.0,3.3379867576314197,-1.115009545438228,4.4080841914830335,-1.8948049470090207,3.337413185542566,-1.1150138777826488,3.337413185542566,-1.1150138777826488
5640000000.0,3.337677511804758,-1.1142561350223725,4.410280834313049,-1.8857647140263498,3.337103940268144,-1.1142604054432759,3.337103940268144,-1.1142604054432759
5645000000.0,3.3373686771444544,-1.1135038377965238,4.4065105942277665,-1.8933113474957177,3.3367950994734583,-1.1135081508035853,3.3367950994734583,-1.1135081508035853
5650000000.0,3.337060252941982,-1.1127526508583672,4.407434038473533,-1.8880275673437423,3.3364866747557715,-1.1127569254762493,3.3364866747557715,-1.1127569254762493
5655000000.0,3.3367522384908805,-1.1120025713166464,4.407434675289933,-1.8830705487155688,3.3361786550332404,-1.11200681094177,3.3361786550332404,-1.11200681094177
5660000000.0,3.336444633086749,-1.1112535962911112,4.4109282927768945,-1.8783769619387694,3.335871064690656,-1.1112577966308006,3.335871064690656,-1.1112577966308006
5665000000.0,3.3361374360272307,-1.1105057229124644,4.409536401042525,-1.8774106201693685,3.3355638610073197,-1.1105099133406744,3.3355638610073197,-1.1105099133406744
5670000000.0,3.3358306466120036,-1.1097589483223107,4.400346228306939,-1.8737563947888534,3.335257016048145,-1.1097631264773002,3.335257016048145,-1.1097631264773002
5675000000.0,3.3355242641427707,-1.109013269673106,4.403454657505103,-1.867716030274268,3.334950644145408,-1.109017401546998,3.334950644145408,-1.109017401546998
5680000000.0,3.3352182879232455,-1.1082686841281035,4.403922470772244,-1.8643059392595336,3.3346446678037744,-1.1082727890878699,3.3346446678037744,-1.1082727890878699
5685000000.0,3.3349127172591437,-1.1075251888613051,4.401253324927178,-1.8671292347181476,3.3343390895521097,-1.107529307637564,3.3343390895521097,-1.107529307637564
5690000000.0,3.3346075514581694,-1.1067827810574093,4.404042175080678,-1.8608140500702874,3.3340339319832264,-1.1067868524996265,3.3340339319832264,-1.1067868524996265
5695000000.0,3.3343027898300086,-1.1060414579117617,4.405015585649778,-1.8482499873229385,3.333729157688144,-1.1060454495237593,3.333729157688144,-1.1060454495237593
5700000000.0,3.3339984316863136,-1.1053012166303033,4.399382482298994,-1.8502112750059345,3.3334247737130127,-1.1053052221299484,3.3334247737130127,-1.1053052221299484
5705000000.0,3.333694476340696,-1.1045620544295223,4.392565369233745,-1.8481717085153493,3.333120779095225,-1.104566053050928,3.333120779095225,-1.104566053050928
5710000000.0,3.333390923108713,-1.1038239685364024,4.39165446098301,-1.8417692113420996,3.3328172128249416,-1.1038279256218246,3.3328172128249416,-1.1038279256218246
5715000000.0,3.33308777130786,-1.1030869561883763,4.393904312961752,-1.837166605621236,3.3325140689102497,-1.10309087665196,3.3325140689102497,-1.10309087665196
5720000000.0,3.3327850202575564,-1.1023510146332733,4.389693430800227,-1.8359688210693346,3.332211294820751,-1.1023549286667995,3.332211294820751,-1.1023549286667995
5725000000.0,3.332482669279139,-1.1016161411292726,4.3869669004585035,-1.829932866405504,3.331908921077307,-1.1016200188194578,3.331908921077307,-1.1016200188194578
5730000000.0,3.332180717695848,-1.1008823329448538,4.38765315574913,-1.82760651496944,3.3316069723032657,-1.1008861895717788,3.3316069723032657,-1.1008861895717788
5735000000.0,3.331879164832821,-1.1001495873587488,4.388736920464486,-1.825095404261551,3.3313054241805933,-1.1001534212002164,3.3313054241805933,-1.1001534212002164
5740000000.0,3.3315780100170778,-1.0994179016598937,4.383661022317043,-1.822555729746912,3.331004239170442,-1.0994217229747012,3.331004239170442,-1.0994217229747012
5745000000.0,3.331277252577516,-1.0986872731473811,4.380080405372839,-1.8126371192123212,3.3307034475308845,-1.098691037697814,3.3307034475308845,-1.098691037697814
5750000000.0,3.330976891844893,-1.0979576991304125,4.377721585946368,-1.8118506884949759,3.330403074958135,-1.0979614564984232,3.330403074958135,-1.0979614564984232
5755000000.0,3.3306769271518273,-1.0972291769282498,4.376200296422753,-1.8092980577480284,3.330103100163233,-1.0972329157235106,3.330103100163233,-1.0972329157235106
5760000000.0,3.3303773578327767,-1.096501703870171,4.372460681285546,-1.8073749125830623,3.3298035092811347,-1.0965054314117035,3.3298035092811347,-1.0965054314117035
5765000000.0,3.3300781832240354,-1.0957752772954201,4.370372645951651,-1.8033590684875067,3.329504318889437,-1.095778978984918,3.329504318889437,-1.095778978984918
5770000000.0,3.329779402663725,-1.095049894553163,4.36564781726945,-1.801120945610251,3.329205510687134,-1.095053584896965,3.329205510687134,-1.095053584896965
5775000000.0,3.3294810154917793,-1.0943255530024403,4.3639100171187435,-1.7986453242452436,3.328907112315578,-1.0943292256116535,3.328907112315578,-1.0943292256116535
5780000000.0,3.329183021049941,-1.0936022500121205,4.359429958237522,-1.7957351123898924,3.3286090904884316,-1.0936059070891602,3.3286090904884316,-1.0936059070891602
5785000000.0,3.328885418681747,-1.0928799829608562,4.355159257893046,-1.7928764956263117,3.328311462013665,-1.0928836244509161,3.328311462013665,-1.0928836244509161
5790000000.0,3.328588207732522,-1.0921587492370362,4.352650238837611,-1.7919093472905274,3.3280142380748337,-1.0921623828125613,3.3280142380748337,-1.0921623828125613
5795000000.0,3.3282913875493687,-1.0914385462387417,4.350592965221181,-1.7923885503628278,3.3277174098853255,-1.091442179278344,3.3277174098853255,-1.091442179278344
5800000000.0,3.327994957481157,-1.0907193713737005,4.345956768084154,-1.7901011578066761,3.327420952630738,-1.0907229926663031,3.327420952630738,-1.0907229926663031
5805000000.0,3.3276989168785156,-1.0900012220592428,4.343653360658129,-1.7865013774523084,3.327124895752882,-1.09000482029916,3.327124895752882,-1.09000482029916
5810000000.0,3.327403265093824,-1.089284095722256,4.340346386801529,-1.7884560245241061,3.326829231417045,-1.0892877038294408,3.326829231417045,-1.0892877038294408
5815000000.0,3.327108001481202,-1.0885679897991407,4.335261132046692,-1.7917706652817884,3.326533947522191,-1.0885716184089924,3.326533947522191,-1.0885716184089924
5820000000.0,3.3268131253965,-1.0878529017357659,4.3326581786266365,-1.7904396302872414,3.3262390573041825,-1.08785652055403,3.3262390573041825,-1.08785652055403
5825000000.0,3.3265186361972914,-1.0871388289874266,4.3340520272967,-1.78837083540038,3.325944575202849,-1.0871424271614176,3.325944575202849,-1.0871424271614176
5830000000.0,3.326224533242864,-1.0864257690187982,4.33186859702455,-1.7885000997338254,3.325650462921712,-1.086429364918393,3.325650462921712,-1.086429364918393
5835000000.0,3.3259308158942087,-1.0857137193038948,4.3283070936886165,-1.791487589230926,3.3253567332843286,-1.0857173313198385,3.3253567332843286,-1.0857173313198385
5840000000.0,3.3256374835140146,-1.0850026773260253,4.330811169299443,-1.7956486567211278,3.3250634247095245,-1.0850063019199425,3.3250634247095245,-1.0850063019199425
5845000000.0,3.3253445354666558,-1.0842926405777493,4.326512025103104,-1.7908302154146043,3.3247704471159873,-1.0842962386007164,3.3247704471159873,-1.0842962386007164
5850000000.0,3.325051971118186,-1.083583606560837,4.3277997237114025,-1.7969489582391611,3.3244779030045115,-1.0835872302445781,3.3244779030045115,-1.0835872302445781
5855000000.0,3.324759789836329,-1.082875572786224,4.330078624128294,-1.8016769576915994,3.3241857452392938,-1.0828792126894182,3.3241857452392938,-1.0828792126894182
5860000000.0,3.3244679909904695,-1.0821685367739713,4.322365214769735,-1.7989527455103143,3.3238939010677266,-1.0821721675866367,3.3238939010677266,-1.0821721675866367
5865000000.0,3.3241765739516445,-1.081462496053221,4.329814469475199,-1.7967098351711128,3.3236025250287677,-1.081466095114576,3.3236025250287677,-1.081466095114576
5870000000.0,3.323885538092537,-1.0807574481621562,4.327253835323106,-1.802079688916349,3.3233114864717397,-1.0807610752121481,3.3233114864717397,-1.0807610752121481
5875000000.0,3.323594882787465,-1.0800533906479586,4.328283396008089,-1.7990815920951662,3.3230208347023082,-1.080056992424976,3.3230208347023082,-1.080056992424976
5880000000.0,3.3233046074123744,-1.0793503210667674,4.33022580041663,-1.8006776195198184,3.3227305757352372,-1.0793539219824548,3.3227305757352372,-1.0793539219824548
5885000000.0,3.3230147113448303,-1.0786482369836383,4.327434109506768,-1.7982212464300074,3.3224406625163256,-1.0786518221024617,3.3224406625163256,-1.0786518221024617
5890000000.0,3.322725193964011,-1.0779471359725015,4.33420863906377,-1.7952370620510638,3.3221511811374236,-1.077950686191002,3.3221511811374236,-1.077950686191002
5895000000.0,3.322436054650695,-1.0772470156161227,4.338652317052513,-1.8007631950248266,3.3218620790805766,-1.0772505829600376,3.3218620790805766,-1.0772505829600376
5900000000.0,3.322147292787258,-1.0765478735060607,4.338745749974934,-1.7961555056838885,3.3215733127055773,-1.07655140799472,3.3215733127055773,-1.07655140799472
5905000000.0,3.321858907757664,-1.0758497072426285,4.33509616141553,-1.7928100621401797,3.3212849041173236,-1.075853222384322,3.3212849041173236,-1.075853222384322
5910000000.0,3.3215708989474533,-1.0751525144348528,4.336837953485273,-1.7982828797858739,3.3209969172173266,-1.0751560509829992,3.3209969172173266,-1.0751560509829992
5915000000.0,3.3212832657437388,-1.074456292700434,4.340636372759929,-1.789958753335303,3.3207092941227203,-1.0744597690478082,3.3207092941227203,-1.0744597690478082
5920000000.0,3.3209960075351974,-1.073761039665706,4.335974447523055,-1.7884255073461357,3.320422009689876,-1.0737645086724743,3.320422009689876,-1.0737645086724743
5925000000.0,3.320709123712062,-1.0730667529655982,4.336362663505573,-1.7949968040662487,3.3201351420205003,-1.073070251900394,3.3201351420205003,-1.073070251900394
5930000000.0,3.3204226136661115,-1.0723734302435945,4.334715229929103,-1.7868284695151908,3.319848611496241,-1.0723768791404116,3.319848611496241,-1.0723768791404116
5935000000.0,3.320136476790667,-1.0716810691516958,4.334615505342838,-1.7891360801553973,3.319562480755012,-1.0716845246717526,3.319562480755012,-1.0716845246717526
5940000000.0,3.3198507124805823,-1.0709896673503794,4.33471118161261,-1.790765154634297,3.319276722531073,-1.0709931253328793,3.319276722531073,-1.0709931253328793
5945000000.0,3.3195653201322344,-1.0702992225085628,4.331348336205681,-1.7893926039814108,3.318991311560806,-1.0703026718580648,3.318991311560806,-1.0703026718580648
5950000000.0,3.31928029914352,-1.0696097323035627,4.336854060269588,-1.7877569223285399,3.3187063217287376,-1.0696131563870412,3.3187063217287376,-1.0696131563870412
5955000000.0,3.318995648913845,-1.0689211944210584,4.338638136776531,-1.7911176190249833,3.3184216901430386,-1.0689246279062272,3.3184216901430386,-1.0689246279062272
5960000000.0,3.3187113688441188,-1.0682336065550535,4.34177473398871,-1.7892920490080102,3.3181374275143884,-1.0682370177080915,3.3181374275143884,-1.0682370177080915
5965000000.0,3.3184274583367452,-1.0675469664078374,4.339432627915466,-1.7915777953163663,3.317853510422774,-1.0675503879652612,3.317853510422774,-1.0675503879652612
5970000000.0,3.3181439167956164,-1.0668612716899486,4.349076740018544,-1.7903102815663015,3.3175700242633916,-1.066864662850197,3.3175700242633916,-1.066864662850197
5975000000.0,3.317860743626107,-1.0661765201201363,4.354327787997752,-1.7846670981436317,3.3172868739518933,-1.0661798635123576,3.3172868739518933,-1.0661798635123576
5980000000.0,3.317577938235063,-1.0654927094253235,4.358421326549507,-1.7867683779812207,3.3170040982948454,-1.0654960510336329,3.3170040982948454,-1.0654960510336329
5985000000.0,3.317295500030798,-1.0648098373405712,4.357734443732289,-1.7789656274348504,3.3167216453797397,-1.0648131291788447,3.3167216453797397,-1.0648131291788447
5990000000.0,3.317013428423085,-1.0641279016090393,4.3669161324233325,-1.7728318540030703,3.3164396179888898,-1.0641311358623229,3.3164396179888898,-1.0641311358623229
5995000000.0,3.3167317228231514,-1.0634468999819515,4.370237274061417,-1.773061823798971,3.316157934488482,-1.0634501230518756,3.316157934488482,-1.0634501230518756
6000000000.0,3.3164503826436658,-1.0627668302185587,4.372958542818296,-1.7629658274045377,3.3158765947099993,-1.0627699844495295,3.3158765947099993,-1.0627699844495295
