f_Hz,teorico_re,teorico_im,"Medido (simplificado, 3 patrones)_re","Medido (simplificado, 3 patrones)_im","Medido (completo, 4 patrones)_re","Medido (completo, 4 patrones)_im"
1000000.0,20.88977420402549,-0.0626364631044975,14.215207544664803,-2.515395677734165,20.889348419295608,-0.06261147245381457
2000000.0,20.889096851410685,-0.12526803593178867,18.393894546050163,-0.26791917533151866,20.88864964113628,-0.1252684656402744
3000000.0,20.88796804806799,-0.18788982947920094,20.271559439458784,-0.6727551268387887,20.88751612677895,-0.18789051375773155
4000000.0,20.88638797047205,-0.25049695729243165,20.446571867410338,-0.06204983300604394,20.885935882514882,-0.2504990296879298
5000000.0,20.88435686559082,-0.31308453673799025,20.927645061724572,-0.3079751981922391,20.883904285650505,-0.3130868136672686
6000000.0,20.88187505078904,-0.37564769027354966,21.15348436644639,-0.2487766250089154,20.881422278425124,-0.3756504816552321
7000000.0,20.878942913704364,-0.43818154671551557,21.513764564596187,-0.13114803551952028,20.878489913605232,-0.43818477717415627
8000000.0,20.875560912096013,-0.5006812425031196,21.601574205086532,-0.23882823869718972,20.875107877056355,-0.5006848814001775
9000000.0,20.871729573666258,-0.5631419229583514,21.721530613063443,-0.2179964664840231,20.871276461421832,-0.5631459791953415
10000000.0,20.867449495854807,-0.6255587435410449,21.824276209098883,-0.4713923392532673,20.8669964020394,-0.6255632025768654
11000000.0,20.86272134560614,-0.6879268710984374,21.731338462673637,-0.40495765719821986,20.86226818306827,-0.687931805899903
12000000.0,20.85754585911013,-0.7502414851085315,21.805271629547264,-0.29513828898174893,20.85709257978019,-0.7502468393071517
13000000.0,20.851923841516008,-0.8124977789165883,21.947018466496054,-0.4612503994905393,20.851470571986518,-0.8125035137487961
14000000.0,20.845856166619942,-0.8746909609640892,22.10454927611702,-0.5192764205920279,20.845402876548906,-0.8746970669726283
15000000.0,20.839343776526427,-0.936816256009515,22.21303295672933,-0.40401638435146475,20.838890379400446,-0.9368226923447852
16000000.0,20.832387681283755,-0.9988689063402926,22.035466865641702,-0.39670604820138744,20.831934140373637,-0.9988758668767262
17000000.0,20.82498895849382,-1.0608441729752673,22.295114153366352,-0.567747537055976,20.824535506702066,-1.0608514431643057
18000000.0,20.817148752896497,-1.122737336857079,22.227353494501433,-0.6620948927973809,20.81669523499756,-1.122745088709244
19000000.0,20.808868275928994,-1.1845437000338064,22.214925196699568,-0.7184009799949695,20.808414689506726,-1.1845518877477006
20000000.0,20.800148805260346,-1.2462585868292875,22.257399939130753,-0.664191061542901,20.799695099584333,-1.2462671334727555
21000000.0,20.790991684301535,-1.307877345001494,22.26835870337905,-0.6886033668555593,20.790537889894253,-1.3078862960417121
22000000.0,20.781398321691473,-1.3693953468883895,22.298198350989338,-0.678136695607129,20.78094441636173,-1.3694046697980746
23000000.0,20.771370190759278,-1.430807990540675,22.212780226851173,-0.7985111963690663,20.77091621921868,-1.4308178269283531
24000000.0,20.760908828963153,-1.4921107008408707,22.346426216758314,-0.8020150500135228,20.760454797106867,-1.4921208322114239
25000000.0,20.75001583730639,-1.553298930608168,22.325283586946327,-0.7728629454875077,20.749561640293393,-1.553309453606853
26000000.0,20.738692879730717,-1.6143681616885146,22.29125984056121,-0.8582601076652376,20.738238603645097,-1.6143791446539033
27000000.0,20.726941682487656,-1.675313906029408,22.27867325769525,-0.8603249432858706,20.726487261742538,-1.6753252884496492
28000000.0,20.714764033488073,-1.7361317067388744,22.21179753711624,-0.8316498128475083,20.714309405479543,-1.7361435261458997
29000000.0,20.702161781630597,-1.7968171391281398,22.308191792879853,-0.9179273380701947,20.701707133683634,-1.7968292886539394
30000000.0,20.689136836109178,-1.857365811737502,22.32440335817979,-1.0462662867622439,20.688682167688196,-1.8573783939668922
31000000.0,20.67569116570045,-1.917773367344938,22.477186887438,-0.9526340535217965,20.67523634188423,-1.9177861086027317
32000000.0,20.661826798031242,-1.9780354839569816,22.4146633522977,-1.0411966083127682,20.661371862686646,-1.97804871561249
33000000.0,20.647545818826806,-2.0381478757814433,22.343804992340644,-1.0412127913202682,20.64709067066312,-2.038161549875019
34000000.0,20.632850371140222,-2.098106294181533,22.36207233489429,-1.0427639906719712,20.632395061773742,-2.0981203121734966
35000000.0,20.6177426545636,-2.1579065286109858,22.35804764354782,-1.1290082401431432,20.617287264629212,-2.157920967731947
36000000.0,20.602224924421495,-2.2175444075298,22.441000827897874,-1.200470601162768,20.601769494996482,-2.217559156198452
37000000.0,20.586299490947162,-2.2770157993002016,22.3851521722687,-1.1213366491854067,20.58584374021746,-2.2770309103416215
38000000.0,20.569968718442112,-2.336316613062486,22.341162038885283,-1.2377301265979213,20.569512892186026,-2.336332211050841
39000000.0,20.553235024419664,-2.3954427995903926,22.338955232628162,-1.2333938872510632,20.552778996718715,-2.3954587465428205
40000000.0,20.53610087873288,-2.4543903521256762,22.386213639167273,-1.3024549881526106,20.53564477681365,-2.454406632286277
41000000.0,20.518568802687607,-2.5131553071915875,22.469367758960647,-1.3347486243671935,20.51811260869717,-2.513171841808726
42000000.0,20.500641368141128,-2.5717337453849534,22.40055557863329,-1.378503545989215,20.500184973358483,-2.571750741472299
43000000.0,20.48232119658701,-2.6301217921465985,22.422333670024024,-1.3661782866017431,20.481864593772727,-2.630139079819451
44000000.0,20.463610958226724,-2.6883156185098342,22.408715480061208,-1.4375287542460955,20.463154232123614,-2.6883333123552187
45000000.0,20.444513371028723,-2.746311441826809,22.352264957975258,-1.4241268522313963,20.444056362006986,-2.746329532052154
46000000.0,20.425031199775443,-2.8041055264724624,22.37485849893821,-1.4672801561032112,20.42457405150122,-2.80412394150911
47000000.0,20.40516725509888,-2.8616941845259136,22.347055732779243,-1.505176084770866,20.4047099152296,-2.8617129927271616
48000000.0,20.384924392505408,-2.919073776429075,22.357676403496313,-1.502685805272638,20.384466827999244,-2.919092881545589
49000000.0,20.36430551139033,-2.9762407116223457,22.39090979094353,-1.598890447493218,20.36384789504262,-2.976260161180149
50000000.0,20.34331355404286,-3.0331914491572203,22.338671767107805,-1.5836428235661963,20.34285563108039,-3.033211275454392
51000000.0,20.321951504642094,-3.0899224982856905,22.357221066536688,-1.6270753741621404,20.32149342952716,-3.0899426378545636
52000000.0,20.300222388244592,-3.146430419026325,22.34128020512287,-1.6220905543967625,20.29976404615095,-3.1464508801230266
53000000.0,20.278129269764207,-3.202711822706928,22.353400896848573,-1.6966933376486026,20.277670818750803,-3.2027326298507948
54000000.0,20.255675252944684,-3.2587633724837066,22.37555483963015,-1.7138225083704466,20.255216604160257,-3.258784449521864
55000000.0,20.23286347932574,-3.314581783836872,22.329702523234882,-1.7375672885636895,20.232404573600544,-3.3146032516923056
56000000.0,20.20969712720316,-3.3701638250426504,22.34410080606327,-1.796321388168464,20.20923808424312,-3.3701856103434165
57000000.0,20.186179410583556,-3.4255063176216574,22.34852001269633,-1.869471807750063,20.185720245021283,-3.4255284504182946
58000000.0,20.1623135781343,-3.4806061367636314,22.320423558385247,-1.8245200232282317,20.161854041425663,-3.4806285492287863
59000000.0,20.13810291212937,-3.5354602117285494,22.339001690236554,-1.8379151318994733,20.13764315464961,-3.5354828742194675
60000000.0,20.113550727391576,-3.5900655262241212,22.356717936784076,-1.8941547164125547,20.113090828252663,-3.590088482523927
61000000.0,20.088660370231793,-3.6444191187597137,22.325481313886627,-1.9117225561247184,20.088200199592123,-3.644442415897176
62000000.0,20.063435217385816,-3.698518082976772,22.326497845462168,-1.9783260002781535,20.062974904273876,-3.6985417113901122
63000000.0,20.037878674949397,-3.752359567955784,22.318233759005174,-2.009252916145726,20.037418138429643,-3.752383502061732
64000000.0,20.01199417731197,-3.8059407784998975,22.28111789162076,-2.0609765915329024,20.011533423072635,-3.8059650963059823
65000000.0,19.985785186089785,-3.859258975395275,22.319917373420534,-2.071319581374961,19.98532421944926,-3.8592834743652475
66000000.0,19.959255189058815,-3.9123114756483073,22.29709524000221,-2.0953813244126835,19.958793962081305,-3.9123362909722026
67000000.0,19.932407699088177,-3.965095652699828,22.26863828707519,-2.150788210653849,19.93194626711631,-3.9651208315055135
68000000.0,19.90524625307446,-4.017608936616446,22.28485806990693,-2.160665641688844,19.90478457568955,-4.01763432751685
69000000.0,19.877774410877603,-4.069848814259191,22.258491317904355,-2.1990326963229636,19.87731249257788,-4.0698745377402235
70000000.0,19.84999575425881,-4.121812829429603,22.244540528061965,-2.225534350097855,19.84953358390057,-4.121838841385475
71000000.0,19.82191388582101,-4.173498582993502,22.291245079071278,-2.249547311862698,19.82145153597668,-4.173524745391675
72000000.0,19.793532427952417,-4.224903732982581,22.268450796967176,-2.3196672150318736,19.793069906308983,-4.224930253431116
73000000.0,19.764855021773663,-4.276025994674069,22.225336317363627,-2.3504811188085606,19.76439221483535,-4.276052862298784
74000000.0,19.73588532608899,-4.326863140648686,22.225715229876293,-2.370927040401593,19.735422267785747,-4.326890243287716
75000000.0,19.706627016342022,-4.3774130008271,22.22249999519073,-2.375376921914812,19.706163664329598,-4.377440319776092
76000000.0,19.677083783576585,-4.427673462485156,22.196020218729775,-2.4324830752656115,19.67662022281608,-4.427701119907694
77000000.0,19.647259333402996,-4.477642470248127,22.18308399110923,-2.432877149291702,19.646795452293077,-4.477670352742654
78000000.0,19.61715738497034,-4.527318026064245,22.19855475219733,-2.4500592062923845,19.61669326094608,-4.527346086663994
79000000.0,19.586781669945125,-4.576698189157797,22.173906069683497,-2.482669302817393,19.586317279883296,-4.576726540084702
80000000.0,19.556135931496797,-4.625781075962086,22.175914722533925,-2.5018463945626204,19.555671281777812,-4.625809630703925
81000000.0,19.525223923290476,-4.674564860032515,22.164767492588574,-2.512321107518504,19.524758971963937,-4.674593632482338
82000000.0,19.494049408487406,-4.723047771940147,22.17545151011553,-2.553248979260781,19.493584262195636,-4.723076751463962
83000000.0,19.462616158753438,-4.771228099146014,22.133982833385215,-2.560631965971781,19.46215065336932,-4.771257357923518
84000000.0,19.43092795327599,-4.819104185856526,22.141267375929615,-2.6186057003545353,19.43046228946867,-4.819133679492839
85000000.0,19.39898857778983,-4.8666744328603,22.1240267282117,-2.6638772920864913,19.39852268532719,-4.8667041994214895
86000000.0,19.36680182361207,-4.913937297346719,22.147427164209823,-2.6840195943276806,19.36633570564001,-4.913967191020497
87000000.0,19.3343714866867,-4.960891292706619,22.086652112726185,-2.713691722896463,19.3339050284322,-4.960921537574862
88000000.0,19.301701366639012,-5.007534988315411,22.114124365484695,-2.741936049199138,19.301234709743248,-5.007565354586643
89000000.0,19.268795265840286,-5.053867009298993,22.0934673641424,-2.7829747490906263,19.268328362844283,-5.0538976378489675
90000000.0,19.23565698848296,-5.099886036282852,22.053420951590418,-2.8138269206515285,19.23518977962678,-5.099916957181646
91000000.0,19.20229033966667,-5.145590805124674,22.055434735263024,-2.8414156315170125,19.20182288783095,-5.145621900516578
92000000.0,19.16869912449547,-5.19098010663087,22.047468777842102,-2.8367764544510483,19.168231327279198,-5.191011341958568
93000000.0,19.134887147186365,-5.236052786257376,22.041563398819278,-2.917395388310753,19.13441923383537,-5.236084303048945
94000000.0,19.10085821018967,-5.280807743795108,22.04268971688713,-2.928997419817556,19.10039001108221,-5.280839397282072
95000000.0,19.06661611332118,-5.325243933040469,22.02647918851589,-2.9565527789075956,19.066147639313485,-5.325275794307199
96000000.0,19.032164652906637,-5.369360361451262,22.010179427244964,-2.967263782182206,19.031695857878816,-5.369392396157112
97000000.0,18.997507620938514,-5.413156089788446,22.002515408184546,-3.019847035543249,18.997038634721743,-5.41318834908938
98000000.0,18.96264880424554,-5.456630231744076,22.02144642302322,-3.055949944244848,18.962179633589336,-5.456662609232
99000000.0,18.927591983675004,-5.499781953555864,21.983945572938104,-3.0766600957245838,18.92712247868939,-5.499814570581714
100000000.0,18.892340933288118,-5.542610473608728,21.988275138335602,-3.1118484782732625,18.89187121491368,-5.542643239909589
101000000.0,18.856899419568613,-5.585115062023731,21.97593220601383,-3.130538633849364,18.856429410033844,-5.585147987729495
102000000.0,18.82127120064474,-5.627295040234823,21.95875192579316,-3.17891530231534,18.82080097341176,-5.627328194850006
103000000.0,18.785460025524827,-5.6691497805537665,21.952607803755427,-3.20887356221927,18.78498955194083,-5.669183093409404
104000000.0,18.749469633346514,-5.710678705723646,21.950158695757587,-3.2293839706588674,18.74899889514074,-5.710712143529367
105000000.0,18.713303752639895,-5.751881288461378,21.9255162787508,-3.240073214387274,18.712832676133505,-5.751914890011355
106000000.0,18.676966100604567,-5.792757050989584,21.925502476410106,-3.283060159951663,18.676494829835335,-5.792790810175511
107000000.0,18.640460382400818,-5.833305564558272,21.902418708302868,-3.3144538400673587,18.639988836308902,-5.833339520245495
108000000.0,18.60379029045498,-5.873526448956683,21.895755397634225,-3.3338807938747888,18.60331847006178,-5.8735605251463925
109000000.0,18.566959503779046,-5.9134193720156984,21.876134139863,-3.3602912326429712,18.566487401846484,-5.913453617961589
110000000.0,18.529971687304702,-5.952984049101251,21.883517507000402,-3.3966289801929537,18.5294993928666,-5.953018404758919
111000000.0,18.49283049123175,-5.992220242599051,21.85912733335329,-3.4130494393347495,18.492357876718355,-5.9922547535949535
112000000.0,18.455539550391045,-6.031127761391097,21.862507218244108,-3.4600425453931236,18.45506676878565,-6.031162411648558
113000000.0,18.418102483621993,-6.069706460324304,21.842770276652924,-3.4802891628256503,18.417629404990816,-6.069741254638645
114000000.0,18.38052289316461,-6.107956239671652,21.835787314450585,-3.52628289305065,18.380049623839547,-6.107991196529082
115000000.0,18.342804364066208,-6.145877044586238,21.820423492737408,-3.53377225382782,18.342330771351538,-6.145912096796301
116000000.0,18.304950463602754,-6.183468864548616,21.82980109793701,-3.5610841191537186,18.304476665859678,-6.183503980870098
117000000.0,18.266964740714826,-6.22073173280777,21.814798041556696,-3.6038555119832196,18.26649072812931,-6.220767020348585
118000000.0,18.228850725458262,-6.257665725816141,21.806394669091084,-3.6415512587161545,18.228376499972228,-6.257701150327889
119000000.0,18.19061192846944,-6.294270962659016,21.762631641043512,-3.6557553447531688,18.190137334327147,-6.294306571260775
120000000.0,18.152251840445203,-6.330547604478702,21.78021423633732,-3.6952782496954764,18.15177710505723,-6.330583270570223
121000000.0,18.11377393163736,-6.366495853893791,21.75853725657411,-3.7422176336752324,18.113298982567233,-6.366531712743734
122000000.0,18.075181651361806,-6.402115954413913,21.73742171652146,-3.7749516356057846,18.074706448009366,-6.402151966889329
123000000.0,18.036478427522145,-6.4374081898502995,21.71737780084692,-3.7910714429505137,18.036002922890276,-6.437444308401768
124000000.0,17.997667666147773,-6.472372883722513,21.679643965929078,-3.823986192203172,17.997191867483238,-6.4724092025035365
125000000.0,17.958752750946473,-6.507010398661679,21.67281358203041,-3.828379333546587,17.95827664986274,-6.507046747410048
126000000.0,17.919737042871283,-6.541321135810582,21.668196439496686,-3.863495356880061,17.919260741574544,-6.541357583453956
127000000.0,17.880623879701677,-6.575305534220891,21.642670040731762,-3.890793603052955,17.880147301045486,-6.575342122960515
128000000.0,17.841416575639023,-6.608964070247925,21.62846437268667,-3.924584795128049,17.840939770634623,-6.60900077966928
129000000.0,17.802118420916074,-6.6422972569431975,21.614821019335825,-3.928575885113872,17.80164129931602,-6.64233400371856
130000000.0,17.762732681420562,-6.675305643445125,21.61544278185785,-3.954450763029882,17.76225535150301,-6.675342438001905
131000000.0,17.723262598332692,-6.707989814368132,21.584327473555057,-3.975044645445389,17.72278495918413,-6.708026739840238
132000000.0,17.6837113877765,-6.74035038919054,21.57765455211229,-4.009867432153487,17.683233552172904,-6.740387404870569
133000000.0,17.644082240484902,-6.772388021641462,21.567400656059515,-4.048566855479557,17.64360421277884,-6.772425147647714
134000000.0,17.604378321478368,-6.804103399087031,21.562820942842627,-4.063378196654449,17.603900043678202,-6.804140548847353
135000000.0,17.56460276975707,-6.835497241916246,21.540320460141512,-4.080860796078434,17.564124201550726,-6.835534477067931
136000000.0,17.524758698006394,-6.866570302926701,21.520551448990457,-4.115933743227975,17.524279904522086,-6.8666076623481525
137000000.0,17.484849192315686,-6.897323366710486,21.503392781108996,-4.160862913890147,17.4843702140046,-6.89736086854843
138000000.0,17.444877311910048,-6.927757249040498,21.49489352547657,-4.163720716257589,17.444398040761236,-6.9277947427375395
139000000.0,17.404846088895138,-6.957872796257463,21.468690288157386,-4.195321764822009,17.404366567292843,-6.9579104192622365
140000000.0,17.36475852801473,-6.98767088465788,21.45292843727203,-4.210029917745754,17.36427873334502,-6.98770855203127
141000000.0,17.32461760642093,-7.017152419883169,21.444675122707725,-4.265716730238206,17.324137694803667,-7.01719022616389
142000000.0,17.284426273456912,-7.046318336310234,21.44373447831373,-4.28905447605692,17.2839461645778,-7.0463561608014516
143000000.0,17.244187450451975,-7.075169596443713,21.40977440170305,-4.289603197348472,17.243706973338515,-7.075207475033385
144000000.0,17.203904030528793,-7.103707190310089,21.405551338585752,-4.332736570440671,17.203423414305245,-7.103745152936196
145000000.0,17.163578878422676,-7.131932134853948,21.392510089335417,-4.3584915309241365,17.163098042045004,-7.131970155884727
146000000.0,17.12321483031267,-7.159845473336551,21.377054014556002,-4.3727723726559935,17.122733730861366,-7.1598835233432565
147000000.0,17.08281469366436,-7.187448274736946,21.34316883261826,-4.408173250380969,17.08233334444094,-7.187486477206865
148000000.0,17.042381247084155,-7.214741633155827,21.344002590839697,-4.431944772639674,17.041899719773813,-7.214779837177574
149000000.0,17.001917240184937,-7.241726667222333,21.315216168641975,-4.45202525069586,17.001435431884353,-7.241764956085591
150000000.0,16.961425393462807,-7.268404519503966,21.302433919415076,-4.485951508368657,16.960943401537826,-7.268442882936661
151000000.0,16.92090839818489,-7.294776355919845,21.299728534245915,-4.509897122411482,16.920426224222073,-7.294814727744503
152000000.0,16.880368916287836,-7.320843365157422,21.26713309869723,-4.535922387969979,16.879886473175436,-7.3208818483711
153000000.0,16.839809580287028,-7.346606758092894,21.25822886720088,-4.564564230181053,16.83932695460333,-7.346645281973546
154000000.0,16.79923299319614,-7.372067767215413,21.23664388621098,-4.577810909714349,16.798750095075818,-7.372106321746068
155000000.0,16.758641728456972,-7.397227646055304,21.238915880036533,-4.581598984596645,16.758158606758272,-7.397266119205147
156000000.0,16.718038329879334,-7.422087668616421,21.200177100417562,-4.62482072099742,16.717554981342442,-7.422126324427952
157000000.0,16.677425311590802,-7.446649128812782,21.19604235815313,-4.6616173690006715,16.676941831447706,-7.446687830847119
158000000.0,16.636805157996104,-7.470913339909653,21.1869328202896,-4.672535500541579,16.636321446600228,-7.470952016676699
159000000.0,16.59618032374607,-7.494881633969174,21.168241736477725,-4.70217240955522,16.595696412643672,-7.494920378586901
160000000.0,16.555553233715802,-7.518555361300709,21.147266212458902,-4.736265367110238,16.555069131652836,-7.5185941954216995
161000000.0,16.514926282992,-7.541935889915983,21.134615849189633,-4.770133844641448,16.51444201947909,-7.541974784408467
162000000.0,16.47430183686918,-7.565024604989189,21.127287719727253,-4.778835269959768,16.473817349282566,-7.5650634544573325
163000000.0,16.433682230854604,-7.58782290832213,21.09730494859692,-4.820780407983922,16.433197552540268,-7.5878619013915465
164000000.0,16.39306977068177,-7.6103322178145065,21.074875583055913,-4.836494156497947,16.392584842733996,-7.61037123738645
165000000.0,16.352466732332218,-7.632553966939499,21.0553245359133,-4.853785839352199,16.351981571682906,-7.632593007562525
166000000.0,16.311875362065503,-7.654489604224669,21.03965793498655,-4.887271661836045,16.311390037908545,-7.654528708897342
167000000.0,16.27129787645711,-7.676140592738335,21.02978164540161,-4.895107652434462,16.2708123263344,-7.676179650267708
168000000.0,16.23073646244415,-7.697508409581468,21.014520269939474,-4.938102653828141,16.230250785861262,-7.69754756212188
169000000.0,16.190193277378647,-7.718594545385207,20.96891964081073,-4.966983777873349,16.189707320382343,-7.718633842290235
170000000.0,16.149670449088177,-7.739400503814059,20.966372676969055,-4.981078479920187,16.14918431905696,-7.7394397482211215
171000000.0,16.109170075943773,-7.759927801074872,20.9428156377994,-5.0092129487746195,16.108683745553943,-7.759967112355024
172000000.0,16.06869422693477,-7.78017796543162,20.922087633127823,-5.02688890219008,16.068207673481137,-7.78021729522467
173000000.0,16.028244941750568,-7.800152536726096,20.899484927305096,-5.050910237260164,16.0277581811577,-7.800191913480177
174000000.0,15.987824230868968,-7.8198530659045336,20.882566992916644,-5.075268099483192,15.98733728695006,-7.819892471153798
175000000.0,15.947434075651017,-7.839281114550227,20.8563455623689,-5.095570757588105,15.946946902279686,-7.839320563359995
176000000.0,15.90707642844212,-7.8584382544222215,20.834261142549806,-5.119249799310787,15.90658905383497,-7.858477744748788
177000000.0,15.86675321267925,-7.87732606700005,20.820312643451693,-5.1460640186584365,15.866265679483813,-7.877365582819658
178000000.0,15.826466323004084,-7.895946143034647,20.793524189268926,-5.15593558075457,15.825978528466313,-7.895985662538983
179000000.0,15.786217625381912,-7.91430008210538,20.77689954420949,-5.180962524250772,15.785729659978339,-7.914339627723156
180000000.0,15.746008957226046,-7.932389492183315,20.75901654150134,-5.20023240120365,15.74552079890943,-7.932429045562187
181000000.0,15.705842127527701,-7.9502159892006645,20.731581947475675,-5.230838482402672,15.70535377930033,-7.950255624763515
182000000.0,15.665718916991057,-7.967781196626519,20.71382625980899,-5.244809550779291,15.665230362232991,-7.96782081782264
183000000.0,15.625641078173384,-7.985086745048809,20.698303914746603,-5.259630313695576,15.625152330204944,-7.985126346760709
184000000.0,15.585610335630033,-8.00213427176257,20.683831106601083,-5.275142342694293,15.58512140279363,-8.002173852280766
185000000.0,15.545628386064188,-8.01892542036448,20.65276877264564,-5.288399614332322,15.545139197870794,-8.018965025399764
186000000.0,15.505696898481112,-8.035461840353712,20.626215168273195,-5.323164536281447,15.505207545821248,-8.035501538485692
187000000.0,15.465817514346842,-8.05174518673908,20.61267271186529,-5.334223414235532,15.465327970962896,-8.05178484101033
188000000.0,15.425991847751057,-8.067777119652497,20.595301629658298,-5.363503786794682,15.425502161238438,-8.067816814206493
189000000.0,15.386221485574051,-8.08355930396875,20.582545823937956,-5.386031810461854,15.38573165365794,-8.083598996382666
190000000.0,15.346507987657626,-8.099093408931546,20.56473302395427,-5.3935117011562985,15.346017942005277,-8.099133055312818
191000000.0,15.30685288697971,-8.114381107785887,20.54233520161052,-5.422910077409963,15.306362683919641,-8.11442081077712
192000000.0,15.267257689832613,-8.129424077416699,20.50851913993302,-5.446669619931665,15.266767266081777,-8.129463852056908
193000000.0,15.227723876004733,-8.144223997993759,20.502607657606074,-5.472345754846344,15.22723335239218,-8.144263759014839
194000000.0,15.188252898965565,-8.158782552622847,20.485382403742765,-5.489867502693547,15.187762204524184,-8.158822304214691
195000000.0,15.148846186053895,-8.17310142700317,20.463285931707947,-5.508822720293214,15.148355307379216,-8.173141190761436
196000000.0,15.10950513866899,-8.187182309090954,20.433639492613313,-5.522600084358689,15.109014029130696,-8.187222088392797
197000000.0,15.070231132464686,-8.201026888769276,20.417431584310492,-5.550524291903129,15.069739895894799,-8.201066696957726
198000000.0,15.031025517546238,-8.214636857524034,20.40115408852335,-5.556491185269324,15.030534082674073,-8.214676603683992
199000000.0,14.991889618669738,-8.228013908126064,20.369542633006972,-5.590261690373537,14.99139801554475,-8.228053758266967
200000000.0,14.952824735444045,-8.24115973431935,20.35810214504269,-5.604504183343137,14.952332985037211,-8.2411995401384
201000000.0,14.913832142535043,-8.25407603051534,20.332596063292478,-5.621074154680353,14.913340195404588,-8.25411584794282
202000000.0,14.87491308987212,-8.266764491493271,20.304727754475405,-5.653369162154317,14.874420989521996,-8.266804394328204
203000000.0,14.836068802856737,-8.279226812106511,20.2943788371809,-5.65877327511577,14.835576535978785,-8.279266628863752
204000000.0,14.797300482572961,-8.291464686994882,20.26675826627021,-5.678215744586145,14.796808024062054,-8.291504533794214
205000000.0,14.75860930599985,-8.303479810302878,20.254033757968017,-5.7103274924115714,14.758116762590163,-8.303519691950127
206000000.0,14.719996426225553,-8.315273875403792,20.23194829128262,-5.719799268203094,14.719503685026197,-8.315313726021909
207000000.0,14.681462972663045,-8.326848574629674,20.210142115386382,-5.737624273636415,14.680970063925384,-8.32688842883672
208000000.0,14.643010051267321,-8.338205599007098,20.185572443136746,-5.764610986367831,14.642516994708934,-8.338245505343579
209000000.0,14.604638744754016,-8.349346637998664,20.154177611120875,-5.793383702526031,14.604145518054747,-8.349386626709647
210000000.0,14.566350112819272,-8.360273379250199,20.150260191212084,-5.812470083252304,14.565856804793158,-8.360313318449878
211000000.0,14.528145192360778,-8.370987508343633,20.112351862164296,-5.825894319137607,14.527651638242906,-8.371027484615844
212000000.0,14.490024997699903,-8.381490708555463,20.08982095576985,-5.84424867975693,14.489531281961318,-8.381530692945462
213000000.0,14.451990520804731,-8.391784660620758,20.07640083439252,-5.86389114452737,14.451496689128218,-8.391824629002471
214000000.0,14.414042731514046,-8.401871042502695,20.05144011051691,-5.884748672173806,14.413548738704325,-8.401911038014655
215000000.0,14.37618257776199,-8.411751529167516,20.022827202924372,-5.912401510538491,14.375688431159318,-8.41179159381298
216000000.0,14.33841098580347,-8.421427792364865,20.011747649818606,-5.918566856094995,14.337916694436053,-8.421467774060334
217000000.0,14.300728860440092,-8.430901500413494,19.99267948929216,-5.94364349479001,14.300234452065533,-8.43094150912218
218000000.0,14.26313708524661,-8.440174317992218,19.96187618162763,-5.956864660040009,14.262642470377882,-8.440214339126314
219000000.0,14.225636522797759,-8.449247905936108,19.938170806435046,-5.976580346443329,14.225141755505152,-8.449287945485045
220000000.0,14.188228014895415,-8.458123921037833,19.923294677653285,-6.001089965027268,14.187733151722492,-8.458163972112088
221000000.0,14.150912382795989,-8.466804015854127,19.89176369895985,-6.015644356897137,14.150417317964815,-8.466844087780418
222000000.0,14.11369042743793,-8.475289838517266,19.878286172453528,-6.037949208276035,14.113195268769559,-8.4753299080276
223000000.0,14.076562929669377,-8.483583032551579,19.849739459355273,-6.055716278988216,14.076067595704124,-8.48362312799505
224000000.0,14.039530650475701,-8.491685236694831,19.827787445205647,-6.068828799335109,14.03903515739703,-8.491725315771262
225000000.0,14.002594331207078,-8.499598084724516,19.805535438523897,-6.087118149723478,14.002098695670615,-8.499638172087712
226000000.0,13.9657546938058,-8.507323205288913,19.785811620709946,-6.108785317418443,13.965258939544096,-8.50736330850096
227000000.0,13.929012441033441,-8.514862221742904,19.7660188566232,-6.13170013400204,13.9285165730468,-8.514902347107798
228000000.0,13.892368256697676,-8.52221675198847,19.7434862963282,-6.153056992313505,13.891872258671112,-8.52225690148272
229000000.0,13.85582280587879,-8.529388408319802,19.713914302957473,-6.1714925102197205,13.855326637209574,-8.529428591250678
230000000.0,13.819376735155704,-8.536378797272944,19.687792179080585,-6.179817640800607,13.818880380621923,-8.536418956056673
231000000.0,13.783030672831561,-8.543189519479954,19.675946071027322,-6.1922502876479815,13.78253421305216,-8.543229627630959
232000000.0,13.74678522915874,-8.549822169527477,19.652130089565954,-6.211112069388606,13.746288630388808,-8.54986229536125
233000000.0,13.710640996563262,-8.55627833581969,19.62766334145425,-6.233234061310986,13.71014426728878,-8.556318496944899
234000000.0,13.674598549868549,-8.562559600445526,19.60315325187558,-6.251631343812876,13.674101679175696,-8.562599779939237
235000000.0,13.638658446518448,-8.56866753905017,19.58445203845075,-6.272590962255731,13.638161470927031,-8.568707730871653
236000000.0,13.6028212267995,-8.574603720710694,19.56649708773941,-6.272040723428855,13.60232408306257,-8.574643821566704
237000000.0,13.567087414062353,-8.580369707815828,19.539816775804724,-6.295365228187491,13.566590137796675,-8.580409858039538
238000000.0,13.531457514942339,-8.58596705594975,19.516121617514724,-6.3117843761250025,13.530960099498095,-8.58600721384007
239000000.0,13.495932019579113,-8.591397313779895,19.492123147255075,-6.3277674494622405,13.49543446325953,-8.59143747854044
240000000.0,13.460511401835342,-8.596662022948653,19.469239126096383,-6.35635783703439,13.460013750659375,-8.59670225140474
241000000.0,13.425196119514347,-8.601762717968947,19.442853204381862,-6.355526548721782,13.424698265442085,-8.601802881351299
242000000.0,13.389986614576724,-8.606700926123576,19.428030509945092,-6.380349159748032,13.389488694529481,-8.606741110843815
243000000.0,13.354883313355879,-8.61147816736834,19.39678179154168,-6.392337072118563,13.354385209552042,-8.611518363899375
244000000.0,13.31988662677239,-8.616095954238776,19.386542248706117,-6.4051441273910665,13.319388443750038,-8.616136101065504
245000000.0,13.284996950547228,-8.620555791760546,19.35657313068617,-6.430497664374134,13.284498633656904,-8.620596011365654
246000000.0,13.250214665413768,-8.624859177363353,19.337053018988808,-6.440273326506036,13.249716217486387,-8.624899362451806
247000000.0,13.215540137328546,-8.62900760079834,19.30951029893238,-6.463282401106099,13.215041561779259,-8.62904784069467
248000000.0,13.180973717680747,-8.633002544058916,19.284542814996314,-6.471038062151037,13.180474980558332,-8.633042757237627
249000000.0,13.146515743500393,-8.636845481304944,19.260100688397362,-6.490577341615492,13.14601688490592,-8.636885723683365
250000000.0,13.11216653766517,-8.640537878790235,19.243045179764845,-6.491357306046228,13.111667536520379,-8.640578036482875
251000000.0,13.077926409105924,-8.644081194793278,19.218757062201163,-6.517003977596874,13.077427308139276,-8.64412141192002
252000000.0,13.043795653010717,-8.647476879551144,19.187587704699794,-6.527643257982535,13.043296373065198,-8.647517104406102
253000000.0,13.009774551027515,-8.650726375196538,19.173843850505303,-6.547052946875552,13.009275205513331,-8.650766597448676
254000000.0,12.975863371465376,-8.653831115697887,19.14656319530334,-6.552843949905787,12.975363853005627,-8.653871310530901
255000000.0,12.942062369494211,-8.656792526802453,19.128549961407526,-6.580004071803307,12.941562790318129,-8.656832771424956
256000000.0,12.908371787343032,-8.659612025982383,19.106601389198737,-6.578442234662267,12.907872040959429,-8.659652191148211
257000000.0,12.874791854496696,-8.662291022383657,19.072862367326533,-6.598685624112797,12.874291950255733,-8.66233125237654
258000000.0,12.841322787891102,-8.664830916777866,19.055800930244526,-6.6152724639692515,12.840822798065492,-8.664871142949385
259000000.0,12.807964792106855,-8.66723310151676,19.036206236635234,-6.630423786674412,12.807464700724559,-8.667273325021299
260000000.0,12.774718059561346,-8.669498960489525,19.01364455217944,-6.631836392477339,12.774217810973605,-8.66953912231221
261000000.0,12.741582770699255,-8.671629869082741,18.98692281119973,-6.663404065816062,12.741082436719578,-8.671670132815168
262000000.0,12.708559094181433,-8.67362719414291,18.96634463271919,-6.668029344830388,12.708058624528002,-8.67366740701635
263000000.0,12.675647187072205,-8.675492293941588,18.93744430118031,-6.684764019423936,12.675146577619824,-8.67553254220081
264000000.0,12.642847195024997,-8.677226518142973,18.918655134624895,-6.694491453332475,12.642346476136167,-8.677266736488265
265000000.0,12.610159252466355,-8.678831207774005,18.891003899134297,-6.71176769892959,12.609658403228071,-8.67887146139671
266000000.0,12.577583482778302,-8.680307695196785,18.87227486201701,-6.720468090758462,12.577082523099197,-8.680347914462532
267000000.0,12.545119998479015,-8.681657304083407,18.846149973442547,-6.737712250452329,12.544618917581866,-8.681697554856878
268000000.0,12.51276890140185,-8.682881349393059,18.824337986742123,-6.751796696305354,12.512267712361039,-8.682921603257949
269000000.0,12.480530282872675,-8.683981137351353,18.790474863193484,-6.765027385078848,12.480028922804774,-8.684021426569952
270000000.0,12.448404223885497,-8.684957965431863,18.77394100995752,-6.773325370115521,12.44790276668798,-8.684998213516467
271000000.0,12.416390795276431,-8.685813122339828,18.74644568461348,-6.7778361341362094,12.415889174753667,-8.68585334319306
272000000.0,12.38449005789592,-8.686547887997898,18.720973706281303,-6.796017978231487,12.383988325919967,-8.686588145634225
273000000.0,12.352702062779278,-8.687163533533976,18.71372047923231,-6.810089084087746,12.352200300901524,-8.687203753321445
274000000.0,12.3210268513155,-8.687661321271037,18.67667776730286,-6.821684599606129,12.320524900609392,-8.687701579667763
275000000.0,12.289464455414372,-8.688042504718888,18.652558444004463,-6.832789500814572,12.288962381233471,-8.688082761252055
276000000.0,12.258014897671849,-8.68830832856787,18.635419059936876,-6.8490819298563395,12.257512751948877,-8.688348589706287
277000000.0,12.226678191533711,-8.688460028684371,18.60710488777698,-6.862382561865902,12.226175908690562,-8.688500312665235
278000000.0,12.195454341457497,-8.688498832108202,18.580913563808167,-6.875284634036267,12.194951931869488,-8.68853913109027
279000000.0,12.164343343072716,-8.688425957051699,18.562459709340224,-6.889699571860654,12.163840851759279,-8.688466256576284
280000000.0,12.13334518333933,-8.688242612900586,18.542997126834866,-6.900934798580164,12.132842596496486,-8.688282900092805
281000000.0,12.102459840704501,-8.687950000216494,18.525108716978984,-6.922074520637689,12.10195719620948,-8.687990322348233
282000000.0,12.07168728525765,-8.68754931074115,18.491367909006065,-6.930764612551054,12.071184465151969,-8.687589650197802
283000000.0,12.041027478883741,-8.687041727402129,18.46757153206908,-6.938554142323142,12.040524532721628,-8.68708205088606
284000000.0,12.010480375414875,-8.68642842432018,18.442039123540056,-6.950115552785684,12.009977305817412,-8.686468756956705
285000000.0,11.980045920780183,-8.685710566818083,18.429466115284526,-6.968495439527441,11.979542815692952,-8.68575090699879
286000000.0,11.949724053153952,-8.684889311430942,18.40038663455181,-6.9848048552875825,11.949220821105294,-8.6849296969124
287000000.0,11.919514703102093,-8.683965805917966,18.38489493153814,-6.990929403243264,11.919011386175152,-8.684006144713765
288000000.0,11.889417793726865,-8.682941189275592,18.358126926843166,-7.0038921588584495,11.888914353368829,-8.682981550239182
289000000.0,11.85943324080992,-8.68181659175201,18.331409277364415,-7.023732477298578,11.858929697600077,-8.68185701129512
290000000.0,11.829560952953631,-8.680593134862988,18.30247005768765,-7.033668611113722,11.829057267237546,-8.68063356797122
291000000.0,11.799800831720754,-8.679271931408993,18.28340690998764,-7.043195387568234,11.799297054732495,-8.679312348063025
292000000.0,11.77015277177237,-8.67785408549353,18.260849135655107,-7.060959028349417,11.76964890931905,-8.677894539591586
293000000.0,11.740616661004172,-8.676340692542748,18.23501245717045,-7.066710540007123,11.740112662019092,-8.676381130750539
294000000.0,11.711192380681078,-8.674732839326166,18.204047293707802,-7.083011491736011,11.710688248730264,-8.674773332342683
295000000.0,11.681879805570171,-8.673031603978572,18.188181745401007,-7.090256721959698,11.681375595045699,-8.673072061540115
296000000.0,11.652678804071982,-8.671238056023027,18.162217290583612,-7.101740188782547,11.65217447424862,-8.671278529759297
297000000.0,11.623589238350121,-8.669353256394928,18.13869279735571,-7.108708124732373,11.623084789840082,-8.66939371596918
298000000.0,11.594610964459273,-8.667378257467139,18.109590828360005,-7.124686432658852,11.594106393710506,-8.66741876691691
299000000.0,11.565743832471561,-8.665314103076103,18.083577451648065,-7.1301357929956035,11.565239126534948,-8.665354598303942
300000000.0,11.536987686601272,-8.66316182854895,18.059224317082695,-7.144961791556335,11.536482881246094,-8.663202355141543
301000000.0,11.50834236532798,-8.660922460731545,18.04302733164376,-7.149371918083087,11.507837475105884,-8.660962940866131
302000000.0,11.479807701518054,-8.65859701801745,18.00817022507017,-7.162924015764568,11.479302653271358,-8.658637553338814
303000000.0,11.451383522544587,-8.656186510377786,17.990866114297678,-7.168718960259363,11.450878388483856,-8.65622701072047
304000000.0,11.423069650405713,-8.653691939391921,17.972919802525983,-7.180573277307521,11.422564444665772,-8.65373243945909
305000000.0,11.39486590184136,-8.651114298279015,17.94811833797882,-7.191056242965422,11.394360584411737,-8.651154810467984
306000000.0,11.36677208844845,-8.648454571930358,17.922312521228676,-7.201323165142915,11.366266653772854,-8.648495098386533
307000000.0,11.338788016794519,-8.64571373694247,17.896809937989616,-7.2148931385069055,11.338282476092813,-8.64575429502846
308000000.0,11.310913488529813,-8.642892761650945,17.871668217960778,-7.225984796351871,11.310407837232082,-8.642933337591224
309000000.0,11.283148300497842,-8.639992606165023,17.850945650801634,-7.235131760884216,11.282642557362978,-8.640033177781895
310000000.0,11.255492244844406,-8.63701422240285,17.83001597044877,-7.2427363983050554,11.254986404959718,-8.637054782498186
311000000.0,11.22794510912512,-8.633958554127394,17.799891011175042,-7.257405881507037,11.227439142893651,-8.633999166630703
312000000.0,11.20050667641144,-8.630826536983006,17.780016249316134,-7.261229559616394,11.200000609533655,-8.630867115689027
313000000.0,11.173176725395196,-8.62761909853262,17.74893503893509,-7.27298912800245,11.172670519677306,-8.627659717555836
314000000.0,11.145955030491649,-8.62433715829549,17.729628056539653,-7.2755718202713195,11.14544872465815,-8.62437773619201
315000000.0,11.118841361941088,-8.620981627785557,17.705577138673313,-7.291545671285613,11.118334967507591,-8.621022250468839
316000000.0,11.09183548590897,-8.617553410550313,17.67392998965587,-7.301612103945883,11.091328945904065,-8.617594067351096
317000000.0,11.064937164584627,-8.614053402210214,17.656538493041417,-7.30499509167615,11.064430538299503,-8.614094018443701
318000000.0,11.038146156278552,-8.61048249049859,17.62828173236427,-7.310864181272955,11.037639392017661,-8.610523109744896
319000000.0,11.011462215518243,-8.606841555302005,17.6041161163416,-7.325335918620607,11.010955359241784,-8.606882213569895
320000000.0,10.984885093142669,-8.603131468701118,17.578433102311216,-7.332177669810133,10.984378116176869,-8.603172129182303
321000000.0,10.958414536395358,-8.599353095011947,17.545864233310986,-7.348095010201849,10.957907426231628,-8.599393826166946
322000000.0,10.932050289016065,-8.595507290827564,17.534716082959108,-7.343721849733705,10.931543107558046,-8.595547924738087
323000000.0,10.905792091331122,-8.591594905060171,17.508117660686718,-7.353806069501889,10.905284793998103,-8.59163556271633
324000000.0,10.8796396803424,-8.587616778983568,17.479889056075095,-7.362505340004831,10.879132254788779,-8.587657457695384
325000000.0,10.853592789814957,-8.583573746275968,17.4593521993961,-7.366453851950654,10.853085265531321,-8.583614399830898
326000000.0,10.827651150363359,-8.579466633063165,17.430973886397123,-7.383055320363337,10.827143518870153,-8.57950735217033
327000000.0,10.801814489536664,-8.575296257961986,17.414943579304015,-7.384727164590812,10.801306778544383,-8.57533692834266
328000000.0,10.776082531902144,-8.571063432124093,17.38103100618106,-7.388946297003151,10.77557465071418,-8.571104116093936
329000000.0,10.75045499912768,-8.566768959280035,17.357493910656526,-7.38893951416188,10.749946993533733,-8.56680960627506
330000000.0,10.724931610062923,-8.562413635783578,17.33215622959648,-7.396692463918785,10.724423491290462,-8.562454293591303
331000000.0,10.699512080819156,-8.557998250656295,17.309561134012586,-7.405213736117187,10.69900386625238,-8.558038916631919
332000000.0,10.674196124847946,-8.55352358563238,17.284965190345357,-7.411498994119108,10.673687797815461,-8.553564253305106
333000000.0,10.648983453018529,-8.54899041520368,17.258202358737265,-7.419560540119836,10.648475006606049,-8.549031100556943
334000000.0,10.623873773693996,-8.544399506664949,17.235686619496718,-7.423661573929568,10.623365221001984,-8.544440177058425
335000000.0,10.59886679280626,-8.539751620159262,17.20649414523272,-7.42851969663248,10.598358099359006,-8.539792297920572
336000000.0,10.573962213929832,-8.535047508723629,17.181881223736315,-7.431653757938686,10.573453400640958,-8.535088172609605
337000000.0,10.549159738354408,-8.530287918334755,17.155470214309887,-7.433438566891478,10.548650792005304,-8.530328566075841
338000000.0,10.524459065156297,-8.525473587954956,17.13849397619361,-7.446283963263517,10.523950067371674,-8.52551425609338
339000000.0,10.49985989126869,-8.520605249578184,17.098596049233162,-7.443670369164984,10.499350674810517,-8.520645913735859
340000000.0,10.475361911550777,-8.515683628276207,17.07909183149539,-7.456135305631782,10.474852629144493,-8.515724318308127
341000000.0,10.450964818855745,-8.510709442244858,17.054568773918106,-7.45366743710003,10.450455403634699,-8.510750089266908
342000000.0,10.426668304097653,-8.505683402850412,17.033006281615027,-7.461816702291256,10.426158800682556,-8.505724058245985
343000000.0,10.402472056317208,-8.500606214676013,17.003644009534405,-7.464900975876707,10.401962408401275,-8.500646871327866
344000000.0,10.378375762746433,-8.495478575568184,16.978409044707274,-7.472512716509864,10.37786600530791,-8.49551924813706
345000000.0,10.354379108872282,-8.4903011766834,16.951524842459325,-7.47923608140645,10.353869230631426,-8.490341864994681
346000000.0,10.330481778499168,-8.485074702534702,16.928413551713014,-7.482144088260707,10.329971790618103,-8.485115375951555
347000000.0,10.30668345381045,-8.479799831038333,16.908520191975775,-7.484048397376728,10.306173371800446,-8.479840475985966
348000000.0,10.282983815428862,-8.474477233560428,16.878598386543146,-7.48816605985771,10.28247358954303,-8.474517888942627
349000000.0,10.259382542475944,-8.469107574963678,16.853016493054454,-7.4900941883712475,10.258872191337286,-8.46914821765898
350000000.0,10.235879312630423,-8.463691513654041,16.82548408272114,-7.494403921731391,10.235368831791488,-8.463732162394091
351000000.0,10.212473802185611,-8.458229701627412,16.801809428314893,-7.496440093360292,10.211963207409802,-8.45827033409586
352000000.0,10.189165686105818,-8.452722784516281,16.773857865048814,-7.5057617821166405,10.18865497269069,-8.45276345284627
353000000.0,10.165954638081764,-8.447171401636401,16.745390946655714,-7.510146826961175,10.16544379048506,-8.447212080038499
354000000.0,10.142840330585036,-8.441576186033373,16.719015582371334,-7.510388854091727,10.142329349902473,-8.441616846350879
355000000.0,10.119822434921605,-8.435937764529218,16.691831459379383,-7.504927730974665,10.119311302040787,-8.435978377375095
356000000.0,10.09690062128438,-8.430256757768884,16.663410666307744,-7.5040744339367285,10.096389341430367,-8.430297352420451
357000000.0,10.074074558804831,-8.424533780266705,16.633511080501513,-7.512834810291882,10.073563148794564,-8.424574414642025
358000000.0,10.051343915603724,-8.418769440452783,16.61453686233217,-7.507404563705315,10.050832399941868,-8.418810007310611
359000000.0,10.028708358840905,-8.412964340719288,16.580752533885967,-7.512317184948513,10.028196681631393,-8.413004936603924
360000000.0,10.006167554764232,-8.407119077466696,16.55389938122148,-7.509198966483241,10.005655734169707,-8.407159639858257
361000000.0,9.983721168757596,-8.401234241149913,16.524327834807238,-7.502660431131237,9.983209180867188,-8.401274758255713
362000000.0,9.96136886538808,-8.395310416324305,16.500239902513677,-7.498119815755122,9.960856746260514,-8.395350885459555
363000000.0,9.939110308452257,-8.389348181691643,16.472102214239893,-7.489838003460312,9.938598025856697,-8.389388592670992
364000000.0,9.916945161021653,-8.383348110145914,16.44809235243942,-7.484489529231338,9.91643274588503,-8.38338846903816
365000000.0,9.894873085487351,-8.377310768819015,16.42388644548047,-7.47569727612866,9.89436052795897,-8.377351057081905
366000000.0,9.87289374360378,-8.371236719126344,16.396551347213084,-7.471196065747596,9.872381037376233,-8.371276969304638
367000000.0,9.8510067965317,-8.365126516812227,16.373454265379845,-7.464442150426341,9.850493959770679,-8.365166705545606
368000000.0,9.829211904880353,-8.358980711995248,16.351513395238147,-7.452151148080126,9.828698929905533,-8.359020805352802
369000000.0,9.807508728748866,-8.352799849213394,16.32983168652907,-7.446035864671239,9.8069956332486,-8.352839881615044
370000000.0,9.785896927766837,-8.3465844674691,16.309510527678214,-7.445283382673508,9.78538373354681,-8.346624465997001
371000000.0,9.764376161134166,-8.340335100274094,16.28403756106767,-7.442374771088651,9.763862833647776,-8.340375066465617
372000000.0,9.742946087660107,-8.334052275694114,16.255332864769386,-7.430246500226617,9.742432584816422,-8.33409216609583
373000000.0,9.721606365801613,-8.327736516393463,16.229642726299396,-7.4245412466378635,9.721092721467206,-8.327776359814587
374000000.0,9.700356653700894,-8.32138833967937,16.197184075048074,-7.411769319853932,9.699842811253008,-8.321428114000868
375000000.0,9.67919660922228,-8.31500825754622,16.173598390877206,-7.3963996714723255,9.6786826122473,-8.315047925175838
376000000.0,9.65812588998834,-8.308596776719565,16.143151668020987,-7.376573123456935,9.6576116879551,-8.308636330484623
377000000.0,9.63714415341533,-8.30215439869998,16.114974523772595,-7.3564481363417,9.636629758401508,-8.30219383116909
378000000.0,9.616251056747888,-8.295681619806734,16.09259709742895,-7.327046264132113,9.615736477313197,-8.295720863065053
379000000.0,9.595446257093107,-8.28917893122126,16.071127791153096,-7.305444264931094,9.594931518954395,-8.289218027304896
380000000.0,9.574729411453877,-8.282646819030441,16.050071772175627,-7.274605298767565,9.574214492540394,-8.28268571411468
381000000.0,9.55410017676158,-8.2760857642697,16.03376679062599,-7.243781011398165,9.553585104241431,-8.276124445658015
382000000.0,9.533558209908136,-8.26949624296588,16.02765765028243,-7.203891073356915,9.533043018189728,-8.269534631075116
383000000.0,9.513103167777379,-8.262878726179942,16.03090012275898,-7.175343039742825,9.51258794143987,-8.262916860693576
384000000.0,9.492734707275817,-8.256233680049437,16.031713126181764,-7.141585643952199,9.492219419016406,-8.256271536915834
385000000.0,9.472452485362734,-8.24956156583078,16.044704077135986,-7.114652117579404,9.47193722496049,-8.249599151485551
386000000.0,9.452256159079708,-8.242862839941306,16.061630884599815,-7.081795003728801,9.45174093485472,-8.24290010887703
387000000.0,9.43214538557948,-8.236137954001114,16.082895384095924,-7.049195699236899,9.431630225117498,-8.236174895477042
388000000.0,9.41211982215426,-8.229387354874694,16.10837429104763,-7.044577227638848,9.411604826875376,-8.229424122288632
389000000.0,9.392179126263393,-8.222611484712338,16.14851012785757,-7.0320059359051506,9.3916643634413,-8.222647992944303
390000000.0,9.372322955560497,-8.21581078099132,16.182120071614666,-7.0304323303821095,9.371808417788436,-8.21584711381643
391000000.0,9.35255096791997,-8.208985676556853,16.206584725938903,-7.046400145176253,9.35203664818629,-8.209021964278447
392000000.0,9.33286282146298,-8.20213659966283,16.24044366196106,-7.072448611691473,9.332348802910856,-8.20217288014126
393000000.0,9.313258174582856,-8.19526397401232,16.255306742452788,-7.095521849455805,9.31274433585522,-8.195300280707892
394000000.0,9.293736685969957,-8.18836821879785,16.257712336359372,-7.125347212303758,9.293222969385301,-8.188404625660066
395000000.0,9.274298014635999,-8.181449748741441,16.26138481050373,-7.1512330322193405,9.273784417421124,-8.181486229993691
396000000.0,9.254941819937825,-8.174508974134408,16.262302521188438,-7.181263675460668,9.25442833564396,-8.174545562808705
397000000.0,9.235667761600684,-8.167546300876953,16.252317460632035,-7.200862592590424,9.235154298025519,-8.167582962368368
398000000.0,9.216475499740964,-8.16056213051747,16.24223283789592,-7.216362631569022,9.21596204590138,-8.160598840991884
399000000.0,9.197364694888451,-8.153556860291658,16.2352671305226,-7.232110044662987,9.196851270122579,-8.15359361412194
400000000.0,9.178335008008048,-8.146530883161375,16.231736338584714,-7.2360066785645465,9.177821603777392,-8.146567600954453
401000000.0,9.159386100521031,-8.139484587853238,16.22980466709709,-7.256390802273825,9.158872767183903,-8.13952136602362
402000000.0,9.140517634325814,-8.132418358897004,16.23724510571359,-7.266871051573544,9.140004404344829,-8.132455115452238
403000000.0,9.121729271818236,-8.1253325766637,16.24308700879874,-7.286670618702164,9.121216158339529,-8.125369372981517
404000000.0,9.103020675911372,-8.118227617403491,16.248039548284485,-7.308437216741439,9.102507678212131,-8.118264468636381
405000000.0,9.08439151005489,-8.111103853283328,16.252289585918902,-7.346066735448864,9.083878661570902,-8.111140858619265
406000000.0,9.065841438253967,-8.103961652424337,16.24406913507404,-7.388700738490322,9.065328674228837,-8.10399887291379
407000000.0,9.047370125087719,-8.096801378938949,16.231923707619025,-7.431601302581098,9.04685742132069,-8.096838826030918
408000000.0,9.028977235727236,-8.089623392967818,16.20614808170329,-7.469673956674668,9.028464497333687,-8.089661069514838
409000000.0,9.010662435953156,-8.082428050716443,16.168877381278378,-7.514380501772006,9.010149608010492,-8.082466023484976
410000000.0,8.99242539217283,-8.07521570449159,16.134182590316914,-7.5444768769369235,8.991912456057348,-8.075253878850361
411000000.0,8.97426577143705,-8.06798670273742,16.08760583218747,-7.568834776345496,8.973752642020678,-8.06802507122501
412000000.0,8.956183241456383,-8.060741390071398,16.036427370866345,-7.579291328103499,8.955669859241972,-8.06077987939188
413000000.0,8.938177470617099,-8.053480107319944,15.99063068143107,-7.586846129125152,8.937663861536599,-8.05351868781886
414000000.0,8.920248127996675,-8.046203191553822,15.934942299833374,-7.587541925693355,8.919734217068466,-8.046241844947918
415000000.0,8.902394883378953,-8.0389109761233,15.892721866321727,-7.579390020623789,8.90188073126242,-8.038949618721325
416000000.0,8.884617407268873,-8.03160379069304,15.855251803713621,-7.559555909098942,8.884103015495675,-8.031642341835061
417000000.0,8.866915370906842,-8.024281961276747,15.824041239106375,-7.525145058800966,8.866400743058872,-8.024320319290888
418000000.0,8.849288446282735,-8.016945810271565,15.803755251716867,-7.493642865856258,8.848773654409303,-8.016983967258636
419000000.0,8.831736306149523,-8.00959565649223,15.802314944618468,-7.46022763439551,8.83122145915702,-8.009633556754412
420000000.0,8.814258624036544,-8.002231815204953,15.824640381288505,-7.43209779079973,8.813743878368301,-8.002269434712112
421000000.0,8.796855074262421,-7.994854598161069,15.845322717122446,-7.421491959972478,8.79634046206519,-7.994892046966744
422000000.0,8.77952533194763,-7.987464313630444,15.882726265512513,-7.436266963295137,8.779011014870601,-7.987501708218611
423000000.0,8.762269073026726,-7.980061266434608,15.918303249087037,-7.469255040916087,8.761755082428609,-7.980098724274417
424000000.0,8.745085974260233,-7.972645757979651,15.926215015663502,-7.521187248650668,8.744572183576258,-7.972683459816204
425000000.0,8.727975713246211,-7.965218086288876,15.919928295877337,-7.5710119608315924,8.727462029561776,-7.96525605218258
426000000.0,8.71093796843149,-7.957778546035195,15.89763745317568,-7.621411700902392,8.710424294046426,-7.9578168154199656
427000000.0,8.693972419122579,-7.950327428573277,15.857521031715354,-7.661454105216246,8.693458621659747,-7.950365977380561
428000000.0,8.677078745496278,-7.942865021971446,15.817423360821108,-7.695425788874061,8.676564811383509,-7.942903812817442
429000000.0,8.660256628609977,-7.935391611043348,15.777988032633857,-7.7247145317848815,8.659742551390865,-7.935430613768581
430000000.0,8.643505750411641,-7.927907477379345,15.73118063848079,-7.741357173399416,8.64299145782128,-7.927946631230676
431000000.0,8.626825793749507,-7.920412899377687,15.68286579649364,-7.761550055668135,8.626311284497628,-7.920452229024456
432000000.0,8.610216442381494,-7.912908152275418,15.639586779766516,-7.7680115299935695,8.609701717213738,-7.912947563863464
433000000.0,8.593677380984314,-7.905393508179056,15.596973492409674,-7.772835976712312,8.593162440456977,-7.905432990549898
434000000.0,8.577208295162308,-7.897869236095018,15.553715039737005,-7.769309826801841,8.576693117364403,-7.897908740558205
435000000.0,8.560808871456008,-7.890335601959803,15.514672491852355,-7.773737272610986,8.560293499087962,-7.890375167464817
436000000.0,8.544478797350418,-7.882792868669926,15.476062014299174,-7.766756762952887,8.543963208279218,-7.882832425904481
437000000.0,8.528217761283036,-7.875241296111632,15.433059424637014,-7.755599454054179,8.52770192004274,-7.875280829836661
438000000.0,8.512025452651613,-7.867681141190347,15.399354820449494,-7.745504980689269,8.511509417382035,-7.8677206378314875
439000000.0,8.495901561821643,-7.860112657859884,15.369766078089686,-7.726175756276432,8.49538533699502,-7.860152053223058
440000000.0,8.479845780133626,-7.852536097151451,15.34402472445396,-7.705281454972447,8.47932938530631,-7.852575373598763
441000000.0,8.463857799910048,-7.84495170720236,15.318131575493588,-7.690534332603463,8.463341247571787,-7.844990902185657
442000000.0,8.44793731446215,-7.837359733284548,15.305695234644269,-7.66025835231923,8.447420651297588,-7.837398723870682
443000000.0,8.432084018096436,-7.829760417832846,15.30133420110035,-7.6343962369478895,8.43156730252957,-7.829799212643052
444000000.0,8.416297606120953,-7.822154000473001,15.312024480717628,-7.619062077983857,8.415780952640429,-7.822192629786854
445000000.0,8.400577774851344,-7.814540718049475,15.327165228702908,-7.614092987569604,8.400061233873434,-7.8145792351087735
446000000.0,8.384924221616668,-7.806920804653008,15.346006012553323,-7.622463010354542,8.384407845447875,-7.806959283008596
447000000.0,8.369336644765005,-7.79929449164796,15.357048116893113,-7.645271471421043,8.368820417666338,-7.799333037173383
448000000.0,8.353814743668838,-7.791662007699399,15.360461657756256,-7.672551686397969,8.3532986285788,-7.791700665130555
449000000.0,8.338358218730217,-7.784023578799973,15.354185298151794,-7.711749413386946,8.33784218158174,-7.784062442298861
450000000.0,8.322966771385726,-7.776379428296552,15.33428480849358,-7.750114677618379,8.32245072657602,-7.776418522141701
451000000.0,8.30764010411123,-7.768729776916643,15.300166836777123,-7.786558924455864,8.307123960425933,-7.768769119366137
452000000.0,8.292377920426437,-7.761074842794577,15.269871955505046,-7.816407001238285,8.291861686784772,-7.761114385514263
453000000.0,8.277179924899235,-7.753414841497461,15.229977063534827,-7.834620841300749,8.276663518508007,-7.753454533876981
454000000.0,8.262045823149862,-7.745749986050928,15.19160001787925,-7.850633524563573,8.261529248578647,-7.745789811531628
455000000.0,8.246975321854874,-7.738080486964634,15.15164816040743,-7.862309126478431,8.246458560545847,-7.738120422578753
456000000.0,8.231968128750918,-7.730406552257563,15.109048400287007,-7.866169430476183,8.231451148528286,-7.730446556363595
457000000.0,8.217023952638337,-7.722728387483086,15.07630563876077,-7.876837157389602,8.216506827142027,-7.7227684807882
458000000.0,8.202142503384584,-7.71504619575382,15.036836916542047,-7.875458234704473,8.201625167079904,-7.715086319713079
459000000.0,8.187323491927462,-7.7073601777662555,14.99612781358896,-7.877599333539029,8.18680594470613,-7.707400356327184
460000000.0,8.172566630278194,-7.699670531825169,14.972834026672608,-7.875664014008378,8.172048968475433,-7.699710704499682
461000000.0,8.157871631524323,-7.691977453867828,14.93727672507012,-7.871784199159034,8.157353777306891,-7.6920176345848725
462000000.0,8.143238209832436,-7.6842811374879725,14.906495027305922,-7.872161169758126,8.142720200739063,-7.684321342118123
463000000.0,8.128666080450742,-7.676581773959586,14.880004337540822,-7.875344214607906,8.128147948049746,-7.67662201063407
464000000.0,8.114154959711476,-7.668879552260453,14.846427464362401,-7.87920873418363,8.113636662811322,-7.668919839902015
465000000.0,8.099704565033157,-7.661174659095513,14.811240213061449,-7.8775797461756465,8.099186082597202,-7.661214968214756
466000000.0,8.085314614922677,-7.653467278919992,14.77737410080559,-7.883839898607007,8.08479597120749,-7.653507654242777
467000000.0,8.070984828977258,-7.645757593962342,14.74404664735833,-7.886770570862164,8.070466020314477,-7.645798014538392
468000000.0,8.056714927886256,-7.638045784246956,14.707272452673982,-7.879817087616988,8.056195913212123,-7.638086198187758
469000000.0,8.04250463343281,-7.630332027616699,14.674530532962413,-7.874018094406043,8.041985439265032,-7.63037243369853
470000000.0,8.028353668495354,-7.622616499755205,14.63610367837815,-7.8620943603401745,8.027834248135393,-7.622656873357276
471000000.0,8.014261757049015,-7.614899374209009,14.600700848953295,-7.855642334937037,8.013742139927418,-7.614939742003495
472000000.0,8.000228624166827,-7.60718082240944,14.574303322727966,-7.84450472812585,7.99970885430939,-7.607221137891012
473000000.0,7.986253996020858,-7.599461013694348,14.545615509553235,-7.8345641997825055,7.985734062190115,-7.599501288968774
474000000.0,7.9723375998831845,-7.591740115329596,14.521816965066284,-7.824792602120953,7.97181753158572,-7.591780341401661
475000000.0,7.958479164126733,-7.584018292530393,14.494165641034575,-7.82027578674852,7.957958949271189,-7.5840585089958825
476000000.0,7.944678418226022,-7.576295708482403,14.465305933209795,-7.815994601496328,7.94415805006012,-7.576335919444922
477000000.0,7.930935092757751,-7.5685725243626685,14.439905869866605,-7.813204065795317,7.930414595011724,-7.568612731674924
478000000.0,7.917248919401289,-7.560848899360341,14.405390575857082,-7.807759490402208,7.9167282321243055,-7.560889106377272
479000000.0,7.9036196309390485,-7.553124990697223,14.373760858373128,-7.804824585280806,7.9030987765805545,-7.553165206543366
480000000.0,7.8900469612567266,-7.545400953648111,14.338421029783216,-7.796398128340217,7.889525906233112,-7.545441153533752
481000000.0,7.876530645343452,-7.537676941560956,14.30253870978744,-7.79169528107553,7.876009394225535,-7.53771714900614
482000000.0,7.8630704192918195,-7.529953105876834,14.26430650127878,-7.778584911062183,7.862548940503433,-7.529993276003746
483000000.0,7.849666020297802,-7.522229596149731,14.227997310963183,-7.762347909889503,7.849144318675616,-7.522269706618023
484000000.0,7.836317186660578,-7.514506560066139,14.198755526837,-7.74778508154388,7.8357953076663405,-7.514546606195188
485000000.0,7.823023657782241,-7.5067841434644755,14.160482992844923,-7.734730665103307,7.822501550892763,-7.506824153520077
486000000.0,7.809785174167421,-7.499062490354307,14.130169399523306,-7.7143452163295665,7.809262871059624,-7.499102404226864
487000000.0,7.796601477422798,-7.491341742935415,14.087984739246131,-7.697051206912252,7.796078914094613,-7.491381604487681
488000000.0,7.783472310256521,-7.483622041616655,14.05454426140684,-7.669427516164041,7.782949516423104,-7.483661771284955
489000000.0,7.7703974164775325,-7.4759035250346555,14.025627187014901,-7.645550916085845,7.769874426761633,-7.475943135608077
490000000.0,7.757376540994814,-7.468186330072335,13.993308303074357,-7.623254370136494,7.75685333843232,-7.468225838474759
491000000.0,7.744409429816521,-7.46047059187724,13.958629085826276,-7.597211695671125,7.743885992122111,-7.460509981279225
492000000.0,7.731495830049045,-7.452756443879716,13.929509508007136,-7.564585766486875,7.73097217560506,-7.452795663444738
493000000.0,7.718635489895984,-7.445044017810893,13.89690144832426,-7.534687614503813,7.718111603606624,-7.4450830915666755
494000000.0,7.705828158657029,-7.437333443720518,13.866709889291004,-7.503271185997508,7.705304051186063,-7.437372357617738
495000000.0,7.693073586726776,-7.4296248499946005,13.838889006349657,-7.461770270013598,7.692549249412788,-7.429663539136914
496000000.0,7.680371525593445,-7.4219183633728925,13.813368606210956,-7.420227328184517,7.679846971382412,-7.421956822470294
497000000.0,7.667721727837535,-7.414214108966213,13.791200883145738,-7.372869551823044,7.667196962965518,-7.414252295902163
498000000.0,7.6551239471303925,-7.406512210273591,13.771858405276149,-7.324590722410736,7.654598985579477,-7.406550112986101
499000000.0,7.642577938232707,-7.398812789199246,13.752555881801932,-7.272884255968874,7.642052771647675,-7.398850386858252
500000000.0,7.630083456992943,-7.391115966069417,13.741684487155457,-7.214243410051925,7.629558118938513,-7.391153197373599
501000000.0,7.6176402603456905,-7.383421859649014,13.738520929267265,-7.151726103870107,7.617114787143049,-7.383458682518756
502000000.0,7.605248106309949,-7.3757305871581265,13.74445763807901,-7.094734023642105,7.604722564961522,-7.375767012231992
503000000.0,7.5929067539873465,-7.368042264288339,13.756156803278362,-7.031435857178923,7.59238116427487,-7.368078238402903
504000000.0,7.580615963560292,-7.3603570052189315,13.778950041403489,-6.960971891760167,7.580090375834443,-7.36039245652214
505000000.0,7.568375496290066,-7.352674922632898,13.812228859540088,-6.8976896436918755,7.567849992237564,-7.352709867349855
506000000.0,7.556185114514834,-7.3449961277328,13.861018861363668,-6.839034761237919,7.5556598020485115,-7.34503055478637
507000000.0,7.544044581647631,-7.337320730256499,13.925406056783746,-6.784640044584129,7.543519570296917,-7.33735462649365
508000000.0,7.531953662174245,-7.3296488384926946,14.002056734642615,-6.750967430988039,7.531429081869041,-7.329682302400166
509000000.0,7.519912121651078,-7.3219805592963505,14.080647679802539,-6.737597068884285,7.519388037102553,-7.322013714311537
510000000.0,7.507919726702932,-7.314315998103936,14.167802586091817,-6.743140248127788,7.50739624012153,-7.314348946000488
511000000.0,7.49597624502074,-7.30665525894854,14.236504408320076,-6.76257182312034,7.495453274442662,-7.306688134217958
512000000.0,7.484081445359257,-7.298998444474833,14.294824101174001,-6.804785896311948,7.483558977572786,-7.2990314193404435
513000000.0,7.47223509753468,-7.291345655953873,14.33681153677797,-6.843943701637218,7.471713021012793,-7.291378750972628
514000000.0,7.460436972422236,-7.283696993297777,14.366821128574427,-6.878523668134157,7.459915199846784,-7.283730208098165
515000000.0,7.448686841953702,-7.2760525550742425,14.39900673533357,-6.909654894000896,7.448165379067359,-7.27608586461334
516000000.0,7.4369844791148925,-7.268412438520924,14.424182276842714,-6.943841449471875,7.436463287135213,-7.268445879255052
517000000.0,7.425329657943093,-7.260776739559673,14.453045214548114,-6.97713968921319,7.424808757915767,-7.260810299416491
518000000.0,7.4137221535244535,-7.253145552810638,14.490132853948555,-7.017099969323261,7.413201611677037,-7.253179258875168
519000000.0,7.402161741991318,-7.245518971606217,14.520866562909337,-7.063833524249181,7.401641530739634,-7.24555288273243
520000000.0,7.3906482005195455,-7.237897088004877,14.543927093742196,-7.126337246794704,7.390128301555281,-7.237931323127332
521000000.0,7.37918130732576,-7.230279992804842,14.556179415663104,-7.196739305603014,7.378661664957607,-7.230314625890302
522000000.0,7.367760841664573,-7.222667775557637,14.55462649522631,-7.265809388989292,7.367241362140241,-7.222702826231409
523000000.0,7.356386583825762,-7.215060524581496,14.533980151533568,-7.341760085159673,7.355867156162966,-7.2150960743098045
524000000.0,7.345058315131412,-7.2074583269746455,14.505657154990457,-7.401902881171205,7.34453885754095,-7.207494288627197
525000000.0,7.333775817933024,-7.199861268628452,14.461547872230318,-7.455849315469342,7.333256216780282,-7.199897632163597
526000000.0,7.322538875608581,-7.192269434240434,14.41389760695563,-7.487464356215301,7.322019065118515,-7.192306063415446
527000000.0,7.311347272559585,-7.18468290732715,14.36983547227869,-7.508978855304172,7.310827256204798,-7.18471973066172
528000000.0,7.300200794208054,-7.1771017702369555,14.334739600695153,-7.531202939633708,7.299680630145382,-7.177138774772917
529000000.0,7.289099226993492,-7.169526104162632,14.302087380071185,-7.5439801911401565,7.2885789125633345,-7.169563225328353
530000000.0,7.27804235836982,-7.161955989153886,14.271428262804912,-7.54578019984966,7.277521885209618,-7.1619931538028085
531000000.0,7.267029976802295,-7.15439150412974,14.252193486876033,-7.557109749136186,7.266509435094016,-7.1544287507514115
532000000.0,7.256061871764363,-7.1468327268907705,14.228388350090253,-7.5756868010928935,7.25554124622494,-7.14687010992638
533000000.0,7.2451378337345265,-7.139279734131246,14.217329043203511,-7.587061741628117,7.244617190902733,-7.139317184128434
534000000.0,7.234257654193154,-7.131732601451139,14.192971873209734,-7.6107149705120785,7.2337369331027785,-7.131770220931779
535000000.0,7.223421125619271,-7.124191403368009,14.179387947117808,-7.6227416720464864,7.2229003720781035,-7.12422909890223
536000000.0,7.212628041487328,-7.116656213328773,14.159467185824944,-7.638258074087909,7.212107221893623,-7.11669401883013
537000000.0,7.201878196263944,-7.109127103721353,14.139537133843074,-7.6651735813754645,7.2013573314612165,-7.109165090953624
538000000.0,7.191171385404621,-7.101604145886213,14.118825555636743,-7.687622655554693,7.190650461837726,-7.1016422881547525
539000000.0,7.1805074053504345,-7.094087410127773,14.099805455793513,-7.7175730815536685,7.179986447056494,-7.094125751406923
540000000.0,7.16988605352471,-7.086576965725705,14.076731115403833,-7.743207394985593,7.169365026718299,-7.0866154862373865
541000000.0,7.159307128329671,-7.079072880946126,14.042748806704662,-7.771962280387547,7.158785969960555,-7.079111619881192
542000000.0,7.148770429143067,-7.07157522305267,14.011721228332128,-7.803639850120583,7.148249162709365,-7.071614192994495
543000000.0,7.138275756314783,-7.064084058317446,13.973021898668657,-7.82588450685512,7.137754316646021,-7.064123213744161
544000000.0,7.127822911163427,-7.056599452031888,13.931149005448821,-7.847115856448389,7.127301276617028,-7.056638791985429
545000000.0,7.117411695972904,-7.049121468517496,13.890061791571156,-7.871929469723167,7.116889877849339,-7.0491610135444605
546000000.0,7.107041913988971,-7.041650171136471,13.843223629694405,-7.880027414307119,7.106519846832672,-7.0416898272528945
547000000.0,7.096713369415767,-7.034185622302228,13.791632385256191,-7.896368824972997,7.096191038662872,-7.034225448961449
548000000.0,7.086425867412343,-7.026727883489821,13.744755200617764,-7.905162293512329,7.085903289127084,-7.026767825338899
549000000.0,7.076179214089158,-7.019277015246245,13.69086699074754,-7.9070047604415645,7.075656332883159,-7.019317041729451
550000000.0,7.065973216504574,-7.011833077200646,13.645272923722741,-7.9050779217232305,7.065450077163052,-7.011873150393539
551000000.0,7.055807682661332,-7.004396128074419,13.600092363535596,-7.906649058732007,7.055284294165316,-7.00443626886883
552000000.0,7.045682421503015,-6.996966225691212,13.549633981896173,-7.90438968601913,7.045158744822248,-6.997006420010757
553000000.0,7.035597242910498,-6.9895434269868035,13.51010240640897,-7.895896011867311,7.035073334211991,-6.989583617218298
554000000.0,7.02555195769838,-6.982127788018919,13.466468698731381,-7.884761474314975,7.025027787199493,-6.982167965515655
555000000.0,7.0155463776114235,-6.97471936397691,13.423304646685734,-7.87211736334857,7.015021945592166,-6.974759518916289
556000000.0,7.005580315320954,-6.967318209191356,13.38083509238048,-7.8601357334239115,7.005055627319528,-6.967358344645147
557000000.0,6.99565358442128,-6.9599243771435555,13.339255399065875,-7.844191551266506,6.995128638801809,-6.959964467580191
558000000.0,6.98576599942608,-6.952537920474932,13.297522154645545,-7.829012917327618,6.985240796686462,-6.952577971148731
559000000.0,6.975917375764791,-6.945158890996335,13.257930756909833,-7.807155960589977,6.97539191683441,-6.945198857637861
560000000.0,6.966107529778985,-6.937787339697242,13.22271844121677,-7.793205150792926,6.965581855711204,-6.937827262757673
561000000.0,6.9563362787187435,-6.930423316754878,13.19052088108295,-7.7727316438803635,6.955810395875978,-6.930463151255647
562000000.0,6.9466034407390165,-6.923066871543229,13.152212780209062,-7.748435461473675,6.946077304828933,-6.923106605752767
563000000.0,6.9369088348959815,-6.915718052641979,13.123951256077584,-7.722193977987157,6.936382503218401,-6.9157576564907695
564000000.0,6.927252281143389,-6.908376907845328,13.097381716476178,-7.70185171894675,6.926725774741454,-6.908416414225008
565000000.0,6.917633600328909,-6.901043484170755,13.063543752690592,-7.673962594351966,6.917106860839959,-6.90108286099396
566000000.0,6.908052614190469,-6.893717827867652,13.037284047305022,-7.6485099664525364,6.907525691970586,-6.893757076004225
567000000.0,6.898509145352585,-6.886399984425909,13.011793498455438,-7.623500981297336,6.897982045703916,-6.8864391052914895
568000000.0,6.889003017322698,-6.879089998584371,12.99060864475862,-7.592422567759626,6.888475754691594,-6.879128947329035
569000000.0,6.879534054487487,-6.8717879143392375,12.966775000412422,-7.56355965915534,6.879006616705454,-6.871826709541837
570000000.0,6.870102082109206,-6.864493774952363,12.949298366904229,-7.536284655079849,6.8695745105743535,-6.864532414230262
571000000.0,6.8607069263219875,-6.857207622959472,12.93116250167914,-7.507974186612327,6.860179214822881,-6.857246101313181
572000000.0,6.851348414128172,-6.84992950017829,12.91685217454387,-7.478329470500414,6.850820583129195,-6.8499678021450014
573000000.0,6.842026373394614,-6.8426594477165885,12.901028465699772,-7.451012814707487,6.841498417960426,-6.84269759036446
574000000.0,6.832740632848995,-6.835397505980156,12.890551708056623,-7.4245132904126026,6.832212586941605,-6.835435483899194
575000000.0,6.823491022076142,-6.828143714680669,12.882855945009256,-7.3975195544867,6.822962901551858,-6.828181519370515
576000000.0,6.814277371514331,-6.820898112843503,12.869697072132682,-7.367439268130345,6.81374913685241,-6.8209357360396865
577000000.0,6.805099512451597,-6.813660738815443,12.866165241824417,-7.340039396135026,6.804571227540632,-6.813698177924224
578000000.0,6.7959572770220475,-6.806431630272319,12.85574312439092,-7.310267117703617,6.795428894945089,-6.806468884184083
579000000.0,6.786850498202172,-6.79921082422658,12.8543549326764,-7.284614389876304,6.786322082278062,-6.799247900218763
580000000.0,6.777779009807152,-6.791998357034757,12.853125406602349,-7.25741536038296,6.777250557942482,-6.792035245146241
581000000.0,6.768742646487171,-6.784794264404881,12.850006744842466,-7.231092295992688,6.76821414879026,-6.784830973590702
582000000.0,6.759741243723731,-6.777598581403799,12.856002647737764,-7.207264249120512,6.759212761246137,-6.777635108737959
583000000.0,6.750774637825968,-6.770411342464429,12.852258736953662,-7.188398406259064,6.750246120529398,-6.770447737787782
584000000.0,6.741842665926965,-6.763232581392932,12.86091317414889,-7.160009066854415,6.741314171398246,-6.7632687611232685
585000000.0,6.732945165980075,-6.756062331375814,12.872058714399698,-7.130364731083705,6.7324167073352585,-6.756098282462705
586000000.0,6.724081976755247,-6.748900624986949,12.882437788487355,-7.116744443939334,6.723553581542764,-6.748936448076888
587000000.0,6.715252937835336,-6.741747494194532,12.895221241736591,-7.101893539824267,6.714724618809716,-6.7417831769052805
588000000.0,6.706457889612451,-6.734602970367964,12.904297690856712,-7.092867634797964,6.705929635608536,-6.734638556415743
589000000.0,6.697696673284275,-6.727467084284649,12.91460734545932,-7.08009553708961,6.697168484748017,-6.727502548003649
590000000.0,6.6889691308504045,-6.720339866136743,12.928199843582474,-7.076876767499206,6.688441047505001,-6.720375260797767
591000000.0,6.6802751051086915,-6.713221345537814,12.928340179618012,-7.073533101788579,6.67974704276886,-6.71325669727467
592000000.0,6.671614439651584,-6.706111551529441,12.933229933232077,-7.064384024857689,6.671086416605441,-6.706146814783635
593000000.0,6.662986978862483,-6.699010512587742,12.936526050535084,-7.054231810297809,6.662458983257979,-6.699045684337587
594000000.0,6.654392567912088,-6.691918256629834,12.938361459780257,-7.041472547532485,6.653864585536489,-6.691953323488495
595000000.0,6.645831052754762,-6.684834811020221,12.943403950825697,-7.0276928424153065,6.645303101839786,-6.684869760304903
596000000.0,6.6373022801248975,-6.6777602025771285,12.958125644270849,-7.0181102863097165,6.636774430020459,-6.677795041708435
597000000.0,6.628806097533287,-6.670694457578752,12.975571479623804,-6.998893744050536,6.628278346820193,-6.670729120590415
598000000.0,6.620342353263501,-6.66363760176946,12.994740078530045,-6.9851616224677135,6.619814724037603,-6.663672119934163
599000000.0,6.611910896368268,-6.65658966036591,13.014729484482594,-6.982235110304269,6.611383415410445,-6.656624100694776
600000000.0,6.603511576665866,-6.64955065806313,13.043302877874718,-6.9833360981350125,6.602984306659595,-6.649585029847832
601000000.0,6.595144244736528,-6.642520619040502,13.06743646546133,-6.982659120560091,6.59461715446082,-6.642554920207718
602000000.0,6.586808751918829,-6.635499566967713,13.096808730281646,-6.995699089679244,6.586281901524978,-6.6355338754422375
603000000.0,6.57850495030611,-6.62848752501062,13.122332078421087,-7.014131974313454,6.577978325658218,-6.628521883534721
604000000.0,6.570232692742891,-6.621484515837069,13.141299924179052,-7.044535016528412,6.569706274445075,-6.621519014254764
605000000.0,6.561991832821301,-6.614490561622643,13.150960260194305,-7.066798877103019,6.561465545583769,-6.614525166176107
606000000.0,6.5537822248775015,-6.607505684056364,13.158273315901827,-7.098337250353419,6.553256070526412,-6.607540458947672
607000000.0,6.54560372398814,-6.600529904346311,13.158286266608682,-7.1249371034640845,6.5450776460947555,-6.600564831915494
608000000.0,6.537456185966795,-6.593563243225204,13.156156883235875,-7.15830309274101,6.536930182686408,-6.593598370914368
609000000.0,6.529339467360428,-6.586605720955914,13.14771762898014,-7.175434573002293,6.528813468223471,-6.586640956661748
610000000.0,6.521253425445857,-6.579657357336913,13.141424949886426,-7.197206891253935,6.520727452274882,-6.5796927269316114
611000000.0,6.513197918226229,-6.572718171707683,13.128744862112294,-7.216969406356188,6.512671926238092,-6.572753673962768
612000000.0,6.505172804427504,-6.565788182954055,13.127030331752849,-7.230218532880364,6.504646851676186,-6.565823756674464
613000000.0,6.497177943494947,-6.558867409513484,13.11800864457096,-7.247011844500127,6.496651989408336,-6.558903090565279
614000000.0,6.4892131955896275,-6.551955869380293,13.115768050513857,-7.263389250232283,6.48868728245971,-6.551991643179923
615000000.0,6.481278421584939,-6.545053580110838,13.109987997312626,-7.279234609839387,6.480752525601573,-6.545089449708278
616000000.0,6.4733734830631064,-6.538160558828629,13.107264142487411,-7.306008032812441,6.472847642635839,-6.5381965887916795
617000000.0,6.465498242311729,-6.531276822229401,13.100728307106845,-7.33517448127505,6.464972436777463,-6.531313034652215
618000000.0,6.457652562320311,-6.524402386586117,13.090572669910804,-7.362043250810037,6.457126764086394,-6.524438773148088
619000000.0,6.449836306776815,-6.517537267753938,13.07545958908387,-7.400907802414038,6.449310504347264,-6.51757391343569
620000000.0,6.442049340064224,-6.510681481175117,13.05970992025528,-7.434308279201444,6.441523519388777,-6.510718352047591
621000000.0,6.4342915272571,-6.50383504188386,13.029798569271549,-7.465911389849271,6.43376559468412,-6.503872150263458
622000000.0,6.42656273411818,-6.496997964511137,12.997224901017296,-7.494011297373851,6.426036666561117,-6.497035292178979
623000000.0,6.418862827094955,-6.4901702632894205,12.960901289962091,-7.522863993813162,6.418336601867359,-6.490207820851032
624000000.0,6.411191673316272,-6.4833519520573955,12.917923814844473,-7.549320244425213,6.4106652442306595,-6.483389734921685
625000000.0,6.403549140588947,-6.476543044264613,12.877788956893292,-7.564113740144322,6.403022506286315,-6.476580973544739
626000000.0,6.395935097394387,-6.469743552976086,12.830813694760598,-7.57606450707437,6.395408210189135,-6.469781621854288
627000000.0,6.388349412885221,-6.462953490876849,12.784466169196719,-7.5885787728377565,6.3878222779630685,-6.462991701615396
628000000.0,6.3807919568819464,-6.456172870276469,12.73418867639318,-7.591470592438668,6.380264533920063,-6.456211168762189
629000000.0,6.373262599869578,-6.449401703113492,12.696555742625238,-7.590780967394816,6.372734962522931,-6.449440045892056
630000000.0,6.365761212994318,-6.44264000095986,12.6487831596094,-7.588867613308936,6.365233295925862,-6.4426783972539114
631000000.0,6.358287668060234,-6.435887775025273,12.60636443236968,-7.582335148246068,6.357759497337898,-6.435926187153294
632000000.0,6.350841837525939,-6.429145036161514,12.56244600588158,-7.574697571086939,6.350313402150804,-6.429183459880009
633000000.0,6.343423594501299,-6.422411794866707,12.524540290639768,-7.562893185809349,6.342894925163845,-6.422450194336192
634000000.0,6.336032812744141,-6.415688061289558,12.484347471208192,-7.544031455919036,6.3355038834464645,-6.415726396642252
635000000.0,6.328669366656971,-6.4089738452335245,12.447957185053081,-7.529755726463882,6.3281402088137435,-6.409012138877923
636000000.0,6.321333131283714,-6.402269156160958,12.414052010122598,-7.5102081581590925,6.3208037514508035,-6.402307371374494
637000000.0,6.314023982306452,-6.3955740031972,12.380416026472185,-7.493012829150795,6.313494386112046,-6.3956121543684965
638000000.0,6.306741796042191,-6.38888839513462,12.350119127033867,-7.4695612079278355,6.306211993501354,-6.388926438001168
639000000.0,6.299486449439616,-6.382212340436634,12.316282681631854,-7.446075262763392,6.2989564184319775,-6.382250281093379
640000000.0,6.2922578200758865,-6.375545847241667,12.289190023765943,-7.416829338838646,6.291727592336365,-6.375583638683463
641000000.0,6.285055786153415,-6.3688889233670585,12.263222305511183,-7.383908923916711,6.284525362028935,-6.368926541099777
642000000.0,6.277880226496682,-6.362241576312966,12.24224761758378,-7.359422553393023,6.277349651301361,-6.362279064064001
643000000.0,6.2707310205490465,-6.355603813266184,12.224562900010508,-7.327604821166631,6.270200301646445,-6.35564111996613
644000000.0,6.2636080483695755,-6.348975641103949,12.209264076275026,-7.294981930491079,6.263077198834161,-6.349012757598135
645000000.0,6.256511190629885,-6.342357066397697,12.199343669390533,-7.263403603446223,6.255980245370839,-6.342393989632015
646000000.0,6.249440328610992,-6.335748095416778,12.189919048530593,-7.23412894573003,6.248909294561539,-6.33578483871283
647000000.0,6.24239534420018,-6.32914873413213,12.189810500223626,-7.204795960043261,6.241864278951018,-6.329185280419023
648000000.0,6.235376119887876,-6.322558988219923,12.19582051019613,-7.182976528281473,6.234845074880138,-6.3225953731127085
649000000.0,6.2283825387645395,-6.315978863065152,12.200470158475326,-7.155449668887888,6.2278514953904,-6.316015053276495
650000000.0,6.221414484517564,-6.3094083637652005,12.205092942471813,-7.134467627816833,6.220883454380213,-6.309444399974663
651000000.0,6.214471841428192,-6.3028474951333635,12.214606936072805,-7.121430678921805,6.213940869437985,-6.3028834181244475
652000000.0,6.207554494368439,-6.296296261702328,12.223864642869943,-7.11455352740984,6.207023590118942,-6.296332110522362
653000000.0,6.2006623287980345,-6.289754667727623,12.240043451005821,-7.1097509103371825,6.200131539525451,-6.289790443150809
654000000.0,6.193795230761372,-6.283222717191025,12.246311948089005,-7.103552403423391,6.19326449199032,-6.283258428317776
655000000.0,6.186953086884478,-6.276700413803944,12.248164132272024,-7.11031909319167,6.186422393986919,-6.276736150060295
656000000.0,6.180135784371976,-6.270187761010747,12.255719108834795,-7.114828289411589,6.179605169115695,-6.270223498327958
657000000.0,6.173343211004089,-6.263684761992068,12.24669802932417,-7.121942436554933,6.172812573708789,-6.263720546222452
658000000.0,6.1665752551336315,-6.257191419668074,12.243850276495735,-7.131576646951269,6.1660446389133545,-6.257227255884934
659000000.0,6.159831805683028,-6.25070773670169,12.236551928562085,-7.137808389625223,6.159301176442484,-6.250743611442295
660000000.0,6.15311275214134,-6.244233715501804,12.226646791455448,-7.149731896770776,6.152582103299428,-6.244269669193389
661000000.0,6.146417984561301,-6.237769358226428,12.208122256934006,-7.152177922030506,6.145887245277723,-6.237805346339564
662000000.0,6.139747393556371,-6.2313146667858215,12.194801550467792,-7.15737572626534,6.1392166012466864,-6.2313506975751425
663000000.0,6.133100870297802,-6.224869642845588,12.17595449014143,-7.159141921193499,6.132569984202005,-6.224905704373097
664000000.0,6.1264783065117125,-6.218434287829744,12.1592170164309,-7.156061521467096,6.125947331417678,-6.218470346025475
665000000.0,6.119879594476179,-6.212008602923737,12.138094405413957,-7.154878308829188,6.119348506103367,-6.212044677336875
666000000.0,6.113304627018337,-6.2055925890774475,12.11860576516149,-7.15317374452264,6.112773434682301,-6.205628673630946
667000000.0,6.106753297511499,-6.1991862470081545,12.097553287424738,-7.147685170312897,6.106221984813586,-6.1992223207175625
668000000.0,6.100225499872279,-6.192789577203464,12.079434121599435,-7.140669733206842,6.099694082520132,-6.192825625463142
669000000.0,6.093721128557734,-6.186402579924212,12.063174870799802,-7.127843285796895,6.0931896080764165,-6.186438563141343
670000000.0,6.087240078562518,-6.180025255207329,12.046760514079551,-7.122593615948522,6.086708467083133,-6.18006122119042
671000000.0,6.080782245416047,-6.173657602868689,12.023017172053052,-7.114820733758787,6.080250492600464,-6.17369354859441
672000000.0,6.07434752517968,-6.167299622505904,12.01270123054163,-7.105063436905531,6.073815711637513,-6.167335512256228
673000000.0,6.067935814443904,-6.160951313501111,11.998112356995373,-7.096734499266934,6.067403915843821,-6.160987163700401
674000000.0,6.061547010325546,-6.154612675023719,11.983123890963455,-7.0814092003778795,6.061015011922979,-6.154648442592578
675000000.0,6.0551810104649855,-6.148283706033122,11.971036841867747,-7.068635813277051,6.0546489348136205,-6.148319401941485
676000000.0,6.048837713023382,-6.1419644052813895,11.958885099381995,-7.05677880329295,6.048305561257473,-6.142000035422165
677000000.0,6.0425170166799225,-6.135654771315931,11.94593543827087,-7.052216821051657,6.041984796493196,-6.135690382839285
678000000.0,6.03621882062907,-6.129354802482123,11.934895127866998,-7.0395587966031785,6.035686529787974,-6.129390341361491
679000000.0,6.029943024577838,-6.123064496925909,11.923042077899053,-7.026991859440495,6.029410658088126,-6.123099965188475
680000000.0,6.023689528743061,-6.116783852596378,11.917450103431287,-7.018422590074266,6.023157132807915,-6.116819264378934
681000000.0,6.017458233848698,-6.110512867248311,11.903468349794531,-7.01179996000074,6.016925759220971,-6.110548249489559
682000000.0,6.011249041123129,-6.104251538444697,11.892064489290027,-7.007126675482178,6.010716507332435,-6.104286898901281
683000000.0,6.0050618522964765,-6.097999863559229,11.879212328690583,-6.997091758465278,6.004529240825182,-6.098035171186452
684000000.0,5.998896569597941,-6.091757839778768,11.869521164244336,-6.987704861558711,5.998363901355458,-6.091793093145631
685000000.0,5.992753095753132,-6.085525464105772,11.85227162460868,-6.9764393712519475,5.992220319983185,-6.085560664719069
686000000.0,5.986631333981435,-6.079302733360725,11.836214118330988,-6.964198172248645,5.98609845639039,-6.07933787306745
687000000.0,5.9805311879933765,-6.073089644184509,11.818071463002587,-6.951105080911721,5.979998193945024,-6.073124721367671
688000000.0,5.974452561988002,-6.0668861930407685,11.805999843736524,-6.935311761917154,5.973919484727499,-6.066921180132735
689000000.0,5.9683953606502715,-6.0606923762182445,11.793416970650927,-6.918817066709524,5.9678621956527005,-6.060727269751758
690000000.0,5.962359489148467,-6.054508189833083,11.781083972256445,-6.89779501102749,5.961826229877448,-6.054542960987835
691000000.0,5.956344853131608,-6.048333629831118,11.768780166242752,-6.880337762888678,5.955811505979632,-6.048368300945509
692000000.0,5.950351358726879,-6.042168691990134,11.762228257126978,-6.854700018032795,5.949817945154141,-6.042203201472801
693000000.0,5.944378912537086,-6.036013371922095,11.76105744707172,-6.834129675606842,5.943845475291527,-6.036047741933378
694000000.0,5.938427421638099,-6.029867665075365,11.76200002525685,-6.814443994669881,5.9378939755719555,-6.02990189732319
695000000.0,5.932496793576319,-6.023731566736875,11.760934632014104,-6.7873357013089635,5.931963312731686,-6.023765617969354
696000000.0,5.9265869363661725,-6.017605072034309,11.7668828736342,-6.769013907954807,5.926053480696034,-6.017638984908543
697000000.0,5.92069775848759,-6.011488175938225,11.77325841789759,-6.75181339187241,5.920164332786426,-6.011521956686754
698000000.0,5.91482916888352,-6.005380873264181,11.787193593470061,-6.739286209181291,5.914295829462597,-6.005414537807244
699000000.0,5.908981076957437,-5.999283158674819,11.797409222855544,-6.721437879196849,5.908447790918868,-5.99931667999026
700000000.0,5.903153392570884,-5.993195026681945,11.816150506978072,-6.717799719823895,5.902620239662585,-5.993228479590605
701000000.0,5.897346026041003,-5.987116471648568,11.826108196628905,-6.709820105715397,5.896812942928413,-5.987149844481648
702000000.0,5.8915588881380945,-5.981047487790925,11.839321529734548,-6.71020508676076,5.891025910575472,-5.981080828055226
703000000.0,5.885791890083183,-5.974988069180498,11.857036110515425,-6.711479839315828,5.88525904842772,-5.975021374802119
704000000.0,5.880044943545594,-5.968938209745969,11.86896009350759,-6.7178574853338455,5.879512210033333,-5.968971523823792
705000000.0,5.874317960640549,-5.962897903275204,11.875010681895318,-6.726262721740398,5.873785301344497,-5.962931249383032
706000000.0,5.868610853926759,-5.956867143417179,11.883517550096876,-6.735704582120106,5.868078286253807,-5.9569005241064925
707000000.0,5.862923536404049,-5.950845923683902,11.88755129799345,-6.754271933901664,5.8623910475702425,-5.950879405322306
708000000.0,5.857255921510976,-5.944834237452298,11.88221368049679,-6.764332305264461,5.856723436635334,-5.944867782161461
709000000.0,5.851607923122479,-5.938832077966101,11.88382554816086,-6.774692460134489,5.851075486963807,-5.93886567573941
710000000.0,5.845979455547516,-5.932839438337695,11.87517177805193,-6.7902499973324035,5.845447011298201,-5.932873140191017
711000000.0,5.840370433526736,-5.926856311549956,11.873556632222424,-6.795655333829622,5.839838008545481,-5.926890040607089
712000000.0,5.834780772230152,-5.920882690458066,11.8669487369256,-6.807851731590546,5.834248346112951,-5.9209164987395875
713000000.0,5.82921038725482,-5.914918567791296,11.860685646806427,-6.824239731027085,5.828677969144448,-5.914952481535909
714000000.0,5.823659194622549,-5.908963936154798,11.856540574363471,-6.832488372617867,5.823126784042613,-5.908997899850067
715000000.0,5.818127110777603,-5.903018788031354,11.847602739901617,-6.838942527125638,5.817594673961636,-5.903052798384907
716000000.0,5.812614052584421,-5.897083115783104,11.840959632066731,-6.854410905904461,5.812081619231351,-5.897117226529498
717000000.0,5.807119937325357,-5.891156911653272,11.835201731743274,-6.865582614247088,5.806587505677148,-5.891191093925558
718000000.0,5.80164468269842,-5.885240167767862,11.821209322960959,-6.884428142906689,5.80111221282253,-5.885274484322499
719000000.0,5.796188206815033,-5.879332876137336,11.805702208796532,-6.897263395401924,5.795655678851155,-5.8793672910730885
720000000.0,5.790750428197797,-5.8734350286582755,11.793085041478268,-6.912418975187172,5.790217864258654,-5.873469551921891
721000000.0,5.785331265778281,-5.86754661711503,11.776156210372005,-6.931283794844072,5.784798644315767,-5.867581279383295
722000000.0,5.779930638894799,-5.861667633181329,11.751132778009977,-6.948374167260759,5.779397905295444,-5.861702436292644
723000000.0,5.774548467290222,-5.855798068421903,11.732508013952188,-6.958441630203247,5.77401565065746,-5.855832957068647
724000000.0,5.769184671109793,-5.8499379142940615,11.709106329608039,-6.972993506499255,5.768651748327551,-5.849972924669258
725000000.0,5.763839170898944,-5.84408716214927,11.681603788477883,-6.981165871078226,5.763306105507512,-5.844122260282381
726000000.0,5.758511887601144,-5.838245803234708,11.646514071601759,-6.989688669963428,5.757978632138037,-5.838281003550459
727000000.0,5.7532027425557395,-5.832413828694795,11.617100233282242,-6.995672680952898,5.752669328954356,-5.832449105764886
728000000.0,5.747911657495818,-5.826591229572723,11.586464511671657,-6.990882277967945,5.7473780606229905,-5.826626517202871
729000000.0,5.742638554546076,-5.820777996811951,11.558069089367356,-6.990239671015624,5.742104795373978,-5.820813317598278
730000000.0,5.7373833562207,-5.814974121257696,11.52798117242559,-6.990052063190519,5.73684942488458,-5.815009480813907
731000000.0,5.732145985421266,-5.8091795936584045,11.501801102401954,-6.983048964817383,5.731611895552074,-5.809214942687221
732000000.0,5.726926365434638,-5.803394404667203,11.468319546833122,-6.975307237588674,5.72639206990487,-5.803429750476842
733000000.0,5.721724419930884,-5.797618544843337,11.437461364612766,-6.965781490841842,5.721189932440163,-5.7976538720453625
734000000.0,5.716540072961203,-5.791852004653596,11.41601886978577,-6.952241719493958,5.716005446164828,-5.791887272742072
735000000.0,5.711373248955862,-5.786094774473717,11.388797687470728,-6.937335066109309,5.710838444281812,-5.786129984435503
736000000.0,5.70622387272215,-5.780346844589773,11.36658241155505,-6.924570381069839,5.705688925101045,-5.780382001777565
737000000.0,5.701091869442325,-5.774608205199558,11.347312321828985,-6.904129561957419,5.700556784660111,-5.774643256688868
738000000.0,5.695977164671596,-5.768878846413936,11.326317252774917,-6.890127864054237,5.695441942456097,-5.76891383554929
739000000.0,5.690879684336098,-5.763158758258191,11.310531162820226,-6.871821580772521,5.690344350164128,-5.763193649496743
740000000.0,5.685799354730884,-5.757447930673357,11.29239427667136,-6.859602116664081,5.6852639038901875,-5.757482766150747
741000000.0,5.680736102517927,-5.751746353517533,11.28028098747849,-6.840608716514697,5.6802005614394036,-5.751781080793401
742000000.0,5.675689854724139,-5.746054016567185,11.268078409963236,-6.82161162920367,5.675154222740064,-5.746088635791705
743000000.0,5.670660538739384,-5.740370909518428,11.257989423722544,-6.804214435129143,5.670124831687399,-5.740405427209635
744000000.0,5.665648082314521,-5.734697021988303,11.248333014169686,-6.792753426453571,5.665112312789768,-5.734731474676228
745000000.0,5.660652413559449,-5.729032343516031,11.23772170948341,-6.778550591830863,5.660116570915594,-5.729066715623025
746000000.0,5.655673460941154,-5.723376863564259,11.233052051054402,-6.757922424776223,5.655137571592478,-5.723411104773195
747000000.0,5.650711153281785,-5.717730571520287,11.22250724191437,-6.74352560415115,5.650175190764866,-5.717764730839609
748000000.0,5.645765419756724,-5.712093456697289,11.217087425956972,-6.7280645094635965,5.645229414401679,-5.712127518799476
749000000.0,5.640836189892678,-5.706465508335509,11.215332031145469,-6.715679660486717,5.6403001698896515,-5.706499486345548
750000000.0,5.635923393565767,-5.700846715603459,11.210494523480632,-6.700769366136661,5.635387335238014,-5.700880598850665
751000000.0,5.631026960999641,-5.6952370675990815,11.209856651220933,-6.689096189991133,5.6304908962203575,-5.69527086932374
752000000.0,5.626146822763593,-5.6896365533509226,11.20898359423138,-6.671629201829327,5.6256107402186295,-5.689670237460281
753000000.0,5.621282909770688,-5.6840451618192835,11.210652918265774,-6.662793711158793,5.62074684011967,-5.684078778349042
754000000.0,5.6164351532759,-5.678462881897346,11.210535225196608,-6.6489102461197405,5.615899076694675,-5.678496402062579
755000000.0,5.6116034848742595,-5.6728897024123075,11.219124029184329,-6.64440469753421,5.611067472243548,-5.672923170616056
756000000.0,5.606787836499015,-5.667325612126484,11.220735931005153,-6.638121805720691,5.606251840795254,-5.667359029044564
757000000.0,5.601988140419797,-5.661770599738416,11.224659712067405,-6.636347919318936,5.601452183896522,-5.66180399001337
758000000.0,5.597204329240802,-5.65622465388395,11.228877041144314,-6.634118596352658,5.596668412994125,-5.656258014232418
759000000.0,5.592436335898972,-5.650687763137315,11.233304926755443,-6.6344549771096775,5.591900465594555,-5.6507211095406715
760000000.0,5.587684093662201,-5.645159916012183,11.233154259841793,-6.640743601943766,5.587148250282938,-5.645193293974285
761000000.0,5.582947536127538,-5.639641100962724,11.235590858350479,-6.64233337453291,5.58241172811602,-5.6396744764890725
762000000.0,5.578226597219407,-5.634131306384635,11.234581254895176,-6.6522243222570525,5.577690816546701,-5.634164737950146
763000000.0,5.573521211187831,-5.628630520616177,11.233343819039797,-6.658903436113645,5.572985450939989,-5.628663988343326
764000000.0,5.568831312606676,-5.623138731939186,11.230911878267042,-6.669266105100807,5.5682955712108875,-5.623172261252866
765000000.0,5.564156836371891,-5.617655928580074,11.220741922608218,-6.6802016436649065,5.563621065577475,-5.617689535953959
766000000.0,5.559497717699767,-5.612182098710824,11.213515241468139,-6.691148456498351,5.558961936036635,-5.612215779368999
767000000.0,5.554853892125205,-5.606717230449972,11.204071781155953,-6.6977503666916665,5.554318078287141,-5.606750960519169
768000000.0,5.550225295499988,-5.601261311863573,11.188947908416733,-6.704199831339539,5.549689413168337,-5.60129509967305
769000000.0,5.545611863991068,-5.595814330966166,11.176980007992649,-6.711778831485874,5.545075934914967,-5.59584817848351
770000000.0,5.541013534078864,-5.590376275721718,11.159453734962403,-6.7207480358597405,5.540477525259903,-5.590410200764297
771000000.0,5.536430242555557,-5.584947134044559,11.146675505799177,-6.72378696396433,5.53589417432005,-5.58498109134196
772000000.0,5.531861926523415,-5.579526893800316,11.130442214186758,-6.726779683756489,5.531325776900296,-5.579560888657736
773000000.0,5.527308523393103,-5.574115542806821,11.110253650493135,-6.733441994269041,5.526772273299847,-5.57414960478146
774000000.0,5.5227699708820275,-5.568713068835024,11.095070366288079,-6.734020221271155,5.522233642054187,-5.5687471513695765
775000000.0,5.518246207012668,-5.563319459609883,11.07928236778814,-6.738243037925648,5.517709801481798,-5.56335358667355
776000000.0,5.513737170110932,-5.557934702811254,11.067921057804504,-6.7356831317889645,5.513200704820938,-5.5579688244636944
777000000.0,5.5092427988045145,-5.552558786074759,11.04700174360605,-6.741253392478117,5.50870622654159,-5.552592968989298
778000000.0,5.504763032021264,-5.547191696992664,11.029552333522266,-6.742558653973318,5.504226367775804,-5.547225908659258
779000000.0,5.500297808987563,-5.5418334231147135,11.012283121425911,-6.741277173793282,5.499761049716579,-5.54186764694041
780000000.0,5.495847069226712,-5.536483951949001,11.000690507381794,-6.743598426290578,5.495310256426735,-5.536518201499918
781000000.0,5.491410752557328,-5.531143270962786,10.982368400783391,-6.744717008724412,5.490873841901264,-5.5311775494564115
782000000.0,5.486988799091746,-5.525811367583325,10.964658588173457,-6.747099260060347,5.486451796438156,-5.525845681966336
783000000.0,5.482581149234434,-5.520488229198693,10.944521174104864,-6.743298420170706,5.48204402941477,-5.52052254447535
784000000.0,5.478187743680418,-5.515173843158589,10.922047096608301,-6.746120792276694,5.47765050262808,-5.515208204671367
785000000.0,5.473808523413706,-5.509868196775131,10.906434304435006,-6.747847706625004,5.473271202446308,-5.509902586642957
786000000.0,5.469443429705734,-5.504571277323645,10.883165773072879,-6.745572058936937,5.468905974391515,-5.504605682650594
787000000.0,5.465092404113813,-5.499283072043451,10.863235276376399,-6.741908685005495,5.464554833188277,-5.499317478806131
788000000.0,5.460755388479583,-5.494003568138625,10.837656638193298,-6.739223716906462,5.46021766815009,-5.494037991501224
789000000.0,5.456432324927485,-5.48873275277877,10.820796375047957,-6.738138754954382,5.455894512352126,-5.488767188830719
790000000.0,5.4521231558632275,-5.48347061309976,10.79282458324742,-6.734130943711326,5.451585176891882,-5.483505061308935
791000000.0,5.4478278239722755,-5.478217136204497,10.772499321518653,-6.729230964734248,5.447289725023901,-5.478251578803071
792000000.0,5.443546272218341,-5.472972309163632,10.74666225475599,-6.7246858181861375,5.443008019474041,-5.473006757205862
793000000.0,5.439278443841876,-5.4677361190163,10.723937857963707,-6.717948990992547,5.438740053267983,-5.467770553885315
794000000.0,5.435024282358593,-5.462508552770847,10.697011241693504,-6.709332218562065,5.4344857247938565,-5.462542969538587
795000000.0,5.43078373155797,-5.4572895974055236,10.673741146182367,-6.702086914407651,5.430245032030504,-5.457323998818739
796000000.0,5.426556735501781,-5.452079239869199,10.651127524893251,-6.692361295772676,5.426017894142366,-5.452113609500037
797000000.0,5.422343238522629,-5.446877467082052,10.628751950936964,-6.676797295494879,5.421804247419026,-5.4469117683353785
798000000.0,5.418143185222485,-5.441684265936261,10.60369409511401,-6.6599170672112695,5.417604025560124,-5.441718495100631
799000000.0,5.413956520471238,-5.436499623296673,10.578525973617824,-6.647467226335606,5.413417198743319,-5.4365338082066055
800000000.0,5.409783189405256,-5.431323526001486,10.555944966660281,-6.63089827817178,5.409243714980024,-5.431357637027621
801000000.0,5.4056231374259465,-5.426155960862899,10.535724058400515,-6.61712478583688,5.405083529460593,-5.426190011612902
802000000.0,5.401476310198336,-5.420996914667776,10.516280957778362,-6.594892294208144,5.400936559636901,-5.4210308515618015
803000000.0,5.397342653649644,-5.415846374178289,10.493740408396695,-6.574883652198705,5.396802744849507,-5.41588021622035
804000000.0,5.393222113967882,-5.41070432613256,10.478691117802052,-6.556229961346593,5.392682095456529,-5.410738069501835
805000000.0,5.389114637600445,-5.405570757245288,10.457577354780199,-6.5372246647678915,5.3885744711742305,-5.405604409883472
806000000.0,5.385020171252718,-5.4004456542083785,10.445425932238257,-6.511204080487849,5.384479900601958,-5.400479157948245
807000000.0,5.380938661886691,-5.39532900369156,10.43034847661555,-6.490510680198312,5.380398277620141,-5.395362396423043
808000000.0,5.37687005671958,-5.3902207923429915,10.416450894293677,-6.467102882595991,5.376329561461067,-5.390254055369724
809000000.0,5.372814303222455,-5.385121006789867,10.403477543155665,-6.4404508534008045,5.372273697059353,-5.385154118544681
810000000.0,5.3687713491188775,-5.380029633639011,10.397309790763268,-6.415760718167318,5.368230677285393,-5.380062594774618
811000000.0,5.364741142383545,-5.374946659477468,10.388579952803799,-6.398141358827395,5.3642004008802955,-5.374979518081689
812000000.0,5.360723631240942,-5.369872070873081,10.382725904772718,-6.3706273097409545,5.360182820920263,-5.369904760765265
813000000.0,5.356718764164001,-5.36480585437507,10.377359864198413,-6.348242225094397,5.356177896644691,-5.364838406432614
814000000.0,5.352726489872769,-5.359747996514599,10.3748472814937,-6.325728081410333,5.3521855825065785,-5.359780404982289
815000000.0,5.348746757333083,-5.354698483805339,10.372870150770384,-6.299856228470698,5.348205807546652,-5.354730726834209
816000000.0,5.344779515755251,-5.349657302744012,10.373374241223717,-6.279093912100712,5.344238547671022,-5.349689407654795
817000000.0,5.340824714592742,-5.344624439810954,10.370270998454494,-6.2594826588724946,5.340283707726833,-5.344656419920582
818000000.0,5.336882303540886,-5.339599881470654,10.372762673582924,-6.238323752678445,5.33634128992887,-5.339631717357732
819000000.0,5.332952232535574,-5.334583614172273,10.374747110128732,-6.2194887333205475,5.332411213036379,-5.3346153210712135
820000000.0,5.329034451751971,-5.329575624350197,10.375206436953626,-6.202192681363129,5.328493419526696,-5.329607214427088
821000000.0,5.325128911603237,-5.324575898424535,10.37848675836361,-6.1870825213941,5.324587888048534,-5.324607380312341
822000000.0,5.321235562739251,-5.319584422801656,10.380571624462146,-6.17192510194026,5.3206945403224974,-5.319615798242314
823000000.0,5.317354356045348,-5.314601183874683,10.385228376699725,-6.157053667817003,5.3168133513428195,-5.314632450091046
824000000.0,5.313485242641055,-5.3096261680240096,10.387170311027441,-6.137647684748517,5.312944230733421,-5.30965730135726
825000000.0,5.309628173878841,-5.304659361617786,10.389702167621424,-6.129876844603788,5.309087178907061,-5.304690433778892
826000000.0,5.305783101342874,-5.299700751012421,10.39469454481199,-6.117677590446359,5.305242130958423,-5.2997317299489834
827000000.0,5.3019499768477765,-5.294750322553057,10.398599970308522,-6.104295134159893,5.301409022194134,-5.29478120272791
828000000.0,5.298128752437405,-5.289808062574063,10.400588603762959,-6.090402938803175,5.297587800611491,-5.289838844123463
829000000.0,5.294319380383614,-5.284873957399494,10.403442591816667,-6.079367335602873,5.293778441861487,-5.284904656704695
830000000.0,5.290521813185046,-5.279947993343573,10.408908225972525,-6.067552270865119,5.28998090303415,-5.2799786008881275
831000000.0,5.286736003565922,-5.275030156711142,10.4153305748927,-6.05522998181094,5.286195126962026,-5.275060667591781
832000000.0,5.282961904474835,-5.27012043379813,10.416356444768969,-6.044464665101551,5.282421030224926,-5.270150867310211
833000000.0,5.279199469083551,-5.265218810891997,10.422181920389619,-6.033401826267805,5.278658626922956,-5.2652491566849715
834000000.0,5.275448650785824,-5.26032527427218,10.425847836888915,-6.024362258450995,5.274907830707188,-5.260355548908044
835000000.0,5.2717094031962155,-5.255439810210539,10.43129394666732,-6.009678104146687,5.2711686065123455,-5.2554699749065446
836000000.0,5.2679816801489086,-5.2505624049717845,10.440004107022308,-6.000190262463345,5.26744093671286,-5.250592486762891
837000000.0,5.2642654356965455,-5.245693044813918,10.444745683041742,-5.995249857430441,5.263724728493669,-5.245723079484619
838000000.0,5.260560624109064,-5.240831715988644,10.455815650071779,-5.984321453859547,5.260019982709343,-5.240861654514994
839000000.0,5.256867199872536,-5.235978404741798,10.461662659957785,-5.978957995054417,5.256326601067153,-5.236008291602514
840000000.0,5.253185117688026,-5.231133097313758,10.469041881053448,-5.973977429876604,5.252644571912989,-5.231162932295225
841000000.0,5.249514332470439,-5.2262957799398535,10.479882760163749,-5.96681940746911,5.248973857950885,-5.226325543193485
842000000.0,5.2458547993473905,-5.221466438850773,10.487995351513513,-5.961169818183242,5.245314381480703,-5.221496144799611
843000000.0,5.2422064736580705,-5.216645060272956,10.498198627974562,-5.961347536330884,5.241666136009619,-5.2166747424101665
844000000.0,5.2385693109521245,-5.2118316304289936,10.503142083890118,-5.959139963976097,5.238029015900066,-5.211861282868591
845000000.0,5.234943266988532,-5.207026135538011,10.512850209501465,-5.959005931845313,5.234403048530091,-5.207055763274792
846000000.0,5.231328297734497,-5.202228561816063,10.515371262353213,-5.960312284365444,5.230788112561383,-5.202258186644622
847000000.0,5.227724359364342,-5.1974388954765,10.524447136878457,-5.9686121174009825,5.227184261383632,-5.197468550762492
848000000.0,5.224131408258411,-5.1926571227303535,10.528032686406728,-5.970090207490396,5.223591350589055,-5.192686774569929
849000000.0,5.220549401001976,-5.187883229786701,10.528719293578341,-5.979045446496589,5.220009377959908,-5.187912931014575
850000000.0,5.21697829438415,-5.183117202853032,10.531966548850605,-5.978413066225807,5.216438305784356,-5.183146887913001
851000000.0,5.213418045396807,-5.178359028135612,10.528750684305496,-5.985588902720953,5.212878063278702,-5.1783887580636545
852000000.0,5.209868611233508,-5.173608691839834,10.53072887782927,-5.991659448192391,5.209328666810583,-5.173638450756713
853000000.0,5.206329949288438,-5.1688661801705775,10.52276966636902,-5.9981508977095945,5.205789979681272,-5.168895987751436
854000000.0,5.202802017155335,-5.164131479332546,10.517884334676907,-6.001307998947515,5.202262036265218,-5.1641613090542515
855000000.0,5.19928477262644,-5.15940457553062,10.513096736064584,-6.007726462063913,5.1987447865384935,-5.159434448092501
856000000.0,5.195778173691446,-5.154685454970189,10.507493716724008,-6.009095605076949,5.195238168581145,-5.154715339512456
857000000.0,5.192282178536457,-5.149974103857492,10.49785703467228,-6.0098876607190785,5.191742127611069,-5.150004003521583
858000000.0,5.188796745542945,-5.145270508399938,10.491659251712893,-6.012894881754629,5.188256674459321,-5.145300431541526
859000000.0,5.18532183328672,-5.1405746548064455,10.487767955829513,-6.0113240616961745,5.184781749017776,-5.1406045683198105
860000000.0,5.181857400536905,-5.135886529287752,10.477264159822585,-6.012086905120016,5.181317264732478,-5.135916459221947
861000000.0,5.178403406254915,-5.131206118056738,10.470668644562439,-6.009051040288145,5.177863237453912,-5.131236033590234
862000000.0,5.174959809593444,-5.126533407328742,10.461100937706567,-6.008985038098419,5.174419593769127,-5.126563332433355
863000000.0,5.171526569895451,-5.121868383321863,10.4585307171676,-5.999390008359144,5.17098633570349,-5.121898245412108
864000000.0,5.168103646693162,-5.117211032257274,10.446667130469065,-5.996190518159639,5.167563345490301,-5.117240887797216
865000000.0,5.164690999707073,-5.11256134035952,10.441499840596816,-5.997549836163643,5.164150681872695,-5.112591207232632
866000000.0,5.161288588844952,-5.107919293856814,10.436340355761502,-5.986458807662904,5.160748233514183,-5.107949092558326
867000000.0,5.157896374200863,-5.103284878981338,10.431880023431775,-5.987401886796253,5.157356005993785,-5.10331468521673
868000000.0,5.1545143160541755,-5.098658081969521,10.427073921721192,-5.978126038204566,5.153973915601927,-5.098687831059936
869000000.0,5.151142374868595,-5.0940388890623405,10.422799058791302,-5.970909405084513,5.150601948989767,-5.094068593282581
870000000.0,5.147780511291193,-5.0894272865055905,10.419317563389448,-5.971121564198931,5.147240077479332,-5.089456992019102
871000000.0,5.1444286861514446,-5.084823260550171,10.419268030325433,-5.9651755936623605,5.143888256004957,-5.08485292227675
872000000.0,5.1410868604602635,-5.080226797452358,10.411312469591579,-5.964192123757485,5.140546391711752,-5.080256460368177
873000000.0,5.137754995409057,-5.075637883474076,10.410518831920452,-5.9566259108483175,5.137214522814731,-5.075667493528825
874000000.0,5.134433052368775,-5.071056504883167,10.411688248126303,-5.949849730278141,5.133892589798611,-5.0710860638594095
875000000.0,5.131120992888967,-5.066482647953656,10.408119557390261,-5.944602014167382,5.1305805125656905,-5.066512173567476
876000000.0,5.127818778696847,-5.0619162989660085,10.403019406078045,-5.948444272690571,5.127278285964158,-5.061945851973781
877000000.0,5.12452637169636,-5.0573574442073905,10.407851249159567,-5.936363423020154,5.123985903551295,-5.057386906133739
878000000.0,5.12124373396726,-5.052806069971922,10.400265215349688,-5.940449181605617,5.120703237825123,-5.052835565068825
879000000.0,5.117970827764182,-5.048262162560929,10.39915513980918,-5.934652586818696,5.117430328605184,-5.0482916167691965
880000000.0,5.114707615515734,-5.04372570828319,10.397590438848106,-5.935972692297441,5.114167122243725,-5.043755167978315
881000000.0,5.111454059823577,-5.039196693455177,10.39626436037842,-5.933980142969707,5.110913568430154,-5.039226137050388
882000000.0,5.108210123461533,-5.034675104401301,10.392851186582087,-5.932467448662948,5.10766962133793,-5.034704538462744
883000000.0,5.104975769374671,-5.0301609274541494,10.389826401035567,-5.928954505255607,5.104435255665762,-5.030190338538967
884000000.0,5.101750960678421,-5.0256541489547155,10.39062844526219,-5.925757042689659,5.101210460422478,-5.025683532773175
885000000.0,5.098535660657678,-5.021154755252634,10.383977477172609,-5.923996819914651,5.097995128408879,-5.021184133378582
886000000.0,5.095329832765923,-5.0166627327064095,10.383397633112251,-5.925168894518604,5.094789312273761,-5.016692113936038
887000000.0,5.0921334406243375,-5.012178067683636,10.376932641787537,-5.927742268006119,5.091592896403875,-5.012207470745448
888000000.0,5.08894644802093,-5.007700746561224,10.37649624696866,-5.9226459235640245,5.088405906072374,-5.007730112341677
889000000.0,5.085768818909671,-5.00323075572562,10.372318833953791,-5.926025002387403,5.0852282691499955,-5.003260144789145
890000000.0,5.082600517409615,-4.998768081573014,10.369443094567,-5.927881310596935,5.082059965636506,-4.998797482035822
891000000.0,5.079441507804058,-4.994312710509565,10.362533877070076,-5.926770440456877,5.0789009232264375,-4.994342109968092
892000000.0,5.076291754539665,-4.989864628951597,10.360586319247643,-5.923494591801949,5.075751165418097,-4.989894005398804
893000000.0,5.073151222225634,-4.985423823325821,10.352231838726034,-5.927858909248893,5.07261059991175,-4.985453236298198
894000000.0,5.0700198756328385,-4.9809902800695225,10.350978363846949,-5.926370511960359,5.069479256083411,-4.981019680417265
895000000.0,5.0668976796929925,-4.976563985630776,10.33735148199757,-5.925033728906392,5.066356983721883,-4.976593394541403
896000000.0,5.063784599497817,-4.97214492646864,10.33410520567737,-5.925622437229039,5.063243896817815,-4.9721743393653
897000000.0,5.060680600298199,-4.967733089053345,10.326899874084411,-5.92372397845099,5.060139861419351,-4.967762496447856
898000000.0,5.057585647503377,-4.963328459866499,10.318704760851102,-5.924771846431847,5.05704487083886,-4.963357882279776
899000000.0,5.054499706680105,-4.958931025401265,10.308343030553317,-5.920040997501691,5.053958868902028,-4.95896042929783
900000000.0,5.051422743551852,-4.95454077216256,10.301300694528743,-5.91608209706295,5.050881867178377,-4.954570157105218
901000000.0,5.048354723997972,-4.950157686667231,10.2917376611609,-5.91704942947122,5.047813800844868,-4.950187088352673
902000000.0,5.0452956140529075,-4.945781755444241,10.281403530903741,-5.9096626181444405,5.044754625573247,-4.9458111215707214
903000000.0,5.042245379905382,-4.941412965034849,10.275756541765347,-5.90922149077364,5.0417043674077835,-4.941442332523317
904000000.0,5.039203987897602,-4.937051301992782,10.263309533900909,-5.899419137296335,5.0386628925542984,-4.937080621899511
905000000.0,5.036171404524456,-4.932696752884418,10.255571773998478,-5.893482096984606,5.035630262775192,-4.9327260423450365
906000000.0,5.033147596432738,-4.928349304288949,10.246334386139923,-5.887173126559172,5.03260639803469,-4.9283785633725845
907000000.0,5.030132530420349,-4.9240089427985545,10.23883443926994,-5.882926351759747,5.029591289837248,-4.924038181905324
908000000.0,5.027126173435519,-4.9196756550185725,10.232754937328325,-5.872217732028645,5.026584889222406,-4.919704830437539
909000000.0,5.024128492576037,-4.9153494275676515,10.226325407531169,-5.864029461648083,5.023587166562575,-4.915378556028887
910000000.0,5.02113945508847,-4.911030247077927,10.218219583904498,-5.850221973419419,5.02059806732717,-4.911059295307569
911000000.0,5.018159028367399,-4.906718100195174,10.212017580203163,-5.841211348772773,5.017617598853843,-4.906747095840902
912000000.0,5.015187179954654,-4.90241297357896,10.2111989772891,-5.8331101265772,5.014645744665523,-4.902441913675168
913000000.0,5.012223877538558,-4.898114853902809,10.203296858069141,-5.820432526096824,5.011682383531547,-4.8981437206878935
914000000.0,5.0092690889531655,-4.893823727854349,10.205796488358045,-5.810461911632074,5.008727607356504,-4.893852521652293
915000000.0,5.00632278217752,-4.889539582135462,10.205488555310295,-5.797981857144901,5.005781290854948,-4.8895682914228615
916000000.0,5.003384925334899,-4.8852624034624315,10.204957855976282,-5.7884509536977005,5.00284342767718,-4.885291047525919
917000000.0,5.000455486692077,-4.8809921785660935,10.205525196615769,-5.781746450085339,4.999913994381323,-4.881020773760975
918000000.0,4.9975344346585855,-4.876728894191975,10.210285114140909,-5.769142403873859,4.996992964966569,-4.87675739571099
919000000.0,4.99462173778598,-4.872472537100433,10.213000490445594,-5.7611496266167235,4.994080285149395,-4.872500977937955
920000000.0,4.991717364767108,-4.868223094066803,10.220770047219162,-5.756089027085887,4.991175966550513,-4.868251484813329
921000000.0,4.988821284435385,-4.863980551881526,10.227112909063758,-5.7445577933187835,4.988279920882484,-4.864008853208298
922000000.0,4.985933465764073,-4.859744897350291,10.231878497014971,-5.744164260089223,4.985392144997515,-4.859773183645373
923000000.0,4.983053877865561,-4.855516117294164,10.237140532706041,-5.73899604449663,4.982512595278985,-4.8555443569982515
924000000.0,4.980182489990653,-4.851294198549719,10.245729252095126,-5.7346760337640355,4.979641268474093,-4.851322391731041
925000000.0,4.977319271527856,-4.847079127969165,10.252354088555228,-5.7342724393932,4.9767781048271775,-4.847107303186637
926000000.0,4.974464192002681,-4.842870892420478,10.26322971921994,-5.7321893425993435,4.973923104882858,-4.842899031967804
927000000.0,4.971617221076931,-4.838669478787524,10.270282638659529,-5.7346110758194015,4.971076196172186,-4.83869761810714
928000000.0,4.968778328548014,-4.8344748739701755,10.27324658606426,-5.737119557502674,4.968237339519765,-4.834503020337654
929000000.0,4.96594748434824,-4.830287064884439,10.28327486824353,-5.739556786908398,4.965406576801045,-4.8303152064906305
930000000.0,4.963124658544137,-4.826106038462576,10.28573564495542,-5.743567606726012,4.962583785983966,-4.8261341978105445
931000000.0,4.9603098213357635,-4.82193178165321,10.293467535216935,-5.753462655348805,4.959769027327822,-4.82195998848583
932000000.0,4.957502943056025,-4.817764281421449,10.299232135878215,-5.760731859404984,4.956962210562618,-4.817792521999769
933000000.0,4.954703994169998,-4.8136035247489986,10.302983323852523,-5.76995528548306,4.954163313179926,-4.81363181506384
934000000.0,4.9519129452742545,-4.80944949863427,10.305982502832594,-5.774016962271142,4.951372302622518,-4.809477806480928
935000000.0,4.949129767096189,-4.805302190092489,10.308582600098976,-5.786616095414386,4.948589173661809,-4.80533057157447
936000000.0,4.946354430493356,-4.80116158615581,10.307020728714754,-5.79931344531735,4.94581385928563,-4.8011900485493975
937000000.0,4.9435869064528015,-4.797027673873414,10.306932525700125,-5.813344816858445,4.943046368986868,-4.797056223552653
938000000.0,4.940827166090408,-4.792900440311617,10.306394587889136,-5.824200751564427,4.940286654332212,-4.792929057424169
939000000.0,4.938075180650238,-4.788779872553972,10.29854357941217,-5.839258709151266,4.93753465358354,-4.788808595783384
940000000.0,4.93533092150388,-4.784665957701368,10.296522490400607,-5.854925487665735,4.9347904177260355,-4.784694781906118
941000000.0,4.932594360149799,-4.780558682872129,10.29430744827553,-5.866136399142005,4.932053871354596,-4.780587579479857
942000000.0,4.929865468212696,-4.776458035202111,10.282586115644367,-5.8756447062530635,4.9293249300410755,-4.776487007825415
943000000.0,4.927144217442862,-4.7723640018448,10.270735813824754,-5.886681813041609,4.926603631341677,-4.772393060523146
944000000.0,4.924430579715546,-4.768276569971406,10.262703536232143,-5.899036320240211,4.923889972342598,-4.768305717320294
945000000.0,4.921724527030314,-4.764195726770948,10.249479301631863,-5.913300946146975,4.921183867584612,-4.764224983021955
946000000.0,4.919026031510423,-4.760121459450352,10.232485557431906,-5.9258771172332105,4.918485292955938,-4.7601508193015265
947000000.0,4.916335065402195,-4.75605375523454,10.218948068757243,-5.9311880716731356,4.915794259009133,-4.7560831663736955
948000000.0,4.913651601074388,-4.7519926013665135,10.204858429068933,-5.9376476198739505,4.9131107249911325,-4.7520220720027755
949000000.0,4.910975611017582,-4.747937985107436,10.190069625791386,-5.945413676337808,4.91043466267866,-4.7479675246737045
950000000.0,4.908307067843559,-4.74388989373673,10.173956319029227,-5.9477092097275674,4.907766030422344,-4.743919468874784
951000000.0,4.905645944284689,-4.7398483145521455,10.158000278738117,-5.954282211585978,4.905104825249574,-4.739877952564477
952000000.0,4.9029922131933255,-4.735813234869851,10.14157752491833,-5.955480465507256,4.902451001435352,-4.735842901767561
953000000.0,4.9003458475411925,-4.731784642024506,10.129832421359074,-5.955626693704919,4.899804571606943,-4.731814323967927
954000000.0,4.897706820418787,-4.727762523369343,10.109972120309918,-5.96162785327378,4.8971654368662625,-4.727792270229039
955000000.0,4.895075105034775,-4.723746866276248,10.094261956151326,-5.962434586510364,4.894533632778576,-4.723776638341374
956000000.0,4.892450674715401,-4.719737658135828,10.080105329821215,-5.9581258157315595,4.891909116065992,-4.719767420172197
957000000.0,4.889833502903888,-4.715734886357489,10.066774859331789,-5.955795282088205,4.889291866141019,-4.715764649844944
958000000.0,4.887223563159854,-4.711738538369509,10.053604142021017,-5.954583114809393,4.886681850985032,-4.711768310250735
959000000.0,4.88462082915872,-4.707748601619105,10.037999329669457,-5.951364535607708,4.8840790229274615,-4.707778372662911
960000000.0,4.882025274691136,-4.703765063572509,10.027541867689967,-5.948630639865751,4.881483408170549,-4.70379482916227
961000000.0,4.87943687366239,-4.699787911715029,10.015524206686738,-5.946576839589847,4.878894937848185,-4.699817678559326
962000000.0,4.876855600091838,-4.695817133551125,10.002769948502749,-5.945280846571204,4.8763135913877464,-4.695846907614381
963000000.0,4.874281428112332,-4.691852716604463,9.997570695307736,-5.939071374610911,4.873739387578197,-4.69188245503766
964000000.0,4.8717143319696445,-4.687894648417989,9.987269880139888,-5.935923400418152,4.871172231465064,-4.687924378519688
965000000.0,4.869154286021907,-4.683942916553988,9.976182962579289,-5.931522516613497,4.868612118611383,-4.683972631476914
966000000.0,4.866601264739041,-4.6799975085941465,9.966480533432366,-5.928120238577581,4.866059040781658,-4.680027212666903
967000000.0,4.864055242702199,-4.676058412139611,9.959149249411865,-5.924970947903268,4.863512977754416,-4.676088103428403
968000000.0,4.861516194603212,-4.672125614811048,9.95201391584844,-5.923124410256001,4.860973891853689,-4.672155301374602
969000000.0,4.858984095244026,-4.668199104248703,9.947958630199002,-5.920225117921921,4.8584417728259295,-4.668228774727583
970000000.0,4.85645891953616,-4.66427886811246,9.940669041805915,-5.917933239150029,4.855916557612892,-4.664308531255086
971000000.0,4.853940642500149,-4.660364894081886,9.937758859532414,-5.917107078419976,4.85339827130441,-4.660394552725363
972000000.0,4.851429239265001,-4.656457169856298,9.928052513108572,-5.9204989797057745,4.850886821533031,-4.656486861201969
973000000.0,4.848924685067663,-4.652555683154811,9.92306805160118,-5.92048588005314,4.848382245926857,-4.652585378327251
974000000.0,4.846426955252468,-4.648660421716384,9.913402973958057,-5.917317708252512,4.845884459986273,-4.648690107498897
975000000.0,4.843936025270609,-4.644771373299879,9.904729961819001,-5.924253661016121,4.84339349527954,-4.644801112911134
976000000.0,4.841451870679602,-4.64088852568411,9.900653503068298,-5.922535324250549,4.840909322463891,-4.640918256861747
977000000.0,4.838974467142756,-4.637011866667883,9.888644004968276,-5.927093606757711,4.838431859223089,-4.637041641391436
978000000.0,4.836503790428643,-4.633141384070054,9.88267634380456,-5.932337963491413,4.835961162451119,-4.633171197736025
979000000.0,4.834039816410579,-4.629277065729565,9.868626665478004,-5.934851189214325,4.833497112580447,-4.629306912822478
980000000.0,4.831582521066097,-4.625418899505498,9.860432049101346,-5.940504332862633,4.831039783450829,-4.6254487914139215
981000000.0,4.829131880476432,-4.621566873277115,9.850994235958886,-5.940986341321884,4.828589093452326,-4.621596778759992
982000000.0,4.826687870826002,-4.617720974943897,9.838411029206135,-5.947852006545726,4.826145023677458,-4.6177509394189
983000000.0,4.824250468401898,-4.613881192425595,9.827895179928776,-5.950854872560872,4.82370756861829,-4.613911188131331
984000000.0,4.821819649593372,-4.610047513662258,9.813356223406236,-5.954225289845696,4.821276672004061,-4.610077548829849
985000000.0,4.8193953908913265,-4.606219926614285,9.797474088571992,-5.956752923294212,4.818852325687014,-4.606249997795999
986000000.0,4.816977668887819,-4.6023984192624585,9.785631342771516,-5.959312201669583,4.816434541878679,-4.602428520704228
987000000.0,4.814566460275551,-4.598582979607978,9.76911640841186,-5.959959374475563,4.814023238868629,-4.598613105933781
988000000.0,4.8121617418473726,-4.594773595672506,9.753730161223823,-5.9652310331552005,4.811618440009546,-4.594803774657517
989000000.0,4.8097634904957856,-4.590970255498195,9.736132312420224,-5.965429233379387,4.809220086741807,-4.59100045802032
990000000.0,4.807371683212452,-4.5871729471477245,9.718695881576236,-5.966608440757844,4.806828180029842,-4.587203179185471
991000000.0,4.804986297087701,-4.583381658704339,9.70234958173134,-5.964228281109054,4.804442696240252,-4.583411896012589
992000000.0,4.80260730931004,-4.579596378271877,9.684587433284614,-5.962443933129488,4.802063602695646,-4.579626626697744
993000000.0,4.800234697165671,-4.575817093974802,9.667088536976728,-5.963843398144714,4.799690891131483,-4.575847373334008
994000000.0,4.797868438038009,-4.5720437939582315,9.648826776371925,-5.961425614515946,4.7973245222109515,-4.572074081115276
995000000.0,4.795508509407195,-4.568276466387975,9.630656714277068,-5.958591470873129,4.794964483800341,-4.568306758567458
996000000.0,4.7931548888496325,-4.5645150994505554,9.612413315056152,-5.954553967215767,4.792610751281843,-4.564545389138762
997000000.0,4.790807554037495,-4.560759681353241,9.596320001005308,-5.9496633588239645,4.790263316910842,-4.560789960024282
998000000.0,4.788466482738267,-4.557010200324071,9.577191334467352,-5.943072522350837,4.787922124388781,-4.55704046167181
999000000.0,4.786131652814268,-4.553266644611878,9.558201788398343,-5.940793169695107,4.7855871804657575,-4.553296915719932
1000000000.0,4.783803042222188,-4.5495290024863255,9.542083691164542,-5.93066883122276,4.783258462585928,-4.549559229600939
1001000000.0,4.7814806290126235,-4.545797262237918,9.5267985698914,-5.926929351260462,4.780935956706217,-4.545827484501458
1002000000.0,4.779164391329611,-4.542071412178033,9.509905461369193,-5.922734950447712,4.778619615558066,-4.542101629081296
1003000000.0,4.776854307410173,-4.538351440638945,9.490414464841317,-5.910393441585371,4.776309399872573,-4.5383816046368635
1004000000.0,4.774550355583857,-4.534637335973842,9.473287469445273,-5.901487636855539,4.774005336246917,-4.534667465327507
1005000000.0,4.772252514272285,-4.5309290865568475,9.459290021722593,-5.89670233320756,4.771707408927839,-4.530959202656966
1006000000.0,4.769960761988697,-4.527226680783049,9.44094609922655,-5.8840371499121495,4.76941553167713,-4.527256740449496
1007000000.0,4.767675077337505,-4.523530107068507,9.428232390997536,-5.876818718994016,4.76712976552853,-4.523560136331401
1008000000.0,4.765395439013845,-4.519839353850281,9.410706971488402,-5.865894520400871,4.764850009969289,-4.519869336547109
1009000000.0,4.763121825803132,-4.516154409586441,9.396587316516849,-5.857098323580587,4.762576304089249,-4.516184354109976
1010000000.0,4.760854216580617,-4.5124752627560945,9.382736811090052,-5.8425589897314545,4.760308595359552,-4.512505132668908
1011000000.0,4.758592590310949,-4.508801901859393,9.369662847815606,-5.831095382374388,4.758046879001889,-4.50883171538478
1012000000.0,4.756336926047737,-4.505134315417553,9.358712689005248,-5.820399007355381,4.755791139107026,-4.505164074249787
1013000000.0,4.754087202933117,-4.50147249197287,9.343933488284135,-5.809830754634183,4.753541316500468,-4.5015022026695535
1014000000.0,4.751843400197313,-4.497816420088736,9.330702564792949,-5.79299392420198,4.7512974145851326,-4.497846041067081
1015000000.0,4.749605497158214,-4.494166088349645,9.318295009081995,-5.78630059564349,4.749059432709607,-4.494195682044839
1016000000.0,4.747373473220943,-4.490521485361214,9.304549031549818,-5.773085891084605,4.74682731174166,-4.490551012935994
1017000000.0,4.745147307877433,-4.486882599750191,9.29236021947337,-5.76202002157398,4.744601062335206,-4.4869120723798
1018000000.0,4.742926980705999,-4.483249420164466,9.283138710035189,-5.749112702305174,4.742380666883093,-4.483278821873369
1019000000.0,4.740712471370924,-4.479621935273086,9.272821580400072,-5.733173088903884,4.740166077769146,-4.47965124875847
1020000000.0,4.738503759622034,-4.476000133766259,9.264696843975084,-5.721827419641898,4.737957306885856,-4.476029384507527
1021000000.0,4.736300825294289,-4.472384004355371,9.255749072596986,-5.711150056061923,4.735754309252846,-4.4724131978082795
1022000000.0,4.734103648307358,-4.468773535772982,9.242027753561837,-5.696196171693355,4.733557032531192,-4.468802652470334
1023000000.0,4.7319122086652206,-4.465168716772853,9.235252941735217,-5.685109601031138,4.731365542491948,-4.465197770362361
1024000000.0,4.7297264864557444,-4.4615695361299315,9.22767740264867,-5.6731642487034835,4.729179763525219,-4.461598522475279
1025000000.0,4.727546461850287,-4.457975982640377,9.215800751362279,-5.662945395585748,4.726999657861967,-4.458004919160255
1026000000.0,4.725372115103287,-4.454388045121558,9.209394244682585,-5.650365721327321,4.7248252606256615,-4.454416908678886
1027000000.0,4.723203426551861,-4.4508057124120555,9.200040322249643,-5.633150853575784,4.72265649595835,-4.450834478564829
1028000000.0,4.721040376615403,-4.447228973371676,9.193791944698303,-5.620865460716137,4.720493396875138,-4.447257668188054
1029000000.0,4.718882945795187,-4.443657816881449,9.188224116555965,-5.60904375975688,4.718335921842167,-4.443686442217537
1030000000.0,4.716731114673967,-4.440092231843628,9.180830348036375,-5.596149374656012,4.716184033382671,-4.440120783828206
1031000000.0,4.71458486391559,-4.436532207181708,9.171665453934141,-5.584100381779705,4.71403771547767,-4.436560693874738
1032000000.0,4.7124441742645935,-4.432977731840409,9.168147763670657,-5.571653612906269,4.711896993342769,-4.4330061419807665
1033000000.0,4.710309026545826,-4.429428794785694,9.162163933620832,-5.5597642601575,4.709761798542573,-4.429457135704062
1034000000.0,4.708179401664048,-4.425885385004756,9.155968933526523,-5.5425568674550885,4.707632116893529,-4.42591362376972
1035000000.0,4.70605528060356,-4.422347491506032,9.151287072904488,-5.532769803572474,4.705507960101543,-4.422375672175521
1036000000.0,4.703936644427804,-4.418815103319195,9.14897507485567,-5.52204379348866,4.703389301521854,-4.418843216297894
1037000000.0,4.701823474278993,-4.4152882094951575,9.143648992835383,-5.506556625478507,4.701276082580057,-4.415316229716473
1038000000.0,4.699715751377724,-4.411766799106064,9.139390940424644,-5.497502166699996,4.699168327659349,-4.411794765151789
1039000000.0,4.697613457022605,-4.408250861245301,9.134901351657666,-5.484270177216715,4.697065993211182,-4.4082787473301295
1040000000.0,4.69551657258988,-4.404740385027482,9.134343189741378,-5.4759485170379145,4.694969101030416,-4.404768215674498
1041000000.0,4.693425079533048,-4.401235359588456,9.128179845906956,-5.4637751091786555,4.6928775590021505,-4.401263119543164
1042000000.0,4.691338959382502,-4.397735774085298,9.127747207085916,-5.451325774567051,4.690791425298237,-4.397763452528177
1043000000.0,4.689258193745152,-4.3942416176963075,9.12245913364939,-5.44336109273181,4.688710622782584,-4.394269250425307
1044000000.0,4.687182764304059,-4.390752879621001,9.121125785163684,-5.428784515660559,4.68663517069829,-4.39078041891266
1045000000.0,4.6851126528180735,-4.387269549080118,9.12140970596569,-5.419398180766826,4.684565054944974,-4.387297024866985
1046000000.0,4.683047841121463,-4.3837916153156,9.112965365666966,-5.411348636554141,4.682500186369481,-4.383819049899998
1047000000.0,4.6809883111235635,-4.380319067590598,9.114502292814565,-5.4018528460072215,4.680440659745086,-4.380346435970424
1048000000.0,4.678934044808406,-4.376851895189461,9.113286281475798,-5.394484708247958,4.6783863829276315,-4.376879215098464
1049000000.0,4.676885024234367,-4.3733900874177305,9.110595031469655,-5.385443311517732,4.676337339903244,-4.373417350714566
1050000000.0,4.674841231533812,-4.369933633602133,9.10516793825707,-5.379520029885911,4.6742935125561695,-4.369960864234158
1051000000.0,4.672802648912739,-4.366482523090571,9.10517066197028,-5.368249153211917,4.672254920777967,-4.366509678799554
1052000000.0,4.670769258650431,-4.3630367452521215,9.10065864419994,-5.36073820495249,4.670221499026743,-4.363063856872268
1053000000.0,4.668741043099095,-4.359596289477018,9.096232196104918,-5.35269968371353,4.6681932516559295,-4.359623353563519
1054000000.0,4.666717984683529,-4.3561611451766495,9.092194186563749,-5.342772850057768,4.666170160801314,-4.356188149252423
1055000000.0,4.664700065900765,-4.352731301783549,9.089892169982255,-5.337124485495696,4.664152227341456,-4.352758269923329
1056000000.0,4.662687269319726,-4.349306748751381,9.084079163636574,-5.3307895410834325,4.66213939291294,-4.349333682298469
1057000000.0,4.660679577580888,-4.345887475554935,9.08332388295342,-5.3218053206712765,4.660131690807253,-4.345914349728757
1058000000.0,4.658676973395934,-4.342473471690115,9.076079402151127,-5.310227668148006,4.658129031284062,-4.3425002806596975
1059000000.0,4.656679439547416,-4.339064726673924,9.069633276643694,-5.303341889430926,4.656131454659339,-4.339091498636457
1060000000.0,4.654686958888419,-4.33566123004446,9.068839092450741,-5.295699303696552,4.654138965486962,-4.335687951116389
1061000000.0,4.652699514342228,-4.332262971360896,9.060030562608285,-5.284005322843063,4.652151455496853,-4.332289629057034
1062000000.0,4.650717088901986,-4.328869940203473,9.05752932117705,-5.277826635820238,4.650169013146224,-4.328896558967529
1063000000.0,4.648739665630373,-4.325482126173491,9.052602343586575,-5.271608704200757,4.648191557642904,-4.325508709695501
1064000000.0,4.646767227659266,-4.322099518893283,9.050444009807382,-5.259407876661447,4.646219095106981,-4.322126025086602
1065000000.0,4.644799758189419,-4.318722108006216,9.043219817085893,-5.250291795322081,4.644251574214429,-4.31874856448925
1066000000.0,4.642837240490129,-4.315349883176672,9.037736529369454,-5.241805985317719,4.642289017033839,-4.315376291089352
1067000000.0,4.640879657898918,-4.311982834090027,9.036777636417417,-5.228352555329677,4.640331415272705,-4.312009154833529
1068000000.0,4.638926993821206,-4.30862095045265,9.02686735612842,-5.220437242310379,4.638378684760831,-4.308647233453067
1069000000.0,4.6369792317299865,-4.3052642219918775,9.025580258355347,-5.213906342620485,4.63643091268306,-4.305290461870577
1070000000.0,4.635036355165517,-4.301912638456002,9.022012484328318,-5.202029869371589,4.634488003029482,-4.301938805332711
1071000000.0,4.633098347734989,-4.298566189614255,9.018399567260966,-5.189491858272803,4.632549961102186,-4.298592279396821
1072000000.0,4.631165193112219,-4.295224865256795,9.013364973786206,-5.183113787064577,4.630616773120997,-4.29525091901915
1073000000.0,4.629236875037332,-4.291888655194687,9.010543636068993,-5.170335966474549,4.628688425067783,-4.291914629049971
1074000000.0,4.62731337731645,-4.288557549259888,9.005431425671167,-5.156104377806965,4.626764880514882,-4.288583437826262
1075000000.0,4.625394683821378,-4.28523153730523,9.0037572767649,-5.148239895035669,4.624846172284929,-4.285257374969026
1076000000.0,4.623480778489297,-4.281910609204401,9.002000265477413,-5.136216870576708,4.622932244806288,-4.281936369922212
1077000000.0,4.621571645322452,-4.278594754851929,8.999787028573548,-5.1242252040126015,4.6210230866382975,-4.2786204395599565
1078000000.0,4.619667268387851,-4.275283964163168,8.99593688743089,-5.110805538922795,4.619118671986871,-4.275309566570554
1079000000.0,4.617767631816958,-4.271978227074268,8.996968370250375,-5.104302981773955,4.617219039903505,-4.272003782634571
1080000000.0,4.615872719805386,-4.268677533542172,8.996082465845205,-5.091508367660043,4.615324109829341,-4.268703005782587
1081000000.0,4.613982516612602,-4.265381873544583,8.998397148630447,-5.081419561818026,4.6134339132308435,-4.265407274167821
1082000000.0,4.6120970065616245,-4.262091237079957,8.993197834852046,-5.069659961979736,4.611548359583064,-4.262116568055391
1083000000.0,4.610216174038721,-4.258805614167473,8.99752614866474,-5.0578253235375525,4.609667543410273,-4.258830859098878
1084000000.0,4.608340003493119,-4.255524994847022,8.996975909551463,-5.044525979739443,4.607791355961662,-4.25555015260404
1085000000.0,4.606468479436705,-4.252249369179179,8.993427535329575,-5.035893914332983,4.605919803857763,-4.252274474235869
1086000000.0,4.6046015864437315,-4.248978727245191,8.996842118654554,-5.028387283399975,4.60405292866697,-4.24900377503176
1087000000.0,4.602739309150527,-4.245713059146948,8.994296332209899,-5.018293561023592,4.602190627169969,-4.2457380433029845
1088000000.0,4.600881632255206,-4.2424523550069715,8.992985915578759,-5.008305811038036,4.6003329340315835,-4.242477274118658
1089000000.0,4.599028540517374,-4.2391966049683845,8.998240294081887,-4.994060803229264,4.598479860384542,-4.239221421042803
1090000000.0,4.597180018757848,-4.235945799194892,9.002523800600388,-4.989210374793069,4.596631366404047,-4.235970573271568
1091000000.0,4.595336051858366,-4.232699927870767,9.00109901359695,-4.9797038637813555,4.594787383307103,-4.232724640084174
1092000000.0,4.593496624761304,-4.229458981200818,9.004257535717498,-4.972383611726287,4.592947972713496,-4.229483637660993
1093000000.0,4.591661722469389,-4.2262229494103725,9.007652359413893,-4.96297641764242,4.591113084911351,-4.226247536480266
1094000000.0,4.589831330045427,-4.222991822745255,9.008855840951096,-4.955138466834139,4.58928269573389,-4.223016354052958
1095000000.0,4.588005432612009,-4.219765591471761,9.009711050139545,-4.949316617562318,4.5874568027371945,-4.219790080387104
1096000000.0,4.586184015351247,-4.216544245876637,9.010120875991408,-4.939538234874104,4.585635380399525,-4.216568668041426
1097000000.0,4.584367063504487,-4.2133277762670565,9.015732501612339,-4.932030588050519,4.583818460335414,-4.213352137288274
1098000000.0,4.582554562372037,-4.2101161729705945,9.017306250663628,-4.925504654431267,4.5820059670119475,-4.210140485900249
1099000000.0,4.580746497312892,-4.2069094263352085,9.01660620378719,-4.918736467792781,4.580197894898545,-4.20693369347527
1100000000.0,4.578942853744462,-4.203707526729207,9.01812337198064,-4.912176455646041,4.5783942587137565,-4.203731745650671
1101000000.0,4.577143617142301,-4.200510464541236,9.025680190944517,-4.907266036547289,4.5765950707085405,-4.200534635522114
1102000000.0,4.575348773039835,-4.197318230180244,9.02540476729793,-4.9035266655593635,4.5748002273608535,-4.197342373922404
1103000000.0,4.573558307028096,-4.194130814075465,9.026345591565898,-4.896341813723318,4.57300976401549,-4.194154906595059
1104000000.0,4.571772204755452,-4.190948206676389,9.029977874627788,-4.889602454552887,4.5712236823026275,-4.190972246254284
1105000000.0,4.569990451927344,-4.18777039845274,9.029015009686551,-4.888157055115579,4.569441929708263,-4.1877944265872875
1106000000.0,4.568213034306023,-4.18459737989445,9.034813863060448,-4.876162081333646,4.567664537584166,-4.184621317923839
1107000000.0,4.566439937710281,-4.181429141511631,9.031337928829252,-4.878032604754317,4.565891430788287,-4.181453093511927
1108000000.0,4.5646711480151945,-4.178265673834554,9.029683703021096,-4.871317884101667,4.56412262798736,-4.1782895819900965
1109000000.0,4.562906651151865,-4.175106967413618,9.03256572620381,-4.865089637383517,4.562358147766341,-4.175130827160545
1110000000.0,4.561146433107156,-4.17195301281933,9.035417814796007,-4.863075957128057,4.5605979532974406,-4.171976851109289
1111000000.0,4.5593904799234375,-4.168803800642272,9.034080459942373,-4.857620081366699,4.558841991130454,-4.168827602587488
1112000000.0,4.557638777698333,-4.165659321493082,9.033838208186104,-4.84897677576633,4.557090281519101,-4.165683064890461
1113000000.0,4.555891312584458,-4.16251956600242,9.033673440383547,-4.847901930657416,4.555342822289084,-4.162543299060063
1114000000.0,4.554148070789173,-4.1593845248209425,9.03464616096735,-4.840468966067009,4.553599582899466,-4.159408205007589
1115000000.0,4.5524090385743285,-4.156254188619285,9.037402693925703,-4.836767471948737,4.5518605707907485,-4.156277836769324
1116000000.0,4.550674202256012,-4.153128548088022,9.038139101749053,-4.829036183160114,4.550125734859273,-4.153152141850896
1117000000.0,4.548943548204303,-4.150007593937645,9.038503781187373,-4.82616782926583,4.548395087022638,-4.150031165042471
1118000000.0,4.547217062843021,-4.146891316898539,9.04162388352694,-4.822851442243726,4.546668624744233,-4.146914857840535
1119000000.0,4.545494732649482,-4.143779707720945,9.038409070882427,-4.819107539506402,4.544946276365339,-4.143803226460725
1120000000.0,4.543776544154249,-4.140672757174942,9.045238549772646,-4.816733187582802,4.543228136284748,-4.140696245553093
1121000000.0,4.54206248394089,-4.1375704560504145,9.041296775440246,-4.811766780402678,4.541514051143932,-4.137593915633971
1122000000.0,4.540352538645733,-4.1344727951570235,9.04381485079477,-4.804645019543569,4.5398041186533895,-4.1344962012536595
1123000000.0,4.538646694957628,-4.131379765324182,9.043416481181515,-4.807493728069124,4.5380982858767345,-4.131403186740002
1124000000.0,4.536944939617701,-4.128291357401021,9.047032800533616,-4.8015924318190635,4.536396552437999,-4.128314731320874
1125000000.0,4.535247259419121,-4.1252075622563655,9.047142979255193,-4.793555445305017,4.534698868068625,-4.125230880882766
1126000000.0,4.5335536412068524,-4.1221283707787055,9.045472902955497,-4.798552519305435,4.533005256185276,-4.1221517207008915
1127000000.0,4.531864071877431,-4.11905377387616,9.045885940666166,-4.788122336803496,4.5313156805924955,-4.119077052654299
1128000000.0,4.530178538378714,-4.115983762476459,9.044216947054435,-4.785868960585516,4.529630141211416,-4.116007026065001
1129000000.0,4.528497027709659,-4.112918327526907,9.04783562221184,-4.78545016350518,4.527948661662783,-4.112941578826281
1130000000.0,4.52681952692008,-4.109857459994354,9.043368140663777,-4.781577118821255,4.526271134281684,-4.109880690426474
1131000000.0,4.5251460231104215,-4.1068011508651665,9.046692528149956,-4.775787988721197,4.524597650672963,-4.1068243350500415
1132000000.0,4.523476503431526,-4.103749391145205,9.045307746893585,-4.772365415354507,4.522928124925237,-4.103772552189417
1133000000.0,4.521810955084406,-4.100702171859778,9.047166600851124,-4.766433853718685,4.521262587124391,-4.1007252882066725
1134000000.0,4.520149365320008,-4.097659484053631,9.042347054444171,-4.769108252384099,4.519600979428058,-4.09768262220556
1135000000.0,4.518491721438998,-4.0946213187908995,9.04176205368755,-4.762000334106656,4.517943328399621,-4.094644408802934
1136000000.0,4.516838010791524,-4.0915876671550935,9.047387396220868,-4.75884133912693,4.516289657137708,-4.091610723994195
1137000000.0,4.515188220776995,-4.0885585202490535,9.04546659572836,-4.756734787562468,4.514639859757525,-4.088581563340803
1138000000.0,4.513542338843861,-4.085533869194934,9.041458955898229,-4.752086027012034,4.512993952767678,-4.085556885694177
1139000000.0,4.511900352489382,-4.082513705134158,9.043852198854704,-4.748195468036683,4.511351983777561,-4.082536689199312
1140000000.0,4.510262249259416,-4.079498019227401,9.041487855029152,-4.745865760619928,4.509713869915768,-4.07952098887276
1141000000.0,4.50862801674819,-4.076486802654551,9.042538005488435,-4.739638317943661,4.508079642203909,-4.076509727092584
1142000000.0,4.506997642598088,-4.073480046614677,9.04091150472908,-4.738427199187785,4.506449264016663,-4.073502962609968
1143000000.0,4.505371114499425,-4.0704777423260055,9.042247637242768,-4.733495381233483,4.504822744713093,-4.070500620982493
1144000000.0,4.50374842019024,-4.067479881025882,9.038736186156596,-4.7312710083802685,4.503200032511082,-4.067502747886116
1145000000.0,4.50212954745607,-4.064486453970744,9.043357472233037,-4.724971513857214,4.50158118742674,-4.064509269200362
1146000000.0,4.500514484129741,-4.061497452436087,9.042817765860306,-4.7198118921526895,4.499966120415768,-4.061520232005717
1147000000.0,4.4989032180911535,-4.058512867716434,9.04300121878826,-4.71782951400557,4.498354860654549,-4.058535630893368
1148000000.0,4.49729573726707,-4.055532691125307,9.040377997135579,-4.714213119980195,4.496747365278356,-4.055555432077772
1149000000.0,4.4956920296309,-4.05255691399519,9.04299748734458,-4.710386010263313,4.495143676519065,-4.052579622611275
1150000000.0,4.494092083202497,-4.049585527677502,9.0451789591324,-4.703277346584524,4.493543740663806,-4.049608183532457
1151000000.0,4.492495886047939,-4.046618523542561,9.047252403236318,-4.706200476452777,4.491947570132534,-4.0466411915312115
1152000000.0,4.490903426279331,-4.043655892979555,9.047683534524,-4.7021533016923085,4.490355114752358,-4.0436785308926755
1153000000.0,4.489314692054589,-4.040697627396512,9.045980527448409,-4.7008662774606185,4.488766375735138,-4.040720256608866
1154000000.0,4.487729671577238,-4.037743718220261,9.0483986603669,-4.693590684147054,4.487181367075809,-4.037766293219041
1155000000.0,4.4861483530962065,-4.034794156896405,9.048068330884895,-4.6925440397718425,4.485600053042984,-4.034816722477312
1156000000.0,4.484570724905622,-4.031848934889291,9.048579652553464,-4.68902468724633,4.4840224306069265,-4.031871473693373
1157000000.0,4.482996775344608,-4.0289080436819695,9.049829965542294,-4.690960693070768,4.482448500639139,-4.028930589728393
1158000000.0,4.481426492797083,-4.025971474776172,9.048908005352638,-4.685771712976948,4.480878211794462,-4.025993985661745
1159000000.0,4.479859865691557,-4.02303921969227,9.05326144462146,-4.683265783279508,4.479311616934548,-4.023061703993725
1160000000.0,4.478296882500932,-4.020111269969247,9.052731130595596,-4.681033554482872,4.477748634873834,-4.02013373757952
1161000000.0,4.476737531742308,-4.017187617164667,9.060143593532855,-4.681203826437391,4.476189340584515,-4.017210070460987
1162000000.0,4.475181801976776,-4.0142682528546345,9.056047057951227,-4.684099073325911,4.4746335973506,-4.01429072855632
1163000000.0,4.473629681809231,-4.011353168633773,9.056629391639984,-4.679282262088142,4.4730814811976245,-4.0113756091197565
1164000000.0,4.472081159888169,-4.008442356115181,9.058554346034509,-4.679576212915451,4.471532980423568,-4.008464792239193
1165000000.0,4.4705362249054925,-4.005535806930408,9.060318612755125,-4.68477511179557,4.469988073625266,-4.005558270724763
1166000000.0,4.468994865596321,-4.002633512729414,9.058706027597609,-4.6808105016248565,4.4684467055122665,-4.002655950474667
1167000000.0,4.467457070738797,-3.999735465180544,9.058106822531508,-4.684906264701414,4.466908921672658,-3.9997579273871344
1168000000.0,4.465922829153887,-3.9968416559704867,9.060095532667328,-4.685002949282729,4.46537470125252,-3.9968641125131734
1169000000.0,4.464392129705198,-3.9939520768042494,9.06078354950924,-4.685662090593513,4.463844015456992,-3.993974533480971
1170000000.0,4.462864961298789,-3.9910667194051177,9.060942849525127,-4.686553347764793,4.4623168576425,-3.991089178602739
1171000000.0,4.461341312882974,-3.98818557551463,9.059968985102364,-4.687406921430218,4.460793212398095,-3.9882080388593852
1172000000.0,4.459821173448138,-3.9853086368925337,9.061901375426284,-4.692858419674352,4.459273102453284,-3.9853311294278106
1173000000.0,4.458304532026551,-3.9824358953167622,9.061328196876085,-4.691436855629891,4.457756463037704,-3.9824583766348574
1174000000.0,4.456791377692181,-3.9795673425833957,9.059017176248803,-4.694751723910681,4.456243307158946,-3.9795898462121952
1175000000.0,4.455281699560508,-3.9767029705066292,9.058330263771857,-4.694340196471035,4.454733631908035,-3.9767254696667207
1176000000.0,4.453775486788339,-3.973842770918739,9.053485821352359,-4.696214726342155,4.453227398784013,-3.9738652871925084
1177000000.0,4.452272728573624,-3.9709867356700475,9.059040134473603,-4.698170650970729,4.451724687696459,-3.9710092526937233
1178000000.0,4.450773414155281,-3.968134856628893,9.052193897385392,-4.699846796814498,4.4502253395808395,-3.9681573927361664
1179000000.0,4.449277532813,-3.9652871256815923,9.050209552708608,-4.702785672431759,4.448729458065164,-3.965309681166016
1180000000.0,4.4477850738670766,-3.962443534732411,9.045383057779235,-4.7016479281206225,4.447236973910249,-3.9624660877899474
1181000000.0,4.446296026678222,-3.959604075703524,9.044213752541568,-4.701732594529077,4.4457479271654305,-3.959626628337526
1182000000.0,4.444810380647392,-3.956768740534988,9.040743316229477,-4.707440943710063,4.444262275735363,-3.956791332898876
1183000000.0,4.443328125215603,-3.9539375211847037,9.044256356043771,-4.711029269929938,4.442780056681567,-3.953960128293351
1184000000.0,4.4418492498637585,-3.951110409628382,9.03980505631985,-4.709237754010983,4.441301157425624,-3.9511330094737755
1185000000.0,4.440373744112469,-3.948287397859512,9.0392129768372,-4.711232988177051,4.439825658849237,-3.9483100087670455
1186000000.0,4.438901597521882,-3.9454684778893276,9.034197549818627,-4.710819987508215,4.438353486884993,-3.9454910913739547
1187000000.0,4.437432799691504,-3.942653641746769,9.030317179428714,-4.7140144162103645,4.436884676809031,-3.942676279350909
1188000000.0,4.435967340260027,-3.9398428814784534,9.027830956988867,-4.714908171521573,4.435419210446348,-3.9398655260642625
1189000000.0,4.434505208905157,-3.9370361891486403,9.026900567524832,-4.713269866165661,4.433957078162286,-3.937058821828114
1190000000.0,4.4330463953434425,-3.9342335568391933,9.018151408719115,-4.718968314796958,4.432498224760708,-3.934256237646739
1191000000.0,4.4315908893301,-3.9314349766495513,9.014400980717507,-4.718185892392794,4.43104270088936,-3.931457655611595
1192000000.0,4.430138680658851,-3.9286404406966935,9.01377626176428,-4.715773259143113,4.429590491978257,-3.9286631022663956
1193000000.0,4.428689759161744,-3.925849941115099,9.008410595969224,-4.722192163439162,4.428141553627063,-3.925872650046161
1194000000.0,4.4272441147089925,-3.923063470056724,9.00574655649382,-4.72196596211427,4.426695899184677,-3.9230861790164515
1195000000.0,4.425801737208804,-3.9202810196909548,8.998898592199554,-4.7214424409688,4.425253484123983,-3.9203037334209365
1196000000.0,4.424362616607217,-3.9175025822045844,8.994577494209699,-4.720480708562495,4.423814341605936,-3.9175252938431573
1197000000.0,4.422926742887929,-3.9147281498017716,8.990452295159114,-4.723857372650559,4.422378454123396,-3.914750887110209
1198000000.0,4.4214941060721396,-3.911957714704008,8.985438136906227,-4.72312949575234,4.420945791247659,-3.9119804525346984
1199000000.0,4.420064696218376,-3.909191269150087,8.985843788758721,-4.726259312868482,4.419516396506328,-3.9092140238581945
1200000000.0,4.41863850342234,-3.9064288053960663,8.976038836242985,-4.72991080907507,4.4180901535689125,-3.9064515965457103
1201000000.0,4.417215517816737,-3.903670315715232,8.96981513240876,-4.728381592595798,4.416667132766993,-3.903693104113285
1202000000.0,4.41579572957112,-3.9009157923980706,8.969107818426966,-4.725595586190105,4.41524734299345,-3.90093856118265
1203000000.0,4.414379128891726,-3.898165227752228,8.962506589047244,-4.727301537133173,4.4138307097712675,-3.8981880153024795
1204000000.0,4.412965706021314,-3.8954186141024767,8.958163244884721,-4.727097116009335,4.412417265919096,-3.895441404490197
1205000000.0,4.4115554512390105,-3.8926759437906866,8.95366488610547,-4.725399211994632,4.4110069867781325,-3.8926987276067626
1206000000.0,4.410148354860145,-3.8899372091757813,8.947176834466909,-4.725907465019366,4.409599856654084,-3.8899600038233717
1207000000.0,4.408744407236098,-3.8872024026337137,8.939035714588762,-4.7307638022453755,4.40819587145411,-3.8872252388058364
1208000000.0,4.407343598754136,-3.884471516557424,8.936253555827854,-4.725395858669112,4.406795043873778,-3.8844943197394635
1209000000.0,4.405945919837268,-3.8817445433568074,8.929896833828602,-4.726730140910979,4.405397333326494,-3.8817673624845725
1210000000.0,4.404551360944073,-3.8790214754586843,8.927540822932915,-4.724276087513466,4.4040027626581555,-3.879044279754169
1211000000.0,4.4031599125685625,-3.876302305306758,8.918903939853385,-4.728015459290029,4.4026112716870855,-3.87632514466225
1212000000.0,4.401771565240014,-3.8735870253615867,8.912122605247854,-4.72247569978386,4.401222879125671,-3.8736098369361547
1213000000.0,4.400386309522821,-3.8708756281005448,8.905351830411625,-4.7206251305927,4.399837584045791,-3.87089843569808
1214000000.0,4.399004136016345,-3.8681681060177926,8.90039906542919,-4.724164530329494,4.398455391383961,-3.8681909415583013
1215000000.0,4.397625035354761,-3.8654644516242365,8.89701400290332,-4.720583098729583,4.397076270464856,-3.8654872666877913
1216000000.0,4.3962489982069,-3.8627646574474994,8.888351705901131,-4.717162735899494,4.395700179251809,-3.862787461378753
1217000000.0,4.394876015276112,-3.860068716031886,8.884990372707403,-4.7159347356182675,4.394327179895399,-3.860091514636777
1218000000.0,4.393506077300104,-3.857376619938344,8.876393474108802,-4.711234964284977,4.39295718625013,-3.8573993990618862
1219000000.0,4.392139175050798,-3.854688361744434,8.871632907924711,-4.705875911207209,4.391590252026515,-3.8547111111042582
1220000000.0,4.390775299334184,-3.852003934044293,8.870702106537935,-4.702726196811323,4.390226372501483,-3.852026661860848
1221000000.0,4.389414440990166,-3.8493233294486022,8.861919977082554,-4.699704351234018,4.388865459905689,-3.849346048913143
1222000000.0,4.388056590892423,-3.846646540584549,8.856224801337785,-4.701595554253478,4.3875075831900245,-3.846669278511674
1223000000.0,4.386701739948257,-3.843973560095794,8.85397778867647,-4.696078672967855,4.386152716185524,-3.8439962633002205
1224000000.0,4.385349879098452,-3.8413043806424407,8.848998051096398,-4.6908187328016195,4.384800822049139,-3.84132705508501
1225000000.0,4.38400099931713,-3.8386389949009927,8.846687293756533,-4.686971595849969,4.383451928400713,-3.8386616454892035
1226000000.0,4.3826550916116,-3.835977395564329,8.845855561253215,-4.685525099462768,4.382106020133925,-3.836000035449722
1227000000.0,4.381312147022228,-3.8333195753416605,8.838774195412384,-4.680057787694867,4.380763028345896,-3.833342188445357
1228000000.0,4.379972156622278,-3.8306655269585033,8.831195429675077,-4.679122960207153,4.379422994674557,-3.8306881432871607
1229000000.0,4.37863511151779,-3.828015243156639,8.831245343981799,-4.67157892685141,4.378085945046561,-3.828037808091811
1230000000.0,4.37730100284742,-3.8253687166940824,8.831812510675748,-4.667204728631776,4.376751840175863,-3.8253912498508655
1231000000.0,4.375969821782313,-3.8227259403450478,8.825006591193818,-4.663104976392264,4.375420615793678,-3.822748455119608
1232000000.0,4.374641559525957,-3.820086906899914,8.828713707728644,-4.66005823737541,4.374092379657434,-3.8201093935076127
1233000000.0,4.373316207314046,-3.8174516091651887,8.82537043178328,-4.654030984211762,4.372767003391769,-3.8174740595021266
1234000000.0,4.371993756414343,-3.8148200399634766,8.82418511972715,-4.651372864705788,4.371444547659035,-3.8148424723584933
1235000000.0,4.370674198126541,-3.812192192133443,8.82367158865794,-4.648675632074319,4.37012498880042,-3.8122146052787245
1236000000.0,4.369357523782125,-3.8095680585297824,8.820301087234569,-4.645724468099005,4.368808295043283,-3.8095904552945026
1237000000.0,4.368043724744239,-3.8069476320231797,8.816963612063882,-4.642666398724229,4.36749447662601,-3.8069700116679837
1238000000.0,4.366732792407547,-3.8043309055002794,8.818784366062472,-4.6422983416405135,4.366183562418674,-3.804353277256
1239000000.0,4.365424718198103,-3.801717871863652,8.81790340106772,-4.6351623728444995,4.364875478235524,-3.801740196317255
1240000000.0,4.36411949357321,-3.799108524031759,8.820250811384758,-4.634195207930284,4.363570274187606,-3.799130835913462
1241000000.0,4.362817110021294,-3.796502854938913,8.81225002670274,-4.630674570854356,4.362267840380549,-3.7965251540694496
1242000000.0,4.361517559061764,-3.7939008575352546,8.818343944385383,-4.6278965134593895,4.360968331314693,-3.7939231265126185
1243000000.0,4.3602208322448845,-3.7913025247867087,8.8155302091732,-4.625364311387876,4.359671589260777,-3.7913247792298623
1244000000.0,4.358926921151642,-3.788707849674956,8.814209885840773,-4.6240663894720635,4.358377674505842,-3.788730095207402
1245000000.0,4.357635817393618,-3.7861168251973965,8.814759274040298,-4.623739762104286,4.357086580677777,-3.7861390651581415
1246000000.0,4.356347512612849,-3.783529444367115,8.812581121240598,-4.62377407917363,4.355798268763656,-3.783551685381733
1247000000.0,4.355061998481707,-3.780945700212848,8.813242464478018,-4.620206378195852,4.35451276017297,-3.7809679145584347
1248000000.0,4.353779266702768,-3.7783655857789524,8.81075082178238,-4.619294076315663,4.353230017724797,-3.7783877955650653
1249000000.0,4.352499309008677,-3.7757890941253636,8.813499904464663,-4.6190311827349975,4.351950084230795,-3.775811295332528
1250000000.0,4.35122211716203,-3.773216218327571,8.816119182628212,-4.614934348608168,4.350672909733148,-3.7732383863914736
1251000000.0,4.34994768295524,-3.7706469514765777,8.809658311107272,-4.615289797953362,4.349398441150478,-3.770669129411514
1252000000.0,4.348675998210412,-3.768081286678869,8.809933432740504,-4.618133683375864,4.3481267694483074,-3.768103480018995
1253000000.0,4.347407054779218,-3.7655192170563785,8.813755293771129,-4.614728086812335,4.346857852201593,-3.7655413798682984
1254000000.0,4.346140844542771,-3.7629607357464536,8.808726919104885,-4.615572102169681,4.3455916175624765,-3.7629829093484006
1255000000.0,4.344877359411502,-3.7604058359018224,8.808621840409328,-4.617065399656793,4.344328140857839,-3.76042801680264
1256000000.0,4.3436165913250315,-3.757854510690557,8.803182196506988,-4.61484778589051,4.343067340901432,-3.7578766832262698
1257000000.0,4.34235853225205,-3.755306753296046,8.805262754995361,-4.613184781266326,4.341809299435907,-3.755328909323169
1258000000.0,4.341103174190195,-3.7527625569169536,8.803237076660007,-4.610745096282005,4.340553931209806,-3.7527846978222588
1259000000.0,4.339850509165925,-3.7502219147671902,8.79986453941418,-4.611424865061952,4.3393012521615395,-3.750244062825343
1260000000.0,4.338600529234401,-3.747684820075878,8.799398407358686,-4.612262880848412,4.338051277231487,-3.747706971786978
1261000000.0,4.337353226479365,-3.7451512660873174,8.798480691273575,-4.613328009787192,4.336803976894824,-3.745173423630701
1262000000.0,4.336108593013019,-3.7426212460609527,8.798321110864906,-4.611876991289374,4.335559346825972,-3.742643391991565
1263000000.0,4.334866620975904,-3.7400947532713382,8.795286355423812,-4.613669937833,4.334317364614305,-3.740116913041898
1264000000.0,4.33362730253678,-3.7375717810081057,8.792573987300665,-4.614573753039019,4.333078036688507,-3.7375939483681524
1265000000.0,4.332390629892512,-3.735052322575931,8.791436184474147,-4.615859068246911,4.331841365315988,-3.735074497555623
1266000000.0,4.331156595267945,-3.732536371294499,8.787859061064571,-4.615516222725463,4.330607313649445,-3.732558547144083
1267000000.0,4.32992519091579,-3.730023920498472,8.783893363322305,-4.613985689406853,4.329375887892366,-3.730046090138593
1268000000.0,4.3286964091165085,-3.7275149635374554,8.7843995249807,-4.609218892043363,4.3281471085919385,-3.72753709911934
1269000000.0,4.327470242178189,-3.725009493775964,8.781091702963266,-4.611311392881335,4.326920930084956,-3.725031645569522
1270000000.0,4.326246682436442,-3.7225075045933895,8.77527714505591,-4.614043898478708,4.325697343532961,-3.7225296806063364
1271000000.0,4.3250257222542725,-3.7200089893839667,8.776039057198531,-4.609664303323018,4.324476388074151,-3.720031133466541
1272000000.0,4.323807354021973,-3.7175139415567395,8.770536511889551,-4.610179003293958,4.3232579915978055,-3.7175360950349168
1273000000.0,4.322591570157006,-3.7150223545355305,8.768042920283783,-4.608777669392401,4.322042195978737,-3.715044500374438
1274000000.0,4.321378363103893,-3.712534221758902,8.761922016071347,-4.60391460552921,4.320828948364914,-3.7125563431725603
1275000000.0,4.3201677253340955,-3.7100495366801334,8.759666725903802,-4.605093253750339,4.319618304340996,-3.710071666770309
1276000000.0,4.31895964934591,-3.707568292767171,8.75608519393552,-4.603332122083516,4.318410208977122,-3.7075904145733523
1277000000.0,4.317754127664347,-3.705090483502614,8.75411618926179,-4.600901861701371,4.317204677303627,-3.70511259021456
1278000000.0,4.316551152841029,-3.7026161023836703,8.750925754236615,-4.596497982519813,4.316001681538715,-3.702638183125374
1279000000.0,4.315350717454071,-3.7001451429221244,8.744788345570528,-4.596698823464691,4.314801213246269,-3.700167232008254
1280000000.0,4.314152814107972,-3.697677598644306,8.743037595356894,-4.597923777234934,4.3136033069169155,-3.6976996959343422
1281000000.0,4.312957435433511,-3.6952134630910582,8.736248168270215,-4.592374604458538,4.312407882246494,-3.695235532558439
1282000000.0,4.311764574087628,-3.692752729817703,8.73340389859681,-4.59048642476406,4.31121500603378,-3.692774789051432
1283000000.0,4.3105742227533215,-3.6902953923940087,8.729452100353749,-4.58799350890442,4.310024631733028,-3.690317439193175
1284000000.0,4.309386374139536,-3.687841444404156,8.72130026006007,-4.586072589934137,4.308836733885311,-3.6878634889356
1285000000.0,4.308201020981059,-3.6853908794467087,8.720628256330732,-4.581835409712266,4.307651376246892,-3.6854128952237772
1286000000.0,4.307018156038408,-3.682943691134577,8.713319203003753,-4.576524271717325,4.306468462275125,-3.682965681448154
1287000000.0,4.3058377720977274,-3.680499873094988,8.711447090106276,-4.574926677975682,4.305288070147548,-3.6805218535594335
1288000000.0,4.304659861970678,-3.6780594189694487,8.707197782289168,-4.565955810458736,4.30411012509347,-3.6780813456157264
1289000000.0,4.303484418494336,-3.6756223224137217,8.70415853552477,-4.565512889072011,4.302934667654181,-3.6756442484738656
1290000000.0,4.302311434531085,-3.673188577097782,8.697991300193095,-4.5622384559536036,4.301761645142048,-3.6732104891067077
1291000000.0,4.301140902968511,-3.6707581767057924,8.694116963043763,-4.553727720041426,4.300591081746696,-3.670780037304741
1292000000.0,4.299972816719295,-3.668331114936069,8.692303549094358,-4.5477386216163005,4.29942298085725,-3.6683529372296433
1293000000.0,4.298807168721116,-3.6659073855010456,8.687647513004876,-4.545535373713585,4.298257305698376,-3.665929198342337
1294000000.0,4.297643951936541,-3.6634869821272464,8.682456495992774,-4.542098027641159,4.297094056380762,-3.663508778373772
1295000000.0,4.296483159352927,-3.66106989855525,8.680363694743706,-4.5360834974926725,4.295933247278713,-3.661091656770573
1296000000.0,4.295324783982313,-3.658656128539661,8.676206655532472,-4.532987134786882,4.294774846561432,-3.6586778707688548
1297000000.0,4.294168818861322,-3.6562456658490707,8.677223178661349,-4.5201155640561055,4.29361887435814,-3.6562673209295995
1298000000.0,4.29301525705106,-3.6538385042660324,8.669347311060017,-4.517097619869158,4.292465263275695,-3.653860149644066
1299000000.0,4.291864091637011,-3.6514346375870272,8.669686362375645,-4.51488769932754,4.291314102904757,-3.651456265739879
1300000000.0,4.29071531572894,-3.6490340596224273,8.664478390172965,-4.51099012408605,4.29016529357695,-3.6490556682546718
1301000000.0,4.289568922460792,-3.646636764196472,8.666903923778325,-4.502419420037939,4.289018908943032,-3.6466583112666253
1302000000.0,4.288424904990592,-3.6442427451472272,8.659958008880889,-4.496594751397763,4.287874843802741,-3.6442642629527846
1303000000.0,4.287283256500342,-3.6418519963265603,8.656539628297514,-4.4931872640006265,4.286733174183359,-3.641873495007826
1304000000.0,4.286143970195932,-3.639464511600104,8.65636772455526,-4.483702892704758,4.285593878261778,-3.639485946839099
1305000000.0,4.285007039307031,-3.637080284847228,8.656434907191153,-4.480385554186659,4.284456948890776,-3.637101696120883
1306000000.0,4.283872457086996,-3.6346993099610034,8.65481504061675,-4.475634657681283,4.283322355043749,-3.6347206906303837
1307000000.0,4.282740216812774,-3.6323215808481732,8.65332320486138,-4.470428028637228,4.2821901032503265,-3.6323429277672123
1308000000.0,4.281610311784801,-3.6299470914291208,8.655105956593768,-4.462250239440804,4.281060203235293,-3.629968380277064
1309000000.0,4.28048273532691,-3.6275758356378383,8.647952127393543,-4.456735391994882,4.279932578140217,-3.627597097572981
1310000000.0,4.279357480786233,-3.6252078074218916,8.648641560942814,-4.449948062896193,4.278807323683178,-3.6252290219729026
1311000000.0,4.278234541533106,-3.6228430007423937,8.646374400372554,-4.44435573227359,4.277684367248233,-3.6228641802527175
1312000000.0,4.2771139109609715,-3.6204814095739715,8.645639922298919,-4.439135732332248,4.276563729979613,-3.6205025540548808
1313000000.0,4.275995582486291,-3.6181230279047325,8.649771179123736,-4.4352803709059065,4.275445428420072,-3.618144138574611
1314000000.0,4.274879549548442,-3.6157678497362356,8.646733476800518,-4.427058350865961,4.274329369168063,-3.6157889095440883
1315000000.0,4.27376580560963,-3.613415869083458,8.643963601222591,-4.421544664706456,4.273215604872316,-3.613436895139343
1316000000.0,4.272654344154791,-3.6110670799747666,8.644825064211675,-4.41125486407742,4.272104139067244,-3.611088035665632
1317000000.0,4.271545158691506,-3.6087214764518833,8.641275650144712,-4.409599491292614,4.270994934226284,-3.6087424245918074
1318000000.0,4.270438242749899,-3.6063790525698565,8.642450156993348,-4.401085123690931,4.269888018722472,-3.606399941334668
1319000000.0,4.26933358988255,-3.604039802397029,8.642377691926207,-4.400501697849996,4.2687833706596745,-3.604060685102511
1320000000.0,4.2682311936644055,-3.601703720015005,8.642189065324361,-4.396632076683823,4.267680973329134,-3.6017245755617755
1321000000.0,4.267131047692683,-3.599370799518623,8.641611598920639,-4.386839493764205,4.266580814417165,-3.599391590140531
1322000000.0,4.266033145586783,-3.5970410350159225,8.645601762360311,-4.382522085935601,4.265482937564775,-3.5970617890039613
1323000000.0,4.2649374809881975,-3.594714420628111,8.645721418534697,-4.378334994277385,4.264387273336242,-3.5947351449079163
1324000000.0,4.263844047560419,-3.5923909504895404,8.643079698413203,-4.374707977558327,4.263293823247859,-3.592411653032339
1325000000.0,4.262752838988856,-3.590070618747663,8.640213112582716,-4.367273861568753,4.262202590560047,-3.5900912752242773
1326000000.0,4.261663848980738,-3.5877534195630183,8.643295661306334,-4.363038569860655,4.2611136200363156,-3.58777404135206
1327000000.0,4.260577071265028,-3.5854393471091863,8.645932611267506,-4.357936541568949,4.260026857553753,-3.585459929286809
1328000000.0,4.25949249959234,-3.583128395572764,8.64314812349259,-4.35510046376423,4.258942269500446,-3.5831489613716045
1329000000.0,4.25841012773484,-3.5808205591533357,8.642858712274176,-4.352056292358197,4.257859897115578,-3.580841103297954
1330000000.0,4.257329949486173,-3.5785158320634416,8.644338482498643,-4.347917677091187,4.256779728093172,-3.5785363446678793
1331000000.0,4.2562519586613625,-3.576214208528544,8.644637506082342,-4.3452317232894515,4.255701741112443,-3.576234700880738
1332000000.0,4.255176149096734,-3.5739156827870007,8.641470680267785,-4.340745225861643,4.254625910050642,-3.5739361486533294
1333000000.0,4.254102514649819,-3.5716202490900333,8.641525954266479,-4.33760398185615,4.25355227713351,-3.571640692133502
1334000000.0,4.253031049199281,-3.569327901701696,8.644287285765408,-4.337096929942934,4.252480834924709,-3.5693483347738804
1335000000.0,4.251961746644821,-3.5670386348988474,8.639172358090544,-4.330540381906143,4.251411494936107,-3.567059031106273
1336000000.0,4.2508946009070945,-3.564752442971118,8.638013010483895,-4.324453459289698,4.2503443381791906,-3.564772799138623
1337000000.0,4.249829605927629,-3.56246932022088,8.637056997733517,-4.323534412418896,4.249279341631575,-3.562489669594472
1338000000.0,4.248766755668737,-3.5601892609632206,8.636942183058068,-4.319714221002506,4.248216490692592,-3.5602095833756398
1339000000.0,4.247706044113436,-3.5579122595259074,8.639849726320122,-4.309839212883552,4.247155788551098,-3.5579325108677713
1340000000.0,4.246647465265361,-3.555638310249359,8.635362680827084,-4.3137827328446425,4.246097192828235,-3.555658591969727
1341000000.0,4.245591013148683,-3.553367407486621,8.635856939428193,-4.308403832927835,4.245040741514412,-3.5533876511580034
1342000000.0,4.244536681808027,-3.5510995456033267,8.62996875189996,-4.304022696439833,4.243986371059177,-3.5511197677640616
1343000000.0,4.2434844653083905,-3.548834718977674,8.626334569273546,-4.3011056107516925,4.242934132391666,-3.548854925593446
1344000000.0,4.242434357735058,-3.546572922000395,8.627996394649296,-4.2967152551724235,4.241884034736978,-3.5465930951499502
1345000000.0,4.241386353193521,-3.5443141490747214,8.62327711254497,-4.289261719329942,4.240835993799606,-3.544334278908963
1346000000.0,4.240340445809402,-3.5420583946163617,8.624379728247767,-4.288375854431193,4.239790098213108,-3.5420785146407554
1347000000.0,4.239296629728363,-3.539805653053465,8.616433022503932,-4.284252291985863,4.238746229991931,-3.5398257565022617
1348000000.0,4.238254899116037,-3.5375559188265964,8.619372505878955,-4.280169238923961,4.237704518053527,-3.5375759887850693
1349000000.0,4.237215248157939,-3.535309186388706,8.612210848959297,-4.275424200677889,4.236664819054743,-3.5353292344999914
1350000000.0,4.236177671059389,-3.533065450205097,8.615037968193818,-4.271225162584544,4.2356272597009745,-3.5330854642446905
1351000000.0,4.235142162045436,-3.5308247047534005,8.609572098772016,-4.267824059672231,4.234591715770502,-3.530844703009082
1352000000.0,4.234108715360774,-3.528586944523542,8.609500014457009,-4.2629677399847745,4.233558266927513,-3.5286069090131393
1353000000.0,4.233077325269667,-3.5263521640177133,8.602990178724188,-4.258275036057216,4.232526833071268,-3.526372105983542
1354000000.0,4.232047986055868,-3.5241203577503484,8.599872421008158,-4.254855774826285,4.231497474150255,-3.524140280110452
1355000000.0,4.231020692022543,-3.5218915202480843,8.594982747213978,-4.246229558523153,4.230470140636914,-3.5219113919614244
1356000000.0,4.229995437492193,-3.5196656460497397,8.596142753679016,-4.240414446228124,4.229444890393523,-3.5196854758049065
1357000000.0,4.228972216806579,-3.5174427297062856,8.590000028847644,-4.237567915235975,4.228421631211719,-3.5174625483809256
1358000000.0,4.2279510243266385,-3.515222765780811,8.587026594402968,-4.231387804749989,4.2274004155440865,-3.515242546679748
1359000000.0,4.226931854432418,-3.5130057488484985,8.589385038093226,-4.225277651901847,4.226381257230128,-3.5130254839601416
1360000000.0,4.225914701522988,-3.510791673496595,8.582846883993765,-4.219597250744537,4.225364058719857,-3.5108113797422815
1361000000.0,4.224899560016376,-3.508580534324382,8.577025036039249,-4.215348615064079,4.224348878537528,-3.508600219884103
1362000000.0,4.223886424349484,-3.506372325943143,8.575216434006354,-4.2105845611979955,4.223335729458393,-3.5063919810866824
1363000000.0,4.222875288978017,-3.504167042976143,8.572021031462553,-4.202838696022493,4.222324566899438,-3.5041866505228563
1364000000.0,4.221866148376407,-3.501964680058594,8.572344437173744,-4.195124424545815,4.221315422025329,-3.501984234603527
1365000000.0,4.220858997037738,-3.499765231837626,8.567707852255324,-4.188893240364443,4.220308236507184,-3.4997847509323496
1366000000.0,4.219853829473677,-3.497568692972263,8.560172354502964,-4.188556407265336,4.219303025311827,-3.4975882195780996
1367000000.0,4.218850640214391,-3.495375058133389,8.563762393036802,-4.177477041237021,4.218299847606237,-3.4953945046324493
1368000000.0,4.217849423808481,-3.493184322003724,8.561282017432832,-4.169902524306603,4.217298608856147,-3.4932037208742117
1369000000.0,4.216850174822907,-3.4909964792777917,8.556540958821861,-4.165007258740246,4.216299327093097,-3.4910158515674414
1370000000.0,4.2158528878429165,-3.488811524661895,8.55511755901258,-4.1563683301857415,4.215302022907041,-3.4888308407066138
1371000000.0,4.214857557471966,-3.486629452874085,8.552254986040074,-4.150197453409924,4.2143066699069,-3.486648731034203
1372000000.0,4.213864178331657,-3.484450258644134,8.554007654550423,-4.145559110412849,4.213313300615549,-3.484469501484077
1373000000.0,4.212872745061661,-3.4822739367135074,8.544074179233276,-4.133266602200093,4.212321788839928,-3.482293113197412
1374000000.0,4.211883252319646,-3.4801004818353336,8.54743680800222,-4.128806124159781,4.211332316685275,-3.4801196215484507
1375000000.0,4.210895694781209,-3.4779298887743795,8.543289575503666,-4.12215197817253,4.2103447273205985,-3.4779489895240734
1376000000.0,4.209910067139803,-3.4757621523070203,8.546334170781863,-4.114266546028015,4.209359112669242,-3.475781194487356
1377000000.0,4.208926364106665,-3.4735972672212094,8.538422801270434,-4.107062456114217,4.208375352382864,-3.473616272930896
1378000000.0,4.207944580410751,-3.471435228316457,8.53943295446476,-4.09984156196928,4.207393569472819,-3.4714541830475594
1379000000.0,4.206964710798661,-3.4692760304037935,8.541850850435539,-4.091168029963699,4.20641370745875,-3.469294922406208
1380000000.0,4.2059867500345725,-3.4671196683057506,8.538048453278227,-4.0857287282640575,4.205435718995339,-3.4671385286982814
1381000000.0,4.205010692900171,-3.464966136856327,8.536875624116286,-4.07907802660273,4.204459649317157,-3.4649849534915327
1382000000.0,4.204036534194578,-3.462815430900963,8.537743064232206,-4.071534806671519,4.203485489902723,-3.4628341946508567
1383000000.0,4.203064268734287,-3.460667545296515,8.536681491931123,-4.064499426107062,4.202513211974623,-3.4606862625891455
1384000000.0,4.202093891353092,-3.458522474911225,8.537613875526205,-4.052842118562971,4.201542827600806,-3.458541112368956
1385000000.0,4.2011253969020235,-3.456380214624692,8.536841161299716,-4.048995113012971,4.200574327719377,-3.456398825927866
1386000000.0,4.200158780249276,-3.4542407593278517,8.53872994821848,-4.0428873307888535,4.199607719310328,-3.4542593254022904
1387000000.0,4.19919403628014,-3.45210410392294,8.537920160687266,-4.03162207167856,4.198642957575701,-3.4521225955036563
1388000000.0,4.198231159896943,-3.44997024332347,8.533735872915218,-4.028857005123368,4.197680055243049,-3.4499887213610316
1389000000.0,4.197270146018973,-3.4478391724542075,8.531180148472401,-4.020670993739088,4.196719017190039,-3.447857598928525
1390000000.0,4.196310989582421,-3.4457108862511383,8.536519321206487,-4.012121322932538,4.195759887491094,-3.445729245888563
1391000000.0,4.195353685540304,-3.443585379661444,8.538151878842998,-4.003701539795591,4.194802586202841,-3.4436036793398905
1392000000.0,4.194398228862413,-3.441462647643476,8.537855680673125,-4.000718958902008,4.1938471285647685,-3.4414809260141555
1393000000.0,4.193444614535235,-3.439342685166727,8.532358613180312,-3.991733638176045,4.192893469480468,-3.4393609115339814
1394000000.0,4.192492837561892,-3.4372254872118013,8.532968757344193,-3.9892639958927303,4.191941698289673,-3.4372436941345184
1395000000.0,4.191542892962081,-3.435111048770395,8.537984306448879,-3.978118009547778,4.190991774040997,-3.4351291723405177
1396000000.0,4.190594775772004,-3.432999364845263,8.535634319399971,-3.973765420888121,4.190043640195472,-3.4330174615136135
1397000000.0,4.1896484810442995,-3.4308904304501917,8.538626596790198,-3.9697353367343835,4.1890973642546685,-3.4309084935628866
1398000000.0,4.188704003847992,-3.4287842406099793,8.540470122285317,-3.962590549549135,4.188152893225998,-3.4288022516793397
1399000000.0,4.187761339268411,-3.4266807903604,8.537590576342787,-3.9567899559937403,4.187210206121355,-3.4266987659221977
1400000000.0,4.186820482407144,-3.4245800747481856,8.539405829589741,-3.9456383008845006,4.186269348636685,-3.424597972078253
1401000000.0,4.185881428381961,-3.422482088830995,8.540593565979632,-3.943181742691672,4.185330304172632,-3.422499965839363
1402000000.0,4.184944172326759,-3.4203868276773846,8.54156626577493,-3.9362090506686442,4.1843930488390315,-3.4204046551585914
1403000000.0,4.184008709391492,-3.4182942863667876,8.544440858262046,-3.932941762206011,4.183457605170118,-3.4183120854425284
1404000000.0,4.183075034742116,-3.416204459989487,8.544579690615139,-3.928422953097387,4.182523929812037,-3.416222226965264
1405000000.0,4.182143143560525,-3.4141173436465837,8.550028999943988,-3.9220207656825634,4.181592069606666,-3.4141350574401605
1406000000.0,4.181213031044487,-3.4120329324499767,8.547271724185345,-3.916461737276855,4.180661935682549,-3.412050612087136
1407000000.0,4.1802846924075805,-3.4099512215223347,8.551471537051796,-3.91464359931306,4.179733627384526,-3.409968880062137
1408000000.0,4.17935812287914,-3.4078722059970676,8.550628784857146,-3.904135620236973,4.1788070408256015,-3.4078897947747286
1409000000.0,4.17843331770419,-3.405795881018302,8.552216686074123,-3.90269818811229,4.177882249496179,-3.4058134554935515
1410000000.0,4.177510272143386,-3.4037222417408595,8.554928710024296,-3.8996598349630447,4.176959222513148,-3.4037397895665986
1411000000.0,4.176588981472951,-3.4016512833302217,8.556949605341007,-3.893918908756292,4.176037941434289,-3.4016687879139447
1412000000.0,4.175669440984619,-3.3995830009625134,8.55675464294261,-3.891118588631528,4.175118400839782,-3.3996004852479946
1413000000.0,4.174751645985575,-3.3975173898244697,8.555956508015926,-3.8856018743820373,4.174200597291771,-3.3975348369782745
1414000000.0,4.173835591798393,-3.3954544451134145,8.558769372014616,-3.8834013762765283,4.1732845637194735,-3.3954718709486196
1415000000.0,4.172921273760977,-3.3933941620372337,8.562479424038589,-3.8760478946494663,4.172370263697044,-3.39341153123827
1416000000.0,4.172008687226504,-3.3913365358143484,8.56070042776482,-3.8744398793580883,4.171457668597216,-3.391353895160229
1417000000.0,4.1710978275633614,-3.389281561673691,8.562288776086561,-3.868395396101318,4.170546815165395,-3.3892988764702023
1418000000.0,4.1701886901550935,-3.387229234854679,8.566272431099362,-3.8681721147574617,4.169637709325029,-3.387246539399078
1419000000.0,4.169281270400337,-3.3851795506071864,8.57086302613942,-3.865535002297763,4.168730321153776,-3.385196828046773
1420000000.0,4.168375563712768,-3.3831325041915252,8.566059248161151,-3.856982834623049,4.167824574539587,-3.3831497311183587
1421000000.0,4.167471565521042,-3.3810880908784138,8.571951861592517,-3.855682581722911,4.166920618697461,-3.3811052973365214
1422000000.0,4.166569271268736,-3.3790463059489526,8.5671160571838,-3.8530574472289736,4.166018294054855,-3.379063500914191
1423000000.0,4.165668676414293,-3.377007144694602,8.573204641048688,-3.8508025293629893,4.165117741264225,-3.3770243126000903
1424000000.0,4.16476977643096,-3.3749706024171546,8.570173919575057,-3.8501417543977174,4.164218825979323,-3.374987768777941
1425000000.0,4.16387256680674,-3.37293667442871,8.57357093509915,-3.8429446343653897,4.163321632570501,-3.372953785652478
1426000000.0,4.162977043044324,-3.370905356051648,8.574158608968993,-3.846268473463162,4.162426123861357,-3.3709224860018216
1427000000.0,4.162083200661048,-3.368876642618611,8.575565033831486,-3.8446500155030483,4.161532293775238,-3.3688937574283724
1428000000.0,4.161191035188822,-3.3668505294724684,8.578690244426108,-3.83907999952224,4.16064014541425,-3.3668676003025064
1429000000.0,4.160300542174087,-3.3648270119663013,8.579648490852367,-3.839232017853729,4.159749664651891,-3.3648440800580106
1430000000.0,4.159411717177753,-3.362806085463369,8.579547711663274,-3.839881583980336,4.158860845741672,-3.3628231558398176
1431000000.0,4.158524555775145,-3.3607877453370922,8.580723964175702,-3.836860680213339,4.157973692799442,-3.360804791730939
1432000000.0,4.157639053555944,-3.3587719869710218,8.580348812825477,-3.8366722539356863,4.157088193466603,-3.3587890305895365
1433000000.0,4.156755206124143,-3.3567588057588185,8.58281258548369,-3.8339813011646147,4.156204363509969,-3.3567758254608004
1434000000.0,4.155873009097979,-3.3547481971042252,8.580721853955964,-3.831478950341879,4.155322154255025,-3.354765201606853
1435000000.0,4.154992458109888,-3.3527401564210466,8.579464508672377,-3.8354756790583853,4.154441607177635,-3.3527571871796313
1436000000.0,4.154113548806445,-3.350734679133118,8.581092557822844,-3.8287824070075365,4.153562703265539,-3.3507516609834527
1437000000.0,4.153236276848316,-3.348731760674287,8.58745584400513,-3.8298745944771424,4.152685480670125,-3.3487487371708156
1438000000.0,4.152360637910199,-3.346731396488386,8.585792933354465,-3.831081607116572,4.151809838363869,-3.3467483815431986
1439000000.0,4.151486627680773,-3.3447335820292086,8.588676352240222,-3.8242079141538716,4.1509358415123,-3.34475051492573
1440000000.0,4.150614241862645,-3.342738312760485,8.590174699078894,-3.8251269907823215,4.150063472687931,-3.3427552471554773
1441000000.0,4.1497434761722936,-3.3407455841558584,8.58613040712793,-3.824361120541255,4.1491926846703935,-3.3407625180036353
1442000000.0,4.148874326340023,-3.3387553916988604,8.590309143526841,-3.826257603403177,4.148323571086301,-3.338772329123159
1443000000.0,4.148006788109905,-3.336767730882886,8.588165603980118,-3.8211891929594155,4.147456016019592,-3.336784636273674
1444000000.0,4.147140857239726,-3.3347825972111704,8.591472910896107,-3.8212217217141884,4.146590112597426,-3.334799495319607
1445000000.0,4.14627652950094,-3.332799986196766,8.586600445846136,-3.8212347280696095,4.1457257582978855,-3.3328168902494233
1446000000.0,4.145413800678613,-3.330819893362516,8.586836917550936,-3.8239786480807925,4.144863041063779,-3.3308368130405523
1447000000.0,4.1445526665713714,-3.3288423142410326,8.592711795553669,-3.820100516567519,4.144001944949815,-3.3288591966713272
1448000000.0,4.143693122991353,-3.3268672443746725,8.590181367121142,-3.8149831860685426,4.143142381870744,-3.326884095072812
1449000000.0,4.1428351657641524,-3.3248946793155123,8.589920267350902,-3.8192936763378977,4.1422844354752,-3.3249115568114602
1450000000.0,4.141978790728775,-3.322924614625325,8.58974694436361,-3.8190646600372093,4.141428064444897,-3.3229414888183113
1451000000.0,4.141123993737579,-3.320957045875557,8.587170563755649,-3.8164049655137955,4.1405732516346605,-3.3209739046334183
1452000000.0,4.140270770656232,-3.318991968647306,8.587600594895484,-3.8156581724413656,4.1397200356828705,-3.3190088197067613
1453000000.0,4.1394191173636585,-3.3170293785312923,8.591005844491022,-3.8137566250439825,4.138868407279107,-3.317046209436209
1454000000.0,4.138569029751988,-3.31506927112784,8.58966373276658,-3.814424578152682,4.138018317381941,-3.3150861065643467
1455000000.0,4.137720503726504,-3.3131116420468545,8.587911718145731,-3.8157480151685594,4.137169787417761,-3.313128487009353
1456000000.0,4.136873535205601,-3.311156486907792,8.589038492785333,-3.8164905857300337,4.1363228330115245,-3.311173332892215
1457000000.0,4.136028120120729,-3.309203801339644,8.590056713608895,-3.8145057448407202,4.135477426894528,-3.30922063051753
1458000000.0,4.1351842544163455,-3.30725358098091,8.589492902363405,-3.8119769147825946,4.134633558822546,-3.3072703923260223
1459000000.0,4.134341934049866,-3.305305821479574,8.585589778840497,-3.8110789913553145,4.1337912166707085,-3.305322631176987
1460000000.0,4.13350115499162,-3.303360518493084,8.58878907315809,-3.814101028282517,4.132950469074308,-3.303377340926672
1461000000.0,4.132661913224796,-3.301417667688327,8.589677766332278,-3.814435204280284,4.132111239146001,-3.3014344888570974
1462000000.0,4.131824204745395,-3.299477264741604,8.586310640508575,-3.812071365758811,4.131273510021496,-3.2994940737096816
1463000000.0,4.1309880255621865,-3.297539305338612,8.586087056755165,-3.811623974127774,4.1304373340492715,-3.2975561096819463
1464000000.0,4.130153371696654,-3.295603785174416,8.587748332611548,-3.8138427620967454,4.129602700144868,-3.295620599464497
1465000000.0,4.129320239182953,-3.29367069995343,8.584423117658611,-3.809760285276774,4.128769544464197,-3.293687490620446
1466000000.0,4.1284886240678595,-3.2917400453893895,8.583546039654225,-3.808019962426856,4.127937926130665,-3.291756823952491
1467000000.0,4.127658522410726,-3.289811817205334,8.583046068765633,-3.8097455392710735,4.127107829334467,-3.2898286059548574
1468000000.0,4.126829930283429,-3.287886011133581,8.58076946302494,-3.8156772317354783,4.126279237097414,-3.2879028407211255
1469000000.0,4.126002843770328,-3.285962622915704,8.58146835147134,-3.809132028793456,4.125452150009234,-3.28597940612433
1470000000.0,4.125177258968219,-3.2840416483025106,8.581530366699745,-3.8114953831189595,4.124626574774842,-3.2840584450143306
1471000000.0,4.124353171986281,-3.2821230830540173,8.57712687084489,-3.809187754189501,4.123802460324713,-3.2821398696025827
1472000000.0,4.123530578946037,-3.2802069229394317,8.57580441347014,-3.8102607641243074,4.122979865607224,-3.2802237166963364
1473000000.0,4.122709475981302,-3.2782931637371244,8.576063385049064,-3.806938320469631,4.122158764329003,-3.278309933120581
1474000000.0,4.121889859238143,-3.276381801234612,8.57898737700128,-3.8122317301723307,4.121339180732775,-3.2763985988892834
1475000000.0,4.121071724874829,-3.27447283122853,8.578748024449796,-3.812550764602428,4.120521050604319,-3.274489629379999
1476000000.0,4.120255069061789,-3.272566249524613,8.573464632288493,-3.8093478969007255,4.119704360033891,-3.2725830330026477
1477000000.0,4.11943988798156,-3.2706620519376726,8.576494424968969,-3.8122890815926223,4.1188892089810825,-3.2706788479928814
1478000000.0,4.118626177828751,-3.2687602342915754,8.574251379775472,-3.8115692354391357,4.118075488129786,-3.2687770271984284
1479000000.0,4.117813934809989,-3.2668607924192177,8.573039586860386,-3.8056654372025855,4.117263232904559,-3.2668775462683493
1480000000.0,4.117003155143883,-3.264963722162509,8.571429560154368,-3.8079714576675276,4.116452451562285,-3.2649804918454586
1481000000.0,4.116193835060972,-3.2630690193723435,8.57643745475501,-3.806183190417609,4.115643166968005,-3.2630857672276807
1482000000.0,4.115385970803686,-3.2611766799085826,8.571847560363159,-3.809604805699897,4.114835283100694,-3.2611934557513176
1483000000.0,4.114579558626297,-3.259286699640033,8.56776467735674,-3.807344229576418,4.114028845559822,-3.2593034651009716
1484000000.0,4.113774594794879,-3.257399074444421,8.569294330427976,-3.8055927259162443,4.113223894263662,-3.257415823903803
1485000000.0,4.112971075587264,-3.2555138002083743,8.56882347679606,-3.8055426242090733,4.112420377086613,-3.2555305481155536
1486000000.0,4.1121689972929945,-3.2536308728274,8.567299751270863,-3.8022320277898762,4.111618288640508,-3.253647599317594
1487000000.0,4.1113683562132834,-3.2517502882058613,8.568286463403076,-3.8035892629204926,4.110817661461806,-3.251767020119313
1488000000.0,4.110569148660972,-3.249872042256955,8.565232361789256,-3.8038429707769716,4.110018439326191,-3.2498887787606696
1489000000.0,4.109771370960482,-3.2479961309026946,8.565379087782464,-3.8037535534937237,4.109220667642747,-3.2480128646152284
1490000000.0,4.1089750194477785,-3.2461225500738817,8.564222394857614,-3.7992331485778053,4.108424306447371,-3.2461392537881335
1491000000.0,4.108180090470323,-3.244251295710091,8.563872763892839,-3.7976213925735416,4.1076293777620565,-3.2442679873649145
1492000000.0,4.107386580387031,-3.242382363759645,8.560936583694836,-3.7981735618567254,4.106835854319696,-3.2423990617922667
1493000000.0,4.106594485568232,-3.240515750179594,8.563487097114653,-3.795758425295689,4.10604377767048,-3.2405324262149384
1494000000.0,4.105803802395629,-3.238651450935694,8.565183660364783,-3.7964923138599076,4.105253112043314,-3.2386681271632973
1495000000.0,4.105014527262249,-3.236789462002386,8.560038920349031,-3.7983175537218523,4.104463810948039,-3.236806156548915
1496000000.0,4.104226656572409,-3.234929779362775,8.554906462844091,-3.7958179566226886,4.103675907479769,-3.234946463612568
1497000000.0,4.10344018674167,-3.2330723990086083,8.55959982001311,-3.7935261493715187,4.102889470156669,-3.2330890586731567
1498000000.0,4.102655114196799,-3.2312173169402545,8.560741545678814,-3.7889505812954294,4.102104402996409,-3.231233942578113
1499000000.0,4.101871435375724,-3.2293645291666806,8.56025135759503,-3.7878777502681378,4.101320724344681,-3.2293811465448528
1500000000.0,4.101089146727494,-3.2275140317054354,8.557735585660467,-3.7901859166104317,4.100538427846147,-3.22753066641389
1501000000.0,4.100308244712242,-3.2256658205826243,8.557433422995391,-3.786722953429698,4.09975752342248,-3.2256824309266374
1502000000.0,4.099528725801134,-3.2238198918328895,8.557160695979496,-3.7858377479390692,4.098978006396219,-3.223836494816143
1503000000.0,4.098750586476345,-3.2219762414993904,8.55564227330016,-3.7815579605741756,4.098199855304989,-3.221992816651237
1504000000.0,4.0979738232309995,-3.2201348656337814,8.556228634198986,-3.783752464802453,4.097423104516814,-3.220151452433129
1505000000.0,4.097198432569148,-3.218295760296192,8.557152426651125,-3.7787155927299096,4.0966477170309386,-3.218312310367809
1506000000.0,4.096424411005715,-3.2164589215552044,8.55915079237842,-3.778734360072629,4.095873713794782,-3.216475466641597
1507000000.0,4.0956517550664655,-3.214624345487836,8.554876344996867,-3.7797128925433188,4.095101036191539,-3.2146409019179263
1508000000.0,4.094880461287963,-3.212792028179514,8.55555536132798,-3.77039806488012,4.094329737149226,-3.2128085199601837
1509000000.0,4.0941105262175315,-3.210961965724061,8.558509184905478,-3.771923280188137,4.093559829113017,-3.2109784609756145
1510000000.0,4.093341946413213,-3.2091341542236687,8.560393614968543,-3.769212034803614,4.092791262523547,-3.209150626609715
1511000000.0,4.092574718443734,-3.20730858978888,8.559046214061015,-3.7667401124347175,4.0920240267477785,-3.207325046032151
1512000000.0,4.091808838888458,-3.2054852685385695,8.558561593657751,-3.766213147927333,4.09125814818402,-3.205501720146109
1513000000.0,4.0910443043373546,-3.203664186599921,8.563466222044767,-3.765451756022746,4.0904936499354205,-3.20368062346135
1514000000.0,4.090281111390956,-3.2018453401084095,8.565190502452655,-3.760024042630143,4.089730464817925,-3.20186173636882
1515000000.0,4.0895192566603225,-3.200028725207778,8.562829815054734,-3.7652630918831314,4.088968607785939,-3.2000451580166303
1516000000.0,4.088758736766998,-3.198214338050019,8.560809003879935,-3.760653890032275,4.088208072203788,-3.1982307416290925
1517000000.0,4.087999548342977,-3.1964021747953564,8.563299373972972,-3.7585358569603,4.08744890192369,-3.196418558487549
1518000000.0,4.087241688030666,-3.19459223161222,8.565635862493505,-3.7583467204934133,4.086691061794368,-3.1946086084466767
1519000000.0,4.086485152482841,-3.1927845046772325,8.568195849303347,-3.7524228815934193,4.08593453881496,-3.1928008362947544
1520000000.0,4.0857299383626176,-3.1909789901751813,8.566089494134692,-3.7547372331855797,4.08517931939335,-3.190995338581027
1521000000.0,4.084976042343405,-3.189175684299006,8.562348584949591,-3.752243755102686,4.084425399608991,-3.1891920202162973
1522000000.0,4.084223461108874,-3.187374583249774,8.564798317154924,-3.749398607940032,4.083672835078227,-3.1873908945335634
1523000000.0,4.08347219135292,-3.1855756832366624,8.570498911016678,-3.7460345619787874,4.082921602760852,-3.1855919612939463
1524000000.0,4.082722229779619,-3.183778980476937,8.571593302805303,-3.7456487572670327,4.08217165280273,-3.183795252360401
1525000000.0,4.0819735731032,-3.1819844711959355,8.574432520474023,-3.7449250688771247,4.0814230187753555,-3.1820007319062587
1526000000.0,4.081226218048004,-3.1801921516270424,8.573236694554286,-3.740386111530168,4.080675653557318,-3.180208382243816
1527000000.0,4.080480161348443,-3.178402018011675,8.573667634554399,-3.7427934565734478,4.079929608477306,-3.178418262044839
1528000000.0,4.079735399748971,-3.1766140665992593,8.572170986283284,-3.741864036819862,4.079184840419808,-3.1766303049628752
1529000000.0,4.078991930004045,-3.174828293647213,8.573345613047445,-3.7453369852114853,4.078441388890625,-3.174844551328513
1530000000.0,4.0782497488780844,-3.173044695420928,8.5773601497636,-3.7411071968312233,4.07769923265076,-3.1730609168291335
1531000000.0,4.07750885314544,-3.1712632681937434,8.579426847561459,-3.739552510725717,4.076958353103785,-3.1712794741593973
1532000000.0,4.076769239590359,-3.169484008246935,8.577213231894383,-3.739617830312703,4.07621872987385,-3.169500216283683
1533000000.0,4.076030905006943,-3.16770691186969,8.583630798044112,-3.737391564914755,4.075480439295411,-3.1677230931460505
1534000000.0,4.075293846199119,-3.165931975359089,8.588275415127002,-3.7380914259261724,4.074743417343307,-3.1659481521139123
1535000000.0,4.074558059980599,-3.16415919502009,8.580107056094583,-3.7385469737524253,4.07400758249263,-3.164175385827281
1536000000.0,4.073823543174849,-3.162388567165503,8.584471623741178,-3.7374359799682795,4.07327309781059,-3.1624047418741306
1537000000.0,4.073090292615049,-3.160620088115978,8.584905916457739,-3.7312976844987102,4.072539845350812,-3.160636219525542
1538000000.0,4.072358305144063,-3.158853754199978,8.590269833500763,-3.734746253067144,4.071807903827966,-3.1588698982376076
1539000000.0,4.0716275776144,-3.157089561753767,8.587491633921587,-3.736331280630382,4.071077165203748,-3.1571057188597336
1540000000.0,4.070898106888182,-3.1553275071213878,8.588727907643678,-3.731885018897299,4.070347700564832,-3.1553436309077245
1541000000.0,4.070169889837109,-3.1535675866546415,8.587269555051076,-3.7342182011348894,4.069619482349909,-3.153583726407929
1542000000.0,4.06944292334242,-3.151809796713072,8.590160472793281,-3.730444239441945,4.068892533988789,-3.1518259050153494
1543000000.0,4.068717204294867,-3.1500541336639447,8.591938707430879,-3.7324491932690402,4.068166834756741,-3.15007025067634
1544000000.0,4.067992729594673,-3.1483005938822286,8.59459609355064,-3.7298185704304694,4.067442378433662,-3.1483166874154724
1545000000.0,4.067269496151505,-3.146549173750577,8.596090912155148,-3.7253870034933665,4.066719152810037,-3.1465652336533854
1546000000.0,4.066547500884434,-3.144799869659309,8.591430267763043,-3.729306005729317,4.065997137532487,-3.144815961118461
1547000000.0,4.065826740721905,-3.1430526780063905,8.590491350473753,-3.7264214852208926,4.06527637142325,-3.1430687499445695
1548000000.0,4.065107212601698,-3.141307595197417,8.594686023136916,-3.728741021828511,4.064556879646337,-3.141323674170807
1549000000.0,4.064388913470904,-3.139564617645593,8.5961086768767,-3.729478650717239,4.063838595939106,-3.139580697489131
1550000000.0,4.063671840285884,-3.1378237417717143,8.596914943243553,-3.7283577465573376,4.063121531162523,-3.1378398110933903
1551000000.0,4.062955990012237,-3.13608496400415,8.596052419724659,-3.7240179398366684,4.062405673153384,-3.1361010040048707
1552000000.0,4.062241359624771,-3.1343482807788234,8.599223104692822,-3.723656169295515,4.061691068084321,-3.1343643116090827
1553000000.0,4.061527946107464,-3.132613688539192,8.602566729721833,-3.7218306811025883,4.060977678746326,-3.132629700194773
1554000000.0,4.060815746453436,-3.130881183736234,8.602099163220181,-3.7255248079310257,4.060265486533106,-3.1308972189141078
1555000000.0,4.060104757664912,-3.129150762828424,8.600712177379345,-3.721199798301529,4.059554486526968,-3.129166769598385
1556000000.0,4.059394976753198,-3.1274224222817195,8.603773445979026,-3.721422289194063,4.058844731104309,-3.127438423960132
1557000000.0,4.058686400738635,-3.1256961585695393,8.599088594617093,-3.7187361637102976,4.0581361244703675,-3.1257121478978642
1558000000.0,4.05797902665058,-3.123971968172748,8.601961084255286,-3.7210100532099273,4.0574287778052,-3.123987966363989
1559000000.0,4.057272851527368,-3.1222498475796345,8.603830842617892,-3.720722522867876,4.056722619426207,-3.1222658391565354
1560000000.0,4.056567872416278,-3.1205297932858995,8.602233277310853,-3.7198699593423092,4.056017633088609,-3.1205457798968403
1561000000.0,4.0558640863735045,-3.11881180179463,8.603326430713324,-3.7138113396456234,4.055313849608676,-3.118827744579968
1562000000.0,4.055161490464125,-3.1170958696162887,8.605909370612588,-3.717457168897901,4.054611281313768,-3.1171118308753702
1563000000.0,4.054460081762068,-3.1153819932686906,8.605282568843634,-3.7128866141135575,4.0539098660371105,-3.1153979232897973
1564000000.0,4.053759857350082,-3.113670169276987,8.606821706439579,-3.7115123138509847,4.05320965445359,-3.1136860859716275
1565000000.0,4.0530608143197036,-3.1119603941736496,8.60413759647308,-3.713913689513195,4.052510601996516,-3.1119763292727614
1566000000.0,4.052362949771225,-3.1102526644984483,8.602853156050477,-3.7112109413621583,4.051812729387707,-3.110268581824268
1567000000.0,4.0516662608136675,-3.1085469767984373,8.6053544192475,-3.7039858487638124,4.051116050537096,-3.1085628403251815
1568000000.0,4.050970744564746,-3.1068433276279372,8.608237692978069,-3.714018073952664,4.050420573807419,-3.1068592517421054
1569000000.0,4.050276398150839,-3.1051417135485138,8.601515917069614,-3.711469674694847,4.049726183334477,-3.1051576293717034
1570000000.0,4.04958321870696,-3.1034421311289653,8.604533647729522,-3.703238871877219,4.049033015869431,-3.1034579856542654
1571000000.0,4.048891203376723,-3.1017445769453,8.606030938576385,-3.7077827436068382,4.048341022260143,-3.1017604576571114
1572000000.0,4.048200349312317,-3.100049047580722,8.604426179668032,-3.7027629546857597,4.047650154365788,-3.1000648955750676
1573000000.0,4.047510653674474,-3.0983555396256124,8.604413025352912,-3.7033949982035415,4.046960464286665,-3.0983713900918914
1574000000.0,4.046822113632433,-3.0966640496775133,8.596873535757707,-3.70990701689356,4.046271888778421,-3.096679953485368
1575000000.0,4.0461347263639205,-3.0949745743411086,8.604864834493883,-3.699114649336192,4.0455845426444075,-3.094990392060133
1576000000.0,4.045448489055112,-3.0932871102282062,8.601302310083863,-3.6979443769325036,4.044898284417859,-3.0933029239264553
1577000000.0,4.044763398900606,-3.0916016539577225,8.598697753282929,-3.694949910658759,4.04421317688967,-3.0916174499882403
1578000000.0,4.044079453103394,-3.089918202155667,8.603463007262485,-3.694814285406972,4.0435292672808085,-3.0899339881199452
1579000000.0,4.043396648874827,-3.088236751455117,8.600029420301965,-3.689832186294973,4.042846437049977,-3.08825250778703
1580000000.0,4.042714983434593,-3.0865572984962113,8.59761501229717,-3.6898992146016125,4.042164760243668,-3.086573057271924
1581000000.0,4.042034454010682,-3.084879839926124,8.600973705931649,-3.686316964495406,4.0414842522639605,-3.084895567844642
1582000000.0,4.041355057839359,-3.083204372399053,8.598506196715697,-3.6858373850871637,4.040804843509585,-3.0832200992015006
1583000000.0,4.040676792165136,-3.0815308925762,8.60160067863023,-3.684714981438866,4.040126601334688,-3.081546605335623
1584000000.0,4.03999965424074,-3.0798593971257553,8.594547596002647,-3.6871685957816016,4.039449424793321,-3.079875135446783
1585000000.0,4.039323641327084,-3.0781898827228793,8.593372816558572,-3.6847202359241122,4.038773404839528,-3.0782056047931783
1586000000.0,4.038648750693245,-3.0765223460496878,8.590860756251256,-3.6778439369391003,4.038098491364586,-3.0765380244247367
1587000000.0,4.037974979616425,-3.0748567837952323,8.592688010333417,-3.676923911537378,4.0374247356272175,-3.074872451443461
1588000000.0,4.03730232538193,-3.0731931926554834,8.590910513145692,-3.675232309350628,4.036752071491755,-3.073208850034099
1589000000.0,4.03663078528314,-3.071531569333317,8.593364627344132,-3.674138586984197,4.036080550634466,-3.0715472138560833
1590000000.0,4.035960356621478,-3.0698719105384966,8.589114561203864,-3.679334449206732,4.035410106262148,-3.06988759455875
1591000000.0,4.0352910367063854,-3.0682142129876526,8.589496449185344,-3.673707143247567,4.034740784720984,-3.0682298571428186
1592000000.0,4.034622822855292,-3.066558473404271,8.587851567107519,-3.6680293138132067,4.03407255564022,-3.0665740804994313
1593000000.0,4.033955712393588,-3.0649046885186735,8.583903550803303,-3.665678417363563,4.033405419749157,-3.064920284319685
1594000000.0,4.033289702654596,-3.063252855068003,8.583309285946978,-3.6639760597386353,4.0327394079485845,-3.0632684386891875
1595000000.0,4.032624790979544,-3.061602969796205,8.583260382393398,-3.6626934468606906,4.032074498495854,-3.0616185431898497
1596000000.0,4.031960974717539,-3.059955029454012,8.579177686134125,-3.65896483778968,4.031410653747671,-3.0599705825750867
1597000000.0,4.031298251225536,-3.0583090307989282,8.576431348723617,-3.6569418875939674,4.030747913326867,-3.058324572946897
1598000000.0,4.030636617868314,-3.0566649705952105,8.57662978610604,-3.6571431721873933,4.030086286130152,-3.056680512025865
1599000000.0,4.029976072018446,-3.0550228456138555,8.57719636210576,-3.649317830528838,4.029425736414423,-3.0550383322212067
1600000000.0,4.029316611056273,-3.05338265263258,8.575093570626255,-3.649778338986969,4.028766266659291,-3.0533981438312177
1601000000.0,4.028658232369879,-3.0517443884358073,8.574766607580568,-3.6476825698636874,4.028107887044036,-3.051759864413808
1602000000.0,4.02800093335506,-3.0501080498146487,8.570270897815556,-3.6462093309196613,4.027450560257236,-3.0501235212063706
1603000000.0,4.0273447114153,-3.0484736335668883,8.569772896727857,-3.6428835358304292,4.026794334322782,-3.0484890817996484
1604000000.0,4.026689563961744,-3.0468411364969685,8.567970712177221,-3.646448003595588,4.026139184883543,-3.0468566095547422
1605000000.0,4.02603548841317,-3.04521055541597,8.568366297813101,-3.6381078851074533,4.025485103494107,-3.04522597047989
1606000000.0,4.025382482195962,-3.0435818871416003,8.564309931026553,-3.6383488322926807,4.024832075078666,-3.0435973083715373
1607000000.0,4.024730542744087,-3.0419551284981736,8.560219796204589,-3.630921271817821,4.024180101265256,-3.0419705048013523
1608000000.0,4.024079667499066,-3.0403302763165994,8.561525887033156,-3.6322631288814566,4.023529241294914,-3.0403456577828347
1609000000.0,4.023429853909948,-3.0387073274343597,8.558229413654043,-3.6288958272727623,4.02287940494524,-3.0387226898188024
1610000000.0,4.022781099433283,-3.0370862786955,8.554828274034273,-3.6248275877641563,4.022230625911803,-3.0371016174880245
1611000000.0,4.022133401533099,-3.0354671269506106,8.552947234635237,-3.6217642640097893,4.021582915152004,-3.0354824464866783
1612000000.0,4.021486757680873,-3.0338498690568105,8.550204702510376,-3.619122077691577,4.020936253344592,-3.033865173488098
1613000000.0,4.020841165355506,-3.0322345018777312,8.548496492382608,-3.6134235306075904,4.020290645190041,-3.0322497692075148
1614000000.0,4.020196622043299,-3.0306210222835035,8.541218515645815,-3.6128381191930656,4.019646056873277,-3.0306362953035406
1615000000.0,4.019553125237925,-3.0290094271507373,8.5426546412654,-3.608394682261004,4.019002567149817,-3.0290246665363214
1616000000.0,4.018910672440406,-3.027399713362511,8.539527312272387,-3.604724829844927,4.018360092202108,-3.0274149313940826
1617000000.0,4.018269261159084,-3.025791877808353,8.54011220125896,-3.602234322232498,4.017718685363605,-3.0258070765541984
1618000000.0,4.0176288889096,-3.0241859173842265,8.53809097450856,-3.5983642912518636,4.017078298015003,-3.0242010917129276
1619000000.0,4.016989553214866,-3.0225818289925135,8.53369571370325,-3.593825087069438,4.016438930333906,-3.022596978152587
1620000000.0,4.016351251605039,-3.0209796095420023,8.528887725411836,-3.592363267565552,4.015800598792196,-3.020994754705697
1621000000.0,4.0157139816175,-3.0193792559478667,8.527513082544216,-3.5891526666225637,4.015163319028097,-3.019394380084433
1622000000.0,4.015077740796826,-3.0177807651316555,8.527334646605656,-3.585249205157115,4.014527075317879,-3.0177958617479717
1623000000.0,4.014442526694765,-3.0161841340212745,8.524306731772985,-3.5782270816981896,4.013891834431304,-3.0161991867774707
1624000000.0,4.013808336870212,-3.0145893595509725,8.524384354378016,-3.571264772138796,4.013257638614418,-3.0146043639769315
1625000000.0,4.0131751688891875,-3.0129964386613253,8.519731586675805,-3.5702984820327277,4.01262444248355,-3.013011442167586
1626000000.0,4.012543020324807,-3.0114053682992195,8.518136100630068,-3.56758108314767,4.0119922834093,-3.0114203544116402
1627000000.0,4.011911888757259,-3.00981614541784,8.515758596138209,-3.5619590735703297,4.011361131551153,-3.0098310959908097
1628000000.0,4.0112817717737865,-3.008228766976652,8.511798505197794,-3.5562532222466636,4.010730983578945,-3.008243683938345
1629000000.0,4.01065266696865,-3.0066432299413868,8.51510986837166,-3.5503377642495866,4.010101895947593,-3.00665810046206
1630000000.0,4.01002457194312,-3.00505953128403,8.506371574306367,-3.5467779279210605,4.009473741414066,-3.005074390027041
1631000000.0,4.009397484305436,-3.003477667982798,8.507824753221154,-3.54280090173713,4.008846661585618,-3.0034924961311216
1632000000.0,4.008771401670795,-3.0018976370221337,8.507412201191801,-3.534505447162921,4.008220567506386,-3.001912408699035
1633000000.0,4.008146321661322,-3.0003194353926834,8.502741452992543,-3.5270230983806647,4.007595448906678,-3.0003341627340476
1634000000.0,4.007522241906046,-2.998743060091284,8.501916552198884,-3.5279436206048076,4.006971369469112,-2.998757793091828
1635000000.0,4.0068991600408825,-2.9971685081209514,8.498652489426126,-3.5198404109715478,4.006348257400147,-2.9971831904281547
1636000000.0,4.006277073708602,-2.995595776490861,8.495425682378805,-3.513293769673894,4.005726143554379,-2.995610418433369
1637000000.0,4.005655980558808,-2.9940248622163366,8.49533827933314,-3.5033482590092526,4.005105038442669,-2.994039436146525
1638000000.0,4.005035878247919,-2.992455762318831,8.496294674008121,-3.502366721839989,4.004484945319152,-2.9924703263951153
1639000000.0,4.004416764439141,-2.9908884738259176,8.492419001484436,-3.493844659631613,4.003865796496448,-2.9909029853778337
1640000000.0,4.003798636802444,-2.98932299377127,8.486378303697208,-3.491771087253151,4.003247629611332,-2.9893374992738337
1641000000.0,4.00318149301454,-2.9877593191946508,8.48802666927642,-3.483019232709224,4.002630487280357,-2.9877737618797404
1642000000.0,4.002565330758861,-2.986197447141895,8.48338498663711,-3.479846672218006,4.0020142933519125,-2.9862118742317776
1643000000.0,4.001950147725533,-2.9846373746648958,8.483832404390109,-3.4729228716182243,4.001399106640193,-2.9846517530344916
1644000000.0,4.001335941611359,-2.9830790988215927,8.479677110698878,-3.465527755314085,4.00078486536097,-2.9830934326445484
1645000000.0,4.000722710119788,-2.9815226166759516,8.477126729726082,-3.4632642157744846,4.000171617578946,-2.981536937652116
1646000000.0,4.0001104509609,-2.979967925297957,8.475891708743058,-3.4578336064632484,3.999559345856172,-2.979982210191939
1647000000.0,3.9994991618513787,-2.97841502176359,8.479049831132983,-3.455056188858704,3.9989480777339406,-2.9784292812803597
1648000000.0,3.998888840514491,-2.9768639031548214,8.477597127807051,-3.449691142026596,3.9983377424703894,-2.976878127366027
1649000000.0,3.998279484680064,-2.975314566559592,8.475523173599154,-3.442471706604421,3.9977283655900107,-2.9753287440723244
1650000000.0,3.9976710920844645,-2.9737670090718007,8.474790202250654,-3.4344793381005974,3.9971199596524287,-2.97378113257809
1651000000.0,3.9970636604705727,-2.9722212277912896,8.472459399162531,-3.4308447845859025,3.996512510981213,-2.9722353289472365
1652000000.0,3.996457187587765,-2.970677219823829,8.47522373108913,-3.4285698069776003,3.995906057242232,-2.970691299559434
1653000000.0,3.995851671191887,-2.9691349822811057,8.46753047167494,-3.4151768260670936,3.995300472322339,-2.9691489830690587
1654000000.0,3.9952471090452373,-2.967594512280705,8.471424142291198,-3.411293715185732,3.994695934276546,-2.9676084790745025
1655000000.0,3.9946434989165405,-2.966055806946101,8.471769779698173,-3.4082923462716166,3.9940923259565313,-2.9660697513248806
1656000000.0,3.9940408385809274,-2.964518863406639,8.461625089720316,-3.4025715187738297,3.993489592966229,-2.9645327840400086
1657000000.0,3.9934391258199136,-2.9629836787975212,8.467542746443959,-3.395610312249162,3.9928879128663066,-2.9629975415989787
1658000000.0,3.992838358421378,-2.9614502502597957,8.46400506721242,-3.3911166264614083,3.9922871189050255,-2.9614640869085433
1659000000.0,3.992238534179541,-2.9599185749403407,8.464630188102145,-3.3835268457824856,3.991687290930145,-2.9599323580454167
1660000000.0,3.991639650894942,-2.9583886499918526,8.466677982024256,-3.381791793394991,3.9910884228419086,-2.958402416392441
1661000000.0,3.991041706374421,-2.956860472572825,8.465914753597088,-3.3775981711828353,3.9904904707632243,-2.956874210356711
1662000000.0,3.990444698431092,-2.955334039847545,8.460470024348602,-3.3702355845983742,3.9898934188460338,-2.955347735371293
1663000000.0,3.989848624884329,-2.9538093489860726,8.463651921033657,-3.3644255149323947,3.9892973614946485,-2.9538229987168583
1664000000.0,3.989253483559739,-2.952286397164229,8.463440932410148,-3.3614466676887678,3.9887022182414866,-2.9523000255036562
1665000000.0,3.988659272289143,-2.950765181563581,8.462120871399595,-3.3584337070069252,3.9881079975643243,-2.9507787900725178
1666000000.0,3.988065988910556,-2.949245699371431,8.456295803040554,-3.3502048753904243,3.9875146662156613,-2.94925926044399
1667000000.0,3.9874736312681636,-2.9477279477807996,8.457237410983167,-3.3468647974825694,3.986922313749554,-2.947741483177599
1668000000.0,3.9868821972123056,-2.9462119239904143,8.458793864487058,-3.340646448860473,3.9863308843235434,-2.946225413458821
1669000000.0,3.98629168459945,-2.944697625204693,8.460770996231943,-3.3376255507025063,3.985740384325647,-2.944711089449732
1670000000.0,3.985702091292176,-2.943185048633735,8.454458772593487,-3.3349749601992387,3.9851507487638473,-2.943198503549328
1671000000.0,3.9851134151591525,-2.9416741914933042,8.457466778375105,-3.327989877851645,3.9845620857108877,-2.941687592984962
1672000000.0,3.984525654075118,-2.9401650510048145,8.462100595492135,-3.3247146506137435,3.983974354601166,-2.940178421256308
1673000000.0,3.9839388059208596,-2.938657624395319,8.455319333770644,-3.31914422205788,3.98338745628705,-2.9386709665411748
1674000000.0,3.983352868583191,-2.9371519088974973,8.464837554172592,-3.3151494562753308,3.982801580455791,-2.9371652070529
1675000000.0,3.9827678399549375,-2.935647901749636,8.456610351971472,-3.313562405409504,3.982216498421449,-2.9356612008121905
1676000000.0,3.9821837179349098,-2.9341456001956243,8.462060610640862,-3.3084073269626275,3.981632408785234,-2.934158854087626
1677000000.0,3.9816005004278883,-2.9326450014849335,8.460302745875982,-3.3048165247793104,3.981049177927049,-2.9326582323724293
1678000000.0,3.9810181853446,-2.9311461028726074,8.462721120474978,-3.2986641288531207,3.9804668733005326,-2.9311592868145637
1679000000.0,3.980436770601702,-2.9296489016192457,8.458911053752848,-3.2976816802768276,3.979885435681696,-2.929662083360438
1680000000.0,3.979856254121759,-2.9281533949909955,8.46465442878177,-3.2941363332983538,3.9793049561617257,-2.9281665418451803
1681000000.0,3.9792766338332224,-2.926659580259533,8.456823205745225,-3.28274713376234,3.978725269119115,-2.9266726617241625
1682000000.0,3.9786979076704156,-2.925167454702055,8.462240726659246,-3.2835163229407374,3.9781465847467263,-2.9251805306985053
1683000000.0,3.978120073573509,-2.9236770156012635,8.460961428300145,-3.2777154196859164,3.9775687368693258,-2.923690052992936
1684000000.0,3.9775431294885046,-2.922188260245349,8.45806561299274,-3.2775794409906296,3.9769917773812833,-2.9222012996314812
1685000000.0,3.9769670733672124,-2.920701185927986,8.45389981236059,-3.2731952206612327,3.9764156904261436,-2.9207142009053246
1686000000.0,3.976391903167236,-2.9192157899483115,8.457046647281825,-3.270336665309167,3.975840540880523,-2.9192287788334275
1687000000.0,3.9758176168519483,-2.917732069610917,8.4642703693356,-3.2653036603610888,3.9752662990184273,-2.917745011183352
1688000000.0,3.9752442123904768,-2.9162500222258347,8.460169012213811,-3.264099642024969,3.9746928693062986,-2.9162629606000907
1689000000.0,3.9746716877576795,-2.9147696451085228,8.462639155531551,-3.2580161377799435,3.974120355537432,-2.9147825368576754
1690000000.0,3.9741000409341316,-2.913290935579853,8.464344823181614,-3.252573615117701,3.9735487154918476,-2.91330378623884
1691000000.0,3.9735292699061016,-2.9118138909661013,8.46225480280097,-3.2506251487231723,3.972977931470181,-2.911826730159409
1692000000.0,3.9729593726655343,-2.910338508598928,8.45893048997606,-3.253498563986946,3.9724080208123564,-2.9103513706829376
1693000000.0,3.9723903472100326,-2.908864785815373,8.455545071203817,-3.246175735048676,3.9718389649019157,-2.908877602499111
1694000000.0,3.971822191542838,-2.907392719957837,8.457966585363412,-3.2433030682314388,3.9712708249815365,-2.9074055116162985
1695000000.0,3.971254903672811,-2.905922308374072,8.460413460487619,-3.236846034119193,3.9707035471788266,-2.905935050912027
1696000000.0,3.9706884816144132,-2.904453548417167,8.457702821882995,-3.2426035587394235,3.970137120508725,-2.90446633220818
1697000000.0,3.970122923387691,-2.9029864374455348,8.458437868905985,-3.2381316105501363,3.9695715640968956,-2.902999188231345
1698000000.0,3.969558227018252,-2.9015209728229023,8.461041285937771,-3.232498236633777,3.96900688018193,-2.9015336797550364
1699000000.0,3.968994390537251,-2.9000571519182956,8.458066306665387,-3.2300933554185183,3.968443023979228,-2.900069845765348
1700000000.0,3.96843141198137,-2.8985949721060273,8.45861659393063,-3.2290740116406464,3.9678800516190647,-2.89860765641326
1701000000.0,3.9678692893928007,-2.897134430765685,8.458354843355277,-3.222813800985963,3.967317921214862,-2.8971470716787042
1702000000.0,3.967308020819224,-2.8956755252821176,8.46025356242712,-3.2259994933972127,3.9667566747467924,-2.8956881826834016
1703000000.0,3.9667476043137944,-2.8942182530454237,8.460622369952507,-3.214737613429257,3.9661962464828777,-2.8942308324313197
1704000000.0,3.9661880379351215,-2.8927626114509404,8.460616838345082,-3.214879179381224,3.9656366844516806,-2.8927751899992096
1705000000.0,3.9656293197472507,-2.8913085978992283,8.460776084455464,-3.213005517957256,3.965077968420627,-2.891321161808031
1706000000.0,3.965071447819646,-2.8898562097960596,8.454839486345778,-3.208182463048074,3.964520052887246,-2.88986874922122
1707000000.0,3.964514420227172,-2.8884054445524088,8.455511566338213,-3.2087880126263215,3.963963034937331,-2.888417985146341
1708000000.0,3.9639582350500766,-2.886956299584436,8.4588995340377,-3.2083047697388185,3.9634068758582917,-2.8869688296005522
1709000000.0,3.963402890373972,-2.885508772313477,8.453250914808295,-3.202221726594581,3.9628514874325567,-2.8855212689102934
1710000000.0,3.962848384289821,-2.8840628601660323,8.4539917931726,-3.199992925934451,3.9622969868061864,-2.884075338783752
1711000000.0,3.962294714893911,-2.8826185605737513,8.448845917523537,-3.197135925287352,3.961743282298643,-2.882631026623013
1712000000.0,3.961741880287846,-2.8811758709734248,8.454373295361732,-3.192275752005066,3.961190480985282,-2.88118829353305
1713000000.0,3.9611898785785242,-2.8797347888069678,8.45362677849735,-3.1930464074674734,3.9606384796375043,-2.8797472159687483
1714000000.0,3.9606387078781196,-2.87829531152141,8.452244122061929,-3.188037962071937,3.9600872955636017,-2.8783077055010047
1715000000.0,3.960088366304067,-2.8768574365688866,8.453378677048041,-3.1865155196713486,3.9595369632283544,-2.876869816665918
1716000000.0,3.9595388519790444,-2.875421161406619,8.451142187258823,-3.1871785803685704,3.9589874390640816,-2.8754335478226385
1717000000.0,3.9589901630309563,-2.873986483496909,8.454722041049507,-3.1824755742887763,3.958438770573895,-2.8739988306577784
1718000000.0,3.9584422975929128,-2.872553400307125,8.45053515678215,-3.182205740844986,3.9578908806526343,-2.8725657507120554
1719000000.0,3.957895253803219,-2.8711219093096907,8.450698183614122,-3.180154617305854,3.9573438386909103,-2.8711342438695713
1720000000.0,3.9573490298053517,-2.8696920079820702,8.452503933432167,-3.178101615564064,3.9567976275543075,-2.869704323995599
1721000000.0,3.956803623747946,-2.8682636938067594,8.448980098811896,-3.1739013355595156,3.956252195019482,-2.8682759855647824
1722000000.0,3.956259033784777,-2.8668369642712737,8.448772964172475,-3.1719812578971216,3.9557076045976243,-2.8668492416688394
1723000000.0,3.9557152580747457,-2.865411816868133,8.448042138460302,-3.169302617436368,3.9551638236621764,-2.865424075663919
1724000000.0,3.9551722947818564,-2.863988249094855,8.448805564735254,-3.167433290821949,3.954620866508795,-2.864000492280836
1725000000.0,3.954630142075207,-2.8625662584539393,8.444034971317715,-3.159614369061376,3.954078672985575,-2.862578455104146
1726000000.0,3.9540887981289665,-2.861145842452858,8.444079398532967,-3.160720815965523,3.953537335215046,-2.861158044671344
1727000000.0,3.9535482611223625,-2.8597269986040423,8.446352799867107,-3.1572643591269243,3.9529968118838537,-2.8597391720639007
1728000000.0,3.953008529239663,-2.8583097244248714,8.442932561469345,-3.1581260122341517,3.9524570624734428,-2.8583219074893162
1729000000.0,3.9524696006701587,-2.8568940174376625,8.444425898276164,-3.153909243179964,3.951918141080272,-2.8569061679100263
1730000000.0,3.9519314736081492,-2.8554798751696566,8.444246239131171,-3.1496816294978203,3.951380009923833,-2.8554919957161102
1731000000.0,3.951394146252926,-2.854067295153008,8.442226279667866,-3.1467994473462646,3.9508426683004174,-2.8540793978379644
1732000000.0,3.9508576168087535,-2.852656274924774,8.441478081756571,-3.141504451672476,3.950306129173543,-2.8526683414356024
1733000000.0,3.950321883484857,-2.851246812026902,8.439954523073188,-3.1416774297471135,3.9497703899236973,-2.8512588804067263
1734000000.0,3.9497869444954046,-2.849838904006216,8.44077397473441,-3.137139277455468,3.9492354530258447,-2.849850938725371
1735000000.0,3.949252798059489,-2.8484325484144097,8.439858215710556,-3.132887243551518,3.9487012974749898,-2.848444554243533
1736000000.0,3.9487194424011163,-2.8470277428080326,8.44095538239317,-3.135656267443967,3.9481679577679443,-2.8470397636661016
1737000000.0,3.9481868757491845,-2.845624484748478,8.437704695738484,-3.131246434044746,3.9476353660288863,-2.8456364794884688
1738000000.0,3.9476550963374724,-2.8442227718019724,8.432210791901795,-3.1268427275764434,3.9471035464450424,-2.844234744156021
1739000000.0,3.9471241024046213,-2.842822601539564,8.432727492491164,-3.1255396311752808,3.9465725578564346,-2.842834562482225
1740000000.0,3.946593892194119,-2.841423971537112,8.432879061682554,-3.1199871786119835,3.9460423435427803,-2.8414358930856376
1741000000.0,3.946064463954285,-2.840026879375274,8.432417911707596,-3.1191404799269704,3.9455129148129897,-2.840038794189489
1742000000.0,3.9455358159382548,-2.8386313226394964,8.428782532293102,-3.115545137795076,3.944984240427882,-2.838643217452121
1743000000.0,3.9450079464039645,-2.8372372989200025,8.430822907062838,-3.111763364886551,3.9444563823923082,-2.837249163135362
1744000000.0,3.944480853614134,-2.835844805811779,8.428392990997658,-3.1074502543557596,3.9439292701465942,-2.8358566432120624
1745000000.0,3.943954535836252,-2.834453840914568,8.425131149935085,-3.0997681218042867,3.943402921752819,-2.834465630205573
1746000000.0,3.9434289913425618,-2.833064401832857,8.429754123131735,-3.0986565013277017,3.9428774105237743,-2.8330761742213237
1747000000.0,3.9429042184100456,-2.8316764861758634,8.424117680183805,-3.0973767030348553,3.9423526015372237,-2.8316882574464057
1748000000.0,3.942380215320406,-2.8302900915575258,8.423357591677298,-3.093405040838066,3.9418285907626327,-2.8303018355566887
1749000000.0,3.9418569803600567,-2.8289052155964924,8.422415418430926,-3.0920590011013087,3.9413053512184515,-2.8289169502917146
1750000000.0,3.9413345118201004,-2.827521855916111,8.42311706858185,-3.0881494668839466,3.940782884922445,-2.8275335613435733
1751000000.0,3.9408128079963216,-2.826140010144418,8.416707162721055,-3.0860445469406486,3.940261138458766,-2.8261517101870814
1752000000.0,3.940291867189162,-2.8247596759141245,8.421184424678392,-3.0842254768892317,3.9397402287429646,-2.8247713545216286
1753000000.0,3.9397716877037148,-2.82338085086261,8.415694890014416,-3.081572613967799,3.939220011894768,-2.823392518879381
1754000000.0,3.9392522678497026,-2.822003532631908,8.417150183350206,-3.080536659091416,3.938700604080141,-2.822015189471363
1755000000.0,3.9387336059414677,-2.8206277188686966,8.41257930972241,-3.0738299369353044,3.938181904282507,-2.8206393363221713
1756000000.0,3.938215700297953,-2.8192534072242865,8.413456572465208,-3.0660287646239346,3.937663995590979,-2.819264968916268
1757000000.0,3.93769854924269,-2.8178805953546124,8.414448722158609,-3.065522074115236,3.9371468543253534,-2.8178921501901613
1758000000.0,3.9371821511037837,-2.816509280920219,8.413947358906546,-3.0631160568185423,3.9366304527754745,-2.81652081858483
1759000000.0,3.9366665042138953,-2.815139461586253,8.413157427825226,-3.0621169615965718,3.9361148028553865,-2.8151509920287086
1760000000.0,3.936151606910232,-2.8137711350224524,8.406971545878559,-3.059749989439806,3.9355998639298506,-2.813782657965181
1761000000.0,3.9356374575345283,-2.8124042989031324,8.415647224042427,-3.055887015661056,3.935085770501981,-2.8124157796739158
1762000000.0,3.935124054433034,-2.8110389509071783,8.417050514000419,-3.0514456774524343,3.9345723734307696,-2.8110503976429815
1763000000.0,3.934611395956499,-2.8096750887180333,8.406392882485745,-3.051308563410921,3.934059646886539,-2.8096865503773345
1764000000.0,3.9340994804601577,-2.808312710023689,8.411547652222211,-3.0453095050879284,3.9335477600838975,-2.808324120942668
1765000000.0,3.9335883063037165,-2.8069518125166737,8.410568585161492,-3.03773274490543,3.9330365706924013,-2.8069631722230812
1766000000.0,3.9330778718513386,-2.8055923938940412,8.408877120651217,-3.0399627402309544,3.9325261324633534,-2.805603769622113
1767000000.0,3.932568175471629,-2.8042344518573614,8.412951165658425,-3.0353583791187675,3.9320164598065146,-2.804245788011678
1768000000.0,3.9320592155376226,-2.8028779841127114,8.40652962267498,-3.0324390463973048,3.931507455681199,-2.80288930945001
1769000000.0,3.931550990426767,-2.8015229883706594,8.413533515069178,-3.0283452880686417,3.930999274872353,-2.8015342727026495
1770000000.0,3.93104349852091,-2.8001694623462625,8.411539823266573,-3.0239405639732233,3.930491766126111,-2.8001807185031353
1771000000.0,3.930536738206287,-2.7988174037590476,8.410267695336389,-3.0262783540081917,3.9299850050195446,-2.798828675978996
1772000000.0,3.9300307078735033,-2.797466810333008,8.411716247852018,-3.024012586639846,3.929478984584544,-2.797478063080083
1773000000.0,3.929525405917523,-2.7961176797965894,8.405337508030986,-3.017195726818461,3.928973632217653,-2.7961288953940624
1774000000.0,3.929020830737654,-2.79477000988268,8.40695040347284,-3.0147110205237655,3.928469067668466,-2.7947812042523594
1775000000.0,3.9285169807375366,-2.7934237983286,8.416228574610312,-3.004261713861033,3.927965266740185,-2.7934349050304372
1776000000.0,3.9280138543251244,-2.7920790428760927,8.416181254554914,-3.010273600425224,3.9274621538834618,-2.792090188399505
1777000000.0,3.9275114499126755,-2.7907357412713134,8.407768185476392,-3.003093472602792,3.926959684694769,-2.7907468505637767
1778000000.0,3.9270097659167367,-2.7893938912648184,8.407601190281436,-2.999274865503888,3.9264579970985545,-2.789404973287146
1779000000.0,3.9265088007581306,-2.788053490611555,8.409684736387241,-2.9955418522165638,3.92595704365314,-2.788064542193058
1780000000.0,3.9260085528619397,-2.7867145370708535,8.408201403278401,-2.989803651527476,3.9254567800731066,-2.7867255506215303
1781000000.0,3.925509020657498,-2.785377028406413,8.40740254712554,-2.98902195446748,3.924957245048457,-2.785388036213519
1782000000.0,3.92501020257837,-2.784040962386296,8.410673649797921,-2.9847060373628738,3.9244584457116938,-2.784051933832741
1783000000.0,3.9245120970623457,-2.7827063367829137,8.412124327806467,-2.9853460900056694,3.923960354910542,-2.782717308332362
1784000000.0,3.9240147025514203,-2.7813731493730196,8.40694788504921,-2.974203714530514,3.9234629107678898,-2.7813840525741047
1785000000.0,3.923518017491783,-2.7800413979376972,8.407736823580915,-2.9686033037237736,3.9229662255453057,-2.780052260231898
1786000000.0,3.923022040333807,-2.77871108026235,8.410330139134253,-2.968261114996107,3.9224702691732145,-2.778721934118515
1787000000.0,3.9225267695320305,-2.777382194136694,8.407128467474339,-2.966468063960626,3.9219749776240893,-2.777393039433782
1788000000.0,3.922032203545148,-2.7760547373547437,8.410253473303834,-2.9586605739046736,3.921480423543808,-2.7760655229369826
1789000000.0,3.921538340835995,-2.774728707714805,8.407899360832477,-2.9562250562654238,3.9209865447218224,-2.774739478987808
1790000000.0,3.921045179871536,-2.773404103019466,8.414275755014737,-2.9583799248016223,3.920493434246484,-2.77341487639476
1791000000.0,3.9205527191228486,-2.7720809210755837,8.414849906994,-2.9492156470459783,3.9200009659134136,-2.772091629809379
1792000000.0,3.920060957065117,-2.7707591596942773,8.408868696730131,-2.948530504879669,3.9195091661569936,-2.7707698719973624
1793000000.0,3.9195698921776105,-2.769438816690917,8.409934145570952,-2.949292448130479,3.9190181135690114,-2.769449530559359
1794000000.0,3.919079522943678,-2.7681198898851136,8.413077912523905,-2.943920026647768,3.918527760419318,-2.7681305604206585
1795000000.0,3.91858984785073,-2.7668023771007104,8.413111700767514,-2.939287873526356,3.918038081638862,-2.7668130144931515
1796000000.0,3.9181008653902283,-2.7654862761657713,8.412822598346725,-2.935552076313134,3.9175490948023386,-2.7654968870070253
1797000000.0,3.917612574057673,-2.7641715849125728,8.41410323750515,-2.9323948521772896,3.9170608106623046,-2.7641821704836773
1798000000.0,3.9171249723525885,-2.7628583011775936,8.414397129249672,-2.9249301007211255,3.9165732022696362,-2.7628688340174294
1799000000.0,3.9166380587785135,-2.761546422801505,8.41291880111761,-2.9307741793220776,3.9160862922992394,-2.7615569958100306
1800000000.0,3.916151831842985,-2.7602359476291616,8.420019612484122,-2.9242633883585607,3.9156001062753805,-2.760246462963532
1801000000.0,3.915666290057527,-2.75892687350959,8.41800425496183,-2.927318396902824,3.915114559781749,-2.7589374110715403
1802000000.0,3.915181431937641,-2.757619198295983,8.422504313556344,-2.920477902214166,3.9146297244495507,-2.7576296802971605
1803000000.0,3.914697256002787,-2.756312919845683,8.418354851823722,-2.9123402658541946,3.9141455106396057,-2.756323351974896
1804000000.0,3.914213760776377,-2.7550080360201807,8.420722422956096,-2.911652724195468,3.9136620340710095,-2.7550184577424592
1805000000.0,3.913730944785761,-2.753704544685101,8.41350587672879,-2.907036430160443,3.913179165344096,-2.7537149454870202
1806000000.0,3.913248806562212,-2.7524024437101926,8.423204588525824,-2.9045865401617723,3.9126970924009328,-2.752412809899519
1807000000.0,3.912767344640917,-2.7511017309693213,8.422143168907319,-2.8974597275659555,3.912215615146697,-2.751112048932329
1808000000.0,3.9122865575609627,-2.7498024043404588,8.429005597721211,-2.900338637076355,3.9117348831114085,-2.7498127284959506
1809000000.0,3.9118064438653244,-2.748504461705674,8.424808821280303,-2.897625324390694,3.911254740255289,-2.7485147727405783
1810000000.0,3.9113270021008533,-2.747207900951124,8.42940780075585,-2.8906643390181013,3.9107753217320407,-2.747218155380993
1811000000.0,3.9108482308182646,-2.7459127199670412,8.428908611468637,-2.8894008119636743,3.91029654873057,-2.7459229648931323
1812000000.0,3.910370128572125,-2.7446189166477306,8.43428688263037,-2.8806647537386247,3.9098184720280247,-2.7446290916213347
1813000000.0,3.909892693920841,-2.7433264888915536,8.435171341386749,-2.880837059515342,3.9093410474290384,-2.7433366617640225
1814000000.0,3.909415925426645,-2.7420354346009224,8.435372485199945,-2.8756805855566117,3.908864275419892,-2.7420455704269466
1815000000.0,3.908939821655589,-2.740745751682292,8.436623355696403,-2.8727767709072953,3.908388179018213,-2.7407558639556098
1816000000.0,3.908464381177525,-2.7394574380461445,8.433662131262386,-2.8671978170497203,3.907912712880475,-2.7394675157109623
1817000000.0,3.9079896025660985,-2.738170491606989,8.438552802670696,-2.8661113223570402,3.907437969342518,-2.7381805519162037
1818000000.0,3.9075154843987345,-2.7368849102833437,8.43395696386153,-2.8664189551787587,3.906963824309621,-2.7368949786067236
1819000000.0,3.9070420252566267,-2.7356006919977336,8.436926180918173,-2.8648527408515054,3.9064903864097342,-2.7356107429426904
1820000000.0,3.906569223724725,-2.7343178346766748,8.43624440721036,-2.8604500077437147,3.906017576618078,-2.7343278551483787
1821000000.0,3.9060970783917246,-2.733036336250673,8.437819230475558,-2.85652111675951,3.905545439108322,-2.733046325668371
1822000000.0,3.905625587850052,-2.7317561946542064,8.439690388411885,-2.853659199961718,3.905073960188253,-2.731766159748699
1823000000.0,3.905154750695857,-2.7304774078257217,8.438767687617444,-2.8518004080665507,3.904603117398232,-2.730487360087499
1824000000.0,3.9046845655289983,-2.729199973707626,8.441407017101914,-2.8478167855528853,3.9041329471718775,-2.7292098927473525
1825000000.0,3.9042150309530337,-2.7279238902462715,8.442483461460991,-2.8470516596919553,3.9036634223441475,-2.727933800509791
1826000000.0,3.903746145575206,-2.7266491553919523,8.445206887259804,-2.844688865070961,3.903194555198322,-2.7266590432796645
1827000000.0,3.903277908006436,-2.7253757670988934,8.44358337564196,-2.843452113632884,3.902726308268832,-2.7253856475463163
1828000000.0,3.9028103168613053,-2.7241037233252423,8.440009743724758,-2.8434071287326743,3.9022586965356285,-2.7241136076891705
1829000000.0,3.9023433707580506,-2.7228330220330568,8.447310265031218,-2.8410092894276997,3.9017917996399882,-2.7228428760986634
1830000000.0,3.901877068318549,-2.7215636611883034,8.450368180306247,-2.835132311967952,3.9013255117971064,-2.721573468471356
1831000000.0,3.9014114081683062,-2.720295638760838,8.448558038975548,-2.8327605081688425,3.90085983909465,-2.720305431214106
1832000000.0,3.9009463889364486,-2.719028952724408,8.45290281714577,-2.834190889880931,3.9003948554573107,-2.7190387458147254
1833000000.0,3.900482009255708,-2.717763601056634,8.45163613925531,-2.833377414716325,3.8999304695200854,-2.71777338897789
1834000000.0,3.900018267762414,-2.716499581739008,8.45439006024994,-2.829105588795744,3.8994667432504797,-2.7165093342712727
1835000000.0,3.8995551630964798,-2.7152368927568795,8.452497058187944,-2.8292116572754975,3.8990036296114616,-2.715246647412827
1836000000.0,3.8990926939013937,-2.7139755320994494,8.457014802065574,-2.8242712322058683,3.898541186488186,-2.713985243862205
1837000000.0,3.8986308588242062,-2.7127154977597616,8.457452213131633,-2.8246055050869074,3.8980793586333093,-2.7127252092865937
1838000000.0,3.8981696565155204,-2.7114567877346927,8.462135409397304,-2.8209065599709913,3.89761818560883,-2.711466464515397
1839000000.0,3.89770908562948,-2.7101994000249428,8.45876438012045,-2.8189740731336013,3.8971575922706836,-2.7102090675681194
1840000000.0,3.897249144823758,-2.7089433326350285,8.462158201193601,-2.8182009498129914,3.896697676898496,-2.708952987462953
1841000000.0,3.8967898327595467,-2.7076885835732742,8.463943202009691,-2.8142013999249498,3.8962383739269444,-2.707698206469292
1842000000.0,3.896331148101547,-2.7064351508518016,8.464209225141603,-2.8146605060078778,3.895779695520519,-2.7064447746525384
1843000000.0,3.8958730895179574,-2.7051830324865227,8.463408146005406,-2.8105834931629037,3.895321628324602,-2.7051926281647565
1844000000.0,3.8954156556804618,-2.70393222649713,8.463939651016158,-2.8052974847854037,3.894864192893049,-2.703941783598625
1845000000.0,3.8949588452642208,-2.7026827309070893,8.470630201874005,-2.8084061343810975,3.894407436825435,-2.7026922961415516
1846000000.0,3.8945026569478602,-2.7014345437436305,8.469706467742851,-2.802043144460109,3.8939512352171066,-2.7014440655133978
1847000000.0,3.89404708941346,-2.7001876630377373,8.47518680515675,-2.8013801176107567,3.8934957074851617,-2.7001971693414024
1848000000.0,3.893592141346543,-2.6989420868241414,8.46814311922011,-2.797645283747038,3.893040708919521,-2.6989515777917408
1849000000.0,3.8931378114360666,-2.697697813141314,8.467367273324664,-2.798063923848902,3.892586378088375,-2.6977073064910235
1850000000.0,3.8926840983744104,-2.6964548400314534,8.469843837612796,-2.795038375531131,3.892132680431525,-2.696464306890435
1851000000.0,3.892231000857366,-2.6952131655404803,8.477366431077648,-2.7899305388545295,3.8916796291422178,-2.6952225832753385
1852000000.0,3.8917785175841266,-2.6939727877180286,8.47132334344227,-2.7911426162103905,3.8912271104458815,-2.6939822220754306
1853000000.0,3.8913266472572765,-2.692733704617438,8.473442043039364,-2.787906694095523,3.8907752527328157,-2.6927431116484724
1854000000.0,3.890875388582781,-2.691495914295741,8.480167741400273,-2.7862176928819293,3.890324040608019,-2.6915052967894217
1855000000.0,3.8904247402699754,-2.6902594148136605,8.471926230383616,-2.7824801985983356,3.8898733335890308,-2.6902687839540387
1856000000.0,3.889974701031556,-2.689024204235597,8.476373279178494,-2.7821472480807783,3.8894233276693577,-2.689033561881615
1857000000.0,3.889525269583567,-2.6877902806296223,8.477949129432822,-2.778614573855675,3.888973904636646,-2.6877996098335846
1858000000.0,3.8890764446453945,-2.6865576420674726,8.479546102907891,-2.77541034044929,3.8885250888068006,-2.686566945025382
1859000000.0,3.888628224939751,-2.6853262866245347,8.47799432004443,-2.776483602081306,3.8880768639600998,-2.6853355977297784
1860000000.0,3.8881806091926707,-2.6840962123798437,8.481249124045332,-2.7744231833195894,3.887629270517865,-2.684105502240134
1861000000.0,3.887733596133496,-2.682867417416074,8.480281059568266,-2.7705577714391536,3.887182247991644,-2.6828766808325017
1862000000.0,3.8872871844948667,-2.681639899819526,8.485351684369979,-2.770279020502818,3.886735874008051,-2.681649151068783
1863000000.0,3.8868413730127127,-2.680413657680124,8.487260776774946,-2.767108881477503,3.886290073807925,-2.6804228823847054
1864000000.0,3.8863961604262425,-2.6791886890914043,8.478859885854163,-2.7703205572567753,3.885844813019479,-2.679197947996983
1865000000.0,3.8859515454779325,-2.6779649921505073,8.481770263355708,-2.7684741990149804,3.8854002183777117,-2.6779742318453117
1866000000.0,3.8855075269135186,-2.676742564958172,8.479098175064154,-2.7636372655619046,3.884956177096671,-2.6767517744502913
1867000000.0,3.8850641034819846,-2.675521405618725,8.47589491793902,-2.764831412841259,3.884512737452634,-2.6755306268557204
1868000000.0,3.8846212739355535,-2.6743015122400737,8.482519946491394,-2.760684634473635,3.884069949631021,-2.6743106923660642
1869000000.0,3.8841790370296776,-2.6730828829336977,8.48342415537182,-2.7543090290926813,3.8836277117599494,-2.6730920163666436
1870000000.0,3.8837373915230278,-2.6718655158146407,8.483200631897825,-2.761469352781375,3.883186080326586,-2.671874696623891
1871000000.0,3.8832963361774846,-2.670649409001504,8.482969881546214,-2.7569162788469024,3.882745019343858,-2.67065855743457
1872000000.0,3.882855869758127,-2.669434560616434,8.482986296577641,-2.757043153254701,3.882304556818531,-2.6694437081270714
1873000000.0,3.8824159910332257,-2.668220968785122,8.495329914229119,-2.7472660642691213,3.8818647493468195,-2.668230027222483
1874000000.0,3.88197669877423,-2.667008631636787,8.487009527493786,-2.751273153925913,3.8814254106850905,-2.667017729581518
1875000000.0,3.88153799175576,-2.665797547304176,8.489816444610078,-2.745685072540804,3.880986716972816,-2.6658066007101673
1876000000.0,3.8810998687555966,-2.6645877139235497,8.489262909617283,-2.7437718270125644,3.880548590547217,-2.6645967534653483
1877000000.0,3.8806623285546724,-2.6633791296346776,8.49968843529208,-2.735559691205901,3.8801111111767757,-2.6633880939444237
1878000000.0,3.880225369937061,-2.662171792580832,8.490725609385787,-2.736060032987181,3.879674095853862,-2.6621807735981786
1879000000.0,3.879788991689968,-2.660965700908775,8.492736013015383,-2.735302970527048,3.8792377335873645,-2.6609746716332374
1880000000.0,3.8793531926037215,-2.659760852768755,8.498509930576638,-2.7379553654942836,3.878801981858395,-2.659769830130026
1881000000.0,3.8789179714717643,-2.658557246314497,8.495455091464327,-2.7354595175672314,3.8783667392535897,-2.6585662100314678
1882000000.0,3.878483327090641,-2.657354879703194,8.49829280569481,-2.734585752391796,3.8779321162905016,-2.65736383094815
1883000000.0,3.8780492582599906,-2.6561537510955024,8.50733453874136,-2.730421715000127,3.877498105673595,-2.656162657026718
1884000000.0,3.8776157637825386,-2.654953858655531,8.503248607125652,-2.7228312226319247,3.8770645741205643,-2.654962717913369
1885000000.0,3.877182842464085,-2.6537552005508336,8.507803545448091,-2.724869501686283,3.876631690826158,-2.653764064318367
1886000000.0,3.8767504931134957,-2.6525577749524025,8.50294283351278,-2.722616473564291,3.8761993080606696,-2.652566629754327
1887000000.0,3.8763187145426943,-2.651361580034661,8.509904203950464,-2.7170700169231448,3.87576757120085,-2.651370383558276
1888000000.0,3.875887505566652,-2.650166613975454,8.509445990955786,-2.713379816289946,3.8753363564234515,-2.6501753913340926
1889000000.0,3.87545686500338,-2.6489728749560424,8.510431345454144,-2.7130374107693496,3.8749057255278307,-2.6489816465734948
1890000000.0,3.875026791673915,-2.6477803611610917,8.513802299653968,-2.707490746344101,3.8744756694110274,-2.6477890875072525
1891000000.0,3.8745972844023187,-2.6465890707786706,8.510446421015377,-2.712626879592683,3.8740461513634217,-2.6465978360692692
1892000000.0,3.8741683420156603,-2.645399002000237,8.511199554715013,-2.708577720220039,3.8736172108280122,-2.6454077366380564
1893000000.0,3.8737399633440144,-2.6442101530206346,8.517741906423183,-2.7040754599805323,3.8731888727715402,-2.6442188441891408
1894000000.0,3.8733121472204455,-2.6430225220380823,8.518393362079975,-2.6993817479242868,3.8727610567189292,-2.6430311783107556
1895000000.0,3.8728848924810038,-2.64183610725417,8.515613970942953,-2.7027655008864033,3.8723337921768355,-2.641844789552973
1896000000.0,3.872458197964714,-2.640650906873847,8.514793166688742,-2.6978966991441995,3.871907087375323,-2.6406595555536354
1897000000.0,3.8720320625135676,-2.6394669191054194,8.532623946629077,-2.6900156727228572,3.8714810640080866,-2.6394754822599404
1898000000.0,3.8716064849725123,-2.638284142160537,8.521490558440355,-2.6907324129483547,3.8710554150791596,-2.6382927271600853
1899000000.0,3.8711814641894455,-2.6371025742541914,8.520040067795929,-2.6925099796561534,3.8706303908566912,-2.637111172086301
1900000000.0,3.870756999015203,-2.6359222136047027,8.527613795624449,-2.6912335423588245,3.8702059787702536,-2.6359307882585825
1901000000.0,3.8703330883035503,-2.6347430584337177,8.522560631297674,-2.6888460677610273,3.8697820330000225,-2.634751623507762
1902000000.0,3.869909730911177,-2.6335651069661985,8.530727365537716,-2.682841989066787,3.8693587248192163,-2.6335736155509513
1903000000.0,3.869486925697684,-2.6323883574304188,8.527922019732557,-2.685381087824359,3.8689359081638357,-2.632396886335026
1904000000.0,3.869064671525577,-2.63121280805795,8.536909326877224,-2.683024185815255,3.8685137149464515,-2.631221304030247
1905000000.0,3.868642967260258,-2.6300384570836624,8.535658068884526,-2.682332621020385,3.868092004431029,-2.6300469486835043
1906000000.0,3.8682218117700145,-2.6288653027457096,8.53875743382174,-2.6794180471331384,3.867670868709149,-2.62887376747577
1907000000.0,3.867801203926014,-2.627693343285528,8.541820572227472,-2.6788810811075563,3.867250284373327,-2.627701797466572
1908000000.0,3.8673811426022917,-2.626522576947826,8.540972065495705,-2.673393319760357,3.866830211499584,-2.6265309932740113
1909000000.0,3.866961626675746,-2.625353001980575,8.545218501393215,-2.672624485461326,3.866410726786925,-2.625361404185286
1910000000.0,3.8665426550261257,-2.6241846166350067,8.541522687184255,-2.6725491571241444,3.8659917331762443,-2.6241930227808545
1911000000.0,3.8661242265360256,-2.623017419165602,8.546894253365956,-2.6668784308179445,3.865573335374747,-2.623025775764028
1912000000.0,3.865706340090875,-2.621851407830087,8.550679568725727,-2.66886567818258,3.865155481609098,-2.6218597699434363
1913000000.0,3.8652889945789295,-2.620686580889421,8.553644335737493,-2.666758892502402,3.8647381562986762,-2.6206949218774853
1914000000.0,3.8648721888912645,-2.619522936607795,8.554202397011721,-2.6626039255491762,3.8643213509050867,-2.6195312464807845
1915000000.0,3.864455921921766,-2.6183604732526202,8.55619444656466,-2.6671626630897607,3.8639051086422236,-2.618368809259387
1916000000.0,3.8640401925671206,-2.617199189094523,8.564385573677985,-2.6571773781744166,3.8634894220834504,-2.617207441273005
1917000000.0,3.863624999726808,-2.616039082407337,8.561673984202578,-2.6583123820615806,3.863074216000741,-2.616047345166727
1918000000.0,3.8632103423030952,-2.614880151468096,8.559270033246017,-2.6539066792755053,3.8626595381554,-2.614888386346717
1919000000.0,3.8627962192010235,-2.613722394557028,8.566613850533052,-2.6508138164084287,3.8622454635958365,-2.6137305942073246
1920000000.0,3.8623826293284047,-2.612565809957545,8.56376879628078,-2.6504713751901408,3.861831857077323,-2.6125740102941597
1921000000.0,3.86196957159581,-2.6114103959562396,8.571081802361794,-2.6481597139583095,3.8614188489925807,-2.611418566468679
1922000000.0,3.861557044916562,-2.6102561508428765,8.574502817755162,-2.6480200062118766,3.861006348936092,-2.6102643129368133
1923000000.0,3.8611450482067298,-2.6091030729103832,8.57764200753115,-2.648578979655066,3.860594378085898,-2.609111231850083
1924000000.0,3.8607335803851157,-2.6079511604548475,8.576142132971853,-2.643972936385516,3.860182895679585,-2.6079592886006826
1925000000.0,3.860322640373251,-2.606800411775507,8.582170764934943,-2.639700571902028,3.8597719932495163,-2.606808498806967
1926000000.0,3.8599122270953856,-2.6056508251747426,8.58130890626733,-2.635948640015735,3.859361571179958,-2.6056588861909136
1927000000.0,3.859502339478482,-2.604502398958073,8.585904088412398,-2.6423384305464928,3.8589517291633,-2.6045104943719655
1928000000.0,3.8590929764522057,-2.603355131434146,8.591979336057863,-2.63197921864923,3.8585423938723746,-2.6033631439011864
1929000000.0,3.8586841369489173,-2.6022090209147333,8.587816435958068,-2.631919590272828,3.8581335291018974,-2.602217038210993
1930000000.0,3.858275819903666,-2.601064065714721,8.596555542398924,-2.629585850546314,3.8577252714985355,-2.601072050647875
1931000000.0,3.857868024254179,-2.599920264152106,8.595124446492763,-2.634674314279241,3.857317477920916,-2.5999282846666762
1932000000.0,3.857460748940855,-2.598777614547987,8.598347926211277,-2.629182809557518,3.8569102189273163,-2.5987855902637094
1933000000.0,3.857053992906759,-2.5976361152265577,8.600843590944221,-2.629230047978852,3.8565034834775362,-2.5976440853681626
1934000000.0,3.856647755097609,-2.596495764515101,8.608802348705547,-2.6220981304485593,3.8560972917607685,-2.5965036706680067
1935000000.0,3.8562420344617716,-2.5953565607439795,8.605387336027826,-2.620645157235263,3.8556915486193413,-2.59536446090439
1936000000.0,3.855836829950254,-2.5942185022466333,8.610503761714334,-2.6214393040012314,3.855286383936526,-2.594226397583626
1937000000.0,3.855432140516695,-2.5930815873595696,8.61188493781292,-2.619117257355243,3.8548817034738185,-2.5930894627177867
1938000000.0,3.8550279651173596,-2.591945814422356,8.619587832356244,-2.614962759155754,3.854477577409858,-2.591953646650538
1939000000.0,3.854624302711128,-2.590811181777615,8.617961114335985,-2.6133628581440806,3.8540739045142813,-2.590819004008732
1940000000.0,3.8542211522594894,-2.589677687771018,8.624480560805909,-2.6084978083174883,3.8536707940910584,-2.5896854639573204
1941000000.0,3.8538185127265345,-2.5885453307512765,8.623180668779074,-2.6114049695786634,3.8532681538339384,-2.5885531273665445
1942000000.0,3.85341638307895,-2.587414109070137,8.630323121698357,-2.6076817541112107,3.852866070412446,-2.58742186644893
1943000000.0,3.853014762286005,-2.586284021082371,8.63297528209502,-2.611521895395542,3.8524644776057984,-2.586291798715454
1944000000.0,3.8526136493195495,-2.585155065145774,8.636365265817767,-2.6057873807553698,3.852063381725002,-2.5851627959780483
1945000000.0,3.8522130431540047,-2.584027239621155,8.636295431616936,-2.6047541909596594,3.851662776696197,-2.5840349617464424
1946000000.0,3.8518129427663528,-2.58290054287233,8.6458020248048,-2.6018506387269684,3.8512627401887998,-2.5829082274548316
1947000000.0,3.8514133471361336,-2.5817749732661164,8.647336208545568,-2.6010427639568277,3.8508631571008642,-2.5817826480166888
1948000000.0,3.8510142552454356,-2.5806505291723263,8.648912286277843,-2.5993365867136546,3.8504640765411633,-2.580658187840714
1949000000.0,3.8506156660788866,-2.579527208963759,8.651244455745285,-2.598122200972717,3.8500655047261096,-2.5795348536731315
1950000000.0,3.8502175786236474,-2.5784050110161942,8.655051996107218,-2.596701296276807,3.8496674444311134,-2.578412637887447
1951000000.0,3.8498199918694076,-2.577283933708388,8.655099711462128,-2.5919316250016364,3.8492698533793863,-2.577291525956123
1952000000.0,3.849422904808372,-2.5761639754220647,8.660311134218324,-2.5913503321650517,3.8488728045437584,-2.5761715532692304
1953000000.0,3.8490263164352587,-2.5750451345419076,8.662899844091221,-2.5915362868669534,3.84847623761912,-2.575052707643602
1954000000.0,3.848630225747288,-2.5739274094555578,8.67334789022313,-2.5892244510681612,3.8480802183474254,-2.573934947532834
1955000000.0,3.8482346317441776,-2.5728107985536033,8.671997579602401,-2.5913361832893766,3.847684621865978,-2.5728183517106546
1956000000.0,3.8478395334281346,-2.571695300229575,8.669763205068522,-2.585528504292166,3.847289501802345,-2.5717028153909904
1957000000.0,3.8474449298038462,-2.570580912879939,8.676158052293264,-2.583491809854308,3.8468949421442136,-2.570588401655303
1958000000.0,3.8470508198784765,-2.5694676349040906,8.68307675533629,-2.585690183699713,3.84650088684727,-2.569475125609771
1959000000.0,3.8466572026616546,-2.5683554647043483,8.681043285924563,-2.5835751218254246,3.846107255398295,-2.5683629425052446
1960000000.0,3.846264077165472,-2.567244400685946,8.682307205109991,-2.582382097170771,3.845714139921725,-2.5672518664531303
1961000000.0,3.84587144240447,-2.566134441257028,8.688167353619633,-2.578993307775947,3.845321543207996,-2.566141872215423
1962000000.0,3.84547929739564,-2.565025584828643,8.692848931166598,-2.577546728685717,3.8449294313575284,-2.565032996324752
1963000000.0,3.8450876411584085,-2.5639178298147347,8.694183445757538,-2.5789793809164294,3.8445377899854005,-2.563925247262827
1964000000.0,3.8446964727146344,-2.5628111746321394,8.694845298998153,-2.5749545909254437,3.844146622700757,-2.5628185615201415
1965000000.0,3.844305791088601,-2.5617056177005777,8.701495827634181,-2.5743767280600376,3.8437559892578532,-2.561712987849814
1966000000.0,3.8439155953070108,-2.560601157442648,8.708347980538301,-2.573803141301409,3.843365843066034,-2.560608510555903
1967000000.0,3.8435258843989732,-2.5594977922838194,8.709819045707082,-2.569625221749166,3.842976138646912,-2.5595051124242376
1968000000.0,3.8431366573960033,-2.5583955206524283,8.715394947903867,-2.569891837135053,3.842586953832378,-2.558402831676235
1969000000.0,3.8427479133320115,-2.55729434097967,8.709396117326635,-2.5692924417340994,3.8421981706439383,-2.5573016561119757
1970000000.0,3.842359651243299,-2.5561942516995932,8.719382393467322,-2.5667381820647734,3.8418099764996088,-2.556201530934199
1971000000.0,3.841971870168547,-2.555095251249091,8.72029069015836,-2.564112909626865,3.841422200601244,-2.555102509150003
1972000000.0,3.8415845691488135,-2.5539973380678997,8.720972554588222,-2.565754912066331,3.8410349102671613,-2.554004604468081
1973000000.0,3.841197747227526,-2.552900510598589,8.725550921377156,-2.564068538384964,3.8406481204125535,-2.5529077560632687
1974000000.0,3.8408114034504712,-2.551804767286557,8.731403171651781,-2.560369550665536,3.8402618141697364,-2.551811975806692
1975000000.0,3.8404255368657934,-2.550710106580023,8.731051952586677,-2.562800939135742,3.839875952433507,-2.5507173307697952
1976000000.0,3.8400401465239824,-2.549616526930024,8.736609984246233,-2.558057586936285,3.839490595870063,-2.549623707448822
1977000000.0,3.8396552314778707,-2.548524026790404,8.738327356821088,-2.558662772895771,3.8391056969307193,-2.5485312069430863
1978000000.0,3.8392707907826247,-2.5474326046178115,8.738511988678017,-2.5570481239102856,3.8387212580753567,-2.5474397716063066
1979000000.0,3.8388868234957387,-2.5463422588716953,8.741697423342993,-2.559213554575085,3.8383373196138666,-2.546349433845887
1980000000.0,3.8385033286770267,-2.5452529880142896,8.750457968576951,-2.5563328129690643,3.8379538838002873,-2.5452601268900077
1981000000.0,3.8381203053886184,-2.5441647905106204,8.75163042955176,-2.5545897156604473,3.8375708689614245,-2.5441719136977765
1982000000.0,3.8377377526949505,-2.543077664828487,8.755592156263948,-2.5512283262264943,3.8371883413219203,-2.5430847565266905
1983000000.0,3.8373556696627595,-2.5419916094384667,8.760253895408392,-2.5506992341802484,3.836806292869234,-2.541998688071483
1984000000.0,3.836974055361078,-2.5409066228139,8.759979081632183,-2.5537581007403656,3.836424684939317,-2.540913721350464
1985000000.0,3.836592908861224,-2.539822703430892,8.764404473382628,-2.5505947329534773,3.8360435670313575,-2.539829771082671
1986000000.0,3.8362122292367977,-2.5387398497682994,8.766148454946558,-2.5478862924855923,3.835662898207542,-2.53874689410691
1987000000.0,3.835832015563673,-2.53765806030773,8.767125349391657,-2.5464586864342587,3.835282692142795,-2.537665091457437
1988000000.0,3.835452266919991,-2.5365773335335335,8.77391535246372,-2.5475749282440407,3.834902995519146,-2.5365843594950297
1989000000.0,3.8350729823861562,-2.5354976679327983,8.774741461755793,-2.5421122836198244,3.834523710887597,-2.5355046530350487
1990000000.0,3.8346941610448257,-2.534419061995343,8.779065901536754,-2.543170393336742,3.8341449244172963,-2.534426045581984
1991000000.0,3.834315801980905,-2.53334151421371,8.78599074145261,-2.545505746300026,3.8337666203269967,-2.5333485008442103
1992000000.0,3.8339379042815422,-2.5322650230831636,8.78574021581864,-2.5406197512626134,3.8333887160317777,-2.532271974607745
1993000000.0,3.8335604670361203,-2.53118958710168,8.78720649362328,-2.540303744516982,3.83301129160609,-2.531196532321574
1994000000.0,3.8331834893362497,-2.530115204769943,8.788937901818132,-2.5398744222835727,3.8326343283720807,-2.5301221424638927
1995000000.0,3.8328069702757657,-2.5290418745913383,8.795242200305324,-2.5365263999896843,3.8322578506287575,-2.5290487770139527
1996000000.0,3.8324309089507187,-2.527969595071947,8.793492847291237,-2.537006305184204,3.831881781162399,-2.5279765020014344
1997000000.0,3.832055304459367,-2.5268983647205405,8.792826966233717,-2.534182165444343,3.8315061705838667,-2.526905251491495
1998000000.0,3.831680155902175,-2.525828182048574,8.797412446298852,-2.535144696393019,3.8311310585434506,-2.5258350662288995
1999000000.0,3.8313054623818017,-2.524759045570181,8.8041833121818,-2.533456332081217,3.8307564123131908,-2.5247659052055673
2000000000.0,3.830931223003098,-2.5236909538021672,8.804277383922678,-2.532310171790787,3.830382174868124,-2.5236978036435227
