f_Hz,teorico_re,teorico_im,"Medido (simplificado, 3 patrones)_re","Medido (simplificado, 3 patrones)_im","Medido (completo, 4 patrones)_re","Medido (completo, 4 patrones)_im"
1000000.0,81.90815165378257,-0.005177353801393363,74.89125981296793,-364.67641802730196,136.70013966745347,-128.99770033303278
2000000.0,81.90815060263684,-0.010354707460512324,73.81606784011171,-183.37795387878856,121.94673795038199,-126.91188795155558
3000000.0,81.90814885072733,-0.015532060835082493,77.05878125425994,-122.50805224351534,83.92031388965201,-110.3722869062181
4000000.0,81.90814639805419,-0.020709413782829506,78.27127323423743,-93.90842766991335,84.59589383232682,-93.14225849263543
5000000.0,81.90814324461749,-0.025886766161479037,78.56675198072884,-75.14683081045942,78.25947294434141,-75.38892405245349
6000000.0,81.90813939041745,-0.03106411782875682,79.45668513258695,-62.57105397673837,78.4764073371737,-64.44993175733849
7000000.0,81.90813483545426,-0.03624146864238864,79.95566627421644,-53.28428830555465,78.3348116740909,-57.14026792208269
8000000.0,81.90812957972817,-0.041418818460100364,80.23664435871258,-46.92266974654584,78.64671843379416,-50.4501089188241
9000000.0,81.90812362323949,-0.04659616713961797,80.43052524159712,-41.52688881948501,79.1990826757758,-45.354513676076664
10000000.0,81.90811696598853,-0.051773514538667506,80.73914859615596,-37.72758266217997,78.97297624166423,-41.01311423962801
11000000.0,81.90810960797565,-0.05695086051497518,80.84401042457756,-34.3777756487618,80.02005768583082,-37.45200257775241
12000000.0,81.90810154920126,-0.062128204926267284,81.11809153054583,-31.287188741518854,80.90547894502595,-34.654172888834125
13000000.0,81.9080927896658,-0.06730554763027026,81.31577447938858,-28.914984497934277,80.73082457694488,-32.248133634676485
14000000.0,81.90808332936977,-0.07248288848471077,81.51353544787858,-27.142106152467854,80.85126219241883,-30.72608454976727
15000000.0,81.90807316831368,-0.07766022734731558,81.66202115036558,-25.241539288697897,81.50789379159943,-29.13523215708943
16000000.0,81.9080623064981,-0.08283756407581164,81.65544168773985,-23.80427708551744,82.0014707316982,-27.085476128587146
17000000.0,81.90805074392358,-0.08801489852792609,82.00685091402818,-22.420957673044725,81.92939394856464,-26.05844847103011
18000000.0,81.9080384805908,-0.09319223056138635,81.94348749062455,-21.218895915052688,81.93083607124842,-24.465049833755934
19000000.0,81.90802551650044,-0.09836956003392,82.06766370201056,-20.117585493448857,82.16767908681732,-23.181804434480146
20000000.0,81.90801185165317,-0.10354688680325483,82.1272491665558,-19.10513908727096,82.52191624711878,-22.1940752734778
21000000.0,81.9079974860498,-0.10872421072711898,82.19449801675083,-18.15123317528342,82.71545181218696,-21.1297550041049
22000000.0,81.90798241969105,-0.11390153166324073,82.22523249619935,-17.27892494889436,82.91770147046066,-20.20725247038033
23000000.0,81.90796665257778,-0.11907884946934866,82.0644738671062,-16.671372090505447,82.65666236450578,-19.298618140813183
24000000.0,81.90795018471088,-0.12425616400317176,82.18938119889214,-15.85443978223757,82.88478574796402,-18.629068043495383
25000000.0,81.90793301609123,-0.12943347512243916,82.29322871219955,-15.17246016130757,83.19834981332896,-17.809990801709066
26000000.0,81.90791514671977,-0.13461078268488033,82.3413932995346,-14.765611754201885,83.22078826568371,-17.267944647899863
27000000.0,81.9078965765975,-0.13978808654822517,82.22666768245575,-14.15425951251998,83.18715991022215,-16.53913662821193
28000000.0,81.90787730572544,-0.14496538657020383,82.39812825680059,-13.678004163517958,83.54537475077534,-15.871297497325342
29000000.0,81.90785733410463,-0.15014268260854688,82.42505288174371,-13.194215853483492,83.51815896761701,-15.465059656068995
30000000.0,81.90783666173616,-0.1553199745209851,82.41373097722182,-12.809864549113687,83.38636023224028,-15.041268638872474
31000000.0,81.90781528862121,-0.16049726216524984,82.64503197833416,-12.33804723748333,83.91108087735475,-14.71880998691177
32000000.0,81.90779321476091,-0.16567454539907275,82.56541546903416,-11.961742611714229,83.75282820332224,-14.17673741956607
33000000.0,81.90777044015651,-0.17085182408018587,82.49887033678323,-11.681253747666632,83.74862234472654,-13.740525824018057
34000000.0,81.90774696480923,-0.1760290980663217,82.60374227862934,-11.320628461215978,83.94839861614777,-13.327790720749157
35000000.0,81.90772278872039,-0.1812063672152131,82.55235451846296,-10.974919781999217,83.82900863716411,-12.922464917887067
36000000.0,81.90769791189129,-0.18638363138459346,82.63656954679453,-10.666711605312466,83.9151275364212,-12.671331190563865
37000000.0,81.9076723343233,-0.1915608904321966,82.61308946301966,-10.34341970017668,84.04471450861605,-12.18640978672405
38000000.0,81.90764605601785,-0.19673814421575675,82.63311226813853,-10.155714907816659,83.97539993364077,-11.924927044677974
39000000.0,81.90761907697636,-0.20191539259300872,82.68516528111577,-9.847265961150368,84.09749394589,-11.53928424724874
40000000.0,81.90759139720033,-0.20709263542168774,82.66067171237519,-9.649347046786232,84.05541867537958,-11.375404820968978
41000000.0,81.90756301669128,-0.21226987255952962,82.72115650781578,-9.39127927931901,84.16763241906443,-11.159293606312259
42000000.0,81.90753393545074,-0.21744710386427052,82.69564156335339,-9.207463642892849,84.12267057367558,-10.862633517361386
43000000.0,81.90750415348036,-0.22262432919364739,82.74144283963605,-9.016904351086396,84.25531648332054,-10.639390677291782
44000000.0,81.90747367078173,-0.2278015484053975,82.76028554742788,-8.827678526806238,84.24512802328282,-10.406043478380381
45000000.0,81.90744248735655,-0.23297876135725884,82.68744016292132,-8.543415091611779,84.18526487702827,-9.99368611970376
46000000.0,81.90741060320653,-0.2381559679069699,82.70525027842984,-8.457899728805572,84.22872738322634,-9.919012748955453
47000000.0,81.9073780183334,-0.24333316791226972,82.64447367309097,-8.20397273288299,84.13664562597079,-9.593551769042534
48000000.0,81.907344732739,-0.2485103612308981,82.68056471106992,-8.01270137126493,84.22495998061488,-9.35495502226963
49000000.0,81.90731074642513,-0.25368754772059515,82.72595280253095,-7.860510883895687,84.24189472585772,-9.220366064889767
50000000.0,81.90727605939364,-0.258864727239102,82.74079350921268,-7.746605140525857,84.30091810566017,-9.013210042203903
51000000.0,81.90724067164643,-0.2640418996441599,82.72992627279125,-7.6052288702914135,84.29378374833227,-8.866090077474958
52000000.0,81.90720458318552,-0.2692190647935115,82.7213452241682,-7.4343217167081175,84.31221643014123,-8.63058520715209
53000000.0,81.90716779401282,-0.2743962225448993,82.76430932361254,-7.315618152276124,84.343605316236,-8.507203852755872
54000000.0,81.90713030413038,-0.27957337275606714,82.7798540817191,-7.180526455296685,84.3917162326515,-8.352298647843737
55000000.0,81.90709211354024,-0.28475051528475903,82.75891786958543,-7.013869542273712,84.35128041406911,-8.111088643333774
56000000.0,81.90705322224451,-0.28992764998872,82.80252050052644,-6.88259269602147,84.3941203372753,-7.965387550183725
57000000.0,81.90701363024536,-0.29510477672569585,82.81169720909483,-6.857282737695258,84.40070174283223,-7.955999175372237
58000000.0,81.90697333754491,-0.30028189535343275,82.84514268883729,-6.7128489120464305,84.48881906486675,-7.7151470757294245
59000000.0,81.90693234414543,-0.305459005729678,82.79457252017068,-6.548143792051335,84.44121831543744,-7.529759989438676
60000000.0,81.90689065004912,-0.3106361077121794,82.82467955788353,-6.511165833482035,84.4901389503448,-7.50209407218303
61000000.0,81.9068482552583,-0.31581320115868566,82.83631974337533,-6.415063609239129,84.50653448535283,-7.351814875493824
62000000.0,81.90680515977529,-0.32099028592694623,82.85184520501883,-6.326478762832914,84.50950893874611,-7.256361901295276
63000000.0,81.90676136360247,-0.3261673618747114,82.87280694688879,-6.2072699999638505,84.5314157404047,-7.0980393616189925
64000000.0,81.90671686674224,-0.3313444288597321,82.85293166194776,-6.143441466410656,84.48812391661399,-7.009445201582652
65000000.0,81.90667166919704,-0.33652148673976023,82.88292443778882,-6.0330148861363995,84.55752224514897,-6.880213220843979
66000000.0,81.90662577096937,-0.34169853537254863,82.86402320900551,-5.953281005054922,84.53427010720253,-6.768242032896007
67000000.0,81.90657917206174,-0.34687557461585067,82.87358895131824,-5.881348765595561,84.5254100577908,-6.670849369858374
68000000.0,81.90653187247672,-0.35205260432742086,82.87948555706745,-5.779685666673587,84.55265921900224,-6.5423965484155895
69000000.0,81.9064838722169,-0.3572296243650144,82.88167146193804,-5.733701856451291,84.55186897336402,-6.47239486571825
70000000.0,81.90643517128493,-0.3624066345863876,82.90957888508947,-5.609947507663074,84.57280470053536,-6.3010965948208915
71000000.0,81.90638576968345,-0.3675836348492974,82.94769312307609,-5.574991940597205,84.66309322119673,-6.267098919829236
72000000.0,81.90633566741522,-0.3727606250115018,82.94096105296937,-5.5123251959655475,84.62943556004636,-6.197759779850258
73000000.0,81.90628486448297,-0.37793760493075973,82.9063173774012,-5.468496257140647,84.57756672736603,-6.129573679317735
74000000.0,81.9062333608895,-0.3831145744648311,82.92233370643997,-5.410771420806587,84.61067580848055,-6.046955737967713
75000000.0,81.90618115663764,-0.38829153347147655,82.9402121213717,-5.295151100523748,84.63294085771612,-5.8822991494931465
76000000.0,81.90612825173025,-0.3934684818084579,82.91188183801938,-5.259945202676032,84.58546182859916,-5.846556573619161
77000000.0,81.90607464617024,-0.398645419333538,82.89978718464452,-5.175014086612417,84.57522702414641,-5.722942371114368
78000000.0,81.90602033996058,-0.40382234590448046,82.94426188954175,-5.098309894848281,84.6418268573903,-5.612052250568219
79000000.0,81.90596533310423,-0.40899926137905007,82.93909467868836,-5.041413116691891,84.62624907800085,-5.531770426395567
80000000.0,81.9059096256042,-0.4141761656150124,82.93315415270733,-4.966234800289883,84.62215346405678,-5.434164455049519
81000000.0,81.90585321746359,-0.41935305847013454,82.93605751366694,-4.889778425324594,84.62390743580842,-5.322166762444975
82000000.0,81.90579610868546,-0.42452993980218406,82.94942110025268,-4.866931305324588,84.65574403454065,-5.295553893895548
83000000.0,81.90573829927298,-0.42970680946892986,82.95762096990774,-4.794118117929284,84.64873616706964,-5.173120281574408
84000000.0,81.90567978922931,-0.434883667328142,82.97152575229825,-4.773321223986463,84.67341072307912,-5.155793026136817
85000000.0,81.90562057855767,-0.44006051323759143,82.96313928065771,-4.699727719473182,84.64366157110949,-5.067345480199944
86000000.0,81.90556066726133,-0.4452373470550503,82.98450556656886,-4.652648512379535,84.68889896940195,-5.000974986164437
87000000.0,81.90550005534355,-0.4504141686382918,82.97090520291619,-4.618010972913634,84.64934449080756,-4.93945838681162
88000000.0,81.90543874280768,-0.4555909778450903,82.97521538337996,-4.547541917313938,84.66307615874808,-4.856300754826091
89000000.0,81.90537672965706,-0.4607677745332211,82.98627696276365,-4.528085366012508,84.67546857466583,-4.823151606960789
90000000.0,81.90531401589517,-0.46594455856046113,82.93892497042312,-4.467659103341891,84.59467903563154,-4.752661362216384
91000000.0,81.90525060152538,-0.47112132978458793,82.97695689907738,-4.446648229659772,84.65384881007456,-4.707366157528896
92000000.0,81.90518648655123,-0.4762980880633808,83.01120768270951,-4.405181353210403,84.70365414247442,-4.619089532378306
93000000.0,81.90512167097621,-0.4814748332546195,83.00295356570106,-4.375867903213367,84.68487600979289,-4.606635867072767
94000000.0,81.90505615480389,-0.4866515652160855,83.02281147655414,-4.353804211237819,84.72473680405106,-4.557757203767193
95000000.0,81.90498993803786,-0.4918282838055613,83.00690252661497,-4.28002395710721,84.68660534944165,-4.465442894779528
96000000.0,81.90492302068178,-0.49700498888083094,83.02497875955787,-4.2447771374632834,84.70856023438876,-4.39669526241389
97000000.0,81.90485540273932,-0.502181680299679,83.0025105871846,-4.219798296017932,84.68076772440908,-4.380782964048257
98000000.0,81.90478708421418,-0.5073583579198921,83.01818633722795,-4.2106577520459485,84.72264812750569,-4.365067883051569
99000000.0,81.90471806511013,-0.5125350215992579,83.01396969087536,-4.142803736168802,84.68948561599946,-4.2675049537701915
100000000.0,81.90464834543097,-0.5177116711955647,83.03918988700357,-4.1152009622402135,84.7267564252904,-4.2213711920833195
101000000.0,81.9045779251805,-0.5228883065666028,83.03693319394058,-4.07413074341147,84.71971777734127,-4.159517426772987
102000000.0,81.90450680436265,-0.5280649275701639,83.01596446311086,-4.054247906806112,84.69158206409041,-4.145545567106342
103000000.0,81.90443498298126,-0.5332415340640404,83.04772148413367,-4.00300713821685,84.72071628931911,-4.063256876699979
104000000.0,81.90436246104032,-0.5384181259060264,83.04865499394019,-3.9870313396606067,84.73232442724611,-4.032600209596763
105000000.0,81.9042892385438,-0.5435947029539173,83.05250725583876,-3.927617475899143,84.71713242678435,-3.9407574659974616
106000000.0,81.90421531549572,-0.5487712650655099,83.02360643030254,-3.9138965528367016,84.69148202783965,-3.938368712560005
107000000.0,81.90414069190015,-0.5539478120986022,83.03913365366739,-3.898931859017396,84.70796422025761,-3.904510574086085
108000000.0,81.90406536776119,-0.5591243439109939,83.0434705635172,-3.8589655186124716,84.70877966031024,-3.842897598852993
109000000.0,81.90398934308297,-0.5643008603604857,83.07018016322112,-3.821647597826293,84.72935342037208,-3.7754364055301672
110000000.0,81.90391261786968,-0.5694773613048798,83.06776067272827,-3.810108286205716,84.74000683111315,-3.7604302990045446
111000000.0,81.90383519212554,-0.5746538466019802,83.08204506850181,-3.7454689257278053,84.73039251379944,-3.661551656358401
112000000.0,81.90375706585478,-0.5798303161095918,83.0947405062448,-3.766183341272077,84.77144767711431,-3.6813055757548137
113000000.0,81.90367823906172,-0.5850067696855213,83.07436325020292,-3.709726017489165,84.72621672478513,-3.6118861841604035
114000000.0,81.90359871175067,-0.5901832071875769,83.08553760423726,-3.6858027427392392,84.73797934321672,-3.5784507237660885
115000000.0,81.90351848392604,-0.5953596284735678,83.09286846478085,-3.6812223652312706,84.75394648044893,-3.5502575324750296
116000000.0,81.90343755559219,-0.6005360334013052,83.1170953630842,-3.6386447911175077,84.78006230418836,-3.4800962360264744
117000000.0,81.90335592675356,-0.6057124218286014,83.13652391544552,-3.617084801430605,84.79853400180247,-3.44260621067731
118000000.0,81.90327359741471,-0.6108887936132709,83.10647576761404,-3.6280292827018803,84.779868671238,-3.467034291672397
119000000.0,81.90319056758008,-0.6160651486131287,83.11150682737414,-3.615134468104964,84.77364194505586,-3.432188254105058
120000000.0,81.90310683725427,-0.621241486685992,83.12182069865322,-3.5699831582669908,84.78428408305605,-3.371996938216157
121000000.0,81.9030224064419,-0.6264178076896797,83.12201434775108,-3.567600612986066,84.78701988551975,-3.3688601362283697
122000000.0,81.90293727514758,-0.6315941114820116,83.09899246974145,-3.551535292336951,84.75609969581713,-3.355760253382949
123000000.0,81.902851443376,-0.6367703979208099,83.1086419053422,-3.5211043688594317,84.7561386071657,-3.3006090982607583
124000000.0,81.90276491113187,-0.6419466668638979,83.11376819356005,-3.497977774017147,84.74599513290043,-3.264142622576419
125000000.0,81.90267767841993,-0.6471229181691001,83.10129112238731,-3.460446187522637,84.7221247416249,-3.20835352334758
126000000.0,81.90258974524501,-0.6522991516942435,83.08130833559582,-3.4293636421987705,84.6934133459567,-3.178511557822022
127000000.0,81.90250111161193,-0.6574753672971562,83.10366100976252,-3.418545020685471,84.71507859004511,-3.1447519323433406
128000000.0,81.90241177752553,-0.6626515648356678,83.08642793054541,-3.396148155381169,84.68976215664178,-3.1229524742454586
129000000.0,81.90232174299076,-0.6678277441676103,83.07819587440969,-3.361433752911431,84.66757743537791,-3.068921698853265
130000000.0,81.90223100801254,-0.6730039051508163,83.12020344077925,-3.3463231396351407,84.71998926596504,-3.018017905709931
131000000.0,81.90213957259586,-0.6781800476431211,83.10265358825775,-3.2966538121434135,84.67019823005188,-2.960523508975928
132000000.0,81.90204743674576,-0.683356171502361,83.1054467683,-3.3062036602993055,84.68872803104463,-2.9642151785917736
133000000.0,81.90195460046728,-0.6885322765863743,83.08173027683536,-3.30143257435869,84.66742863777418,-2.968967432032942
134000000.0,81.90186106376555,-0.6937083627530011,83.12989454780492,-3.2593834153082817,84.70705043125348,-2.878477944314055
135000000.0,81.90176682664567,-0.6988844298600828,83.0967547875761,-3.2611131587781914,84.6726108581604,-2.887846473131062
136000000.0,81.90167188911286,-0.704060477765463,83.10822138638058,-3.2338081786937174,84.67320038017533,-2.845307042576624
137000000.0,81.9015762511723,-0.7092365063269868,83.10698969652658,-3.2247333633765494,84.67198334236166,-2.8349904693685457
138000000.0,81.90147991282927,-0.7144125154025014,83.11057426139482,-3.1952133751872687,84.66475689091337,-2.780651058397949
139000000.0,81.90138287408907,-0.7195885048498556,83.11333889409798,-3.1798929929368915,84.65944379359202,-2.7560370747080847
140000000.0,81.90128513495699,-0.7247644745268996,83.1080701170629,-3.1548556979537836,84.64210785511274,-2.7179645321708814
141000000.0,81.90118669543844,-0.729940424291486,83.11981767496728,-3.1525400384242723,84.66383234773032,-2.7109493026052647
142000000.0,81.90108755553881,-0.7351163540014689,83.12767506868077,-3.1472740023357457,84.6797930814574,-2.68912601766899
143000000.0,81.90098771526355,-0.7402922635147042,83.12172543319134,-3.099960173557703,84.63840485882596,-2.6228940045217555
144000000.0,81.90088717461818,-0.7454681526890503,83.11739133292338,-3.1102525009457325,84.65053448143675,-2.634238241143474
145000000.0,81.90078593360815,-0.7506440213823662,83.13100203341108,-3.1061656889550653,84.66844501221094,-2.6121204847342514
146000000.0,81.9006839922391,-0.7558198694525142,83.12647288012171,-3.0650565253867597,84.64022513295282,-2.5562675446040095
147000000.0,81.90058135051657,-0.7609956967573572,83.09737229558375,-3.062883044740539,84.60467415430473,-2.569660208825685
148000000.0,81.90047800844624,-0.766171503154761,83.13225378073487,-3.041582825752893,84.63962678169517,-2.5126445562809248
149000000.0,81.90037396603378,-0.7713472885025928,83.11154070466463,-3.02631245435435,84.6051223799694,-2.5001710614268307
150000000.0,81.9002692232849,-0.7765230526587217,83.13457668376438,-3.0242284354189355,84.63498065275294,-2.4772405464149436
151000000.0,81.90016378020535,-0.7816987954810191,83.14081563155116,-3.013164000837417,84.64293020360886,-2.4502308885011734
152000000.0,81.90005763680092,-0.7868745168273579,83.11281470433399,-2.9962947947980894,84.59846789805434,-2.444126019114737
153000000.0,81.89995079307747,-0.7920502165556135,83.14076601157302,-2.9886949580297038,84.63049892722424,-2.4091673342544637
154000000.0,81.89984324904083,-0.7972258945236628,83.13524455727865,-2.9697612698034663,84.61141559639114,-2.380135134572349
155000000.0,81.89973500469694,-0.8024015505893848,83.13648348364205,-2.9363449309015186,84.59685615197968,-2.3243406189415827
156000000.0,81.89962606005174,-0.8075771846106609,83.1439561226462,-2.9435501216445696,84.6073877357491,-2.3285065289415066
157000000.0,81.8995164151112,-0.8127527964453737,83.14212015032038,-2.928491798543093,84.60408682574614,-2.307402423218426
158000000.0,81.89940606988137,-0.8179283859514087,83.14329033924191,-2.9152015014063175,84.59932998005499,-2.277854344343675
159000000.0,81.8992950243683,-0.8231039529866531,83.12130289987968,-2.8932609590890275,84.56303831476785,-2.2629833953917586
160000000.0,81.89918327857808,-0.8282794974089959,83.12625434689744,-2.872350401810189,84.5563828716751,-2.232694557838682
161000000.0,81.89907083251686,-0.8334550190763286,83.11612083835266,-2.8525860641964598,84.53690208878982,-2.212687793783067
162000000.0,81.89895768619084,-0.8386305178465445,83.1550895461753,-2.835910555367271,84.56974474080474,-2.15259928923345
163000000.0,81.89884383960619,-0.8438059935775389,83.1284054684129,-2.839171028849083,84.54407473817558,-2.1746176275151368
164000000.0,81.8987292927692,-0.8489814461272098,83.1187203850122,-2.8150868039805754,84.51544364799041,-2.1456666113214102
165000000.0,81.89861404568614,-0.8541568753534565,83.13106638895299,-2.8084522672639785,84.52371862822999,-2.1201007156119847
166000000.0,81.89849809836336,-0.859332281114181,83.12416049143378,-2.8115755769447945,84.52237567281325,-2.1230381416079216
167000000.0,81.89838145080724,-0.8645076632672876,83.1344073060053,-2.7951973529251557,84.52252330407585,-2.0838813545479993
168000000.0,81.89826410302415,-0.8696830216706819,83.11427027938642,-2.794581429508215,84.50629973137326,-2.095253166197057
169000000.0,81.89814605502056,-0.8748583561822728,83.12265790032598,-2.7779765178557994,84.49693493470198,-2.0704919107945696
170000000.0,81.89802730680297,-0.8800336666599704,83.10379212501972,-2.7690705087950658,84.47456953019652,-2.0610780755160576
171000000.0,81.89790785837788,-0.8852089529616877,83.11105270429013,-2.7631583886206768,84.47822440037083,-2.044283125065129
172000000.0,81.89778770975187,-0.8903842149453393,83.11120303063736,-2.7430272314091924,84.46279330379826,-2.0140334991809636
173000000.0,81.89766686093152,-0.8955594524688427,83.10627936426573,-2.7223114176929393,84.44214240349393,-1.989264796303813
174000000.0,81.89754531192348,-0.900734665390117,83.09018990640561,-2.7271620999887864,84.43009558647216,-1.9986706232240765
175000000.0,81.89742306273443,-0.9059098535670842,83.10471667808604,-2.721197039147111,84.4387906371081,-1.9749879180941545
176000000.0,81.8973001133711,-0.9110850168576682,83.09339815460106,-2.7058387580801995,84.41526416479661,-1.9607109772438103
177000000.0,81.8971764638402,-0.9162601551197946,83.08578521283273,-2.6893305237095464,84.39758674839666,-1.9418731553935975
178000000.0,81.89705211414858,-0.9214352682113928,83.07965935965674,-2.667019020178512,84.37010395384289,-1.9139973924927327
179000000.0,81.89692706430303,-0.9266103559903927,83.09880162668638,-2.6597899256089588,84.38581170038549,-1.8851967441335458
180000000.0,81.89680131431042,-0.9317854183147278,83.08645060886543,-2.658109088932012,84.37135295992898,-1.8844021001552305
181000000.0,81.8966748641777,-0.9369604550423338,83.0938401990687,-2.64131943093747,84.36585180308593,-1.8582201642467746
182000000.0,81.89654771391177,-0.9421354660311483,83.08352555429008,-2.629837710334083,84.34495518031045,-1.8445962284739976
183000000.0,81.89641986351963,-0.9473104511391112,83.08437879336874,-2.624321398484923,84.34072823408906,-1.8285956547886
184000000.0,81.89629131300832,-0.9524854102241656,83.09677807118307,-2.600513199395526,84.33469808297325,-1.785094802197674
185000000.0,81.89616206238487,-0.9576603431442555,83.0789821258624,-2.590864409954755,84.30385399605915,-1.7822934158071098
186000000.0,81.89603211165641,-0.9628352497573289,83.07203026093003,-2.59696406215744,84.30188358761339,-1.7916412910813044
187000000.0,81.89590146083006,-0.9680101299213352,83.0773811346816,-2.5794417150210944,84.29233669762313,-1.7590496496275425
188000000.0,81.89577010991302,-0.9731849834942267,83.07136669008892,-2.5656949973106817,84.27704775146965,-1.7442349218054736
189000000.0,81.89563805891248,-0.9783598103339578,83.07071464064575,-2.56130962814967,84.27390985998399,-1.732274924725595
190000000.0,81.8955053078357,-0.9835346102984855,83.0690640969545,-2.546836209107016,84.25732489455876,-1.708691285790009
191000000.0,81.89537185668998,-0.9887093832457695,83.08387086994775,-2.553527271502735,84.27763997758196,-1.699664791698671
192000000.0,81.89523770548266,-0.9938841290337714,83.06777961546929,-2.534653552698981,84.24307986850195,-1.690321322166094
193000000.0,81.89510285422107,-0.9990588475204556,83.05829951415132,-2.5363358023088125,84.23770994121158,-1.6907154978446193
194000000.0,81.89496730291266,-1.0042335385637893,83.06861275323384,-2.5182682746976135,84.23234656312925,-1.656576301647316
195000000.0,81.89483105156485,-1.0094082020217419,83.0715935710297,-2.4967284025738703,84.21602937374031,-1.6262727687757406
196000000.0,81.89469410018513,-1.014582837752285,83.05654091343766,-2.489777595859911,84.19043059193979,-1.6256678523616175
197000000.0,81.89455644878106,-1.0197574456133938,83.05676178774137,-2.481412796459996,84.18490521690578,-1.6113801829888907
198000000.0,81.89441809736014,-1.0249320254630447,83.04783257023864,-2.4721529540032767,84.16436156689991,-1.5992920871249865
199000000.0,81.89427904593002,-1.0301065771592175,83.05343787617996,-2.4781357341787245,84.17391639609981,-1.5997676019962046
200000000.0,81.8941392944983,-1.0352811005598945,83.06559381044275,-2.4619004399664877,84.1714003633138,-1.56450858992763
201000000.0,81.89399884307268,-1.04045559552306,83.03550140203008,-2.464315112787056,84.13991756243104,-1.5854796212865332
202000000.0,81.89385769166087,-1.0456300619067018,83.03917761379451,-2.4565761026304287,84.13693523085728,-1.5728095363619696
203000000.0,81.89371584027062,-1.0508044995688102,83.03946764750111,-2.4562440751557486,84.13336020013432,-1.5611932188740907
204000000.0,81.89357328890974,-1.0559789083673774,83.04941241002015,-2.428839882799269,84.11749575338226,-1.5218837029393306
205000000.0,81.89343003758601,-1.0611532881603984,83.03405138575617,-2.439743020092634,84.11345655389076,-1.539362364700295
206000000.0,81.89328608630737,-1.0663276388058722,83.0552823130586,-2.4335795314018562,84.12427659312941,-1.508695038905008
207000000.0,81.89314143508166,-1.071501960161798,83.0378141972031,-2.4247094141826024,84.09709332950565,-1.5084518804659484
208000000.0,81.89299608391687,-1.0766762520861801,83.04162883322583,-2.4110536354272334,84.08846168410017,-1.4883661329187903
209000000.0,81.89285003282096,-1.0818505144370236,83.03123315657109,-2.4062193923854585,84.072577967827,-1.4905162115233654
210000000.0,81.89270328180197,-1.0870247470723382,83.02619850080511,-2.4079215644191367,84.06928127006742,-1.4864655966589415
211000000.0,81.89255583086793,-1.0921989498501343,83.01852606198388,-2.3938049238597316,84.043660447455,-1.476718065742149
212000000.0,81.89240768002699,-1.097373122628427,83.02701279147884,-2.3979189943413726,84.05234155147389,-1.4683463703591204
213000000.0,81.89225882928726,-1.1025472652652324,83.03623942230007,-2.3864605029391264,84.05038486989164,-1.4422653293064986
214000000.0,81.89210927865689,-1.1077213776185701,83.01945686563803,-2.3821056892128256,84.02783871294655,-1.4477868431079015
215000000.0,81.89195902814413,-1.1128954595464633,83.02069979977048,-2.391513148826496,84.03533466271861,-1.4534230471597451
216000000.0,81.89180807775722,-1.1180695109069363,83.02499283086236,-2.3773511686311575,84.0231376945477,-1.4265146935950104
217000000.0,81.89165642750446,-1.1232435315580174,83.01773153753263,-2.3589571992561296,83.99974732373403,-1.4099764428632422
218000000.0,81.89150407739416,-1.1284175213577377,83.00851506690125,-2.3427759124745138,83.97184203027656,-1.3986455660834984
219000000.0,81.8913510274347,-1.1335914801641305,83.00233535446955,-2.3487284074856336,83.96804912483982,-1.4050657838582392
220000000.0,81.89119727763449,-1.1387654078352323,82.99358369063052,-2.3402624787928237,83.95189854092293,-1.3984250181255635
221000000.0,81.89104282800196,-1.1439393042290826,83.00048667640709,-2.3496010564908807,83.96123396558261,-1.3983119399138717
222000000.0,81.8908876785456,-1.1491131692037229,82.99682499159304,-2.3387858419051244,83.94748567967609,-1.3845802477671736
223000000.0,81.89073182927396,-1.1542870026171994,82.99721908077206,-2.3393685863124727,83.94434888614782,-1.3814186432515005
224000000.0,81.89057528019555,-1.159460804327559,82.97389997596387,-2.3193331700719857,83.90077309517231,-1.3769948983312676
225000000.0,81.89041803131899,-1.1646345741928528,82.98054782934895,-2.3154017772668234,83.90050230092265,-1.3628741591712463
226000000.0,81.89026008265292,-1.1698083120711347,82.98491812067081,-2.327206014482108,83.91271078189962,-1.365261928340459
227000000.0,81.89010143420603,-1.1749820178204617,82.97308213723348,-2.310558221778946,83.88541820836885,-1.3550602453644167
228000000.0,81.889942085987,-1.1801556912988929,82.97236152969896,-2.2975333406182328,83.87095811308515,-1.339232145562401
229000000.0,81.8897820380046,-1.185329332364491,82.9730679138098,-2.2976508954516723,83.86778350983036,-1.3359695525577577
230000000.0,81.88962129026763,-1.1905029408753216,82.96508725499926,-2.2872529683044114,83.84521302945693,-1.3286401920784723
231000000.0,81.88945984278487,-1.1956765166894523,82.9606205490197,-2.296520948294289,83.84542700324265,-1.3336061169169087
232000000.0,81.88929769556526,-1.200850059664957,82.96383584950819,-2.282896866672366,83.8332167204346,-1.3141413485354156
233000000.0,81.88913484861766,-1.2060235696599075,82.9687004526849,-2.2814485303019953,83.83389547073867,-1.3050192856089795
234000000.0,81.88897130195103,-1.2111970465323834,82.94470654886273,-2.291539936943459,83.81705590204716,-1.3316593970293504
235000000.0,81.88880705557433,-1.216370490140464,82.94949832924516,-2.270763462708738,83.80085111243157,-1.303247599213208
236000000.0,81.88864210949659,-1.221543900342233,82.94546723485043,-2.2474917688071563,83.76898311037898,-1.278542597023652
237000000.0,81.88847646372687,-1.2267172769957775,82.93904717741628,-2.2700413210699257,83.78052003107527,-1.3022474181382613
238000000.0,81.88831011827428,-1.2318906199591872,82.9363331171445,-2.265925203063345,83.77046019558995,-1.2969053130525388
239000000.0,81.88814307314794,-1.237063929090555,82.93189415212429,-2.2512185123448094,83.74925934562039,-1.2834905205665292
240000000.0,81.88797532835703,-1.2422372042479766,82.93135424096636,-2.2674245972440845,83.76229958030115,-1.2956224584246077
241000000.0,81.88780688391076,-1.2474104452895507,82.92767309927578,-2.236730742978287,83.72322123263423,-1.2664535283606901
242000000.0,81.88763773981836,-1.25258365207338,82.92616510863319,-2.243308764398894,83.7263634796881,-1.2684391805863122
243000000.0,81.88746789608916,-1.2577568244575696,82.90867207604926,-2.2410808626867316,83.70292329820687,-1.2798927347989388
244000000.0,81.88729735273247,-1.2629299623002277,82.92198847132093,-2.226619738639172,83.69799456232494,-1.2476687179692205
245000000.0,81.88712610975763,-1.2681030654594663,82.91481173564475,-2.2340766164355093,83.69598669333848,-1.25926022664342
246000000.0,81.88695416717408,-1.2732761337933998,82.91727375063122,-2.2290475773367318,83.68830641352747,-1.247468612704558
247000000.0,81.88678152499126,-1.278449167160147,82.90121454351981,-2.2274857455824066,83.66975270546031,-1.2582902978481283
248000000.0,81.88660818321863,-1.2836221654178277,82.88943274642159,-2.223915242418837,83.64977559285148,-1.262062096196509
249000000.0,81.8864341418657,-1.2887951284245671,82.89620035236797,-2.2144837120463503,83.64400626849798,-1.24427295584806
250000000.0,81.88625940094205,-1.2939680560384923,82.8952388450492,-2.2086145520351,83.63039204238724,-1.234134656932653
251000000.0,81.88608396045728,-1.2991409481177347,82.8922037108596,-2.2194461756720214,83.63568251021746,-1.2437424628446059
252000000.0,81.88590782042101,-1.3043138045204279,82.88363318726614,-2.200153070264091,83.60467497828685,-1.232454235316287
253000000.0,81.88573098084292,-1.30948662510471,82.8801634403701,-2.195305758002501,83.59418969124428,-1.2257812882316528
254000000.0,81.88555344173271,-1.3146594097287203,82.87559469658942,-2.1935436114705635,83.58183749087274,-1.2255611217199307
255000000.0,81.88537520310017,-1.3198321582506043,82.87281098973892,-2.204365652162297,83.58798183521489,-1.2335547351943736
256000000.0,81.88519626495501,-1.3250048705285078,82.88165656967112,-2.175704552768003,83.56118659896185,-1.195780814374539
257000000.0,81.88501662730711,-1.3301775464205823,82.87832717140363,-2.188108441850825,83.566173306752,-1.2090748907981796
258000000.0,81.88483629016632,-1.3353501857849808,82.86865684347886,-2.185735008395656,83.55158355060053,-1.2112283839649691
259000000.0,81.88465525354255,-1.3405227884798612,82.87115374281939,-2.1764727500130494,83.54090337725155,-1.1966438821904128
260000000.0,81.88447351744573,-1.345695354363384,82.88053652065987,-2.1734987220558417,83.53880803502074,-1.1816293192522636
261000000.0,81.88429108188586,-1.3508678832937129,82.86595787302969,-2.1859128558725422,83.53689219813953,-1.2040209421571733
262000000.0,81.88410794687294,-1.3560403751290158,82.85215517437535,-2.180054293403644,83.51258748613898,-1.2077655786654486
263000000.0,81.88392411241702,-1.3612128297274622,82.8495426300657,-2.171419402142128,83.49809882229526,-1.2008581492086892
264000000.0,81.88373957852819,-1.3663852469472269,82.87691272173124,-2.171271847666695,83.51623497608148,-1.1708995140201648
265000000.0,81.88355434521662,-1.3715576266464877,82.85681681316588,-2.170442404860693,83.49397217100412,-1.186969660168814
266000000.0,81.88336841249244,-1.3767299686834251,82.85289550867607,-2.163201944211409,83.47792073693911,-1.1802329116570354
267000000.0,81.88318178036587,-1.3819022729162236,82.84540563652239,-2.173681520302993,83.47732002521639,-1.194037603081017
268000000.0,81.88299444884717,-1.3870745392030712,82.83871508480152,-2.1631157204526987,83.45690998438519,-1.1879011943169593
269000000.0,81.88280641794663,-1.3922467674021592,82.84255068989822,-2.17009589934258,83.46190606454542,-1.189734835068352
270000000.0,81.88261768767454,-1.3974189573716824,82.84995305145367,-2.1570330168878344,83.4499821988168,-1.1670024891587396
271000000.0,81.8824282580413,-1.402591108969839,82.84471645518053,-2.156608220975832,83.43824344126463,-1.1696557616526835
272000000.0,81.88223812905727,-1.4077632220548313,82.83214868396814,-2.155877316488546,83.42299421373751,-1.1785996012488926
273000000.0,81.88204730073294,-1.4129352964848638,82.85892376615027,-2.1562242443411628,83.44146421216972,-1.1470125768876585
274000000.0,81.88185577307874,-1.418107332118146,82.82733514173358,-2.1443370094677836,83.39796424984111,-1.1672464797480369
275000000.0,81.8816635461052,-1.4232793288128904,82.82488248897563,-2.137629457417665,83.38412173844968,-1.1613382600782283
276000000.0,81.8814706198229,-1.428451286427313,82.839008448557,-2.149885789584418,83.40357206659708,-1.154180786822686
277000000.0,81.88127699424241,-1.4336232048196331,82.82258343260598,-2.1472731547067405,83.38227271958759,-1.1661063741786797
278000000.0,81.88108266937436,-1.4387950838480736,82.81273861517116,-2.1518036998592343,83.3733434169283,-1.177384671192112
279000000.0,81.88088764522942,-1.443966923370862,82.82200358760086,-2.1540774431803986,83.3787044540559,-1.1666861079216915
280000000.0,81.88069192181831,-1.4491387232462283,82.82382936265246,-2.129295745934301,83.35093250195676,-1.1405733056169607
281000000.0,81.88049549915173,-1.4543104833324063,82.82618859486888,-2.1387005041651137,83.35865667461988,-1.142307743413292
282000000.0,81.88029837724054,-1.459482203487634,82.80554041159793,-2.1381027259393384,83.33498102254647,-1.161585734048715
283000000.0,81.8801005560955,-1.4646538835701526,82.80520475082746,-2.140239255356313,83.33071154470089,-1.1614078336224432
284000000.0,81.87990203572748,-1.469825523438207,82.7975098994854,-2.1390018377034536,83.31783841102778,-1.165864428036961
285000000.0,81.8797028161474,-1.4749971229500458,82.81140864035615,-2.1531371636066066,83.33918709087426,-1.1592686367235212
286000000.0,81.8795028973662,-1.480168681963921,82.7954373226271,-2.1370594721945215,83.30600626088098,-1.1601027576111278
287000000.0,81.87930227939482,-1.4853402003380896,82.8066927155104,-2.1428194462743018,83.31437867280529,-1.1499990775279207
288000000.0,81.87910096224431,-1.4905116779308107,82.78643796437827,-2.1422800925321295,83.2921018127617,-1.1677334818268401
289000000.0,81.87889894592568,-1.4956831146003475,82.78688678570326,-2.144993425485478,83.29171278688075,-1.1676870759469486
290000000.0,81.87869623045007,-1.5008545102049682,82.78829676057624,-2.1429893221661738,83.28548277575304,-1.1635375790067595
291000000.0,81.8784928158286,-1.506025864602943,82.77851589773086,-2.14345976748833,83.27200895907552,-1.1704548016250893
292000000.0,81.87828870207238,-1.5111971776525468,82.79031674442587,-2.160351145272795,83.29449365361177,-1.1701173759929169
293000000.0,81.87808388919271,-1.5163684492120584,82.76415062472189,-2.1502735728184232,83.25651366223896,-1.186159106830897
294000000.0,81.87787837720074,-1.5215396791397595,82.7743014748641,-2.1468240715668583,83.25749167399586,-1.1724382655289896
295000000.0,81.87767216610781,-1.526710867293937,82.76532746106513,-2.1520936474564785,83.24892241772615,-1.1821129057611113
296000000.0,81.8774652559252,-1.5318820135328801,82.7632478957221,-2.1454329822399933,83.23543032174341,-1.1770780408816826
297000000.0,81.87725764666432,-1.5370531177148836,82.76030509749316,-2.14767789001831,83.22908308053499,-1.1799372881316939
298000000.0,81.87704933833653,-1.5422241796982445,82.7621608937403,-2.1527152410343118,83.23153463937734,-1.181083059630971
299000000.0,81.87684033095327,-1.547395199341264,82.74771401912128,-2.150974095762228,83.21161949379096,-1.192787673329453
300000000.0,81.876630624526,-1.5525661765022483,82.73601355441617,-2.134904917245356,83.1814497067115,-1.1893623680653649
301000000.0,81.87642021906626,-1.5577371110395057,82.7523337837053,-2.1362171403593186,83.18910576491419,-1.1709814320011664
302000000.0,81.87620911458558,-1.5629080028113498,82.72354954900933,-2.138474929333399,83.16360852099093,-1.2018851725547672
303000000.0,81.87599731109556,-1.5680788516760984,82.73893439303066,-2.146375846012296,83.17745334221551,-1.189974155395316
304000000.0,81.8757848086078,-1.5732496574920714,82.72754972840016,-2.1424765021422068,83.15886916255178,-1.1952572670477386
305000000.0,81.875571607134,-1.5784204201175942,82.73521873725296,-2.143514846697212,83.16075764442856,-1.1867709785977618
306000000.0,81.87535770668585,-1.5835911394109956,82.72525659239135,-2.1280606552040795,83.1317312789094,-1.1829869142038143
307000000.0,81.8751431072751,-1.588761815230609,82.71045517611769,-2.141343144115528,83.12848339787547,-1.207140763113833
308000000.0,81.8749278089135,-1.5939324474347702,82.71594405435013,-2.1565267027408006,83.1431203899012,-1.2123284858780705
309000000.0,81.87471181161288,-1.5991030358818208,82.7112807417358,-2.143069528979548,83.11988480766226,-1.204009997437535
310000000.0,81.8744951153851,-1.6042735804301052,82.7081008559616,-2.13963277114615,83.10772859940451,-1.202437529015156
311000000.0,81.87427772024206,-1.6094440809379722,82.68970048599385,-2.1420103963559054,83.09112950350126,-1.2224225218495925
312000000.0,81.8740596261957,-1.6146145372637752,82.70830099017554,-2.1443248666226897,83.1015463447286,-1.203313794906084
313000000.0,81.87384083325797,-1.6197849492658707,82.67784825611939,-2.1414922979050637,83.06956343112923,-1.2318570953826489
314000000.0,81.87362134144087,-1.6249553168026192,82.68579437424248,-2.138994598929779,83.06629104434558,-1.2198135394253986
315000000.0,81.87340115075648,-1.6301256397323867,82.6798698794072,-2.1349090994074986,83.05301619177222,-1.2208118158244607
316000000.0,81.87318026121687,-1.6352959179135413,82.67089854594026,-2.139937584715652,83.04605714381667,-1.2339626145274984
317000000.0,81.87295867283416,-1.640466151204457,82.67439762724504,-2.1320256767304895,83.03367984884133,-1.2218694557383967
318000000.0,81.87273638562048,-1.6456363394635103,82.66346019029213,-2.1313677833743094,83.01841149971646,-1.2322234261030138
319000000.0,81.87251339958812,-1.6508064825490836,82.64615286879398,-2.1387768588644067,83.00768343162892,-1.2543333764471316
320000000.0,81.87228971474921,-1.6559765803195614,82.64214314884191,-2.1458699062425146,83.00598325766276,-1.26324905768945
321000000.0,81.87206533111612,-1.6611466326333346,82.62438330956928,-2.142820378868046,82.98490838699048,-1.2790136172831064
322000000.0,81.8718402487011,-1.666316639348796,82.63759094512433,-2.124939753928267,82.96820694805221,-1.2486191246806222
323000000.0,81.87161446751652,-1.6714866003243436,82.6332132971507,-2.132646744109828,82.9675084801836,-1.2584131502957812
324000000.0,81.8713879875748,-1.6766565154183803,82.62745502910633,-2.1252617305376758,82.9499670647561,-1.2581257513492778
325000000.0,81.87116080888835,-1.681826384489312,82.61066800919883,-2.128552646088497,82.93354147347867,-1.2767772411494775
326000000.0,81.87093293146961,-1.6869962073955496,82.60247207087346,-2.1359995662222158,82.93083506839821,-1.2902829685491277
327000000.0,81.87070435533113,-1.6921659839955072,82.59485532954241,-2.124766714210976,82.90589098661509,-1.2875066988265793
328000000.0,81.87047508048542,-1.6973357141476049,82.58494653741116,-2.1216058826711817,82.88917929563931,-1.2962181886433122
329000000.0,81.87024510694509,-1.7025053977102653,82.56831834287833,-2.1160218403107156,82.86336595316402,-1.308707731801248
330000000.0,81.87001443472273,-1.7076750345419158,82.5679426805262,-2.103134420036585,82.84400302992195,-1.2983497160616508
331000000.0,81.86978306383105,-1.7128446245009892,82.55462043136188,-2.10548198979941,82.83034156395146,-1.3130067819306512
332000000.0,81.86955099428269,-1.7180141674459204,82.55360090159925,-2.1126401031437556,82.83115520846147,-1.3190374973351446
333000000.0,81.86931822609041,-1.723183663235151,82.53020574948381,-2.1042495177448712,82.79864538897435,-1.3366027872893955
334000000.0,81.869084759267,-1.7283531117271245,82.53272592090433,-2.095777339303698,82.78541901612329,-1.326641366802975
335000000.0,81.86885059382523,-1.7335225127802907,82.52274971543616,-2.094269652946422,82.77032418679555,-1.33614845707477
336000000.0,81.868615729778,-1.7386918662531032,82.5052878212299,-2.09113448444374,82.7471704866343,-1.3517564882363289
337000000.0,81.86838016713816,-1.7438611720040196,82.48741659909088,-2.0776163176561004,82.71276956172359,-1.3600985924140387
338000000.0,81.86814390591866,-1.7490304298915011,82.48327468557262,-2.0738800315385935,82.70015443878592,-1.359713381559188
339000000.0,81.86790694613244,-1.7541996397740156,82.45385368153892,-2.069223921445009,82.66644854561073,-1.3892046733585102
340000000.0,81.86766928779252,-1.7593688015100328,82.45587930145624,-2.0597005694532955,82.65265363557256,-1.378298606736476
341000000.0,81.86743093091194,-1.7645379149580283,82.4370806923348,-2.0552566786672117,82.6265286097168,-1.394915299124021
342000000.0,81.86719187550379,-1.7697069799764824,82.41392274814801,-2.046530503795051,82.5936046056654,-1.4118463179580412
343000000.0,81.86695212158116,-1.7748759964238785,82.4016192424725,-2.051031349628431,82.5829938531252,-1.4288493740826664
344000000.0,81.86671166915724,-1.7800449641587053,82.40284931913317,-2.0448128724001373,82.57182153050132,-1.4225135820885968
345000000.0,81.8664705182452,-1.785213883039456,82.37053956619681,-2.0344028066811113,82.53018057835628,-1.4486761147032787
346000000.0,81.86622866885826,-1.7903827529246275,82.3645866129145,-2.0172021112270757,82.50118100792828,-1.4415644916431591
347000000.0,81.86598612100971,-1.7955515736727226,82.34994703425669,-2.018003823617143,82.48423555335599,-1.457427528644619
348000000.0,81.86574287471286,-1.8007203451422473,82.3440086645439,-2.0159673441963073,82.47186285799653,-1.4627354149794738
349000000.0,81.86549892998106,-1.8058890671917125,82.31834291452473,-2.006756156936499,82.43615526087765,-1.483159558165717
350000000.0,81.86525428682769,-1.811057739679634,82.29996042688427,-2.0005321566137586,82.40959418634381,-1.4982469021461267
351000000.0,81.86500894526615,-1.816226362464531,82.271861675109,-1.9982934415690636,82.37934781370976,-1.526592998584672
352000000.0,81.86476290530995,-1.8213949354049292,82.24535582851097,-1.9818749484072633,82.33603820049308,-1.5422792675654724
353000000.0,81.86451616697254,-1.8265634583593566,82.20679929781416,-1.9831843720524782,82.30183156402988,-1.5849131538037662
354000000.0,81.86426873026748,-1.8317319311863476,82.19505610003266,-1.962823399256108,82.26501448079672,-1.5821870227564954
355000000.0,81.86402059520836,-1.83690035374444,82.15382571844165,-1.9371808442453622,82.1993656974376,-1.6070553435811132
356000000.0,81.86377176180876,-1.842068725892177,82.11195409305043,-1.9399061017208739,82.1637500598151,-1.6545795118572149
357000000.0,81.86352223008238,-1.847237047488106,82.07969893778309,-1.9099824440173743,82.10128415632536,-1.6661070568299736
358000000.0,81.86327200004285,-1.8524053183907787,82.05887936895132,-1.8998908896268136,82.06800906542658,-1.6810473891169075
359000000.0,81.86302107170395,-1.857573538458752,81.99779250840243,-1.8829983838897297,81.99666218407505,-1.733755474890293
360000000.0,81.86276944507944,-1.8627417075505874,81.97318676272042,-1.8461498583012685,81.93229169914075,-1.7318555326836589
361000000.0,81.86251712018307,-1.8679098255248505,81.93021684334504,-1.818711748493921,81.86360495069212,-1.756929114538672
362000000.0,81.86226409702876,-1.8730778922401126,81.88713334764455,-1.76913670806189,81.77131115813084,-1.764514693195546
363000000.0,81.86201037563035,-1.8782459075549491,81.84762076950864,-1.731322215417587,81.69460989211096,-1.7775004978364866
364000000.0,81.86175595600176,-1.8834138713279391,81.7985104702128,-1.6878288806277675,81.60430054206935,-1.7961067076927288
365000000.0,81.86150083815696,-1.8885817834176684,81.77668397598822,-1.6362713822785617,81.52748445576722,-1.779481352791091
366000000.0,81.86124502210993,-1.893749643682726,81.73427802069462,-1.6114461551282784,81.46246877916639,-1.805499566399012
367000000.0,81.86098850787472,-1.8989174519817065,81.70047044647531,-1.5259186208218385,81.34074750393316,-1.7743764602865946
368000000.0,81.86073129546538,-1.9040852081732078,81.68048788543685,-1.471428389596505,81.2634599893896,-1.7536954828766043
369000000.0,81.86047338489607,-1.9092529121158353,81.65425821919656,-1.411862013674735,81.17559087411107,-1.735473205299719
370000000.0,81.86021477618087,-1.9144205636681961,81.64343890232645,-1.3709690220500488,81.11896342968389,-1.7161815853220714
371000000.0,81.85995546933401,-1.9195881626889042,81.63022066264,-1.343890719517794,81.07524348025957,-1.709871678940683
372000000.0,81.85969546436972,-1.9247557090365777,81.58821271892495,-1.2912214811803873,80.98346830016553,-1.7127890032460782
373000000.0,81.85943476130223,-1.9299232025698394,81.53670427795984,-1.2483370904441178,80.89343882740128,-1.7334084645649248
374000000.0,81.85917336014586,-1.935090643147317,81.46333136973814,-1.2031632562477401,80.78491309749802,-1.7735228317583174
375000000.0,81.85891126091495,-1.9402580306276431,81.40477580308156,-1.1289662892875285,80.6590550981074,-1.7761974271630863
376000000.0,81.85864846362388,-1.9454253648694553,81.32079636460993,-1.0420565870220282,80.50131699868112,-1.79281557467919
377000000.0,81.85838496828707,-1.9505926457313958,81.25510165203318,-0.9296908651782926,80.33346026248054,-1.7698292338267123
378000000.0,81.85812077491896,-1.9557598730721122,81.21212331065196,-0.8215416206830856,80.19191528172203,-1.7285482395237406
379000000.0,81.85785588353404,-1.9609270467502558,81.14096061296391,-0.684502385420878,79.9979309733334,-1.6918377613299411
380000000.0,81.85759029414685,-1.966094166624484,81.07723560142028,-0.5282095094147097,79.7955839490303,-1.6320579892964007
381000000.0,81.85732400677195,-1.9712612325534584,81.02191330140994,-0.3601316503243283,79.59076440078117,-1.5558890420996674
382000000.0,81.85705702142394,-1.9764282443958465,81.02665967610218,-0.1540917618429277,79.40347643417624,-1.395735135056611
383000000.0,81.8567893381175,-1.9815952020103194,81.04092256373312,0.05622793964457323,79.2173175975985,-1.228263696772919
384000000.0,81.85652095686729,-1.9867621052555546,81.08600227085245,0.25683711177434415,79.06959878122865,-1.0418638147436654
385000000.0,81.856251877688,-1.9919289539902325,81.1506546957936,0.4779101369888615,78.91519355050822,-0.8286076365423533
386000000.0,81.85598210059442,-1.9970957480730407,81.24963431528643,0.7032730149556036,78.78678033051116,-0.5872335192981262
387000000.0,81.85571162560137,-2.0022624873626715,81.38319479351895,0.9294148629336861,78.68381430833129,-0.3207764341130186
388000000.0,81.85544045272363,-2.0074291717178196,81.56669105390708,1.1181147949644772,78.63762892347793,-0.038127517214023465
389000000.0,81.8551685819761,-2.0125958009971883,81.7895409538053,1.2988128978170943,78.62486604884899,0.26068792651993156
390000000.0,81.85489601337372,-2.0177623750594846,82.03166310266539,1.4126761821937177,78.67829362100228,0.5299691092718866
391000000.0,81.85462274693138,-2.0229288937634182,82.27183080896698,1.4865069553801533,78.75602426107574,0.7770527553992446
392000000.0,81.85434878266412,-2.0280953569677083,82.5314286575916,1.514371112838932,78.87599666139985,1.0081679255811433
393000000.0,81.85407412058694,-2.0332617645310758,82.74898538395036,1.492365715560873,79.01564386910674,1.1756587805934717
394000000.0,81.85379876071491,-2.0384281163122475,82.94788615131941,1.4368135260360513,79.17204741838306,1.3134241862985065
395000000.0,81.85352270306313,-2.0435944121699556,83.1145008628993,1.3694144694712644,79.31662283634533,1.4138303341793945
396000000.0,81.85324594764673,-2.0487606519629376,83.2407112528994,1.3090015282736869,79.425974223214,1.4870926764628019
397000000.0,81.8529684944809,-2.053926835549935,83.35980402001016,1.2520924804437703,79.53591376906257,1.5574356356430772
398000000.0,81.85269034358086,-2.059092962789696,83.44977721760792,1.1984027645943682,79.62484119877284,1.6023878711510713
399000000.0,81.85241149496186,-2.0642590335409734,83.54779034688652,1.171720099521256,79.69220739788278,1.6720183209341666
400000000.0,81.85213194863918,-2.0694250476625244,83.63483749515525,1.1800800361464654,79.72260265715369,1.7476974968856063
401000000.0,81.85185170462817,-2.074591005013112,83.75607800680471,1.141812761439244,79.80980192244124,1.8324747655235576
402000000.0,81.85157076294418,-2.079756905451504,83.88756833231548,1.1344273023348788,79.87307630921816,1.9385052002940688
403000000.0,81.85128912360263,-2.0849227488364748,84.0298982950293,1.0694240031806574,79.99201828437168,2.0244415623887972
404000000.0,81.85100678661895,-2.0900885350268017,84.20757908458637,1.0144112924580142,80.12168464559808,2.1521300747437717
405000000.0,81.85072375200865,-2.095254263881269,84.36374408975978,0.8831485927182334,80.30183957244633,2.224418150442003
406000000.0,81.85044001978723,-2.100419935258666,84.45729916246852,0.7276228445162697,80.47214710736365,2.2339178615952795
407000000.0,81.85015558997023,-2.1055855490177864,84.52426669697039,0.5275609086793716,80.67226556391806,2.1960959516111305
408000000.0,81.84987046257328,-2.1107511050174295,84.53381925412428,0.34747788089751536,80.83127487318758,2.1189205294076077
409000000.0,81.849584637612,-2.1159166031164007,84.51689433707809,0.1706930594961482,80.97873742027735,2.025888752696189
410000000.0,81.84929811510207,-2.1210820431735105,84.42010945126675,0.03267044481552976,81.04704389706944,1.8680316862292834
411000000.0,81.84901089505921,-2.1262474250475734,84.3220403089139,-0.09104898370261717,81.10993554338269,1.7156892757968252
412000000.0,81.84872297749914,-2.1314127485974095,84.17983387679469,-0.13013586619070808,81.069023673001,1.5613119298394387
413000000.0,81.84843436243767,-2.1365780136818464,84.07289583100494,-0.16971988737907712,81.04658266112423,1.437919419571022
414000000.0,81.84814504989062,-2.141743220159714,83.91762353547612,-0.18880701919751008,80.98023946809927,1.2766145292769078
415000000.0,81.84785503987385,-2.14690836788985,83.79794633161585,-0.1412896616474717,80.86269748598936,1.1837411526605561
416000000.0,81.84756433240328,-2.1520734567310966,83.69312588269783,-0.03365648165595816,80.69406681772061,1.1371974285162565
417000000.0,81.8472729274948,-2.1572384865422998,83.59036496265179,0.11869471031212869,80.4838404406873,1.1140663432613362
418000000.0,81.84698082516445,-2.162403457182314,83.52580115626029,0.3051101287699025,80.25962707992593,1.150180559249292
419000000.0,81.84668802542821,-2.1675683685099965,83.55679989096113,0.5207122091754297,80.06226940312945,1.2918062211145105
420000000.0,81.84639452830214,-2.172733220384212,83.6773571276902,0.7519616267437729,79.89616184395351,1.5209780678534077
421000000.0,81.84610033380233,-2.1778980126638277,83.88342633417157,0.9461888752621931,79.81362183723367,1.81344446153843
422000000.0,81.8458054419449,-2.18306274520772,84.16961351323368,1.0271465504744357,79.8658216665381,2.1139512424379423
423000000.0,81.84550985274606,-2.1882274178747685,84.4783469610881,1.0030794956552695,80.01766581341495,2.382465645651995
424000000.0,81.84521356622196,-2.193392030523858,84.73481738041913,0.8859282614943146,80.22951433318802,2.572748720158718
425000000.0,81.84491658238886,-2.1985565830138794,84.91245938065249,0.7062443246681105,80.46327260078306,2.6613633150023905
426000000.0,81.84461890126308,-2.2037210752037306,85.04046388409205,0.49341157898970217,80.71144927668092,2.6948814577722753
427000000.0,81.84432052286091,-2.2088855069523117,85.06474288558123,0.28465926284603227,80.91591596335573,2.63291024807459
428000000.0,81.84402144719871,-2.2140498781185314,85.07343194126385,0.11365971856699372,81.07960670812591,2.5733862760527435
429000000.0,81.84372167429285,-2.2192141885613017,85.05533900178635,-0.04759630954336258,81.22224846135761,2.4897606650666315
430000000.0,81.84342120415981,-2.224378438139542,84.9921320983012,-0.1570378157857399,81.2989459787678,2.3831393497954556
431000000.0,81.84312003681603,-2.229542626712176,84.92321825181276,-0.27214166994041394,81.37900426178436,2.269473470676098
432000000.0,81.84281817227806,-2.2347067541381334,84.85855828552029,-0.36314430925335894,81.43851346122358,2.162102426190567
433000000.0,81.8425156105624,-2.2398708202763498,84.75728966888413,-0.4285601942500798,81.45197532575328,2.0295292847073467
434000000.0,81.84221235168565,-2.2450348249857646,84.66267196206906,-0.4622363517598428,81.43906150795415,1.9156286614114537
435000000.0,81.84190839566445,-2.250198768125326,84.58606687829045,-0.49231514117494163,81.42742202759725,1.8255413460179264
436000000.0,81.84160374251546,-2.2553626495539865,84.4916708193458,-0.49445224619454037,81.37935327346646,1.7255578204489572
437000000.0,81.84129839225535,-2.260526469130701,84.40823820858338,-0.5061994891574744,81.35062956025236,1.630151316257532
438000000.0,81.84099234490091,-2.2656902267144354,84.30470945902206,-0.4662236068868766,81.25053623607094,1.5418420017534824
439000000.0,81.84068560046889,-2.2708539221641586,84.22121683836762,-0.4021193864370443,81.13691985128447,1.4825261398880825
440000000.0,81.84037815897607,-2.2760175553388433,84.14208804216427,-0.32086342369644444,81.00648381063773,1.4366229765326854
441000000.0,81.84007002043934,-2.281181126097472,84.08909419333251,-0.2129239777515794,80.86238647579286,1.4376981689173056
442000000.0,81.8397611848756,-2.2863446342990303,84.06440628251029,-0.05697640254481824,80.68489468003084,1.4843908978905431
443000000.0,81.83945165230176,-2.2915080798025094,84.0900997569505,0.09662008366429684,80.53602436103735,1.5803901433504912
444000000.0,81.8391414227348,-2.2966714624669065,84.19707577479939,0.2502112514486072,80.42498056639825,1.7567838056590057
445000000.0,81.83883049619169,-2.301834782151226,84.33008519911805,0.3711027966264722,80.35553175901431,1.941194412073119
446000000.0,81.83851887268952,-2.306998038714476,84.52696118315794,0.43188402827864636,80.373852996566,2.1577597843106253
447000000.0,81.83820655224534,-2.312161232015672,84.74919808676663,0.42515295736878034,80.46881103034856,2.371708430974584
448000000.0,81.83789353487626,-2.3173243619138337,84.94547249522317,0.34991701545621023,80.61640839895408,2.5284599948741557
449000000.0,81.83757982059946,-2.3224874282679875,85.07651864218158,0.21155603370155754,80.78991394973369,2.6002390256600405
450000000.0,81.83726540943212,-2.3276504309371666,85.17287650313266,0.05838030118530657,80.96900335607404,2.6374420513325862
451000000.0,81.83695030139148,-2.3328133697804074,85.21072644208559,-0.10287565581070035,81.13670589230766,2.6181008473365392
452000000.0,81.8366344964948,-2.337976244656755,85.22183069939778,-0.26451851683304245,81.29232412650452,2.5666555032638905
453000000.0,81.83631799475941,-2.343139055425259,85.21296631088121,-0.39907073078125754,81.42249484233986,2.505021169874962
454000000.0,81.83600079620263,-2.3483018019449737,85.16351988081766,-0.5200178760605951,81.51833264943399,2.406670861365109
455000000.0,81.83568290084186,-2.3534644840749612,85.12170916662443,-0.6169085191861177,81.59690002806431,2.325859173893753
456000000.0,81.83536430869452,-2.358627101674289,85.04657553535236,-0.6722821987145765,81.61955474987585,2.227040113687599
457000000.0,81.83504501977806,-2.3637896546020287,84.99300477826398,-0.7596143078097498,81.67836164522706,2.1349739613728747
458000000.0,81.83472503411001,-2.3689521427172617,84.91051572752566,-0.8055707633675596,81.6869453749756,2.0275680367815725
459000000.0,81.83440435170786,-2.3741145658790708,84.84907379526089,-0.8311147234509786,81.6848159796319,1.955549281244067
460000000.0,81.83408297258921,-2.3792769239465477,84.79979387240061,-0.8651492042945017,81.68760392520919,1.8838385073416564
461000000.0,81.83376089677168,-2.384439216778789,84.73297811088244,-0.8768435375295467,81.66593807572721,1.8075370161725492
462000000.0,81.83343812427289,-2.389601444234897,84.71954332178356,-0.880655107044939,81.66016413926899,1.793752107747368
463000000.0,81.83311465511053,-2.394763606173982,84.68384580038865,-0.9066736329097477,81.662464023445,1.7447936638734016
464000000.0,81.83279048930237,-2.3999257024551577,84.66548815963013,-0.9544646258514385,81.7020477613301,1.7049733606110047
465000000.0,81.83246562686615,-2.405087732937544,84.60584036964096,-0.9822996749239923,81.70046960836001,1.6283230725429276
466000000.0,81.83214006781964,-2.410249697480268,84.55868919412595,-1.0492395258795466,81.74492653384922,1.548221947255796
467000000.0,81.83181381218074,-2.4154115959424636,84.49758900602872,-1.088136027987761,81.75217148337981,1.4656353358612186
468000000.0,81.83148685996727,-2.420573428183268,84.42292563103358,-1.0940102163048886,81.72062884203653,1.3807680739151769
469000000.0,81.83115921119717,-2.425735194061827,84.3450072349422,-1.1053928987618507,81.69009427303966,1.2888141439921903
470000000.0,81.8308308658884,-2.4308968934372905,84.27614829543403,-1.1003347720664085,81.65125528889264,1.2136159051840851
471000000.0,81.83050182405896,-2.4360585261688166,84.1789416726115,-1.0890746162205358,81.58585732271008,1.113393747930432
472000000.0,81.83017208572683,-2.4412200921155667,84.1413242474156,-1.0785687428190758,81.55070708301984,1.0730642686484073
473000000.0,81.82984165091014,-2.4463815911367117,84.07125798803634,-1.0653406634052405,81.49489504397735,1.0001205515919147
474000000.0,81.82951051962695,-2.451543023091425,84.02245682632496,-1.0397319432035248,81.43471354300996,0.9565596459806344
475000000.0,81.82917869189542,-2.4567043878388892,83.98862044729496,-1.0108459855839955,81.38015120717644,0.9354865289918076
476000000.0,81.82884616773373,-2.461865685238291,83.94461279786017,-1.0124563616773787,81.35365452486366,0.886098241296824
477000000.0,81.82851294716009,-2.467026915148824,83.93895881129697,-1.0278380808792578,81.3623414245008,0.8706889617217743
478000000.0,81.82817903019279,-2.472188077429689,83.86144587770397,-1.0325844554351322,81.32283236643832,0.7834917021880752
479000000.0,81.8278444168501,-2.4773491719400913,83.7998252313863,-1.053531354415399,81.30796331757212,0.7045985521000551
480000000.0,81.82750910715035,-2.4825101985392424,83.73289139688613,-1.0604208853404757,81.27755933493286,0.6262214127024199
481000000.0,81.8271731011119,-2.4876711570863606,83.63416007418843,-1.068629447993098,81.22823310393942,0.5136386853210082
482000000.0,81.82683639875316,-2.492832047440671,83.52986795543492,-1.0592291498923583,81.15859544242899,0.4019797868652001
483000000.0,81.82649900009262,-2.497992869461405,83.4353267790321,-1.041668435164832,81.0848952323197,0.3044725104353424
484000000.0,81.82616090514873,-2.503153623007798,83.34746402842983,-1.0180031582694171,81.00415051424258,0.2172635930967413
485000000.0,81.82582211393999,-2.5083143079390937,83.23648612551152,-0.9877013174130894,80.90416696532455,0.11231480869153516
486000000.0,81.82548262648501,-2.5134749241145427,83.13911185576018,-0.9344719402125968,80.78532840778902,0.03233802141965289
487000000.0,81.82514244280236,-2.518635471393399,83.02912384171556,-0.9004646326881903,80.68264330746425,-0.06784309299423065
488000000.0,81.82480156291066,-2.523795949634925,82.917438783068,-0.8296206621895885,80.53715332934372,-0.15143067641080646
489000000.0,81.82445998682863,-2.528956358698391,82.7953696397484,-0.7502610975917654,80.37187151707472,-0.2393945619256254
490000000.0,81.82411771457495,-2.5341166984430696,82.68577221007936,-0.6768226889766569,80.22150830530875,-0.3139520288493066
491000000.0,81.82377474616837,-2.539276968728242,82.57780278912374,-0.5970076099675714,80.06707709883989,-0.3807831187905619
492000000.0,81.82343108162769,-2.5444371694131958,82.42960372063777,-0.4938410009331988,79.860127590578,-0.4776456163038937
493000000.0,81.8230867209717,-2.5495973003572248,82.30758706689863,-0.37738067906052564,79.65669851292434,-0.531317278057834
494000000.0,81.82274166421932,-2.5547573614196293,82.17401744270346,-0.2626144250966206,79.44723794630508,-0.5973568524118452
495000000.0,81.8223959113894,-2.5599173524597147,82.0394741874081,-0.10414673653081623,79.19566514961129,-0.6333257360226687
496000000.0,81.82204946250091,-2.565077273336794,81.91917486796835,0.07408976717357107,78.9352055454269,-0.6371670001128337
497000000.0,81.82170231757283,-2.5702371239101875,81.77476858687129,0.25951687511243066,78.65495959175237,-0.660609457416437
498000000.0,81.82135447662415,-2.5753969040392195,81.65593225614255,0.4907293735169205,78.35021653679622,-0.6213629286948623
499000000.0,81.82100593967394,-2.580556613583223,81.54857460547899,0.7357939524297478,78.0477603400765,-0.557320570054551
500000000.0,81.82065670674129,-2.585716252401535,81.44094913914348,1.0366760919028155,77.69911472240827,-0.4559675190109356
501000000.0,81.8203067778453,-2.5908758203535016,81.35781747587278,1.3382385155504646,77.3780574361659,-0.33545395580595333
502000000.0,81.81995615300518,-2.5960353172984747,81.30959293469535,1.686174440042851,77.04072458726122,-0.15219979390517582
503000000.0,81.8196048322401,-2.601194743095811,81.28500841369232,2.0613996796305862,76.70902944457752,0.06492244615601506
504000000.0,81.81925281556934,-2.606354097604875,81.33049075840727,2.515187782958661,76.37228283082581,0.38838084853811594
505000000.0,81.81890010301213,-2.6115133806850372,81.4243475779273,2.948403614582392,76.09016900896442,0.7228491223898584
506000000.0,81.81854669458781,-2.6166725921956764,81.60254769838456,3.422709551687861,75.8314996470099,1.1364204827630728
507000000.0,81.81819259031575,-2.6218317319961746,81.87639519191013,3.907839122066946,75.62671343099458,1.609934036147951
508000000.0,81.81783779021532,-2.6269907999459243,82.24845952441723,4.331051534286722,75.5154885972088,2.101640909795482
509000000.0,81.81748229430598,-2.632149795904321,82.71186945606114,4.676878879950258,75.50208641072285,2.6084303052183553
510000000.0,81.81712610260716,-2.6373087197307687,83.23951763791422,4.927188969098179,75.57277815640313,3.093359893786732
511000000.0,81.81676921513841,-2.6424675712846772,83.74348264153703,5.072626372405854,75.69601471555681,3.511967192915955
512000000.0,81.81641163191925,-2.647626350425464,84.25245273595398,5.104377294303392,75.88451524725892,3.886719032762122
513000000.0,81.81605335296925,-2.6527850570125513,84.68292444533947,5.108689527772446,76.05099349106465,4.197769085310318
514000000.0,81.81569437830805,-2.6579436909053697,85.06457625088662,5.042330230442741,76.25093597563918,4.438095773547251
515000000.0,81.81533470795529,-2.663102251963355,85.40984817461144,5.012858479630096,76.39599744500389,4.668142538074649
516000000.0,81.81497434193071,-2.668260740045952,85.73269331379271,4.985759116085405,76.52346562739697,4.892301955413419
517000000.0,81.81461328025398,-2.6734191550126094,86.1081005465832,4.973001016969039,76.6620581690605,5.163171247165893
518000000.0,81.81425152294491,-2.6785774967227836,86.49170244159662,4.923594103222729,76.81488976815365,5.418217604057741
519000000.0,81.81388907002332,-2.6837357650359386,86.92020208632822,4.825943432576365,77.02208954065104,5.697528012691088
520000000.0,81.81352592150904,-2.6888939598115438,87.32483770639517,4.663762230540789,77.25198448933466,5.949076801534954
521000000.0,81.81316207742194,-2.6940520809090756,87.71291418535239,4.392283506419759,77.55737451642563,6.155845760309643
522000000.0,81.81279753778196,-2.699210128188018,88.02744257030385,4.081011774375787,77.86895296293872,6.304100897974874
523000000.0,81.81243230260907,-2.7043681015078604,88.27003948648446,3.720128809596924,78.19668350889015,6.403248781293017
524000000.0,81.81206637192324,-2.7095260007280997,88.39958242078447,3.383726238480109,78.47563096462834,6.419815547752709
525000000.0,81.81169974574452,-2.7146838257082395,88.47202892617332,3.049625531409451,78.75087481658619,6.403582988795995
526000000.0,81.81133242409301,-2.71984157630779,88.48004962588529,2.8059843601013985,78.94842008307599,6.358222565391157
527000000.0,81.81096440698877,-2.7249992523862687,88.47510587343832,2.5895696574435942,79.12513730607569,6.301506894296045
528000000.0,81.81059569445199,-2.7301568538031997,88.46645066267429,2.4404708649116076,79.23413646423388,6.265073676398882
529000000.0,81.81022628650285,-2.7353143804181133,88.47150529249556,2.3313780693761594,79.32198725790312,6.247137021298178
530000000.0,81.80985618316157,-2.740471832090546,88.4909208762105,2.232631212044569,79.41600233946502,6.233531730198245
531000000.0,81.8094853844484,-2.7456292086800436,88.55171461614422,2.1715783876613246,79.47541362554703,6.272518717964507
532000000.0,81.80911389038367,-2.7507865100461575,88.62963408534235,2.075052356912836,79.57138059745338,6.322926982359294
533000000.0,81.80874170098768,-2.7559437360484447,88.72388595057207,2.000406280990811,79.64855967710088,6.378657738115154
534000000.0,81.80836881628085,-2.7611008865464703,88.81163561929256,1.8892640526759343,79.75725030856529,6.438864749647192
535000000.0,81.80799523628355,-2.766257961399807,88.91324069576952,1.7939239860399965,79.85711104838651,6.496569756713931
536000000.0,81.80762096101627,-2.771414960468033,89.02335095884112,1.6827922593667104,79.97774604859667,6.565461787581082
537000000.0,81.80724599049948,-2.7765718836107336,89.10067531681912,1.5683695680196483,80.07651276449933,6.617917754825133
538000000.0,81.8068703247537,-2.7817287306875014,89.21491720461692,1.4264848201671747,80.21992830937225,6.6883672669642715
539000000.0,81.80649396379951,-2.786885501557936,89.32716656042955,1.2667822179875063,80.36912542485277,6.758369802071967
540000000.0,81.8061169076575,-2.792042196081644,89.43955298844546,1.0880222859016826,80.54376570344954,6.821503453062138
541000000.0,81.80573915634834,-2.7971988141182385,89.505683457386,0.8944407145196188,80.72323356301393,6.853303534738235
542000000.0,81.80536070989267,-2.8023553555273404,89.56379096047256,0.6882553174235504,80.90566224543775,6.8758159734797415
543000000.0,81.80498156831122,-2.8075118201685765,89.57830651540641,0.4696378941895248,81.10140643870174,6.851710121652771
544000000.0,81.80460173162474,-2.8126682079015812,89.58767611164872,0.26512994145490976,81.2890738843078,6.831404861089624
545000000.0,81.80422119985404,-2.817824518585996,89.57696645077377,0.06149726366946318,81.46606062685625,6.798152492666518
546000000.0,81.80383997301992,-2.8229807520814685,89.51742366216217,-0.12121163003645155,81.62906217764966,6.712566424052603
547000000.0,81.80345805114328,-2.828136908247656,89.4620082801383,-0.29122866141812453,81.78294415179872,6.649989093301358
548000000.0,81.803075434245,-2.8332929869442194,89.37623204326586,-0.45624895720045267,81.92294570560706,6.547047116142298
549000000.0,81.80269212234603,-2.838448988030828,89.29014371260831,-0.6034563262204765,82.06265431013419,6.446441419962865
550000000.0,81.80230811546734,-2.8436049113671595,89.1811150358657,-0.6998328118235276,82.13905322711763,6.330738499975091
551000000.0,81.80192341362996,-2.8487607568128968,89.09127935792058,-0.8320963551395888,82.25438295470458,6.222968433193215
552000000.0,81.80153801685496,-2.853916524227731,88.97383069693124,-0.922385631316473,82.32999187173488,6.102644536486114
553000000.0,81.80115192516341,-2.8590722134713604,88.90900005527315,-1.0099851358035699,82.41380958317497,6.0164889630400324
554000000.0,81.80076513857644,-2.8642278244034887,88.78684829396954,-1.0588733915948905,82.44589051595815,5.888544002826603
555000000.0,81.80037765711522,-2.8693833568838296,88.68456221304079,-1.1091114826480222,82.4872168458861,5.776078048001104
556000000.0,81.79998948080097,-2.874538810772101,88.58921201249713,-1.1403439711129242,82.51114339989361,5.677379349593127
557000000.0,81.79960060965493,-2.8796941859280296,88.48384888348095,-1.1673727695393517,82.52827776527471,5.564020572133188
558000000.0,81.79921104369836,-2.8848494822113495,88.35661601043478,-1.2072531079448579,82.54854422306065,5.42441021161808
559000000.0,81.79882078295262,-2.8900046994818025,88.27616132394087,-1.1988764312978495,82.54106287011517,5.3394944785837675
560000000.0,81.79842982743904,-2.8951598375991345,88.19906556440353,-1.1836646371888588,82.51678872617792,5.268030688843722
561000000.0,81.798038177179,-2.900314896423102,88.10901121261139,-1.1777885138383393,82.49630983728359,5.169412929181394
562000000.0,81.79764583219396,-2.905469875813467,88.01074441020434,-1.1332543930374277,82.4437977519901,5.077819832195975
563000000.0,81.79725279250539,-2.91062477563,87.91219329815937,-1.0947515083548067,82.3846961726787,4.974899425625543
564000000.0,81.7968590581348,-2.9157795957324772,87.8621255299213,-1.0512816772209939,82.3350389075201,4.929019021121764
565000000.0,81.79646462910371,-2.9209343359806823,87.77010140044993,-0.9798155561338375,82.25311782872362,4.849319512021345
566000000.0,81.79606950543372,-2.9260889962344083,87.71355391770946,-0.9272360172958511,82.19394887395083,4.795475612454468
567000000.0,81.79567368714646,-2.931243576353453,87.65616261641968,-0.8307190931049787,82.08968143692393,4.7611178634565805
568000000.0,81.79527717426356,-2.936398076197622,87.59359956747942,-0.7415499888678487,81.98894606627128,4.709207995486157
569000000.0,81.79487996680673,-2.941552495626729,87.5661021817312,-0.6335037919802078,81.88775418842789,4.705769417922837
570000000.0,81.79448206479773,-2.946706834500596,87.54454245162621,-0.5337654499346898,81.78928954442559,4.703000203988475
571000000.0,81.7940834682583,-2.951861092679049,87.52726110321794,-0.40818956847614785,81.66993164602091,4.7164199229421335
572000000.0,81.79368417721025,-2.957015270021925,87.52661587326264,-0.29722455766372674,81.56981545194635,4.735682170566791
573000000.0,81.79328419167544,-2.962169366389066,87.53061162542674,-0.1828466789590517,81.46985995388245,4.7653554920812775
574000000.0,81.79288351167575,-2.967323381640322,87.52639970045378,-0.05700509045927072,81.34917572897193,4.790469025410195
575000000.0,81.79248213723312,-2.972477315635552,87.56351580527765,0.06775071029127092,81.24767580377133,4.852051150354024
576000000.0,81.79208006836949,-2.977631168234619,87.59582532706746,0.21360312767054077,81.13412123649321,4.9196143933755225
577000000.0,81.79167730510683,-2.9827849392973955,87.63845457636688,0.35525412494571396,81.01784164447947,4.990954565289259
578000000.0,81.79127384746722,-2.987938628683762,87.6830960483021,0.4837366259642046,80.92617740016982,5.059887766812672
579000000.0,81.79086969547274,-2.9930922362536068,87.73320880014325,0.6284017210324179,80.8100101638218,5.139527446796663
580000000.0,81.79046484914547,-2.998245761866823,87.8267546429451,0.7790162270981862,80.71235621232941,5.259076667553372
581000000.0,81.79005930850755,-3.0033992053833125,87.90683408428825,0.9218564959264306,80.6182998830503,5.364167233023543
582000000.0,81.78965307358119,-3.0085525666629858,88.00179455738142,1.0807692333646068,80.50588137542302,5.485054322261309
583000000.0,81.78924614438861,-3.01370584556576,88.11260587988959,1.2155780614420992,80.43154336333723,5.620882732025103
584000000.0,81.78883852095207,-3.018859041951559,88.24129917953515,1.3928784022105676,80.3231645225635,5.769922964661843
585000000.0,81.78843020329386,-3.024012155680316,88.40758890111786,1.5447445710352703,80.25505468375168,5.933320037542773
586000000.0,81.7880211914363,-3.029165186611969,88.58794042692277,1.7149536662455354,80.16597783804545,6.13514201441582
587000000.0,81.78761148540181,-3.0343181346064667,88.8040878052401,1.8519163075372167,80.12128969802723,6.34495695065392
588000000.0,81.78720108521277,-3.039470999523763,89.0217869103601,1.9377161747776752,80.11957052603182,6.539443758983892
589000000.0,81.78678999089165,-3.0446237812238213,89.22559178849343,2.020963101745251,80.11466684345736,6.71298604418751
590000000.0,81.78637820246091,-3.0497764795666096,89.46796116138161,2.096088749315831,80.12057694223424,6.921537264042743
591000000.0,81.78596571994306,-3.0549290944121066,89.6630260334499,2.1501411500384973,80.13824544566977,7.092037360876615
592000000.0,81.78555254336072,-3.060081625620298,89.85375343515918,2.2037828232193837,80.15300782569928,7.245309788378279
593000000.0,81.78513867273645,-3.065234073051175,90.03563342581832,2.2802237912646737,80.14772346298109,7.400509341520665
594000000.0,81.78472410809289,-3.070386436564739,90.20723730832212,2.356593541180566,80.142135641937,7.543882372260868
595000000.0,81.78430884945273,-3.075538716020998,90.41619116170789,2.4442099681463834,80.14087323857795,7.716149972759554
596000000.0,81.78389289683867,-3.080690911279967,90.63212782262649,2.5449641486914842,80.11469165673432,7.893675487228411
597000000.0,81.78347625027345,-3.0858430222016695,90.88265654806557,2.6918899465864645,80.07324944748812,8.100425261880376
598000000.0,81.78305890977987,-3.090995048646136,91.1556786492006,2.8241129307859127,80.04510610571819,8.320641376449844
599000000.0,81.78264087538076,-3.0961469904734065,91.4631074308694,2.907263426926056,80.05644084221527,8.556937246570175
600000000.0,81.78222214709898,-3.1012988475435264,91.844365848718,3.000913689312766,80.07279274223133,8.847191440620563
601000000.0,81.78180272495742,-3.1064506197165493,92.23093183867925,3.073118856586587,80.11294940691032,9.130518349905415
602000000.0,81.78138260897903,-3.1116023068525385,92.63944163556373,3.083606921227183,80.18240545702837,9.415052470002127
603000000.0,81.78096179918676,-3.1167539088115617,93.07429287320564,3.04036731477344,80.29715382132042,9.706994953885417
604000000.0,81.78054029560366,-3.1219054254536975,93.50934245593847,2.9590064742787865,80.43061216056073,10.007499571268063
605000000.0,81.78011809825277,-3.1270568566390318,93.90298525378745,2.8491653834731276,80.58705111760158,10.264557584033797
606000000.0,81.77969520715715,-3.132208202227655,94.26665496157392,2.6744715529087077,80.7680033933768,10.492455568219228
607000000.0,81.77927162233995,-3.1373594620796696,94.6091493853619,2.4897962258233313,80.9613217580467,10.70363496669975
608000000.0,81.77884734382432,-3.142510636055183,94.92991517315711,2.285497332917729,81.15284718702564,10.906792615752066
609000000.0,81.77842237163348,-3.1476617240143123,95.23264118883561,2.0938505408703882,81.35505005664312,11.084774167497166
610000000.0,81.77799670579066,-3.1528127258171814,95.48662027509563,1.932268863645377,81.50702790035263,11.243879689141517
611000000.0,81.77757034631914,-3.1579636413239225,95.76518734988008,1.7267086245219159,81.710071992664,11.411647892855587
612000000.0,81.7771432932422,-3.163114470394674,96.02768916075081,1.5699719438404152,81.85980789512132,11.561209759892217
613000000.0,81.77671554658325,-3.1682652128895863,96.32269641165969,1.4176825013772492,82.02269970315633,11.751233580077205
614000000.0,81.77628710636561,-3.173415868668812,96.62512482775466,1.251871990166083,82.18420833294438,11.93382549828779
615000000.0,81.77585797261278,-3.1785664375925164,96.94279838548033,1.0968994853829266,82.34681370187755,12.134772930919906
616000000.0,81.77542814534816,-3.1837169195208697,97.27516274199326,0.8916097713616599,82.52795534062554,12.346574134273933
617000000.0,81.77499762459527,-3.188867314314052,97.61739606500592,0.6485319990169102,82.73916170864373,12.564530974506013
618000000.0,81.77456641037766,-3.1940176218322494,97.9520496136812,0.36903654375746875,82.97982393051325,12.768903469358435
619000000.0,81.7741345027189,-3.1991678419356586,98.2653591795796,0.04196729236117354,83.23819460394948,12.97567268573525
620000000.0,81.7737019016426,-3.2043179744844816,98.57114769849676,-0.31168885982536004,83.51831506927687,13.164243793742003
621000000.0,81.77326860717241,-3.20946801933893,98.80722126870587,-0.6903362529724109,83.82381018906638,13.315997723599674
622000000.0,81.77283461933203,-3.214617976359223,99.01932858889862,-1.0952892375359828,84.15033557385337,13.445027030105406
623000000.0,81.77239993814517,-3.2197678454055865,99.18670260999725,-1.4869741531523046,84.46186725521834,13.556730984094886
624000000.0,81.7719645636356,-3.224917626338257,99.32390610669044,-1.8955981746153197,84.79484068449106,13.651178948962169
625000000.0,81.77152849582713,-3.2300673190174765,99.41628740820494,-2.269676954826939,85.1029629846889,13.69842353603724
626000000.0,81.77109173474358,-3.2352169233034966,99.49918197705824,-2.6157502650832587,85.40821151034064,13.751633283510131
627000000.0,81.77065428040883,-3.2403664390565763,99.56591235518461,-2.9437546869521776,85.69632678704171,13.800346889961634
628000000.0,81.77021613284683,-3.245515866136983,99.58174272003069,-3.2633689407821844,85.98976036469338,13.800759953491806
629000000.0,81.76977729208149,-3.250665204404992,99.65432947217414,-3.541571733734516,86.24499906042364,13.828366208479933
630000000.0,81.76933775813679,-3.2558144537208866,99.65734974435512,-3.812244654991673,86.50460197483936,13.818933590953762
631000000.0,81.76889753103679,-3.260963613944957,99.69878335615887,-4.076838430132406,86.76393537217697,13.82184508652513
632000000.0,81.76845661080552,-3.266112684937504,99.72656786673805,-4.347172136504174,87.03065170463746,13.81344380022986
633000000.0,81.7680149974671,-3.271261666558836,99.75872488027287,-4.575103884057541,87.2599983522233,13.800375629880168
634000000.0,81.76757269104569,-3.276410558669267,99.78274330806218,-4.762306064197431,87.47313719981375,13.776189429689586
635000000.0,81.76712969156542,-3.2815593611291227,99.82521842635948,-4.980475187387805,87.69872084268077,13.76465388219399
636000000.0,81.76668599905052,-3.2867080737987338,99.89862316085996,-5.19508614729556,87.92929493410931,13.76028571386108
637000000.0,81.76624161352527,-3.2918566965384413,99.94049345040858,-5.376268175628877,88.12574696197905,13.745250073153937
638000000.0,81.76579653501392,-3.2970052292085934,100.00405464407139,-5.5881914096099585,88.34853039369327,13.719499604514183
639000000.0,81.76535076354081,-3.3021536716695468,100.0724059542753,-5.725961107354268,88.52763320570742,13.716267534664784
640000000.0,81.76490429913031,-3.3073020237816664,100.1557753192035,-5.905050890928394,88.72934154643482,13.69197988912879
641000000.0,81.76445714180679,-3.3124502854053253,100.22663407003682,-6.05278326267346,88.90664314780219,13.653651871062662
642000000.0,81.76400929159473,-3.3175984564009044,100.33687387293155,-6.217183021288698,89.08145921947484,13.655711373151348
643000000.0,81.76356074851859,-3.3227465366287943,100.46039096742604,-6.3478964888975975,89.23375450510868,13.650958691333312
644000000.0,81.76311151260286,-3.3278945259493917,100.60029290002004,-6.443837757913815,89.35859103263479,13.659645158533905
645000000.0,81.7626615838721,-3.3330424242231023,100.79958303473038,-6.579053383541059,89.507713823892,13.698509163776892
646000000.0,81.76221096235093,-3.338190231310342,101.00802658559839,-6.712033035772888,89.65245732343817,13.748794864722784
647000000.0,81.76175964806393,-3.343337947071532,101.27078941673878,-6.8286735328893835,89.771186748229,13.82955800903156
648000000.0,81.76130764103581,-3.348485571367105,101.58638696065515,-6.975513804460941,89.89640061947618,13.953098683286019
649000000.0,81.76085494129123,-3.3536331040574985,101.93229620866958,-7.170903238228458,90.06887589668459,14.071937790566588
650000000.0,81.76040154885493,-3.3587805450031603,102.30404265094468,-7.3512933157132645,90.22735038852615,14.226964904448327
651000000.0,81.75994746375171,-3.3639278940645476,102.70635297176854,-7.603635418969561,90.41647535599911,14.402832982805943
652000000.0,81.75949268600635,-3.3690751511021237,103.13793373333472,-7.927795726377927,90.64982112515852,14.599727099983728
653000000.0,81.75903721564373,-3.374222315976361,103.59458331974497,-8.278410118700448,90.87935229717621,14.805166237725032
654000000.0,81.75858105268871,-3.379369388547742,104.08659427825255,-8.712495265574008,91.19337375766139,15.023777209735838
655000000.0,81.75812419716624,-3.3845163686767554,104.52429106796943,-9.193032912252349,91.52035280026342,15.239477842225362
656000000.0,81.75766664910127,-3.3896632562238986,105.01650980440674,-9.735658923703639,91.87633615665138,15.467926517807705
657000000.0,81.75720840851878,-3.3948100510496775,105.43977425357633,-10.347266948608969,92.3027782748054,15.668113250250116
658000000.0,81.75674947544384,-3.3999567530146084,105.84914572311176,-11.04548523187974,92.75464181513912,15.849591091392776
659000000.0,81.7562898499015,-3.4051033619792137,106.27752743132635,-11.76411642802947,93.23194919436507,16.038644982305385
660000000.0,81.75582953191689,-3.4102498778040244,106.66401446950013,-12.56531083216547,93.74912038075962,16.21426597673204
661000000.0,81.75536852151514,-3.415396300349581,106.96977433703577,-13.400395924589121,94.30732903405323,16.321543067035055
662000000.0,81.75490681872142,-3.420542629476432,107.26787947804884,-14.262853023108422,94.8565974301282,16.42904412598748
663000000.0,81.75444442356101,-3.4256888650451356,107.50830389572093,-15.18804966575157,95.45334849881921,16.495391381863197
664000000.0,81.75398133605913,-3.430835006916255,107.71444911236797,-16.121307218670626,96.04487217808652,16.528384245896927
665000000.0,81.75351755624106,-3.4359810549503664,107.86715873184977,-17.13282720233218,96.68591488154416,16.538922402875233
666000000.0,81.75305308413219,-3.4411270090080524,108.02050525529557,-18.184923129441042,97.34199587771448,16.55012463230466
667000000.0,81.75258791975786,-3.446272868949903,108.0644350981788,-19.292832567705464,98.02685476006458,16.488086463283025
668000000.0,81.75212206314346,-3.4514186346365174,108.06895624051103,-20.403704121972318,98.69799769750749,16.402648306989654
669000000.0,81.75165551431449,-3.4565643059285067,108.05425966876818,-21.54385131468069,99.38035859582448,16.289433046660424
670000000.0,81.75118827329639,-3.461709882686485,107.96616051700805,-22.743363780803122,100.08166708772276,16.16641937676708
671000000.0,81.75072034011471,-3.466855364771079,107.82482835902721,-23.972537803068565,100.82407168253106,16.01881889373084
672000000.0,81.75025171479498,-3.472000752042922,107.65791535794682,-25.28602545645362,101.56134126595967,15.843019384783588
673000000.0,81.74978239736281,-3.477146044362658,107.38665328656609,-26.623691829915632,102.31948272177631,15.628168780218832
674000000.0,81.74931238784386,-3.4822912415909375,107.00208625373617,-28.005117460311244,103.10391718857854,15.3330430959084
675000000.0,81.74884168626376,-3.48743634358842,106.51901814367845,-29.45379923594195,103.90805951223675,15.002624232804422
676000000.0,81.74837029264825,-3.4925813502157745,105.93292864870729,-30.932386325735898,104.72559095212394,14.633662506669772
677000000.0,81.74789820702306,-3.4977262613336793,105.18524424406638,-32.4457468821952,105.56030296499587,14.223544567535463
678000000.0,81.74742542941398,-3.5028710768028195,104.33345127838871,-33.932619252997455,106.38040255669083,13.738756470535742
679000000.0,81.74695195984683,-3.508015796483889,103.27745497417338,-35.435969447197216,107.21998930818522,13.162388910038148
680000000.0,81.74647779834746,-3.513160420237592,102.11660956410361,-36.91068566595227,108.0226279642315,12.563373935249531
681000000.0,81.74600294494176,-3.518304947924641,100.7204842547432,-38.3379466059434,108.8544769616267,11.870107617427072
682000000.0,81.7455273996557,-3.523449379405757,99.1968017490735,-39.71063044870978,109.66378351062346,11.135956998139049
683000000.0,81.74505116251521,-3.528593714541668,97.44638860406992,-40.98010045202238,110.45657895518464,10.272288233785428
684000000.0,81.74457423354629,-3.5337379531931132,95.57069826111582,-42.060432027035894,111.16269156798741,9.351006659699863
685000000.0,81.74409661277504,-3.538882095220841,93.49875277582842,-42.98214564573298,111.86234368499213,8.32212893711906
686000000.0,81.74361830022748,-3.5440261404856055,91.2907558139182,-43.70596886750129,112.49365133780272,7.211900463394083
687000000.0,81.74313929592978,-3.5491700888481716,89.0334267789163,-44.18014207953441,113.04038177092032,6.053477494461703
688000000.0,81.74265959990807,-3.554313940169314,86.7771718737975,-44.40089686855752,113.45380108244736,4.857422430934512
689000000.0,81.74217921218852,-3.5594576943098133,84.48269393023682,-44.40109242628274,113.79077658698681,3.609135755850177
690000000.0,81.74169813279741,-3.564601351130462,82.23773841568894,-44.20116324716911,114.0425055059015,2.3310301276426784
691000000.0,81.74121636176096,-3.569744910492059,80.02746355564825,-43.78707323824985,114.2094426884479,1.048118582651244
692000000.0,81.74073389910554,-3.574888372255415,77.9085882779792,-43.15849433928088,114.23947615124729,-0.2726130254061743
693000000.0,81.74025074485742,-3.5800317362813456,75.86489335802548,-42.3370682081833,114.15832743194703,-1.5708848313683001
694000000.0,81.73976689904303,-3.5851750024306788,74.01816289475755,-41.35711408822198,113.96811687929925,-2.805942168530834
695000000.0,81.73928236168878,-3.5903181705642497,72.26189128509428,-40.24113391855529,113.70861770073455,-4.081044250263373
696000000.0,81.7387971328211,-3.595461240542902,70.68846398987887,-39.02888149918971,113.35176459866166,-5.244483282820111
697000000.0,81.7383112124665,-3.600604212227489,69.27987903770634,-37.756894978845864,112.93962993926598,-6.347387097740762
698000000.0,81.7378246006515,-3.6057470854788742,68.03531293784229,-36.41983962336143,112.43606440152023,-7.361583310972485
699000000.0,81.73733729740268,-3.610889860157927,66.91731102812723,-35.05269247855643,111.9034193701727,-8.368896548717204
700000000.0,81.73684930274663,-3.61603253612553,65.93336162482548,-33.664811912938674,111.32108003722605,-9.24191513141167
701000000.0,81.73636061671002,-3.62117511324257,65.08591895316198,-32.25418078969926,110.72983250164866,-10.109005888907294
702000000.0,81.73587123931947,-3.6263175913699457,64.35931372233216,-30.85143262927858,110.1171778813748,-10.882030242604252
703000000.0,81.73538117060174,-3.631459970368565,63.78931795072483,-29.45580499002531,109.44498260914283,-11.574155433784856
704000000.0,81.73489041058357,-3.6366022500993433,63.31130779755197,-28.099235720722017,108.80763269033017,-12.213647532059253
705000000.0,81.73439895929177,-3.641744430423206,62.95046560870797,-26.7746012292085,108.18119186226912,-12.80449152145783
706000000.0,81.73390681675312,-3.6468865112010858,62.66886090090146,-25.507496812307235,107.55046961422725,-13.339336204977382
707000000.0,81.73341398299453,-3.652028492293929,62.48201147154769,-24.282341394689198,106.95126665154879,-13.797023754236713
708000000.0,81.73292045804288,-3.657170373562684,62.331737630404525,-23.110334292448446,106.38484259146479,-14.2951321423129
709000000.0,81.73242624192511,-3.6623121548683155,62.27144799677283,-21.992539573158567,105.77931662013256,-14.718155561226487
710000000.0,81.73193133466819,-3.667453836071791,62.24368312240926,-20.927427130089065,105.24585984743042,-15.124241001255706
711000000.0,81.73143573629915,-3.6725954170340915,62.26123865002196,-19.884211866167487,104.64173577103641,-15.534972598713594
712000000.0,81.73093944684503,-3.6777368976162066,62.33709859178054,-18.907460801192208,104.0846579486702,-15.88361475768145
713000000.0,81.73044246633292,-3.6828782776791313,62.42818936329149,-17.97556317954598,103.55323765575544,-16.198724899729037
714000000.0,81.72994479478993,-3.6880195570838743,62.575480888698486,-17.054886597903092,102.96128385285411,-16.518514866861814
715000000.0,81.72944643224324,-3.6931607356914515,62.73916041553613,-16.196718774345133,102.40464005109796,-16.83270375924904
716000000.0,81.72894737872004,-3.698301813362888,62.946498151757176,-15.394964858849624,101.87076267885159,-17.060750608490885
717000000.0,81.72844763424756,-3.7034427899592166,63.16452995212381,-14.641737257462498,101.33579198885485,-17.281990337101632
718000000.0,81.7279471988531,-3.708583665341483,63.41319096416608,-13.93279021662002,100.86097630459413,-17.468679651521718
719000000.0,81.72744607256394,-3.7137244393707385,63.65522224990149,-13.26805839715302,100.39557544056062,-17.67329747681152
720000000.0,81.72694425540745,-3.7188651119080447,63.92207223905399,-12.671774521130002,99.94604037948135,-17.812432713250345
721000000.0,81.72644174741099,-3.724005682814474,64.18658362611707,-12.087669133453426,99.52871061447968,-17.955499973901215
722000000.0,81.725938548602,-3.7291461519511055,64.44105848839186,-11.55967007956768,99.17103035131524,-18.113281047696027
723000000.0,81.72543465900793,-3.7342865191790287,64.70585375600108,-11.049979217047069,98.76187270012437,-18.265824726690518
724000000.0,81.72493007865627,-3.7394267843593423,64.9538545403578,-10.575930745470044,98.41486723608752,-18.412907785137584
725000000.0,81.72442480757458,-3.7445669473531558,65.2165506661001,-10.138804831238946,98.06685092238399,-18.572900190501535
726000000.0,81.72391884579041,-3.7497070080215855,65.43349485151393,-9.720238969927825,97.78865327571283,-18.78406762351385
727000000.0,81.72341219333137,-3.754846966225758,65.6729039449801,-9.326011797521705,97.47253719260634,-18.959973322715488
728000000.0,81.72290485022512,-3.7599868218268098,65.8837387309525,-8.929206202010313,97.13303983928425,-19.2113398084234
729000000.0,81.72239681649931,-3.765126574685885,66.09586132217827,-8.566257560970143,96.81619115250875,-19.41916238328339
730000000.0,81.72188809218167,-3.770266224664139,66.30275968005142,-8.207982120441578,96.50961837508169,-19.640475774266772
731000000.0,81.72137867729998,-3.7754057716227356,66.51060157849888,-7.869801458148961,96.16532656334519,-19.863022514317123
732000000.0,81.72086857188202,-3.780545215422849,66.69563938458681,-7.53596720657454,95.86202803712725,-20.14063610882487
733000000.0,81.72035777595559,-3.7856845559256596,66.86601766120094,-7.230218799124139,95.56614469909486,-20.408541505974807
734000000.0,81.71984628954861,-3.790823792992362,67.08254271915295,-6.90676531804786,95.15453294262491,-20.64222810059958
735000000.0,81.71933411268894,-3.7959629264841555,67.25854887828785,-6.598939202504316,94.79810723510866,-20.93022804558859
736000000.0,81.71882124540454,-3.801101956262251,67.43743486037539,-6.304788551113346,94.4318605518828,-21.17944943706637
737000000.0,81.71830768772341,-3.80624088218787,67.62002325439217,-5.987194371879745,93.98699269888313,-21.471975108354073
738000000.0,81.71779343967353,-3.811379704122242,67.7874244261451,-5.708020588092475,93.61525993135284,-21.729784157572873
739000000.0,81.71727850128295,-3.8165184219266046,67.96829818715285,-5.418674726906079,93.1712272447554,-21.984899136942484
740000000.0,81.71676287257979,-3.8216570354622084,68.15424990285003,-5.134883863811969,92.75930422210513,-22.229201569940386
741000000.0,81.71624655359217,-3.8267955445903103,68.3315914062255,-4.85821229887277,92.29165311012366,-22.470739392981336
742000000.0,81.71572954434825,-3.8319339491721776,68.52972969068696,-4.571223713829617,91.78273572268644,-22.71686553518125
743000000.0,81.71521184487622,-3.837072249069087,68.72449838923103,-4.3045847004937725,91.28313869346569,-22.931022586908192
744000000.0,81.71469345520431,-3.8422104441423253,68.9414757681543,-4.052229483764583,90.79243357484441,-23.095294042161328
745000000.0,81.71417437536086,-3.84734853425319,69.12579462318116,-3.80633522862323,90.32165550143037,-23.299153138766847
746000000.0,81.71365460537409,-3.8524865192629836,69.34479629475662,-3.558137950019743,89.73019664949535,-23.468570675935496
747000000.0,81.7131341452724,-3.8576243990330235,69.54378145246424,-3.3347295361612157,89.23193696736784,-23.646992395242624
748000000.0,81.71261299508419,-3.8627621734246333,69.75217697186957,-3.1124221626853,88.6850187046633,-23.790656589121895
749000000.0,81.71209115483786,-3.8678998422991486,69.95790001144272,-2.8931974429333662,88.14230395208178,-23.901659465107944
750000000.0,81.71156862456186,-3.87303740551791,70.17767739259227,-2.684897883367018,87.5644993885043,-24.022049194233155
751000000.0,81.71104540428472,-3.8781748629422736,70.38859622236946,-2.4844163879367063,87.0040034521415,-24.101683425122634
752000000.0,81.71052149403495,-3.883312214433601,70.6103598238518,-2.266184364303476,86.34993695829445,-24.223169348887243
753000000.0,81.70999689384114,-3.888449459853266,70.83326539191846,-2.097241034262622,85.78233182789765,-24.2254728167994
754000000.0,81.70947160373188,-3.8935865990626497,71.0492444400503,-1.8921804495262842,85.13905387551532,-24.326270542167524
755000000.0,81.70894562373583,-3.8987236319231444,71.29332379365069,-1.7181836306612002,84.51743538212234,-24.254836834983934
756000000.0,81.70841895388165,-3.9038605582961505,71.53075303699458,-1.5587182848387062,83.90085329786785,-24.23221619634859
757000000.0,81.70789159419809,-3.9089973780430807,71.78189835401278,-1.4016640844922474,83.27629152017178,-24.164987746602147
758000000.0,81.70736354471389,-3.9141340910253537,72.03457307428579,-1.2782821927326353,82.65323164791221,-24.028052945826484
759000000.0,81.70683480545786,-3.9192706971044022,72.30018581863145,-1.1383097985722945,81.98538080347713,-23.904415089240814
760000000.0,81.70630537645881,-3.9244071961416656,72.55268673109072,-1.0782304911490341,81.47232636961166,-23.65646651494658
761000000.0,81.70577525774561,-3.9295435879985923,72.80199505254974,-0.9632970667385785,80.82623294577544,-23.506616129980348
762000000.0,81.70524444934719,-3.9346798725366448,73.03569191932137,-0.8956737358427608,80.34017120808993,-23.290432259318326
763000000.0,81.70471295129245,-3.9398160496172894,73.29332523276109,-0.8576619651711314,79.76889127455942,-22.959776974396934
764000000.0,81.70418076361041,-3.9449521191020067,73.5271636195233,-0.831718478203692,79.29531719476878,-22.622793100645698
765000000.0,81.70364788633006,-3.9500880808522854,73.73590944026172,-0.8109860367698556,78.87796247714535,-22.387564816949006
766000000.0,81.70311431948046,-3.955223934729623,73.93698233750206,-0.7951669967822186,78.47258130685003,-22.097712392781443
767000000.0,81.7025800630907,-3.9603596805955306,74.13683840039239,-0.778290659288669,77.9835201401729,-21.81238036914724
768000000.0,81.70204511718993,-3.965495318311524,74.30271047467171,-0.7868187482354967,77.6107943769248,-21.56584109887126
769000000.0,81.70150948180726,-3.970630847739131,74.48754653308146,-0.7826053601567976,77.14926325836504,-21.250733028002966
770000000.0,81.70097315697195,-3.9757662687398914,74.63747644839512,-0.7932013121581948,76.81814130398543,-21.028998889873037
771000000.0,81.70043614271319,-3.9809015811753508,74.80473965076587,-0.7895515947690965,76.29359523764532,-20.66713566211796
772000000.0,81.69989843906029,-3.9860367849070686,74.94531927832911,-0.7813627808630144,75.79587123635578,-20.405188378871294
773000000.0,81.69936004604254,-3.9911718797966107,75.07459887095848,-0.8114945044039366,75.48873610145709,-20.08297169281296
774000000.0,81.6988209636893,-3.9963068657055545,75.21502372087606,-0.8272766758669102,75.04561470962119,-19.547251681006532
775000000.0,81.69828119202994,-4.001441742495487,75.3519804329205,-0.8358178161399533,74.66732034934226,-19.026567052652325
776000000.0,81.69774073109392,-4.006576510028006,75.47789349408501,-0.8473238523820995,74.4151832900342,-18.339950109038956
777000000.0,81.69719958091065,-4.011711168164719,75.58845595737597,-0.8864732772329169,74.33813130759016,-17.911162660152662
778000000.0,81.69665774150965,-4.016845716767241,75.71210338576454,-0.8985880511713676,74.16995724661638,-17.34445464217549
779000000.0,81.69611521292047,-4.0219801556972,75.80779762473958,-0.9035533676602201,74.02763684334037,-16.905131959537258
780000000.0,81.69557199517266,-4.027114484816233,75.93997539141297,-0.9361343365733811,74.15751664606465,-16.334725490684363
781000000.0,81.69502808829583,-4.032248703985984,76.03761138995645,-0.9797320503810573,74.2537721678696,-15.967845574447608
782000000.0,81.6944834923196,-4.0373828130681115,76.14325939178389,-1.0046743272050596,74.28017231344786,-15.592125417944267
783000000.0,81.69393820727372,-4.042516811924284,76.20877849027076,-1.0426641104091294,74.33074436394855,-15.342632283247083
784000000.0,81.69339223318784,-4.047650700416176,76.29022307170511,-1.0941111583997936,74.42389812499177,-15.111432621677297
785000000.0,81.69284557009175,-4.052784478405474,76.38781184543873,-1.1419696549819898,74.58286089095998,-14.807851445201162
786000000.0,81.69229821801522,-4.0579181457538755,76.44541539796721,-1.1853480440011728,74.62741686688601,-14.631981538365432
787000000.0,81.69175017698811,-4.063051702323087,76.4984386945737,-1.2440190069171078,74.76494104413418,-14.47331986870745
788000000.0,81.69120144704024,-4.068185147974824,76.52339257714003,-1.2941577389664385,74.80057724294404,-14.430630992212183
789000000.0,81.69065202820157,-4.073318482570815,76.56220176370338,-1.3404940335692237,74.91010908668578,-14.35028911589103
790000000.0,81.69010192050199,-4.078451705972795,76.5985141867681,-1.3956886173804297,74.95060218500805,-14.255172982146531
791000000.0,81.6895511239715,-4.083584818042513,76.59546159609711,-1.4550881281504064,75.05701940781691,-14.308006193087243
792000000.0,81.6889996386401,-4.088717818641725,76.59984492884658,-1.4978318598899258,75.05244304620277,-14.326114841343827
793000000.0,81.68844746453784,-4.093850707632197,76.60663667509971,-1.5368953533974186,75.06387678261515,-14.313558856894646
794000000.0,81.68789460169484,-4.098983484875707,76.58185616753711,-1.570144209650854,74.99415407455932,-14.40028717639815
795000000.0,81.68734105014119,-4.104116150234043,76.55592037370602,-1.5891699731697877,74.89733230962737,-14.496524444261118
796000000.0,81.68678680990705,-4.109248703569003,76.5323967691278,-1.6081362277150328,74.80615384245603,-14.558123137684227
797000000.0,81.68623188102262,-4.114381144742393,76.50755101648383,-1.6229865097170846,74.7039010575445,-14.56104905186156
798000000.0,81.68567626351818,-4.119513473616032,76.44341280147964,-1.6183341668909013,74.45745102487527,-14.67877351808768
799000000.0,81.68511995742392,-4.1246456900517465,76.38206177731676,-1.6203265906752116,74.21905618671643,-14.827317355059455
800000000.0,81.6845629627702,-4.129777793911376,76.31780492844912,-1.6261117427609528,74.01930404717956,-14.947058275256396
801000000.0,81.68400527958738,-4.134909785056768,76.2757627916193,-1.5873062648220413,73.68084985671965,-14.931674365025696
802000000.0,81.68344690790579,-4.140041663349782,76.19709470180725,-1.546734918326232,73.3174996155723,-14.950781619830197
803000000.0,81.6828878477559,-4.145173428652287,76.1233973241528,-1.500484216847502,72.90537852408902,-14.917894721504517
804000000.0,81.68232809916813,-4.150305080826162,76.04113277922445,-1.4331072116573438,72.47160511292068,-14.897554904755028
805000000.0,81.68176766217299,-4.155436619733295,75.96755183727616,-1.3555652361020616,71.99018219266054,-14.745786839000239
806000000.0,81.681206536801,-4.160568045235586,75.90670457226959,-1.251918116424366,71.6189709356003,-14.478964954211522
807000000.0,81.68064472308274,-4.1656993571949466,75.82629288475705,-1.1528124028959181,71.18259370617147,-14.292444233520907
808000000.0,81.68008222104878,-4.170830555473293,75.77479616878512,-1.0263753797039232,70.81200316619515,-13.945095835865533
809000000.0,81.67951903072981,-4.175961639932559,75.72580723602148,-0.8905998824988305,70.4902820516546,-13.57160882312263
810000000.0,81.67895515215648,-4.181092610434686,75.67489196569097,-0.7443874621077375,70.1844773469397,-13.253850388685242
811000000.0,81.67839058535948,-4.186223466841622,75.64629056188983,-0.603054507600568,69.90024765153827,-12.923262730349752
812000000.0,81.67782533036957,-4.191354209015331,75.62524518112359,-0.44077234034378937,69.69069522763685,-12.530031228538773
813000000.0,81.67725938721757,-4.196484836817784,75.63039478177623,-0.286787353598491,69.53154515028892,-12.147045086207973
814000000.0,81.6766927559343,-4.201615350110962,75.63059847096329,-0.12546673288711366,69.36500169635009,-11.79348936882338
815000000.0,81.67612543655058,-4.206745748756858,75.63758350648618,0.07967738256965656,69.16809569293366,-11.351833920643676
816000000.0,81.67555742909734,-4.211876032617475,75.67101583695388,0.23530824265561848,69.08408445799226,-11.010533085925447
817000000.0,81.6749887336055,-4.2170062015548275,75.71120672820267,0.4155408131335631,68.96082526400996,-10.607426495162604
818000000.0,81.67441935010604,-4.222136255430938,75.76118945603875,0.590485382785801,68.88502776563023,-10.243456419572237
819000000.0,81.67384927862996,-4.22726619410784,75.83904696870843,0.7469185462453954,68.8704236183368,-9.884670877038594
820000000.0,81.67327851920831,-4.23239601744758,75.9054180977261,0.916233837981248,68.80418996214111,-9.526926036755812
821000000.0,81.67270707187217,-4.237525725312211,75.98653107201312,1.0544693424359803,68.79833961930554,-9.227266209084487
822000000.0,81.67213493665264,-4.242655317563798,76.0501705645029,1.2089339729547888,68.73801711942154,-8.927714028535116
823000000.0,81.6715621135809,-4.24778479406442,76.14551018791494,1.3571078965593373,68.7364757192824,-8.61490252102977
824000000.0,81.67098860268814,-4.25291415467616,76.23767960532635,1.5216327209558924,68.72299658441929,-8.271576166359571
825000000.0,81.67041440400558,-4.258043399261118,76.31105841493243,1.6524514063060234,68.67177077002792,-8.026827345129888
826000000.0,81.6698395175645,-4.2631725276814,76.43481587149296,1.8012531493830632,68.69100541940044,-7.701420526019265
827000000.0,81.66926394339615,-4.268301539799121,76.5345872738605,1.9379573113853796,68.69298654279294,-7.424873053023301
828000000.0,81.66868768153192,-4.273430435476413,76.63458464974941,2.078344852319606,68.68878629089748,-7.139894562412563
829000000.0,81.66811073200317,-4.278559214575416,76.75802378066096,2.2181384949605385,68.70321077680249,-6.838112618158765
830000000.0,81.66753309484133,-4.283687876958276,76.87370187686014,2.3431427379186243,68.72841362638981,-6.581106482388726
831000000.0,81.66695477007782,-4.288816422487156,76.97370355402352,2.4772050574708646,68.72253465609539,-6.339678925242763
832000000.0,81.66637575774413,-4.293944851024224,77.11501078765588,2.603541472498304,68.76595838302846,-6.0413393600656295
833000000.0,81.66579605787179,-4.299073162431664,77.24442063693628,2.729102653785183,68.79672479595109,-5.782030639552643
834000000.0,81.66521567049237,-4.304201356571667,77.38088747645533,2.8407770372226535,68.84071549559484,-5.52775738761102
835000000.0,81.66463459563742,-4.309329433306433,77.50680123294747,2.9884288409476993,68.84937729479078,-5.251660483040417
836000000.0,81.66405283333864,-4.31445739249818,77.6648163710647,3.114863247301057,68.89937322387141,-4.981925180516948
837000000.0,81.66347038362765,-4.319585234009128,77.81170779152966,3.2094192656032634,68.95216491089202,-4.751902847423801
838000000.0,81.66288724653616,-4.324712957701513,77.97613443586113,3.338727917578067,69.0052892953666,-4.486687369117793
839000000.0,81.66230342209593,-4.329840563437578,78.1551089242884,3.4419806741690095,69.07862391283919,-4.220129734583255
840000000.0,81.66171891033872,-4.334968051079582,78.33645497071777,3.5264214626733725,69.1711837243728,-3.9791293567890924
841000000.0,81.66113371129637,-4.34009542048979,78.52180444466768,3.6444773481760833,69.23445371176793,-3.7126698674636565
842000000.0,81.66054782500072,-4.345222671530479,78.70347228734947,3.7538076962652482,69.29435727704089,-3.453738430299753
843000000.0,81.65996125148364,-4.350349804063937,78.9205256840511,3.8189540317335786,69.41574436735542,-3.2100758818671293
844000000.0,81.65937399077706,-4.355476817952462,79.11906601564856,3.882141355168288,69.52382379615851,-2.9726216119707902
845000000.0,81.65878604291296,-4.360603713058364,79.32977024016701,3.9380834479654845,69.641531659487,-2.7458231982754393
846000000.0,81.65819740792335,-4.365730489243964,79.50712954156485,3.970142795546249,69.74526580517878,-2.556146495024805
847000000.0,81.65760808584025,-4.370857146371591,79.72864843886451,3.979060910171227,69.89046921005803,-2.3606741669533093
848000000.0,81.65701807669572,-4.3759836843035895,79.93359210210329,4.010977270416601,70.01255749378032,-2.144964468962756
849000000.0,81.65642738052188,-4.381110102902308,80.13743528831182,3.994694734289882,70.16006372946305,-1.9647415578549008
850000000.0,81.65583599735088,-4.386236402030112,80.33549335648907,4.020013285073258,70.28318366883371,-1.7619844402856586
851000000.0,81.65524392721488,-4.391362581549375,80.50324379020932,3.967311855119592,70.43930339694677,-1.6393550321111057
852000000.0,81.65465117014612,-4.396488641322484,80.67631937438792,3.94116837916238,70.57235838813048,-1.502805439657948
853000000.0,81.65405772617684,-4.401614581211831,80.83306543563225,3.894851654259736,70.71096849790526,-1.3709543732256917
854000000.0,81.65346359533937,-4.4067404010798255,81.00591844947814,3.858604895643233,70.85956661766302,-1.2216966502769826
855000000.0,81.652868777666,-4.411866100788883,81.1336844264205,3.797546189570228,70.98816130960132,-1.1407219469535292
856000000.0,81.65227327318911,-4.416991680201432,81.28197170413986,3.759258834005572,71.12134250752065,-1.0165295711741364
857000000.0,81.65167708194109,-4.422117139179914,81.39929333223607,3.725609920362485,71.22595390114847,-0.9108629892139609
858000000.0,81.6510802039544,-4.427242477586778,81.52169045760418,3.655653436168184,71.36665444885521,-0.8365319172473177
859000000.0,81.65048263926148,-4.432367695284482,81.63702865444978,3.642735280379278,71.45131699297872,-0.7325427179091999
860000000.0,81.64988438789487,-4.437492792135502,81.74328024526528,3.5960567565949964,71.5593147543936,-0.6454992483391563
861000000.0,81.64928544988713,-4.442617768002317,81.84462085674734,3.5568038954001513,71.66465943910877,-0.5689645066411588
862000000.0,81.6486858252708,-4.447742622747425,81.92463336658857,3.5165096414265546,71.74719074008587,-0.5076708048011606
863000000.0,81.64808551407855,-4.452867356233328,82.0399806320331,3.4972399377877794,71.85648221442183,-0.41262538378153424
864000000.0,81.64748451634298,-4.457991968322541,82.11898043860873,3.4656826860141106,71.93641437214954,-0.3402383284157508
865000000.0,81.64688283209686,-4.463116458877594,82.20766883493653,3.4268449945405424,72.01761862776497,-0.2792511760777464
866000000.0,81.64628046137285,-4.468240827761021,82.30488515191506,3.412799941700928,72.10999979295096,-0.19362868047167578
867000000.0,81.64567740420377,-4.473365074835373,82.39473061866582,3.363113007170033,72.20341627015888,-0.140408994479466
868000000.0,81.6450736606224,-4.478489199963208,82.49117788257864,3.3236334382010773,72.31610736156152,-0.07382376448970387
869000000.0,81.64446923066156,-4.483613203007098,82.57868894969516,3.287657358313342,72.41262558724132,-0.015161704892093765
870000000.0,81.64386411435419,-4.488737083829626,82.6479787208809,3.256863917643842,72.4716416830029,0.02740310118182646
871000000.0,81.64325831173313,-4.493860842293382,82.72159766406875,3.20801762872886,72.56723507027414,0.052703688269361504
872000000.0,81.64265182283138,-4.498984478260972,82.78749555169955,3.172452448470259,72.63243512891998,0.09992793052703615
873000000.0,81.64204464768191,-4.504107991595011,82.86840903537582,3.1504302960049193,72.70735696552346,0.15295884758203573
874000000.0,81.64143678631775,-4.509231382158124,82.94332427311016,3.099770844777211,72.80585918206586,0.17637962221324197
875000000.0,81.64082823877196,-4.514354649812948,82.9971530356348,3.0718063293962117,72.86335794191548,0.20440667245041386
876000000.0,81.64021900507761,-4.51947779442213,83.05965863878605,3.0071790036786,72.94362172469808,0.22442461194178343
877000000.0,81.63960908526788,-4.524600815848333,83.1099039237189,2.9928820346696003,72.998122527764,0.2357006020566187
878000000.0,81.63899847937589,-4.529723713954225,83.16984211532862,2.9200078328424772,73.08523181180317,0.254717471058063
879000000.0,81.63838718743489,-4.534846488602489,83.20843215295177,2.87055572031296,73.15587548993322,0.24795047833328956
880000000.0,81.63777520947811,-4.539969139655818,83.25068714756331,2.842314689270279,73.18899891742574,0.26153153654561145
881000000.0,81.6371625455388,-4.545091666976914,83.26884292501735,2.8126693985434033,73.2165250145532,0.24710953709924377
882000000.0,81.6365491956503,-4.550214070428494,83.29763274622317,2.769015464435351,73.2650881948438,0.24079265524273522
883000000.0,81.63593515984597,-4.555336349873284,83.30580344604193,2.7605932345039954,73.26770113324004,0.23258426642129343
884000000.0,81.6353204381592,-4.560458505174021,83.30985708622353,2.763249539657191,73.25419567106836,0.2176759206920967
885000000.0,81.63470503062338,-4.565580536193455,83.30420789957684,2.7429206748368475,73.25794582105642,0.1963810034616667
886000000.0,81.63408893727201,-4.570702442794346,83.3131912182649,2.7413211111528386,73.24196475548511,0.18850798329911653
887000000.0,81.63347215813857,-4.575824224839463,83.31108703403613,2.73955419631004,73.2173246229274,0.18293122670392067
888000000.0,81.6328546932566,-4.580945882191592,83.34895434556707,2.74480945245672,73.22647861939042,0.20878496881035033
889000000.0,81.63223654265967,-4.586067414713525,83.3595144163812,2.739262496208233,73.21112744340007,0.209386242673565
890000000.0,81.63161770638138,-4.591188822268068,83.35984450472004,2.7619601853374185,73.16218758243734,0.21255386823709171
891000000.0,81.6309981844554,-4.596310104718037,83.35903298171162,2.7799769215942076,73.1256674081597,0.2208050547950027
892000000.0,81.63037797691536,-4.601431261926259,83.37216976394596,2.829915979160507,73.06716705075205,0.2511419961061304
893000000.0,81.62975708379501,-4.606552293755573,83.37516419926781,2.8649418262557313,73.00132034717316,0.27896706819412004
894000000.0,81.62913550512813,-4.611673200068833,83.39825497854227,2.895424278959838,72.965467568104,0.3069503994095096
895000000.0,81.62851324094845,-4.616793980728895,83.40177562906372,2.9284220152494926,72.91749282589893,0.3461885532356766
896000000.0,81.62789029128984,-4.621914635598637,83.42038005126432,3.020641878842593,72.80759687837836,0.41319486832726326
897000000.0,81.62726665618615,-4.627035164540941,83.44244690794702,3.0470922526373876,72.77816677043641,0.45255282722931844
898000000.0,81.62664233567128,-4.632155567418703,83.47945555793399,3.083108925611908,72.74063186205032,0.5173176152418288
899000000.0,81.62601732977916,-4.637275844094831,83.48746078167096,3.154973200852921,72.66214635152532,0.5774424964815181
900000000.0,81.62539163854376,-4.642395994432245,83.5125119175651,3.2294782129015034,72.58900361869135,0.6494151626308868
901000000.0,81.6247652619991,-4.647516018293872,83.5428668951004,3.265353214113552,72.54863965862471,0.7108936826752656
902000000.0,81.62413820017923,-4.652635915542654,83.53579065753705,3.371394573089859,72.43255750105261,0.776703810568814
903000000.0,81.62351045311819,-4.657755686041545,83.58626176217825,3.4203507402723115,72.39402059201886,0.857297605553408
904000000.0,81.62288202085014,-4.66287532965351,83.60323112105198,3.5165148165190834,72.31217429992859,0.9473542140330202
905000000.0,81.62225290340922,-4.667994846241525,83.65495138118047,3.604001655201118,72.25054237171878,1.0571886828668
906000000.0,81.62162310082962,-4.673114235668576,83.6850587406884,3.6807262754658723,72.18846262567203,1.1414512396994136
907000000.0,81.62099261314557,-4.678233497797663,83.72611579494092,3.772114249495382,72.11275193147436,1.2427228359653069
908000000.0,81.62036144039135,-4.683352632491795,83.78707321665594,3.901187627458181,72.02908218017254,1.3817242515737398
909000000.0,81.61972958260121,-4.688471639613994,83.82274393567195,3.9934511809895463,71.96084536671593,1.4730364557307918
910000000.0,81.61909703980952,-4.6935905190272935,83.87758081531155,4.088333873670382,71.91926656677809,1.586699957294491
911000000.0,81.61846381205065,-4.69870927059474,83.95356080025363,4.207775785788541,71.85395694519168,1.734068225670446
912000000.0,81.61782989935901,-4.70382789417939,84.03207573865932,4.316530832349233,71.7963703597762,1.8620917448549696
913000000.0,81.61719530176903,-4.708946389644307,84.09365160316149,4.423200919802777,71.74725013571486,1.9880183116860481
914000000.0,81.61656001931522,-4.714064756852576,84.19213157545556,4.552064708501395,71.68773004406097,2.136492381525138
915000000.0,81.61592405203206,-4.7191829956672855,84.27968080912194,4.703381911276864,71.60919836510766,2.2936985362715347
916000000.0,81.61528739995413,-4.724301105951539,84.4061442371752,4.836808305731039,71.56597638157528,2.4775101249986036
917000000.0,81.61465006311602,-4.72941908756845,84.53355969928757,4.933018855149489,71.55048955925216,2.6357086781186134
918000000.0,81.61401204155234,-4.734536940381147,84.65155848069097,5.069811792527392,71.50458448315948,2.7937493046398476
919000000.0,81.61337333529775,-4.739654664252764,84.78962840767629,5.176900824039672,71.48815481333969,2.958863013227839
920000000.0,81.61273394438697,-4.744772259046451,84.92633911401188,5.310756592312733,71.43462391757066,3.126255498023197
921000000.0,81.61209386885476,-4.749889724625372,85.11383496086079,5.431588609453562,71.44348571846349,3.328631884477693
922000000.0,81.61145310873583,-4.755007060852697,85.27198344965763,5.524679726959773,71.42961279842743,3.4984886555571073
923000000.0,81.61081166406501,-4.760124267591611,85.45601623530395,5.622334276698558,71.43971848190598,3.6874875852571782
924000000.0,81.61016953487716,-4.765241344705309,85.62729691362095,5.741348846309407,71.41756123504818,3.8678231353671015
925000000.0,81.60952672120715,-4.770358292057001,85.84145055700037,5.795781328205412,71.46825030852978,4.054111465572634
926000000.0,81.60888322308992,-4.775475109509905,86.04222449443944,5.876648004502609,71.48737242220766,4.229757252039122
927000000.0,81.60823904056038,-4.7805917969272524,86.22392003927102,5.953850187491307,71.48861644427359,4.399600888184452
928000000.0,81.60759417365354,-4.785708354172285,86.44011680631276,6.016457579431541,71.52507844364654,4.600671344025092
929000000.0,81.60694862240443,-4.790824781108258,86.68040249267325,6.059510414724794,71.58431904301851,4.79042432929198
930000000.0,81.60630238684813,-4.795941077598439,86.86790707323642,6.112437053111856,71.60658883425856,4.961614753580554
931000000.0,81.6056554670197,-4.801057243506104,87.11427648675424,6.1255846970532515,71.67324455455562,5.150874815511483
932000000.0,81.6050078629543,-4.806173278694543,87.35342158345514,6.16153396041797,71.72377518390664,5.348547706904939
933000000.0,81.60435957468708,-4.8112891830270605,87.56561639358937,6.1489905807905325,71.79539143757607,5.503698201596983
934000000.0,81.60371060225327,-4.816404956366968,87.79755448542792,6.143997771272005,71.88449220198433,5.675914470534524
935000000.0,81.60306094568811,-4.8215205985775915,88.04093650477849,6.114746767120917,71.97531832026266,5.854216848569482
936000000.0,81.60241060502688,-4.826636109522268,88.25908820174028,6.057600660330923,72.07834898811915,6.008334296917181
937000000.0,81.60175958030487,-4.831751489064347,88.47521122080468,6.025642951588724,72.15262855059062,6.171512563932763
938000000.0,81.60110787155747,-4.836866737067188,88.69296355133511,5.974756025111142,72.25098365130931,6.32425018860165
939000000.0,81.60045547882005,-4.8419818533941665,88.86479332116569,5.874069494360873,72.362557675067,6.438669268190906
940000000.0,81.59980240212803,-4.847096837908663,89.09783989016779,5.804685530372226,72.46951426918456,6.605093253562231
941000000.0,81.59914864151688,-4.852211690474078,89.28627258914655,5.718876598262306,72.57873199339227,6.722609017335249
942000000.0,81.59849419702209,-4.857326410953819,89.46384378108797,5.659124475666283,72.6754378391968,6.868236287406951
943000000.0,81.5978390686792,-4.862440999211306,89.60165718568292,5.543101290742828,72.79466757489101,6.956531059054094
944000000.0,81.59718325652378,-4.867555455109971,89.7799921387771,5.449597895046265,72.90600725536338,7.081088318953883
945000000.0,81.59652676059144,-4.872669778513259,89.92281124605641,5.314729203081177,73.03484135475223,7.174006677595536
946000000.0,81.59586958091779,-4.877783969284626,90.02754111892617,5.198526719865779,73.13917277018939,7.253458078793283
947000000.0,81.59521171753856,-4.882898027287539,90.14268597651647,5.134706504813156,73.22037683990139,7.348415462512105
948000000.0,81.59455317048942,-4.888011952385481,90.2708616153485,5.032484704175853,73.33663144831567,7.439762627564
949000000.0,81.59389393980614,-4.893125744441942,90.35289125271318,4.95512080308675,73.4082344550503,7.508412807405711
950000000.0,81.59323402552451,-4.898239403320427,90.45995856697188,4.858527592566711,73.52362259982279,7.586252508545755
951000000.0,81.59257342768032,-4.903352928884451,90.5414845191056,4.7527101239688685,73.62317436725462,7.644280978536134
952000000.0,81.5919121463095,-4.908466320997545,90.62429210548045,4.691256069010936,73.70173723641646,7.718182289580907
953000000.0,81.59125018144786,-4.913579579523247,90.69387254698802,4.614788450114536,73.78358206248605,7.760574858079415
954000000.0,81.5905875331314,-4.918692704325108,90.76244260448965,4.5542264980377505,73.8465032969894,7.8392800079813005
955000000.0,81.58992420139604,-4.9238056952666955,90.83794235848576,4.491996191659478,73.92262306948352,7.905156619969321
956000000.0,81.58926018627784,-4.928918552211585,90.90836864888746,4.434011810989766,74.00483436022274,7.95780630438966
957000000.0,81.58859548781275,-4.934031275023364,90.9620857754342,4.4119395904336995,74.0434532604376,8.01296431730752
958000000.0,81.58793010603695,-4.939143863565635,91.06476172494938,4.3747945658520875,74.11281652338745,8.103134706843132
959000000.0,81.58726404098647,-4.944256317702009,91.10945064275795,4.322818039600425,74.17783114673988,8.142853721944737
960000000.0,81.5865972926975,-4.949368637296112,91.1914716902985,4.303916205802858,74.22340510758018,8.214562571360334
961000000.0,81.58592986120622,-4.95448082221158,91.26550781340994,4.300301326335945,74.2532295681976,8.291548803513635
962000000.0,81.58526174654882,-4.9595928723120615,91.34741711164153,4.276516077106707,74.30206373063123,8.369343105539365
963000000.0,81.58459294876162,-4.964704787461222,91.45655576581736,4.273052944211196,74.34852192389768,8.450509925514977
964000000.0,81.58392346788085,-4.96981656752273,91.5547679112337,4.254491227725528,74.40146432198006,8.534395506179964
965000000.0,81.58325330394287,-4.974928212360274,91.6458304168855,4.258394629991873,74.43752513932084,8.622302708968352
966000000.0,81.58258245698403,-4.980039721837551,91.74747748886092,4.251055332105508,74.48248918366184,8.711544165716932
967000000.0,81.58191092704074,-4.985151095818272,91.86552249296822,4.232892535621128,74.53886450101129,8.80320330794182
968000000.0,81.58123871414944,-4.990262334166157,91.98074118141629,4.230207139747896,74.577417780971,8.900381410481458
969000000.0,81.5805658183466,-4.995373436744942,92.10213587180407,4.185382270198042,74.65053529174692,8.97456997289482
970000000.0,81.57989223966874,-5.000484403418376,92.2363681128558,4.184457311389426,74.69657417511871,9.08715699208141
971000000.0,81.57921797815236,-5.005595234050214,92.41058939974424,4.173582521714125,74.75609837149439,9.217537851103238
972000000.0,81.5785430338341,-5.010705928504231,92.52307517507981,4.128433789519384,74.81595298107928,9.309429062301497
973000000.0,81.57786740675056,-5.015816486644208,92.68084891227535,4.093653088313954,74.8877191311047,9.423412144893058
974000000.0,81.57719109693836,-5.020926908333941,92.82456024874064,4.086230019627318,74.94764389451964,9.545035961978758
975000000.0,81.57651410443422,-5.026037193437239,92.97430120213228,4.014502780753557,75.03113678682134,9.65871477820712
976000000.0,81.5758364292749,-5.031147341817923,93.12683219017252,3.984501912534911,75.098652527861,9.76478002300093
977000000.0,81.57515807149709,-5.036257353339824,93.29257591161394,3.8637351824344526,75.23800985150507,9.87737696863921
978000000.0,81.57447903113763,-5.04136722786679,93.41488296061115,3.8150779746587995,75.29091517073356,9.96896666675025
979000000.0,81.57379930823335,-5.046476965262676,93.56956273639311,3.7366420733765953,75.40050288363484,10.092509866137707
980000000.0,81.5731189028211,-5.051586565391352,93.7133787784238,3.6552791963120477,75.4891169132623,10.195644667708118
981000000.0,81.5724378149378,-5.056696028116701,93.84846358010672,3.553509039537929,75.60635927157571,10.27913577586458
982000000.0,81.57175604462041,-5.061805353302618,93.98429642764115,3.48596296076412,75.68416888305516,10.396294285791233
983000000.0,81.57107359190589,-5.066914540813009,94.10407279194341,3.3915030774634314,75.78384433195599,10.47862594659304
984000000.0,81.57039045683123,-5.072023590511792,94.20273342404005,3.256547157494759,75.91302914890404,10.541652681494856
985000000.0,81.56970663943353,-5.077132502262904,94.29412917794909,3.1481111704483458,76.02338873558705,10.611751307442153
986000000.0,81.56902213974985,-5.0822412759302855,94.44068383172932,3.0452095055781516,76.1423048024371,10.7163187980657
987000000.0,81.56833695781731,-5.087349911377893,94.50196938370625,2.9494703533860775,76.23793262959475,10.766848544570225
988000000.0,81.56765109367306,-5.092458408469696,94.61413373572967,2.8528856634496513,76.33772199000083,10.862565058409348
989000000.0,81.56696454735429,-5.097566767069676,94.68166912078097,2.733959370258702,76.45718380947139,10.912726333648882
990000000.0,81.56627731889829,-5.102674987041828,94.75818890762022,2.634492277060543,76.56171691616156,10.9787288054351
991000000.0,81.56558940834223,-5.107783068250159,94.85657982666977,2.533421736109358,76.68338693385532,11.051950499758274
992000000.0,81.5649008157235,-5.112891010558685,94.89896059147897,2.411661827406589,76.80250995534074,11.079398032342919
993000000.0,81.56421154107939,-5.117998813831442,94.9834777131972,2.313858072218608,76.90844731139718,11.154075042873462
994000000.0,81.56352158444729,-5.123106477932472,95.04354551770594,2.2080323523653815,77.02450523879463,11.20194880524965
995000000.0,81.5628309458646,-5.128214002725832,95.10429838998553,2.104772590464762,77.14002587051232,11.250488043894352
996000000.0,81.56213962536876,-5.13332138807559,95.13055967482224,2.03132951946842,77.22396639956689,11.280371831260133
997000000.0,81.56144762299725,-5.138428633845829,95.1836624958515,1.9617159454146842,77.31260095475004,11.325031096520457
998000000.0,81.56075493878762,-5.143535739900644,95.21892738232681,1.901620367057646,77.3987203065505,11.364219891389212
999000000.0,81.5600615727774,-5.148642706104141,95.27237205692312,1.8187803825353765,77.49683486452876,11.418288789108809
1000000000.0,81.55936752500419,-5.153749532320438,95.30348237336413,1.7382687695865557,77.60200088473366,11.431581353684699
1001000000.0,81.55867279550559,-5.1588562184136695,95.34899489088741,1.666255238441432,77.68590052797622,11.46995169306103
1002000000.0,81.55797738431927,-5.16396276424798,95.40671069497508,1.6017556580315444,77.7728942223794,11.524216294755975
1003000000.0,81.55728129148295,-5.1690691696875275,95.42576859648335,1.529298511713759,77.88166874425748,11.53561668588215
1004000000.0,81.55658451703435,-5.1741754345964805,95.46257628816274,1.50067531092232,77.94768833779435,11.576389339219379
1005000000.0,81.55588706101125,-5.1792815588390235,95.52149184443758,1.404308059522787,78.05634156238044,11.61144812596797
1006000000.0,81.55518892345144,-5.18438754227935,95.54163194554516,1.3906937631947622,78.11862207771617,11.639415362892565
1007000000.0,81.55449010439276,-5.1894933847816676,95.5727004037027,1.3457644572584042,78.18186603890999,11.66122379384584
1008000000.0,81.55379060387307,-5.194599086210199,95.60078917253836,1.2946656845989295,78.27008189017371,11.683930018999073
1009000000.0,81.55309042193032,-5.199704646429178,95.65026836099678,1.2699014800851511,78.33167499343698,11.727384075509239
1010000000.0,81.55238955860246,-5.2048100653028495,95.70856250805546,1.2594893517490964,78.40072180217118,11.768881114046483
1011000000.0,81.55168801392743,-5.209915342695473,95.75051571016405,1.2243311213602892,78.47335476187021,11.793695352430975
1012000000.0,81.55098578794329,-5.215020478471319,95.800843041778,1.1860487784432843,78.54442232859827,11.819644847126744
1013000000.0,81.55028288068807,-5.220125472494673,95.83752810792414,1.1833637260324672,78.5916358157996,11.8578896328563
1014000000.0,81.54957929219988,-5.225230324629831,95.87152436497999,1.1810479196006194,78.65176710499244,11.875271239124961
1015000000.0,81.54887502251685,-5.230335034741104,95.93151566798724,1.1343543960446916,78.72525862513879,11.91870307775233
1016000000.0,81.54817007167713,-5.235439602692817,95.98176200820508,1.122527111358201,78.78976180916251,11.954841567068996
1017000000.0,81.54746443971894,-5.2405440283493006,96.02904363227006,1.1064846431034034,78.84708477902338,11.987766835453286
1018000000.0,81.5467581266805,-5.245648311574908,96.10412767703276,1.1027935049542565,78.9025296765757,12.033614900469203
1019000000.0,81.54605113260007,-5.250752452233996,96.1713334335476,1.1310857866342023,78.94176733918562,12.07978807440962
1020000000.0,81.54534345751598,-5.255856450190942,96.25446114625422,1.1183613848473295,79.0001725924742,12.128859046475586
1021000000.0,81.54463510146657,-5.260960305310131,96.31549830937547,1.106201775463125,79.05080873149483,12.164847584400531
1022000000.0,81.54392606449018,-5.266064017455961,96.38684956777458,1.0864380652814183,79.13420178919615,12.208682413200293
1023000000.0,81.54321634662529,-5.27116758649285,96.46834523500218,1.066807903001804,79.193448595415,12.25034606793451
1024000000.0,81.5425059479103,-5.2762710122852186,96.561744846247,1.1171011273883416,79.20792617800639,12.324624250764346
1025000000.0,81.54179486838372,-5.281374294697507,96.64088597175738,1.0650767705480897,79.3012365678908,12.369125823647774
1026000000.0,81.54108310808407,-5.286477433594166,96.70663995354278,1.0677089314507675,79.34153516972964,12.400965816908645
1027000000.0,81.5403706670499,-5.291580428839661,96.77594017418413,1.1183449639629153,79.3669517875553,12.447987803449207
1028000000.0,81.5396575453198,-5.296683280298466,96.88799746148092,1.1272927782867002,79.41721631502291,12.516541273992631
1029000000.0,81.5389437429324,-5.301785987835074,96.9951105927742,1.112590175591624,79.48054313149895,12.57229107684786
1030000000.0,81.5382292599264,-5.306888551313988,97.12401791212855,1.1256925862646145,79.53799448125727,12.655560111541051
1031000000.0,81.53751409634044,-5.311990970599722,97.17853247031364,1.1353551222095326,79.57519586294048,12.688877216083025
1032000000.0,81.5367982522133,-5.317093245556805,97.31968700028031,1.138494494943297,79.63316846476917,12.767635063040434
1033000000.0,81.53608172758375,-5.322195376049781,97.42424000726311,1.1563349036481858,79.67275179612757,12.831932034253063
1034000000.0,81.53536452249057,-5.327297361943203,97.52802028225939,1.17398770159336,79.7272597572191,12.881973652452755
1035000000.0,81.53464663697265,-5.332399203101641,97.66898706378662,1.170616880699719,79.78568332553489,12.966971134034978
1036000000.0,81.53392807106883,-5.337500899389672,97.78801568243189,1.1765091474824798,79.82622472399316,13.029733086883782
1037000000.0,81.53320882481802,-5.342602450671894,97.92776837777325,1.1603339640887573,79.91044556233818,13.095376575751327
1038000000.0,81.53248889825922,-5.347703856812912,98.04807696763191,1.1532991412871794,79.96123618218039,13.16359969976178
1039000000.0,81.53176829143138,-5.352805117677348,98.22804119839678,1.1538379465404969,80.03813932801496,13.266473938157935
1040000000.0,81.53104700437352,-5.357906233129833,98.39032420937454,1.1547936805238401,80.08495802775538,13.358590685351782
1041000000.0,81.5303250371247,-5.363007203035012,98.54414326480993,1.169907035038886,80.14415331687667,13.453507346752188
1042000000.0,81.52960238972405,-5.3681080272575485,98.6753678332416,1.1327145919113266,80.21837206023982,13.49841139318354
1043000000.0,81.52887906221065,-5.373208705662111,98.86012499159308,1.1408839675619975,80.27872246112955,13.620933372763577
1044000000.0,81.52815505462368,-5.3783092381133875,99.00624143214965,1.1546044978547223,80.32947139778399,13.68862958316951
1045000000.0,81.52743036700237,-5.383409624476076,99.19521635185549,1.1303198415394256,80.40229596991207,13.78338361507567
1046000000.0,81.52670499938593,-5.388509864614888,99.35818906818974,1.0609409530448128,80.51832472604389,13.87197950905402
1047000000.0,81.52597895181363,-5.393609958394549,99.59315191540432,1.0656252207097794,80.58159748444561,14.003242332497305
1048000000.0,81.5252522243248,-5.398709905679796,99.73114895415777,1.0035540111237666,80.66179671530959,14.05844855152683
1049000000.0,81.52452481695875,-5.40380970633538,99.95424285923208,0.9621881103479888,80.76278235270777,14.178059151197086
1050000000.0,81.52379672975489,-5.408909360226068,100.13372742579888,0.9121612486352739,80.85480905459838,14.280406543254317
1051000000.0,81.52306796275262,-5.414008867216634,100.30840340422489,0.9014989730233613,80.91696982951485,14.36159303065903
1052000000.0,81.52233851599141,-5.419108227171871,100.53650316833982,0.8428978637832689,81.03086317704171,14.486569440988692
1053000000.0,81.52160838951072,-5.424207439956585,100.72194853013424,0.7772787342285291,81.1369442871507,14.578053705255126
1054000000.0,81.5208775833501,-5.429306505435591,100.85853698162086,0.6857101444346001,81.24912154632314,14.621630357701026
1055000000.0,81.52014609754907,-5.434405423473718,101.05202298979852,0.6618268588841195,81.31597987679146,14.731833107633449
1056000000.0,81.51941393214727,-5.439504193935814,101.27514226576363,0.5782087120878632,81.44369381026517,14.85082403754283
1057000000.0,81.5186810871843,-5.444602816686733,101.47535866709606,0.4684403226488,81.57363823183823,14.924823833870876
1058000000.0,81.51794756269983,-5.449701291591346,101.65004394479236,0.39800812310178985,81.69506865098413,15.0029142634888
1059000000.0,81.51721335873357,-5.454799618514536,101.81926271985714,0.33511889497212666,81.79458898204828,15.090990804208769
1060000000.0,81.51647847532523,-5.459897797321201,102.02988966123033,0.20499025365580706,81.93564637607702,15.169072754278277
1061000000.0,81.51574291251461,-5.464995827876252,102.22596343414085,0.12731539232176287,82.07189661672439,15.261807591938085
1062000000.0,81.51500667034149,-5.470093710044611,102.43626770627328,0.04913119714415698,82.17833696797302,15.363137349333837
1063000000.0,81.51426974884575,-5.475191443691216,102.64358163780652,-0.07382082394798864,82.32017659130321,15.455625348195877
1064000000.0,81.51353214806724,-5.480289028681017,102.82309194666689,-0.15943687622951577,82.43641912752915,15.514575232122734
1065000000.0,81.51279386804589,-5.485386464878977,103.0175842113702,-0.2732428848342787,82.58218487245973,15.597920045707879
1066000000.0,81.51205490882163,-5.490483752150074,103.22116880602636,-0.36326996675291334,82.70744744296091,15.690887130681093
1067000000.0,81.51131527043448,-5.495580890359298,103.36541641296859,-0.4581612741364746,82.81774719557559,15.716103554235866
1068000000.0,81.51057495292442,-5.500677879371652,103.58238790314816,-0.575364692317719,82.97572607620936,15.822923560132779
1069000000.0,81.50983395633153,-5.505774719052155,103.83912881815992,-0.7214766979389108,83.13163182991231,15.928580758008383
1070000000.0,81.5090922806959,-5.510871409265837,103.9501378165274,-0.7856460476092818,83.21559867757033,15.951907255413287
1071000000.0,81.50834992605763,-5.51596794987774,104.17542470796029,-0.9130800435126546,83.37272927923705,16.028766486499272
1072000000.0,81.50760689245693,-5.521064340752925,104.36913404677615,-1.0192647358470786,83.49541925669789,16.114443618792926
1073000000.0,81.50686317993397,-5.52616058175646,104.60737408006094,-1.1520319657728675,83.6559705074414,16.194332821350827
1074000000.0,81.506118788529,-5.53125667275343,104.7918368659439,-1.2040901041832806,83.76170383757027,16.262421429921524
1075000000.0,81.50537371828227,-5.536352613608934,105.01396337344262,-1.3549082275375666,83.91124001000206,16.339408952500786
1076000000.0,81.50462796923411,-5.541448404188084,105.23982522819188,-1.525486875203043,84.08431282236394,16.39979154680685
1077000000.0,81.50388154142482,-5.546544044356002,105.42475145305873,-1.6316414665893297,84.20695993929574,16.45235469268288
1078000000.0,81.50313443489483,-5.551639533977831,105.64896892016779,-1.70819945556124,84.32998147054272,16.536046891180966
1079000000.0,81.50238664968451,-5.556734872918717,105.92198796465507,-1.8876160482573077,84.4942746926228,16.633532476356375
1080000000.0,81.50163818583434,-5.56183006104383,106.18222042467764,-2.0622103588981244,84.67372689106584,16.70771267009362
1081000000.0,81.50088904338476,-5.566925098218346,106.43941080363045,-2.1997766951121855,84.8106065214072,16.78983097239261
1082000000.0,81.50013922237632,-5.57201998430746,106.67088442823646,-2.3179668666618114,84.95824162546569,16.874123552613305
1083000000.0,81.49938872284957,-5.577114719176377,106.96100910479164,-2.538313964419829,85.14904776145899,16.943627763409864
1084000000.0,81.49863754484512,-5.582209302690319,107.21123225082658,-2.6605435747586244,85.28973147042775,17.019955530363074
1085000000.0,81.49788568840354,-5.587303734714515,107.43895559375605,-2.870556578195167,85.4755149564787,17.08474733758229
1086000000.0,81.49713315356554,-5.592398015114216,107.68063784873696,-3.196621866540073,85.70591810952227,17.116580062989048
1087000000.0,81.4963799403718,-5.597492143754678,107.97307202318851,-3.2997373326828714,85.84081663655768,17.237693788542092
1088000000.0,81.49562604886304,-5.602586120501181,108.19584310125492,-3.519855337129799,86.02355711387503,17.286461051927116
1089000000.0,81.49487147908003,-5.607679945219006,108.5203238389903,-3.7571074448371697,86.22597114252925,17.35976787470312
1090000000.0,81.4941162310636,-5.612773617773461,108.78157319646046,-3.98557875683301,86.38681002836609,17.433482224846063
1091000000.0,81.49336030485456,-5.617867138029857,109.07692271095135,-4.237516862004294,86.59980858463817,17.519439654588435
1092000000.0,81.49260370049379,-5.622960505853525,109.40441562972389,-4.51168479210615,86.80919255901884,17.61553176923523
1093000000.0,81.4918464180222,-5.628053721109808,109.68295710707542,-4.789281360721122,87.01218607616408,17.67412224619496
1094000000.0,81.49108845748071,-5.633146783664057,109.90771002119546,-5.0626067855897325,87.20356999147873,17.713782351882884
1095000000.0,81.49032981891035,-5.638239693381648,110.16672881378905,-5.354627696881772,87.40798742071394,17.777810204383137
1096000000.0,81.4895705023521,-5.643332450127961,110.43468717197915,-5.674639034465941,87.64017827629105,17.827824955749172
1097000000.0,81.488810507847,-5.648425053768395,110.77924024202794,-5.989794983588258,87.85853981658329,17.918532088990187
1098000000.0,81.48804983543619,-5.653517504168361,111.09759717411694,-6.338309493910041,88.10095686160817,18.00114350086926
1099000000.0,81.48728848516072,-5.658609801193283,111.36082177965437,-6.7244747906598095,88.3607799643502,18.05004525710113
1100000000.0,81.48652645706179,-5.663701944708599,111.58259035748549,-7.1113643588491575,88.6021491124443,18.071588296637756
1101000000.0,81.4857637511806,-5.6687939345797655,111.92796246143612,-7.525957734784085,88.85378511015422,18.14984792344647
1102000000.0,81.48500036755834,-5.673885770672244,112.16981866788295,-7.9463867124576355,89.11386373541349,18.1933156642026
1103000000.0,81.48423630623628,-5.678977452851513,112.41747260746813,-8.342289675478908,89.36314056147708,18.22927674317411
1104000000.0,81.48347156725576,-5.684068980983073,112.67587905464137,-8.835590361346338,89.65488556127767,18.249765853610235
1105000000.0,81.48270615065807,-5.689160354932427,112.88466533089954,-9.330207599197994,89.94175761660561,18.275861051041435
1106000000.0,81.4819400564846,-5.694251574565098,113.19128946421944,-9.726672817598475,90.18784334534367,18.31643420252864
1107000000.0,81.48117328477674,-5.699342639746621,113.33968129506964,-10.3364336523199,90.5260373974479,18.31208263489636
1108000000.0,81.48040583557597,-5.704433550342544,113.5232794639617,-10.85761015798141,90.83300647059461,18.305486142905696
1109000000.0,81.47963770892369,-5.709524306218431,113.71347426530453,-11.400778996421844,91.13175179871828,18.292007678102554
1110000000.0,81.47886890486147,-5.714614907239859,113.90484444585505,-11.976857970542385,91.43683208821659,18.29323195410513
1111000000.0,81.47809942343085,-5.71970535327242,114.02868311944069,-12.496539122750509,91.72430543890877,18.26415228246281
1112000000.0,81.47732926467339,-5.724795644181715,114.13512902089892,-13.077213962718616,92.04360161326596,18.202740353035257
1113000000.0,81.47655842863071,-5.729885779833365,114.2535349881937,-13.67402272596073,92.35436511929082,18.178938198305655
1114000000.0,81.47578691534446,-5.734975760093004,114.38840609265304,-14.25973184837882,92.66949176378056,18.138733953424843
1115000000.0,81.47501472485635,-5.740065584826277,114.41264393181707,-14.838634895873055,92.948468825932,18.05409995590442
1116000000.0,81.47424185720809,-5.745155253898844,114.51491517169922,-15.457452541133017,93.27544113497216,17.995712542447418
1117000000.0,81.47346831244141,-5.750244767176379,114.52148933213255,-16.126135410425455,93.60617241233062,17.904066536710534
1118000000.0,81.47269409059814,-5.755334124524572,114.55939316955272,-16.78351332741784,93.92285493647775,17.82571997631669
1119000000.0,81.4719191917201,-5.760423325809125,114.56953915695095,-17.433628957182584,94.25953880086531,17.74821795508651
1120000000.0,81.47114361584917,-5.765512370895755,114.54935092606166,-18.044334874215885,94.52432681136406,17.64657426953467
1121000000.0,81.4703673630272,-5.770601259650189,114.51136598040242,-18.706147201386347,94.86594077845133,17.544073966779525
1122000000.0,81.46959043329616,-5.775689991938178,114.41518523746818,-19.384404737101985,95.18542444674941,17.389076520049183
1123000000.0,81.46881282669801,-5.780778567625473,114.32805657636327,-20.039242497111907,95.48556114617256,17.294717528489034
1124000000.0,81.46803454327475,-5.785866986577851,114.26940295492358,-20.719363056340054,95.801196493563,17.168825746421813
1125000000.0,81.46725558306844,-5.7909552486610965,114.02637379572265,-21.366449874011515,96.10183965914098,16.950040771728464
1126000000.0,81.46647594612112,-5.796043353741012,113.93653755494606,-22.11031028333979,96.44931233399686,16.868497270898736
1127000000.0,81.46569563247495,-5.801131301683409,113.7530638562659,-22.720548193032695,96.7396181501048,16.678570020831746
1128000000.0,81.46491464217202,-5.8062190923541195,113.5044107110545,-23.425633502968854,97.06806377089475,16.49130468810138
1129000000.0,81.46413297525456,-5.811306725618986,113.26307483567255,-24.069274687526068,97.33795654971654,16.31447908554093
1130000000.0,81.46335063176474,-5.816394201343865,112.96026828278866,-24.74047032652645,97.66245720190163,16.10611366096613
1131000000.0,81.46256761174486,-5.821481519394627,112.67150029859533,-25.35237778657144,97.92526366877911,15.88884245146363
1132000000.0,81.46178391523718,-5.826568679637157,112.36083435852682,-26.011327724363944,98.22960186973816,15.679858178719035
1133000000.0,81.460999542284,-5.831655681937356,111.98147036561608,-26.640520358053923,98.50475534813037,15.42268371818385
1134000000.0,81.46021449292772,-5.836742526161135,111.62410084510564,-27.222881367601936,98.77506402673338,15.234584630647744
1135000000.0,81.45942876721071,-5.841829212174425,111.21950868417832,-27.790582850508176,99.03357275676684,14.971677295304387
1136000000.0,81.45864236517541,-5.846915739843166,110.82629318010528,-28.350966155756264,99.25394211720253,14.726251187412519
1137000000.0,81.45785528686427,-5.852002109033315,110.35736520732627,-28.936254520076062,99.52017283205937,14.460870257475095
1138000000.0,81.45706753231978,-5.857088319610841,109.90033938777637,-29.45681637348314,99.76955794286852,14.197558785768479
1139000000.0,81.45627910158449,-5.862174371441729,109.45630662349068,-30.000845406695625,100.00119184301498,13.936330262628484
1140000000.0,81.45548999470097,-5.8672602643919785,109.01368045799015,-30.482398408233152,100.22300575301983,13.694774078031127
1141000000.0,81.4547002117118,-5.872345998327601,108.4854411453297,-30.97100043266999,100.43745671670895,13.38690634802984
1142000000.0,81.45390975265964,-5.877431573114625,107.97559748464697,-31.432196421728026,100.64623007590681,13.119562103849441
1143000000.0,81.45311861758717,-5.882516988619092,107.4552211106542,-31.83874138250539,100.81946164301456,12.827157406276273
1144000000.0,81.45232680653707,-5.8876022447070575,106.93889380735281,-32.26477791220082,101.0251425252208,12.5581664836658
1145000000.0,81.45153431955211,-5.892687341244592,106.40346395987306,-32.64309048249735,101.17338772488621,12.25062943649654
1146000000.0,81.45074115667506,-5.897772278097779,105.80822375623343,-32.97908241297295,101.3257369052848,11.926022285398044
1147000000.0,81.44994731794874,-5.902857055132719,105.27379564614607,-33.33092377211366,101.48122699321632,11.649016256098815
1148000000.0,81.44915280341598,-5.907941672215521,104.77681236372955,-33.675583818025636,101.65078748944681,11.38798160682104
1149000000.0,81.44835761311968,-5.913026129212315,104.26424357524948,-33.980913663990215,101.77619175882748,11.112768254553885
1150000000.0,81.44756174710278,-5.918110425989244,103.69583963038764,-34.241653771178676,101.8869111769309,10.793477004299373
1151000000.0,81.4467652054082,-5.923194562412464,103.20434206224687,-34.50294976934839,101.98862580770538,10.565129278132806
1152000000.0,81.44596798807893,-5.928278538348142,102.70086320435541,-34.78259228700422,102.11749159118973,10.299089991993531
1153000000.0,81.44517009515803,-5.933362353662465,102.17127245729236,-35.050682564927286,102.2507909515012,10.036209825590959
1154000000.0,81.44437152668853,-5.938446008221633,101.70695994046044,-35.221091006277994,102.31866635543754,9.771515365729538
1155000000.0,81.44357228271352,-5.943529501891857,101.1651970744254,-35.476925851257604,102.4427783588477,9.503623155419467
1156000000.0,81.44277236327616,-5.948612834539366,100.70478428875194,-35.681056771180195,102.53724510804193,9.264050489462045
1157000000.0,81.44197176841959,-5.9536960060304045,100.26423876582503,-35.97800949261143,102.67226194044521,9.065970532028178
1158000000.0,81.44117049818703,-5.958779016231228,99.73114988308252,-36.22809365024953,102.805322153777,8.785435181600334
1159000000.0,81.4403685526217,-5.963861865008106,99.28705118047239,-36.47148624386562,102.90395966159609,8.561145052557313
1160000000.0,81.4395659317669,-5.9689445522273274,98.72140544678572,-36.69194575732831,103.02257707650598,8.279168414651746
1161000000.0,81.43876263566587,-5.974027077755189,98.26919034631783,-36.93386344819277,103.10668259776182,8.06448251639308
1162000000.0,81.43795866436201,-5.979109441458008,97.74221081291411,-37.14873812122766,103.23872930678957,7.832881522562369
1163000000.0,81.43715401789866,-5.98419164320211,97.1532036417745,-37.42468413669433,103.38998143744593,7.531916807517861
1164000000.0,81.43634869631929,-5.989273682853844,96.59686271552768,-37.63959535294492,103.49979125304489,7.270425858903768
1165000000.0,81.43554269966728,-5.9943555602795655,96.0638718364666,-37.78915667824601,103.5744431404257,7.042629992627939
1166000000.0,81.43473602798615,-5.999437275345649,95.43665856699234,-37.986163105649226,103.7053090656341,6.7261253378657875
1167000000.0,81.43392868131939,-6.004518827918477,94.8500776485013,-38.17013046828403,103.81949229233771,6.471020293773602
1168000000.0,81.43312065971054,-6.009600217864454,94.24834139642361,-38.31026163579218,103.90395052801432,6.183968622233394
1169000000.0,81.43231196320323,-6.014681445049998,93.65391746309426,-38.46221970360057,104.00287159859134,5.906169224309154
1170000000.0,81.43150259184105,-6.019762509341537,93.02998688552475,-38.55981386057982,104.08177384805423,5.610631131871793
1171000000.0,81.4306925456677,-6.02484341060552,92.42508211880099,-38.644769724282135,104.16105608597373,5.324536921366969
1172000000.0,81.4298818247268,-6.029924148708403,91.78569884639752,-38.754730569616136,104.24296022419891,5.046219916717604
1173000000.0,81.42907042906214,-6.035004723516664,91.166118505837,-38.806456148616256,104.3112403181701,4.738591496697806
1174000000.0,81.42825835871741,-6.04008513489679,90.5130256833648,-38.853854834561155,104.39129864748183,4.4383685362465926
1175000000.0,81.4274456137365,-6.045165382715288,89.89509020476258,-38.87157116663479,104.44807188799453,4.133577693232247
1176000000.0,81.42663219416315,-6.050245466838673,89.23448083443985,-38.90621488442357,104.54239868085038,3.821671113571681
1177000000.0,81.4258181000413,-6.055325387133482,88.59552030859031,-38.86042706532057,104.542600080394,3.5095854495024246
1178000000.0,81.4250033314148,-6.060405143466259,87.94238629380662,-38.870072410415126,104.64021873229305,3.1978776820464794
1179000000.0,81.42418788832758,-6.065484735703566,87.23648295226255,-38.748508551538485,104.6556829352817,2.8472230448341085
1180000000.0,81.42337177082366,-6.070564163711986,86.58698556395409,-38.67016143661558,104.70445628608219,2.509813428154682
1181000000.0,81.42255497894702,-6.075643427358107,85.92667973111999,-38.544688345563266,104.71479544946968,2.1655649667277337
1182000000.0,81.4217375127417,-6.080722526508536,85.26135809504355,-38.41843057692687,104.74100087822731,1.8467749070894723
1183000000.0,81.42091937225177,-6.085801461029894,84.6323133162101,-38.226134415501825,104.69521093202206,1.525080390785729
1184000000.0,81.42010055752135,-6.090880230788819,83.98108311175865,-38.01451437005119,104.68695431747335,1.1592425993192625
1185000000.0,81.41928106859456,-6.095958835651958,83.35530122834504,-37.80626123354271,104.6602130685501,0.8255194327947851
1186000000.0,81.41846090551563,-6.10103727548598,82.7488756308019,-37.508740163441274,104.60949450512122,0.4719951519587905
1187000000.0,81.41764006832872,-6.106115550157565,82.1448666706256,-37.23660366526872,104.56955905538551,0.14048574611504994
1188000000.0,81.41681855707812,-6.111193659533407,81.5966040697542,-36.94132597211359,104.50295682497025,-0.17968782780143763
1189000000.0,81.4159963718081,-6.116271603480217,81.06315688716225,-36.64565722720004,104.42721873065338,-0.5067586620755105
1190000000.0,81.415173512563,-6.12134938186472,80.54947260875458,-36.3394551604775,104.38734266922656,-0.7927174249382224
1191000000.0,81.41434997938714,-6.126426994553654,80.01976200763642,-36.01442269385103,104.31519603976108,-1.1246211046421266
1192000000.0,81.41352577232492,-6.131504441413774,79.56303217111753,-35.63823648220688,104.18708768760493,-1.437597096064147
1193000000.0,81.41270089142077,-6.136581722311849,79.09345388270204,-35.32568554133661,104.12548997016437,-1.7040525438587781
1194000000.0,81.41187533671915,-6.1416588371146625,78.57674821092846,-35.001535142529455,104.05301811853782,-2.032715061159792
1195000000.0,81.41104910826456,-6.146735785689015,78.14562581479593,-34.59336313846819,103.94102078571274,-2.3403063187779742
1196000000.0,81.41022220610154,-6.151812567901721,77.77439593950236,-34.222391493407784,103.82401624910932,-2.611537749516915
1197000000.0,81.4093946302746,-6.156889183619605,77.35760705509315,-33.84573340721326,103.71729507824973,-2.888890538626428
1198000000.0,81.4085663808284,-6.161965632709515,76.93635302338161,-33.44386980519322,103.6016415351893,-3.1986392143540026
1199000000.0,81.40773745780754,-6.167041915038308,76.573528372248,-33.05062936488302,103.45405259688826,-3.4544388344667665
1200000000.0,81.40690786125671,-6.172118030472856,76.17916703527307,-32.67034539780527,103.37439740303708,-3.731983045507032
1201000000.0,81.40607759122061,-6.177193978880047,75.85747082816273,-32.25299478243551,103.23626073292641,-4.0055862907207285
1202000000.0,81.40524664774394,-6.182269760126785,75.52536418563645,-31.814538583870707,103.06127541861194,-4.294726484477682
1203000000.0,81.40441503087152,-6.18734537407999,75.22136155735771,-31.393734208383318,102.92295500422439,-4.549756084057704
1204000000.0,81.40358274064813,-6.192420820606593,74.92864711262939,-30.981206623018362,102.77407647264586,-4.806928776091469
1205000000.0,81.40274977711863,-6.197496099573542,74.6562939410712,-30.54402079181115,102.60614522038999,-5.069869659075511
1206000000.0,81.4019161403279,-6.202571210847801,74.39894049067473,-30.112854803322758,102.44988032648119,-5.317090873598197
1207000000.0,81.40108183032082,-6.207646154296347,74.10919066060544,-29.70163747905687,102.32697817178574,-5.56046859195784
1208000000.0,81.40024684714237,-6.212720929786173,73.89882637881507,-29.251330864853454,102.12315830828476,-5.818016487611524
1209000000.0,81.39941119083751,-6.217795537184289,73.67188028218386,-28.801411284658773,101.94906296528198,-6.059071458412218
1210000000.0,81.39857486145128,-6.222869976357715,73.52625821348296,-28.36572435996207,101.73533047301083,-6.266847974713259
1211000000.0,81.39773785902872,-6.227944247173492,73.30670180759678,-27.93066890519278,101.58132618060097,-6.496969192183605
1212000000.0,81.3969001836149,-6.233018349498672,73.12315509510216,-27.469659550357175,101.38102804948771,-6.76025010022835
1213000000.0,81.39606183525498,-6.238092283200324,73.01711868606317,-27.035302245152018,101.1759538261669,-6.956191304201656
1214000000.0,81.39522281399407,-6.243166048145528,72.84824859039352,-26.626088787561425,101.00287392043218,-7.155373508568379
1215000000.0,81.39438311987738,-6.2482396442013854,72.77607181959088,-26.15625234869865,100.74613154011193,-7.352053147835635
1216000000.0,81.39354275295014,-6.253313071235009,72.61478744780807,-25.750999573848837,100.57963277938329,-7.589552514959053
1217000000.0,81.39270171325761,-6.258386329113527,72.53845001318275,-25.32345994541234,100.34975520713202,-7.769201550940081
1218000000.0,81.39186000084509,-6.263459417704085,72.4271093275257,-24.88632082579533,100.14362450663698,-7.999508394027591
1219000000.0,81.39101761575787,-6.268532336873838,72.36625597633144,-24.43962719299256,99.89429169794676,-8.202893464023155
1220000000.0,81.39017455804135,-6.273605086489963,72.29003904693431,-24.02648546587041,99.65484018274735,-8.390209090587188
1221000000.0,81.38933082774093,-6.2786776664196475,72.27210299440493,-23.642012751900996,99.4468976892973,-8.546686483123011
1222000000.0,81.38848642490203,-6.283750076530096,72.17051872634595,-23.22897933093464,99.24383141838234,-8.739633150504726
1223000000.0,81.38764134957013,-6.288822316688528,72.15652925611673,-22.800250030907925,98.97033455870758,-8.914350802720204
1224000000.0,81.38679560179072,-6.29389438676218,72.13013361361978,-22.403983523875507,98.7318982003651,-9.09060683299369
1225000000.0,81.38594918160935,-6.2989662866183,72.14343591774583,-22.00087345996571,98.46340948660621,-9.235502391445022
1226000000.0,81.38510208907157,-6.304038016124152,72.11026349357466,-21.58056480291315,98.19749369630725,-9.405018925639254
1227000000.0,81.38425432422301,-6.309109575147017,72.09865760452357,-21.19022436315019,97.95977190515113,-9.58081688293122
1228000000.0,81.38340588710929,-6.3141809635541915,72.10826337090286,-20.792819291111762,97.71778334654063,-9.729845969418633
1229000000.0,81.38255677777612,-6.319252181212985,72.13992690638216,-20.388711046832704,97.41549739879959,-9.881988487312695
1230000000.0,81.38170699626917,-6.324323227990723,72.17162885200061,-20.013099361981897,97.13369234764504,-10.009987601204
1231000000.0,81.3808565426342,-6.329394103754746,72.20796052151707,-19.60990241078532,96.85995557898597,-10.161353211136321
1232000000.0,81.38000541691702,-6.334464808372413,72.27178922094566,-19.220915743166962,96.54187412544275,-10.26443600084196
1233000000.0,81.37915361916339,-6.339535341711095,72.31049083916008,-18.83782091478697,96.25709280041899,-10.40976062145326
1234000000.0,81.3783011494192,-6.344605703638178,72.39332350566012,-18.44742566953961,95.94508471786298,-10.511905407826891
1235000000.0,81.37744800773034,-6.349675894021066,72.44791455134745,-18.067542533235347,95.64652262996712,-10.629112974149493
1236000000.0,81.37659419414268,-6.354745912727173,72.5533379828543,-17.71762796806515,95.35460559727133,-10.706989652219644
1237000000.0,81.3757397087022,-6.3598157596239355,72.62237143245797,-17.36314552802309,95.0715416058733,-10.813547939438742
1238000000.0,81.37488455145491,-6.364885434578801,72.72456566842365,-17.006460167170356,94.75726845726275,-10.877484029523352
1239000000.0,81.37402872244681,-6.369954937459232,72.8409453104773,-16.662591390114997,94.4373605692953,-10.956307229243524
1240000000.0,81.37317222172396,-6.37502426813271,72.96263349913414,-16.323767099157,94.11876556193468,-11.000427954718711
1241000000.0,81.37231504933244,-6.3800934264667255,73.07441628608618,-15.954862729019892,93.80816918759089,-11.098259204352274
1242000000.0,81.37145720531838,-6.385162412328791,73.20476534915082,-15.60216012800999,93.45253459180059,-11.1403259900884
1243000000.0,81.37059868972796,-6.39023122558643,73.35524174424778,-15.261702577533997,93.12310614647514,-11.18188698978901
1244000000.0,81.36973950260736,-6.3952998661071865,73.48547729893907,-14.95155326331665,92.82043366024237,-11.21764831425623
1245000000.0,81.36887964400282,-6.400368333758614,73.64004836369648,-14.65057021662741,92.50719139751556,-11.223080138365946
1246000000.0,81.36801911396057,-6.405436628408282,73.7780339567039,-14.306691320486745,92.17368314912243,-11.266599198485377
1247000000.0,81.36715791252698,-6.410504749923781,73.9607514309714,-14.03086261253386,91.85263679227694,-11.246427092186469
1248000000.0,81.36629603974829,-6.415572698172711,74.12963153736884,-13.721958941409138,91.52345738850305,-11.251538025340832
1249000000.0,81.36543349567094,-6.420640473022691,74.2963450678169,-13.416354020365048,91.18161505207033,-11.241863152709522
1250000000.0,81.36457028034131,-6.425708074341354,74.47045782193052,-13.115558920108063,90.82831713869273,-11.233060199361887
1251000000.0,81.36370639380581,-6.430775501996346,74.63871472891383,-12.873570372316909,90.55691163782353,-11.210215517984372
1252000000.0,81.36284183611097,-6.435842755855337,74.82632222952155,-12.598076006857358,90.23397965301685,-11.16377497699586
1253000000.0,81.36197660730323,-6.440909835786001,75.04532144579875,-12.30646342521694,89.85606673436952,-11.102583403158654
1254000000.0,81.36111070742919,-6.445976741656035,75.2093415424333,-12.05632240694627,89.56678866669239,-11.078309183385295
1255000000.0,81.36024413653539,-6.451043473333152,75.42015568768957,-11.825967845245687,89.26029898719183,-10.9887734122259
1256000000.0,81.35937689466843,-6.456110030685075,75.6070203721778,-11.555527724686547,88.92844015364915,-10.957166597823116
1257000000.0,81.35850898187498,-6.461176413579549,75.79750950542082,-11.31511204257816,88.60506019542174,-10.887152473424036
1258000000.0,81.35764039820171,-6.466242621884329,76.01705492220852,-11.103075401971125,88.2978297124292,-10.784397339895271
1259000000.0,81.35677114369533,-6.4713086554671895,76.21127324863534,-10.857237734492914,87.97720913166776,-10.715387293360667
1260000000.0,81.3559012184026,-6.476374514195918,76.42185825655443,-10.642953850638268,87.67139027951562,-10.606415274454326
1261000000.0,81.35503062237026,-6.481440197938318,76.63636572697355,-10.449919574390288,87.38351478614862,-10.481187408583947
1262000000.0,81.3541593556452,-6.486505706562213,76.82912352685666,-10.248506798799319,87.08945128576212,-10.380153234476689
1263000000.0,81.35328741827419,-6.491571039935434,77.07588918575469,-10.046955073608142,86.7793832736343,-10.222833080415064
1264000000.0,81.35241481030417,-6.496636197925834,77.2863180427463,-9.872091520507642,86.50882598596651,-10.086540569098775
1265000000.0,81.35154153178203,-6.501701180401279,77.51000395640591,-9.679036245127891,86.21120822010045,-9.937514580918648
1266000000.0,81.35066758275475,-6.506765987229652,77.7197977681414,-9.51080819515835,85.94410131693651,-9.794292634198104
1267000000.0,81.3497929632693,-6.511830618278852,77.91844427161853,-9.349533055592406,85.68659095830188,-9.65772763799413
1268000000.0,81.3489176733727,-6.516895073416789,78.1495455183206,-9.152750377501901,85.36758911099159,-9.492396531401258
1269000000.0,81.34804171311202,-6.521959352511397,78.36846554964801,-8.991499388126375,85.106267167375,-9.320765265251719
1270000000.0,81.34716508253435,-6.5270234554306175,78.57750246414032,-8.867881289475646,84.89276049596364,-9.144373277844723
1271000000.0,81.3462877816868,-6.5320873820424135,78.79685581364438,-8.700717226589049,84.61264911776796,-8.965404556777708
1272000000.0,81.34540981061653,-6.537151132214758,79.02584350915326,-8.577345027817422,84.39003703231701,-8.759869764770883
1273000000.0,81.34453116937077,-6.542214705815648,79.26158464537458,-8.419796841034708,84.12360315163573,-8.551876436701512
1274000000.0,81.34365185799672,-6.547278102713087,79.45533511008358,-8.283148187792944,83.89500404390023,-8.385781147164533
1275000000.0,81.34277187654166,-6.552341322775103,79.65971883511118,-8.148560644408864,83.6708178943481,-8.195629776898473
1276000000.0,81.34189122505286,-6.557404365869732,79.8816982159999,-8.00992347873045,83.435812223014,-7.985148426579635
1277000000.0,81.34100990357766,-6.562467231865029,80.08618338921664,-7.9009069968219,83.24174880920945,-7.781548936995403
1278000000.0,81.34012791216345,-6.5675299206290685,80.30293297333253,-7.752601293848243,82.99978004938625,-7.572706809334251
1279000000.0,81.33924525085762,-6.572592432029933,80.52271134049042,-7.658836081773497,82.82817718042044,-7.342325526696276
1280000000.0,81.33836191970761,-6.57765476593573,80.76075109465603,-7.540927622455469,82.6254540830998,-7.0907176518782675
1281000000.0,81.33747791876085,-6.582716922214574,80.95052056536579,-7.411131599279912,82.42140610952393,-6.900040265351714
1282000000.0,81.33659324806491,-6.587778900734599,81.18241760101762,-7.315816971912223,82.25307783691818,-6.646308521321199
1283000000.0,81.33570790766726,-6.592840701363955,81.36798331812447,-7.202034617989919,82.07509876444674,-6.449806707992201
1284000000.0,81.33482189761554,-6.597902323970812,81.5480304547822,-7.142400212390723,81.96677999472182,-6.248538006745665
1285000000.0,81.33393521795729,-6.602963768423349,81.78973778802971,-7.040356138669043,81.79910067337835,-5.979213982517069
1286000000.0,81.33304786874022,-6.608025034589765,81.98747788164766,-6.933043767681908,81.63773775202318,-5.761194280901393
1287000000.0,81.33215985001195,-6.613086122338271,82.20683841655314,-6.85363252739551,81.50861791983048,-5.512149480481471
1288000000.0,81.3312711618202,-6.618147031537096,82.39064133792998,-6.744613380187293,81.3545475541496,-5.309278780648327
1289000000.0,81.33038180421272,-6.623207762054488,82.58782892424036,-6.6567981429856955,81.22442996542317,-5.085096203561756
1290000000.0,81.32949177723731,-6.628268313758707,82.80680613031119,-6.600577249607733,81.13583171923148,-4.83145195602346
1291000000.0,81.32860108094177,-6.633328686518033,83.0025900115747,-6.531378921227008,81.03921588004148,-4.609274519224521
1292000000.0,81.32770971537393,-6.638388880200754,83.1932152767802,-6.452776673733861,80.9329940169908,-4.394126962945349
1293000000.0,81.32681768058168,-6.643448894675183,83.40434904639338,-6.408165290311386,80.86759849947346,-4.150654366394307
1294000000.0,81.32592497661294,-6.648508729809643,83.58594971821158,-6.306716093170783,80.74056590502893,-3.9428702997789498
1295000000.0,81.32503160351565,-6.653568385472477,83.7504764709609,-6.268273939157806,80.69031487284576,-3.7582274337973818
1296000000.0,81.3241375613378,-6.65862786153204,83.9593668977011,-6.217825872754084,80.62703855819791,-3.519810978962543
1297000000.0,81.32324285012741,-6.663687157856705,84.13569033141202,-6.090763006581969,80.48547138747614,-3.3282831594883895
1298000000.0,81.32234746993254,-6.668746274314863,84.31284906375772,-6.049423139316355,80.4396002296177,-3.12366477658406
1299000000.0,81.32145142080127,-6.673805210774916,84.51244710016624,-5.967390234727221,80.34501763203482,-2.9010685666292013
1300000000.0,81.32055470278172,-6.67886396710529,84.67189856476546,-5.994152222968781,80.37836139906277,-2.724719798779422
1301000000.0,81.31965731592204,-6.6839225431744165,84.89791109855564,-5.877073970239508,80.25695127299461,-2.4795625429868107
1302000000.0,81.31875926027041,-6.688980938850751,85.04407732590721,-5.829093857080403,80.21309552426708,-2.3147442566176837
1303000000.0,81.31786053587507,-6.6940391540027635,85.22613548149991,-5.762576917327059,80.14761246934744,-2.1121524552644777
1304000000.0,81.31696114278428,-6.699097188498938,85.40667107670046,-5.704070233876742,80.09876822393358,-1.9218940705774803
1305000000.0,81.31606108104634,-6.704155042207778,85.59930169114595,-5.652346968738821,80.0515478446842,-1.7159775119976781
1306000000.0,81.31516035070955,-6.709212714997797,85.74595547111888,-5.660129894424143,80.06874753863548,-1.5656396826928125
1307000000.0,81.31425895182227,-6.714270206737532,85.93837918348147,-5.600125372145293,80.01946141843132,-1.3611006421872234
1308000000.0,81.3133568844329,-6.719327517295531,86.12514160253833,-5.5231690023426205,79.95511460791357,-1.1696841395841884
1309000000.0,81.3124541485899,-6.7243846465403605,86.26787529231429,-5.518521678001795,79.96780313036248,-1.017946179243242
1310000000.0,81.31155074434169,-6.729441594340602,86.41814267937147,-5.477076871014681,79.93817402363011,-0.8684117362303547
1311000000.0,81.31064667173676,-6.734498360564853,86.61630775466239,-5.425668653569352,79.9064736558843,-0.6629595346747722
1312000000.0,81.3097419308237,-6.73955494508173,86.75574228216288,-5.409681849551429,79.9027859297334,-0.5262900683588816
1313000000.0,81.30883652165103,-6.744611347759859,86.97138654592065,-5.3598680686267794,79.86795104130628,-0.31483652945073715
1314000000.0,81.30793044426734,-6.749667568467892,87.09951871488303,-5.368286461527474,79.89644026821573,-0.19474376652429046
1315000000.0,81.3070236987213,-6.754723607074489,87.24400195208294,-5.313815065752607,79.859277077278,-0.04751744555418808
1316000000.0,81.30611628506156,-6.759779463448329,87.42923685870389,-5.269764143448288,79.84390746907773,0.12634417889881103
1317000000.0,81.3052082033368,-6.764835137458106,87.54404799392368,-5.331578921399594,79.9141872301082,0.23081423115718613
1318000000.0,81.30429945359577,-6.769890628972533,87.702387264989,-5.277154289813904,79.88221973614289,0.3784334636336913
1319000000.0,81.30339003588728,-6.774945937860338,87.87898307836403,-5.287762652440454,79.90508878207164,0.5449422964211472
1320000000.0,81.30247995026006,-6.780001063990263,87.98026141359745,-5.2783810392021975,79.90297339655167,0.6359759673467094
1321000000.0,81.30156919676301,-6.785056007231071,88.14069916329558,-5.2924624199321055,79.94438271581582,0.7732935763621114
1322000000.0,81.30065777544498,-6.790110767451536,88.32679048370844,-5.299261409032019,79.96682169749863,0.9338065283585191
1323000000.0,81.29974568635485,-6.795165344520451,88.45241135795905,-5.261649796317249,79.94224526496092,1.049476042230598
1324000000.0,81.29883292954159,-6.800219738306627,88.6202004836998,-5.298190893342202,79.99811394289215,1.1986720675914082
1325000000.0,81.29791950505417,-6.805273948678886,88.6835802443174,-5.271338529436295,79.98465295541402,1.2534388203187237
1326000000.0,81.2970054129416,-6.810327975506073,88.89317756731602,-5.269964265060829,80.00486749301939,1.4346656283157744
1327000000.0,81.29609065325293,-6.815381818657045,88.97140420594236,-5.284636998906436,80.0209687057625,1.488563483776036
1328000000.0,81.2951752260372,-6.820435478000673,89.12909751915299,-5.323854721513946,80.07628760345574,1.6257203099844053
1329000000.0,81.29425913134355,-6.825488953405852,89.21603062320239,-5.377028033060663,80.12950857695263,1.6892279052094243
1330000000.0,81.29334236922112,-6.830542244741486,89.39997067511187,-5.370082607377306,80.14221514043147,1.846400193393403
1331000000.0,81.29242493971908,-6.835595351876501,89.46801733017531,-5.39591542847425,80.16515937270502,1.8955328307085875
1332000000.0,81.29150684288665,-6.840648274679833,89.53201728226243,-5.423241182486109,80.19750938965362,1.9445197935268883
1333000000.0,81.29058807877308,-6.8457010130204425,89.62778671812555,-5.470205007735148,80.24520596081548,2.0149134888513998
1334000000.0,81.28966864742763,-6.850753566767298,89.79431778118843,-5.440367648596664,80.22507718331696,2.1602969152225278
1335000000.0,81.28874854889963,-6.855805935789389,89.82891168097055,-5.500808623684969,80.28953734351467,2.1771329349295474
1336000000.0,81.28782778323844,-6.860858119955725,89.91271824516298,-5.503913653007537,80.30296301813281,2.2404599997554118
1337000000.0,81.28690635049342,-6.865910119135323,90.01471267827935,-5.581487232271249,80.37563972482424,2.3157047814209757
1338000000.0,81.28598425071401,-6.870961933197225,90.10091493971616,-5.574837404700328,80.37445342653918,2.383718438231064
1339000000.0,81.28506148394962,-6.876013562010482,90.18863175302042,-5.545767099955992,80.36064900047057,2.4405082342881004
1340000000.0,81.28413805024978,-6.881065005444167,90.22823210936753,-5.63163685511294,80.42612717493245,2.473120084536419
1341000000.0,81.28321394966397,-6.886116263367368,90.30845810212178,-5.631879606612641,80.43215548432399,2.5302306922683804
1342000000.0,81.28228918224177,-6.891167335649189,90.34006639776709,-5.672579032618812,80.4748888129615,2.5519581567038085
1343000000.0,81.28136374803273,-6.896218222158747,90.36421252146656,-5.679172925721819,80.47961105215738,2.5705143781201434
1344000000.0,81.28043764708653,-6.901268922765184,90.44567431426998,-5.670836115244212,80.47435684528615,2.628986905228208
1345000000.0,81.27951087945274,-6.906319437337652,90.5040319413059,-5.667222794839446,80.4865377756444,2.6736388362428647
1346000000.0,81.27858344518113,-6.911369765745321,90.60168151501036,-5.70404820191151,80.51755356018137,2.7456542209584835
1347000000.0,81.27765534432137,-6.916419907857377,90.62286944984336,-5.685948955045519,80.51012952776628,2.771973556125308
1348000000.0,81.27672657692325,-6.921469863543025,90.69137408083127,-5.660129026016965,80.48488078306055,2.819162477454788
1349000000.0,81.27579714303654,-6.926519632671483,90.69529956371207,-5.693858810661568,80.51994471202993,2.8193385409482827
1350000000.0,81.27486704271105,-6.931569215111987,90.76297624569813,-5.660864985443921,80.48883230329044,2.8668072406123795
1351000000.0,81.27393627599666,-6.936618610733793,90.81521698681759,-5.68513609002056,80.51792726314666,2.9094457313218123
1352000000.0,81.27300484294324,-6.941667819406167,90.84272434861454,-5.67823544650045,80.50941153483821,2.9222157357569847
1353000000.0,81.27207274360072,-6.946716840998395,90.87642221750136,-5.701364957690117,80.53896680833391,2.948672739183831
1354000000.0,81.2711399780191,-6.951765675379785,90.88786626395945,-5.6769768424904665,80.51517661948404,2.959048064695547
1355000000.0,81.27020654624832,-6.9568143224196515,90.89070549781547,-5.64715838292948,80.49897958926202,2.9572969186634226
1356000000.0,81.2692724483384,-6.961862781987331,91.02653978204663,-5.586874521417762,80.4625686207806,3.068252214183661
1357000000.0,81.26833768433944,-6.966911053952178,90.98389529231419,-5.5867217106875415,80.45495429288545,3.0351656509358653
1358000000.0,81.26740225430153,-6.9719591381835615,90.99781289929945,-5.526094792552449,80.40596887588188,3.04880238487389
1359000000.0,81.26646615827478,-6.977007034550866,91.06018180024567,-5.497959649210074,80.38384467400982,3.087825776965924
1360000000.0,81.26552939630936,-6.982054742923497,91.1065120222073,-5.395322075048018,80.31007303162883,3.1451126317895044
1361000000.0,81.26459196845546,-6.98710226317087,91.10650846125378,-5.417208640617695,80.33107288780819,3.1418708172311574
1362000000.0,81.2636538747633,-6.992149595162424,91.14955626259788,-5.380046704441028,80.30291121289999,3.1768117730145082
1363000000.0,81.26271511528317,-6.997196738767611,91.18122675238683,-5.299790836111751,80.24463936223984,3.2072973881817357
1364000000.0,81.26177569006536,-7.0022436938559025,91.24279270348968,-5.233890505908653,80.19799888680369,3.253591378980291
1365000000.0,81.26083559916019,-7.007290460296781,91.23871969548246,-5.172057163025719,80.14880488643458,3.256195684963594
1366000000.0,81.25989484261801,-7.012337037959751,91.25721337287364,-5.111900215502648,80.09804767876285,3.294683757575282
1367000000.0,81.25895342048926,-7.017383426714336,91.32964856941973,-5.007406857594049,80.02261125810152,3.3448157831629146
1368000000.0,81.25801133282434,-7.022429626430068,91.38779513790743,-4.938478208113491,79.97871264268412,3.395270242840228
1369000000.0,81.25706857967371,-7.027475636976501,91.47298513072462,-4.849724968694907,79.92199465270248,3.482304115586153
1370000000.0,81.25612516108788,-7.032521458223204,91.50351515468559,-4.75855043275303,79.8549783746768,3.5097021832087707
1371000000.0,81.25518107711741,-7.0375670900397695,91.58033533552269,-4.707868528458364,79.82903231559192,3.575847803345127
1372000000.0,81.25423632781282,-7.042612532295795,91.61085040618298,-4.6149939001402505,79.74668826073997,3.604162168866271
1373000000.0,81.25329091322475,-7.047657784860905,91.66239079144488,-4.511820117587713,79.69844599158786,3.6642545734106133
1374000000.0,81.25234483340382,-7.052702847604736,91.74814533258606,-4.452498250501346,79.65306788535742,3.729052315259842
1375000000.0,81.25139808840069,-7.057747720396941,91.83000610928707,-4.3298756571243135,79.57298628638782,3.8164916362888563
1376000000.0,81.25045067826606,-7.062792403107192,91.89336329130985,-4.265975296835561,79.52804751745953,3.8576871195094444
1377000000.0,81.24950260305069,-7.067836895605177,92.00982778318382,-4.16059240228676,79.47929717765327,3.9778239935060746
1378000000.0,81.24855386280532,-7.072881197760601,92.07265725125906,-4.052401861596213,79.40069474201265,4.033966583132375
1379000000.0,81.24760445758078,-7.077925309443185,92.18709478569862,-3.9655796867310307,79.3524607417737,4.122007027293185
1380000000.0,81.24665438742788,-7.08296923052267,92.29498244390672,-3.875860233017727,79.30525898220114,4.225347205698046
1381000000.0,81.24570365239752,-7.088012960868807,92.38755076260072,-3.7847959394632102,79.25194485520866,4.307999297125701
1382000000.0,81.24475225254056,-7.093056500351372,92.47723638994358,-3.6898183413964016,79.19355193800197,4.382660003117904
1383000000.0,81.243800187908,-7.098099848840155,92.60638645400684,-3.612201401676451,79.16147782902222,4.490612937035235
1384000000.0,81.24284745855076,-7.10314300620496,92.72225633603152,-3.49902439317656,79.10529954550375,4.5822264374604345
1385000000.0,81.24189406451985,-7.108185972315611,92.82240602297993,-3.4272044494536837,79.06426613474846,4.670185687396163
1386000000.0,81.24094000586635,-7.1132287470419495,92.97150853346244,-3.3517299237166456,79.03259945370137,4.787234655352533
1387000000.0,81.23998528264127,-7.1182713302538305,93.09113879849599,-3.268809977335659,79.00608118140936,4.878390773058864
1388000000.0,81.23902989489578,-7.12331372182113,93.19146901174051,-3.1953806010002843,78.96929755943746,4.976344806492909
1389000000.0,81.23807384268098,-7.128355921613739,93.30089013246022,-3.1130145740671216,78.93797641465986,5.068920326335647
1390000000.0,81.23711712604803,-7.133397929501565,93.45272860524712,-3.0245032164777963,78.89803702249718,5.1761603092087105
1391000000.0,81.23615974504818,-7.1384397453545345,93.62184210963856,-2.9470354227532987,78.87867255098237,5.302650982282045
1392000000.0,81.23520169973266,-7.143481369042589,93.75898266476896,-2.8684456247013816,78.84170524219961,5.41947988588185
1393000000.0,81.2342429901527,-7.148522800435686,93.9029537925126,-2.760794516096953,78.80983203574704,5.549066396514852
1394000000.0,81.23328361635966,-7.153564039403807,94.0807722833215,-2.7057671915119497,78.79922387999194,5.689220271159038
1395000000.0,81.23232357840486,-7.158605085816938,94.2414639121283,-2.6356286973280687,78.78549759566357,5.790491307425852
1396000000.0,81.23136287633967,-7.163645939545096,94.41566503028697,-2.5593544709752614,78.7693861354534,5.9351268603140594
1397000000.0,81.23040151021551,-7.168686600458305,94.57379970298678,-2.4999491520779142,78.75047420061104,6.050000203051434
1398000000.0,81.22943948008381,-7.1737270684266115,94.75617047064517,-2.4077879691037567,78.72368251551588,6.187041365693587
1399000000.0,81.22847678599608,-7.178767343320076,94.89976462692688,-2.33457276930298,78.70838001758159,6.30424899771764
1400000000.0,81.22751342800377,-7.183807425008778,95.11772145836547,-2.261803333658661,78.71654376913561,6.452630818612204
1401000000.0,81.22654940615847,-7.188847313362814,95.31318975176299,-2.188320031143435,78.69820640753221,6.603693030181007
1402000000.0,81.22558472051173,-7.193887008252296,95.52633597026518,-2.1447922324071937,78.71872236729088,6.749827632966244
1403000000.0,81.22461937111518,-7.198926509547355,95.77759020908825,-2.048937494066198,78.69759523226068,6.93924798998657
1404000000.0,81.22365335802046,-7.203965817118138,95.94641037154234,-2.059406463336827,78.7417762406317,7.044681501771837
1405000000.0,81.22268668127924,-7.209004930834811,96.19319942808227,-1.978480431306597,78.73317599118506,7.211019944385014
1406000000.0,81.22171934094321,-7.2140438505675535,96.37733693084886,-1.9301526009135093,78.74835715933864,7.346038152931916
1407000000.0,81.22075133706414,-7.219082576186566,96.65697567156539,-1.8833716756987158,78.76400329148633,7.53796809174147
1408000000.0,81.21978266969381,-7.224121107562065,96.8792815644742,-1.8483661691829936,78.80741127833446,7.678232461373609
1409000000.0,81.21881333888402,-7.2291594445642815,97.11414755664588,-1.8011642344503216,78.81638777990844,7.843808390146574
1410000000.0,81.21784334468661,-7.23419758706347,97.37430464934442,-1.801306876135952,78.86632924977802,8.007086093787391
1411000000.0,81.21687268715347,-7.239235534929893,97.58982194058812,-1.7847454557333884,78.90172922587996,8.138049907716693
1412000000.0,81.21590136633651,-7.24427328803384,97.87138807349105,-1.7712477014945363,78.9533977013688,8.325333224723868
1413000000.0,81.21492938228766,-7.249310846245613,98.07390411992276,-1.6951103345429872,78.9508360502219,8.468432345996717
1414000000.0,81.21395673505891,-7.2543482094355305,98.32833021654506,-1.7139980902216077,79.00869303653256,8.62014011590817
1415000000.0,81.21298342470227,-7.2593853774739285,98.59088229040862,-1.6872316311332127,79.04887982811043,8.77284443383976
1416000000.0,81.21200945126978,-7.264422350231162,98.89579615233428,-1.7186916592594421,79.1365822844791,8.966516112327831
1417000000.0,81.21103481481353,-7.269459127577605,99.17935490947359,-1.7183558853863337,79.20079049572993,9.132640054675733
1418000000.0,81.21005951538562,-7.274495709383642,99.44864704011634,-1.6843651343120385,79.21739000547366,9.304456119979255
1419000000.0,81.2090835530382,-7.279532095519679,99.75928801559245,-1.7405937592953067,79.30798533450552,9.47214159628731
1420000000.0,81.20810692782345,-7.284568285856144,100.00520509404647,-1.7120975076260427,79.3663546686129,9.627478509546659
1421000000.0,81.20712963979358,-7.2896042802634735,100.32120356035956,-1.7655543553447222,79.44813187967796,9.796607106825787
1422000000.0,81.20615168900083,-7.294640078612129,100.58864207041165,-1.8062949696863755,79.5401690340015,9.961898068992028
1423000000.0,81.2051730754975,-7.299675680772583,100.90878524807255,-1.8477341847909017,79.61553664199597,10.131174724363811
1424000000.0,81.20419379933587,-7.3047110866153275,101.18699251546349,-1.894983004732344,79.70321092330748,10.300011717414874
1425000000.0,81.20321386056831,-7.309746296010878,101.50610880882262,-1.919193795118708,79.78632091651062,10.464463501022244
1426000000.0,81.2022332592472,-7.314781308829756,101.81918429834327,-2.0045969578739986,79.88452313947029,10.644860743693416
1427000000.0,81.20125199542494,-7.319816124942511,102.13389070419905,-2.1187988996724396,80.01119330091352,10.803182992502606
1428000000.0,81.20027006915397,-7.3248507442197015,102.47052024744515,-2.127005188224235,80.08231322701494,10.983282350994068
1429000000.0,81.19928748048679,-7.329885166531911,102.80844681773723,-2.215682816139183,80.19285461163498,11.165586151772818
1430000000.0,81.19830422947591,-7.334919391749735,103.06626795480176,-2.3245381534918166,80.29785960731903,11.29762172022227
1431000000.0,81.19732031617384,-7.339953419743787,103.46502500404353,-2.4522653995214285,80.45179219869541,11.496777135868072
1432000000.0,81.1963357406332,-7.344987250384702,103.71755507799578,-2.600725435334038,80.58051167376178,11.613906449683721
1433000000.0,81.1953505029066,-7.350020883543127,104.04050953426272,-2.69408886520059,80.68955371842131,11.770357450755927
1434000000.0,81.19436460304667,-7.35505431908973,104.3970516023694,-2.774235752563419,80.8095233452772,11.96175038121204
1435000000.0,81.19337804110609,-7.360087556895198,104.73204015784677,-2.908325602798082,80.93556953184145,12.143811340768156
1436000000.0,81.19239081713756,-7.365120596830227,105.07496927903478,-3.1134035873947323,81.12503378098337,12.275660433660043
1437000000.0,81.19140293119388,-7.370153438765543,105.4424601081639,-3.2474468484930443,81.24095168164678,12.445885337735023
1438000000.0,81.19041438332776,-7.375186082571879,105.75692727772777,-3.417651050530673,81.38851724401847,12.599201273703988
1439000000.0,81.18942517359206,-7.380218528119993,106.07242992386432,-3.5743423353154014,81.53605343678748,12.71889960692753
1440000000.0,81.1884353020396,-7.385250775280653,106.37752890203288,-3.732161849571541,81.6634003333238,12.858677162627304
1441000000.0,81.18744476872328,-7.390282823924654,106.71456921828069,-3.97063854174137,81.86356833815684,13.010226963905446
1442000000.0,81.186453573696,-7.395314673922799,107.06687073218828,-4.099911960896399,81.97061712871778,13.177312129013032
1443000000.0,81.18546171701068,-7.400346325145914,107.33429901249397,-4.315763982831676,82.1472869173398,13.274553462507917
1444000000.0,81.18446919872034,-7.405377777464841,107.74497135381364,-4.4412481448902135,82.26892278835179,13.470585724716404
1445000000.0,81.18347601887798,-7.410409030750441,108.00246266184625,-4.673826517234577,82.44497602071351,13.581457336786341
1446000000.0,81.18248217753664,-7.415440084873591,108.32117792354583,-4.963031602132724,82.6397298309208,13.710214500735695
1447000000.0,81.1814876747494,-7.420470939705188,108.71415073236359,-5.150338569123533,82.79058510959324,13.862917404915908
1448000000.0,81.18049251056935,-7.42550159511614,108.99295322117207,-5.35612283522447,82.95882625256804,13.967534098743778
1449000000.0,81.17949668504968,-7.430532050977384,109.30835337418715,-5.7166545469265815,83.18435618053306,14.087507380886896
1450000000.0,81.17850019824354,-7.435562307159864,109.63610475631408,-5.9098622791027235,83.33084069111995,14.230058620447204
1451000000.0,81.17750305020414,-7.440592363534546,109.89761152317574,-6.171888264863887,83.51636287030195,14.322598802809265
1452000000.0,81.17650524098474,-7.4456222199724165,110.31813421651319,-6.5287696136153155,83.76476000711399,14.482673863287538
1453000000.0,81.1755067706386,-7.450651876344474,110.60038643596226,-6.733438388167243,83.89816854273107,14.582143997047758
1454000000.0,81.17450763921902,-7.455681332521736,110.88320425442924,-7.050629104980831,84.09950125584753,14.684224625686058
1455000000.0,81.17350784677937,-7.460710588375241,111.24522273881318,-7.3217572679870315,84.28753107576102,14.839952572025641
1456000000.0,81.17250739337302,-7.465739643776043,111.43747446760935,-7.619610098650195,84.4521026164144,14.890816214208176
1457000000.0,81.17150627905339,-7.470768498595216,111.74603345868714,-7.93568975312084,84.65208681930562,14.991975819317412
1458000000.0,81.17050450387391,-7.475797152703847,112.12554140481463,-8.225405541185594,84.85473316751843,15.137263013675064
1459000000.0,81.16950206788805,-7.480825605973043,112.3941998730586,-8.556638694654737,85.06694638036105,15.232308635673958
1460000000.0,81.16849897114932,-7.48585385827393,112.64347950105645,-8.922961038019315,85.2577123295454,15.30605349173531
1461000000.0,81.16749521371128,-7.490881909477652,112.93894295021406,-9.194504511264881,85.42008317314412,15.41593808530879
1462000000.0,81.16649079562751,-7.495909759455369,113.20868920200319,-9.59768730990882,85.66791547097417,15.495101855326434
1463000000.0,81.1654857169516,-7.50093740807826,113.47237261402411,-9.92813210051345,85.85934465725244,15.58041668475875
1464000000.0,81.16447997773717,-7.5059648552175195,113.78910275974054,-10.274888997781641,86.0513481033144,15.695193003529953
1465000000.0,81.16347357803795,-7.510992100744365,114.00400255664059,-10.675143177110279,86.2898940521922,15.741736867131108
1466000000.0,81.16246651790762,-7.516019144530024,114.27850890169664,-11.0594908198742,86.51206282076612,15.82315638336889
1467000000.0,81.16145879739992,-7.52104598644575,114.46276821829636,-11.40579653814249,86.69014104125692,15.875916030062779
1468000000.0,81.16045041656862,-7.526072626362809,114.71056110143141,-11.78501840153017,86.88732057018954,15.977398160994422
1469000000.0,81.15944137546754,-7.531099064152484,114.91300777313742,-12.141612207530802,87.08927203042848,16.0055749768087
1470000000.0,81.15843167415052,-7.536125299686084,115.20498651863169,-12.561614541275077,87.31130140536597,16.10559239962367
1471000000.0,81.15742131267142,-7.541151332834923,115.34342875919198,-12.9463083006129,87.52400644162734,16.12869043926717
1472000000.0,81.15641029108416,-7.546177163470347,115.54418423993445,-13.364824646152602,87.73978511394746,16.183658366323666
1473000000.0,81.15539860944268,-7.551202791463709,115.78628966630005,-13.753056483662633,87.95036308810977,16.242747308686994
1474000000.0,81.15438626780094,-7.556228216686384,115.9838108829825,-14.242619593333119,88.17071284922315,16.293531608251428
1475000000.0,81.15337326621295,-7.561253439009764,116.1998499273061,-14.61978605843124,88.36183171121675,16.357491814117317
1476000000.0,81.15235960473277,-7.566278458305263,116.38790623288669,-15.013434308355132,88.58573043482791,16.40653366103539
1477000000.0,81.15134528341446,-7.571303274444308,116.53777467095252,-15.46574923555343,88.7842753372445,16.431886996416118
1478000000.0,81.1503303023121,-7.5763278872983415,116.73159594749845,-15.855701238364857,88.98640986877167,16.486795116000135
1479000000.0,81.14931466147985,-7.5813522967388325,116.8779392820783,-16.245109364537495,89.19222119869134,16.49604362944854
1480000000.0,81.14829836097189,-7.586376502637264,117.01478226492455,-16.655431467801634,89.38559382738492,16.532333141538388
1481000000.0,81.1472814008424,-7.591400504865132,117.12682644320583,-17.119136171099377,89.58633360222939,16.517930078991412
1482000000.0,81.14626378114565,-7.596424303293959,117.32381300917909,-17.49333057145205,89.77526767255215,16.60118853253419
1483000000.0,81.14524550193589,-7.601447897795281,117.38584257746662,-17.89257579775287,89.97549108909054,16.593490050345945
1484000000.0,81.1442265632674,-7.606471288240648,117.55646950182485,-18.36406263237158,90.19643840239087,16.61871452225145
1485000000.0,81.14320696519455,-7.6114944745016375,117.62624079607598,-18.817066151008614,90.4013004753522,16.610512199983727
1486000000.0,81.1421867077717,-7.616517456449837,117.66876034806504,-19.25111285269512,90.60691368750399,16.581662340174166
1487000000.0,81.14116579105325,-7.621540233956855,117.77690993082506,-19.688117108610577,90.79651046147133,16.597086891265533
1488000000.0,81.14014421509363,-7.62656280689432,117.91046278359701,-20.046080666165093,90.96939471475663,16.638606095532328
1489000000.0,81.1391219799473,-7.631585175133875,117.96102243667012,-20.50318818137487,91.16926612966421,16.622937526242946
1490000000.0,81.1380990856688,-7.636607338547183,117.99113647302619,-20.86331332287819,91.3380664903714,16.59179812481017
1491000000.0,81.1370755323126,-7.641629297005922,118.0345176204052,-21.32861658716902,91.54609807549689,16.568928288272595
1492000000.0,81.13605131993333,-7.646651050381797,118.08970461539502,-21.786119306437755,91.75583810254754,16.56912108492467
1493000000.0,81.13502644858555,-7.651672598546517,118.11507812167002,-22.215734556789887,91.93434851634461,16.53161347476519
1494000000.0,81.13400091832389,-7.656693941371823,118.13167117934887,-22.66159872033838,92.11455489139883,16.50523625627086
1495000000.0,81.13297472920304,-7.661715078729465,118.13631825377047,-23.040706411621848,92.28826811427433,16.50160193509054
1496000000.0,81.13194788127768,-7.666736010491214,118.0862489136834,-23.463896735972504,92.48978688437718,16.451685443840276
1497000000.0,81.13092037460257,-7.671756736528864,117.96978136472377,-23.88396178811748,92.64273980524521,16.34739789548012
1498000000.0,81.12989220923242,-7.6767772567142165,118.01822960477212,-24.262005261314155,92.80792590787995,16.323100552543128
1499000000.0,81.12886338522206,-7.681797570919099,117.98193742971924,-24.643717268042526,92.96681398846542,16.279027090644053
1500000000.0,81.12783390262634,-7.6868176790153555,117.8899484273248,-24.978826983910675,93.10054121747565,16.232557304101494
1501000000.0,81.12680376150007,-7.69183758087485,117.82271094044302,-25.300639132489753,93.23482914037255,16.168509396815995
1502000000.0,81.12577296189818,-7.696857276369459,117.84621576576868,-25.58601846766201,93.35086697485511,16.160226561962457
1503000000.0,81.1247415038756,-7.701876765371085,117.6760259170449,-25.955443703983146,93.50828473859026,16.046434010259
1504000000.0,81.12370938748728,-7.706896047751641,117.67984587798634,-26.238810658928234,93.6104465321851,16.04142629145164
1505000000.0,81.12267661278821,-7.711915123383064,117.55858034133443,-26.540868699290964,93.73086283244929,15.945824766537777
1506000000.0,81.12164317983343,-7.716933992137306,117.59383351218452,-26.851155957988986,93.84601930692938,15.941788113587585
1507000000.0,81.12060908867797,-7.721952653886336,117.55626704429362,-27.148992625031937,93.9764585352814,15.925234327303983
1508000000.0,81.11957433937697,-7.7269711085021475,117.48679185580549,-27.342857588012823,94.06129895995684,15.842142521802417
1509000000.0,81.1185389319855,-7.731989355856746,117.42349643412493,-27.59328325169573,94.13550835156833,15.801387499092481
1510000000.0,81.11750286655877,-7.73700739582216,117.44675610014913,-27.79086952628915,94.20479249097492,15.787174289452674
1511000000.0,81.11646614315192,-7.742025228270431,117.49437213744841,-28.00941941594657,94.29828453557501,15.79224562065391
1512000000.0,81.11542876182023,-7.747042853073623,117.44382783217041,-28.290500314915114,94.4069440104484,15.75629072620412
1513000000.0,81.11439072261888,-7.752060270103815,117.47796899703337,-28.514538748885034,94.47004007475682,15.74763313436259
1514000000.0,81.11335202560323,-7.757077479233111,117.49539811231685,-28.699515449094143,94.53990837225041,15.720432989438526
1515000000.0,81.11231267082857,-7.762094480333622,117.5152335924595,-28.964096021480085,94.63785799901423,15.74831392227471
1516000000.0,81.11127265835027,-7.767111273277489,117.59971086986124,-29.17473673497974,94.73652108599946,15.763453552324068
1517000000.0,81.11023198822369,-7.772127857936865,117.61620896372627,-29.398628281373135,94.81187140227296,15.747422779924362
1518000000.0,81.10919066050425,-7.77714423418392,117.61174863218483,-29.7285671613825,94.929935945199,15.726873636858544
1519000000.0,81.10814867524745,-7.782160401890849,117.72377219863981,-29.913640814125202,95.00004769657274,15.738652909137492
1520000000.0,81.10710603250871,-7.787176360929859,117.83320355698385,-30.131235874194513,95.08521039644972,15.79621053316088
1521000000.0,81.10606273234359,-7.792192111173177,117.79045348592422,-30.607614224807445,95.29923694826229,15.75837173964299
1522000000.0,81.10501877480763,-7.797207652493051,117.94232343444396,-30.730090038550678,95.33481530277624,15.804451997387657
1523000000.0,81.10397415995642,-7.802222984761746,117.98682343104822,-31.10063117527936,95.46328128379315,15.783335850188465
1524000000.0,81.10292888784554,-7.807238107851543,118.09189742871847,-31.33637931269856,95.54705504228932,15.81886137481003
1525000000.0,81.10188295853068,-7.812253021634744,118.27282908082584,-31.751709323378865,95.70531319329729,15.87607974656917
1526000000.0,81.10083637206752,-7.81726772598367,118.25226691468602,-32.019894414796845,95.81876221322072,15.84193887995208
1527000000.0,81.09978912851176,-7.822282220770657,118.25900217646081,-32.43288379079776,95.97235386145277,15.843294629241603
1528000000.0,81.09874122791912,-7.827296505868061,118.31355652331608,-32.73966369845098,96.09719642640648,15.858894061194121
1529000000.0,81.09769267034542,-7.832310581148262,118.42861651094887,-33.19523169729783,96.26551729209544,15.91069941970406
1530000000.0,81.09664345584646,-7.837324446483649,118.41904216765901,-33.42869826129172,96.3382092465679,15.872465945653868
1531000000.0,81.09559358447808,-7.842338101746637,118.5146095573566,-33.84950998008897,96.49746950888841,15.892195001185616
1532000000.0,81.09454305629616,-7.847351546809654,118.50692989642182,-34.10065061522144,96.59568554376415,15.889743578166142
1533000000.0,81.09349187135659,-7.85236478154515,118.62151351566415,-34.431681438309724,96.69679674225476,15.906998561839702
1534000000.0,81.09244002971535,-7.857377805825596,118.57333716724946,-34.866198850887365,96.83915774752056,15.86973494631407
1535000000.0,81.0913875314284,-7.8623906195234765,118.47414222541737,-35.32264622447869,97.04972759374621,15.840560766119255
1536000000.0,81.09033437655172,-7.867403222511292,118.59138611896523,-35.65025489627812,97.15436209304139,15.870300520378757
1537000000.0,81.08928056514138,-7.872415614661571,118.62262237111814,-36.01876280703139,97.30463427755087,15.848394221388237
1538000000.0,81.08822609725345,-7.877427795846852,118.47156404112108,-36.45552741326717,97.43408447044806,15.781268843407553
1539000000.0,81.08717097294402,-7.882439765939698,118.51872354726659,-36.87581119458539,97.60238660518745,15.810375770902073
1540000000.0,81.08611519226922,-7.887451524812686,118.41299915100383,-37.2476930652891,97.74265048421663,15.73780119767537
1541000000.0,81.08505875528527,-7.892463072338417,118.38094436875718,-37.672069334803574,97.90263994966384,15.734870351746451
1542000000.0,81.08400166204832,-7.8974744083895025,118.26882050972205,-38.077340311982034,98.04690266013412,15.659734621493262
1543000000.0,81.08294391261462,-7.902485532838581,118.06212708227189,-38.51679750023762,98.19602701559805,15.57541344013031
1544000000.0,81.08188550704045,-7.907496445558303,118.00477563689047,-38.832004907011914,98.30089786075813,15.531775956741255
1545000000.0,81.08082644538212,-7.912507146421343,118.00335641775047,-39.234990530842,98.45247180682985,15.50538041225376
1546000000.0,81.0797667276959,-7.91751763530039,117.84454942032565,-39.63100850523382,98.6097807617106,15.46817440153491
1547000000.0,81.07870635403822,-7.922527912068155,117.77046958506682,-40.01288138963105,98.75951528327455,15.425761120571245
1548000000.0,81.07764532446546,-7.927537976597365,117.6321888576727,-40.4175614710345,98.88134704931765,15.370417974079087
1549000000.0,81.07658363903406,-7.9325478287607645,117.44011756941372,-40.80574135819425,99.01314068384497,15.292373530928327
1550000000.0,81.07552129780045,-7.937557468431124,117.26245848842298,-41.15097861160682,99.13441402729484,15.213549836352149
1551000000.0,81.07445830082116,-7.942566895481225,117.01652291379264,-41.51859121548639,99.28052738618325,15.095271783955223
1552000000.0,81.0733946481527,-7.94757610978387,116.91076875636848,-41.83379776118205,99.37602231383613,15.04578542779408
1553000000.0,81.07233033985162,-7.95258511121188,116.8523019198657,-42.22479621077378,99.50487640041854,15.009062748090717
1554000000.0,81.07126537597453,-7.957593899638096,116.60687390471905,-42.68221884925733,99.66784929841972,14.932043542560614
1555000000.0,81.07019975657806,-7.962602474935378,116.30886385673045,-42.92971904984236,99.76763642770824,14.795719838072733
1556000000.0,81.06913348171886,-7.967610836976601,116.10044341123483,-43.38427663810085,99.9200059861327,14.71088704092353
1557000000.0,81.06806655145361,-7.972618985634663,115.88711772649255,-43.66162088398856,100.04437708001456,14.626040210902342
1558000000.0,81.06699896583905,-7.97762692078248,115.66623923388406,-44.03720851868895,100.16099900434209,14.547531846586077
1559000000.0,81.06593072493193,-7.982634642292988,115.52375165008947,-44.36281537904807,100.26681922432866,14.49074974048562
1560000000.0,81.064861828789,-7.987642150039132,115.24110345953248,-44.70930432317667,100.40154209701129,14.382507789704448
1561000000.0,81.06379227746714,-7.9926494438938915,115.07227045286044,-45.03483588868856,100.52408806405846,14.289244942499678
1562000000.0,81.06272207102319,-7.997656523730255,114.76889067711261,-45.40013368108044,100.63668926436598,14.187661857930243
1563000000.0,81.061651209514,-8.002663389421228,114.6223207692896,-45.697834349814855,100.7528275993826,14.115229171914832
1564000000.0,81.0605796929965,-8.007670040839841,114.16406169893297,-46.02913369221134,100.8712225536137,13.929052822344017
1565000000.0,81.05950752152765,-8.012676477859143,113.93197648516184,-46.28369727536058,100.96748460714615,13.861356697259037
1566000000.0,81.05843469516442,-8.017682700352198,113.6778176457683,-46.66355655103435,101.11891703811288,13.759641802382514
1567000000.0,81.05736121396384,-8.02268870819209,113.299428748573,-46.945971288908396,101.22459977278685,13.57549285739415
1568000000.0,81.05628707798294,-8.027694501251922,113.02711599587624,-47.22722208066002,101.28986607512873,13.52074175546385
1569000000.0,81.0552122872788,-8.032700079404819,112.65252546867131,-47.65361588184547,101.49122786318038,13.386189748156209
1570000000.0,81.05413684190856,-8.03770544252392,112.3519313128697,-47.86150717000392,101.56527891026727,13.227008550650602
1571000000.0,81.05306074192931,-8.042710590482384,112.07566636575747,-48.186311659744206,101.66760481222524,13.14943173191928
1572000000.0,81.05198398739827,-8.047715523153395,111.7273171897701,-48.52802860094523,101.81432426454442,13.00208412788621
1573000000.0,81.05090657837265,-8.052720240410146,111.2829508422559,-48.7089859235358,101.88105922289031,12.836885642385157
1574000000.0,81.04982851490965,-8.057724742125853,110.92987797017837,-48.933769874660854,101.9895601530333,12.755035319566874
1575000000.0,81.04874979706655,-8.062729028173756,110.65886858045792,-49.09273444815708,102.02409656194102,12.58532009646008
1576000000.0,81.04767042490069,-8.067733098427107,110.22644867389324,-49.32980459363646,102.13644952619696,12.425950342421949
1577000000.0,81.04659039846939,-8.07273695275918,109.86979112289221,-49.60118029147823,102.25878953216782,12.287591733451016
1578000000.0,81.04550971783003,-8.07774059104327,109.52541155926731,-49.775970016639356,102.29935588661257,12.151207272415666
1579000000.0,81.04442838303996,-8.082744013152684,109.16104547363085,-50.04770545451026,102.43102028944573,12.002215099387644
1580000000.0,81.04334639415667,-8.087747218960757,108.79152428945443,-50.330815702587756,102.55328413339892,11.876173626706803
1581000000.0,81.04226375123761,-8.092750208340838,108.42049639421218,-50.409645893917435,102.57180937804338,11.711137197715887
1582000000.0,81.04118045434028,-8.097752981166296,107.96904893526613,-50.659538156670216,102.68721347038174,11.549132332425037
1583000000.0,81.04009650352221,-8.102755537310516,107.66039889390734,-50.83801725389592,102.74031829609908,11.427641189366176
1584000000.0,81.03901189884095,-8.107757876646907,107.16372545158156,-50.96922506206218,102.83063472161027,11.265825288713602
1585000000.0,81.03792664035412,-8.112759999048896,106.72607618403524,-51.14480102313403,102.91494238251421,11.094308218297423
1586000000.0,81.03684072811933,-8.117761904389923,106.3472158011644,-51.295552714651784,103.00141375597887,10.924608930193463
1587000000.0,81.03575416219424,-8.122763592543453,105.96944811974488,-51.472077775909646,103.06576804063171,10.7803696413044
1588000000.0,81.03466694263653,-8.127765063382974,105.52996334150176,-51.613843798866384,103.14044366848131,10.612167390607173
1589000000.0,81.03357906950394,-8.13276631678198,105.12040846817328,-51.75412681076766,103.19055568738217,10.452046372587501
1590000000.0,81.03249054285425,-8.137767352614,104.66174194763543,-51.91928609529807,103.27855437734307,10.318137229599554
1591000000.0,81.0314013627452,-8.14276817075257,104.21760434481196,-52.05279902067337,103.34790399393911,10.12450957863616
1592000000.0,81.03031152923464,-8.14776877107125,103.77685055129417,-52.16243612969172,103.41871748570696,9.933997883392992
1593000000.0,81.02922104238041,-8.15276915344362,103.32785252794851,-52.16127188686913,103.45332788484359,9.75390909338994
1594000000.0,81.02812990224041,-8.157769317743274,102.81561374810758,-52.304721811403866,103.53206794035735,9.556470116344906
1595000000.0,81.02703810887255,-8.162769263843831,102.3846066304219,-52.30477559238169,103.54557975848286,9.382935676506964
1596000000.0,81.02594566233476,-8.167768991618926,101.84622581959162,-52.41335222405601,103.6354818291773,9.167831400468184
1597000000.0,81.02485256268504,-8.172768500942215,101.37944814900045,-52.39955162811317,103.66289389670932,8.979137585905878
1598000000.0,81.02375880998142,-8.177767791687371,100.91799562751977,-52.441924013806876,103.69446179902938,8.803882021802654
1599000000.0,81.02266440428191,-8.182766863728089,100.50612000116914,-52.465611493677095,103.72532209075746,8.604624853035286
1600000000.0,81.02156934564462,-8.187765716938081,100.00638491333224,-52.56893124022399,103.79741372697181,8.423752259661063
1601000000.0,81.02047363412763,-8.192764351191078,99.48702947495765,-52.54139441058464,103.8143421998848,8.208885897742576
1602000000.0,81.01937726978909,-8.197762766360828,99.03673893757787,-52.568006036680714,103.8690672081942,8.03482918476608
1603000000.0,81.01828025268719,-8.202760962321108,98.51176010624881,-52.49891777462524,103.87434858748391,7.807696083263442
1604000000.0,81.01718258288012,-8.207758938945704,98.06356588072119,-52.51693926204879,103.90645627523969,7.656180319279204
1605000000.0,81.01608426042614,-8.212756696108423,97.56258913720615,-52.49126072069311,103.93076035186405,7.414664236911708
1606000000.0,81.01498528538349,-8.217754233683095,97.04700472404664,-52.3191310362604,103.91084329447233,7.204473237475972
1607000000.0,81.01388565781049,-8.222751551543565,96.58288852381051,-52.3268912344968,103.96891694551384,6.990586350874104
1608000000.0,81.01278537776548,-8.227748649563704,96.09177216670936,-52.18233828439207,103.93028968698208,6.790748490702968
1609000000.0,81.0116844453068,-8.232745527617391,95.5636172248481,-52.100615479866015,103.95106164465136,6.562454913032905
1610000000.0,81.01058286049287,-8.237742185578538,95.14788357185098,-51.99094616944164,103.95197210183557,6.372618278904235
1611000000.0,81.00948062338213,-8.242738623321065,94.58027455199758,-51.85008719515843,103.94688771327154,6.121613750334134
1612000000.0,81.008377734033,-8.247734840718914,94.13428453436461,-51.70006798775953,103.93093924071115,5.921204519666602
1613000000.0,81.00727419250403,-8.252730837646054,93.6492659272465,-51.53671953711613,103.91217373805122,5.686057183010772
1614000000.0,81.00616999885371,-8.25772661397646,93.18264210292986,-51.42031754103206,103.93486940887873,5.4950213144731155
1615000000.0,81.0050651531406,-8.26272216958414,92.67996348380396,-51.21457714630151,103.88464220316179,5.250262479044065
1616000000.0,81.00395965542332,-8.26771750434311,92.22210591535641,-51.05392276355369,103.87160741167816,5.036462289285775
1617000000.0,81.00285350576044,-8.272712618127413,91.77243246805956,-50.76750621574961,103.7868469022097,4.814051033068145
1618000000.0,81.00174670421065,-8.277707510811108,91.31930186560673,-50.6144506690203,103.7722077119929,4.599580884158149
1619000000.0,81.00063925083265,-8.282702182268277,90.84233540139505,-50.306375986531926,103.7105377524334,4.355709451642736
1620000000.0,80.99953114568511,-8.287696632373013,90.41616088164601,-50.08086347549828,103.67679605339717,4.157183038785144
1621000000.0,80.99842238882684,-8.29269086099944,89.98488403771749,-49.79655026736154,103.60388572447833,3.936812013034393
1622000000.0,80.99731298031658,-8.297684868021689,89.62657376721602,-49.54564562738747,103.53089923807426,3.7450309354422244
1623000000.0,80.99620292021315,-8.302678653313919,89.16145359666744,-49.22625680845595,103.45992859831978,3.4863765573493692
1624000000.0,80.9950922085754,-8.307672216750307,88.80527933956407,-48.89828043632009,103.35633287333211,3.268668811816562
1625000000.0,80.99398084546222,-8.31266555820505,88.42020397633124,-48.632031143466406,103.30193891251335,3.079683994119205
1626000000.0,80.99286883093251,-8.317658677552359,88.04710078762226,-48.28946906558831,103.20034848659519,2.8739851807140027
1627000000.0,80.9917561650452,-8.322651574666471,87.5682650660893,-47.895966079729696,103.09716463268659,2.6021631635154026
1628000000.0,80.99064284785928,-8.32764424942164,87.27655305052389,-47.60984960973632,103.02288354147555,2.421879102547769
1629000000.0,80.98952887943375,-8.332636701692138,86.96015827976274,-47.2335956667637,102.8774068279997,2.2132987045873613
1630000000.0,80.98841425982765,-8.33762893135226,86.63293289847017,-46.837863404051824,102.78417339322556,2.0151221311938077
1631000000.0,80.98729898910004,-8.342620938276315,86.29452688588466,-46.50904724651554,102.66988296052112,1.8123711202952886
1632000000.0,80.98618306731004,-8.34761272233864,86.0167960511375,-46.11498499449918,102.5311177905041,1.605116835947314
1633000000.0,80.98506649451679,-8.352604283413584,85.66035275066457,-45.76024459351975,102.4402901439503,1.3748028722481531
1634000000.0,80.9839492707794,-8.357595621375516,85.42499867851535,-45.42725525037362,102.31915328392462,1.2380384026995765
1635000000.0,80.98283139615711,-8.362586736098828,85.19053613177144,-45.038708699966364,102.1896364477003,1.049548301497592
1636000000.0,80.98171287070916,-8.367577627457932,84.84669282105524,-44.59864099127853,102.05209786985266,0.8131291540157579
1637000000.0,80.98059369449479,-8.372568295327254,84.5571935240771,-44.20596836223651,101.91268312238857,0.5881652208391883
1638000000.0,80.97947386757328,-8.377558739581245,84.32929579503745,-43.84752179890882,101.77101834998773,0.43727664407465056
1639000000.0,80.97835339000399,-8.382548960094374,84.1677342295371,-43.441768274075514,101.62415210782629,0.2726152854394439
1640000000.0,80.97723226184623,-8.387538956741128,83.94323148134107,-43.08413121040427,101.51563104385855,0.11818863501657392
1641000000.0,80.97611048315943,-8.392528729396018,83.71737703706391,-42.66861664500486,101.34622806607554,-0.08026867448462886
1642000000.0,80.97498805400299,-8.39751827793357,83.50307722049995,-42.266881934799336,101.20932915782221,-0.24451425130362756
1643000000.0,80.97386497443637,-8.40250760222833,83.3665337188267,-41.84116656175125,101.0259128609238,-0.39751366836883995
1644000000.0,80.97274124451903,-8.407496702154864,83.22855328421684,-41.46481485611427,100.8856338245056,-0.5455838966066912
1645000000.0,80.97161686431049,-8.41248557758776,83.0329121382124,-41.083051433579364,100.74289923968544,-0.6973324708744177
1646000000.0,80.97049183387035,-8.417474228401627,82.91894219291598,-40.71223181214639,100.58610605212507,-0.8263270622031325
1647000000.0,80.96936615325812,-8.422462654471087,82.79498910047099,-40.32927889441924,100.40427030354229,-0.9504369924346487
1648000000.0,80.96823982253343,-8.427450855670783,82.70352490700002,-39.89399433097078,100.21434273756813,-1.0800913012091498
1649000000.0,80.96711284175595,-8.432438831875386,82.57573216272705,-39.51843655116864,100.05946517362699,-1.2257794057437874
1650000000.0,80.96598521098531,-8.437426582959578,82.44710919153559,-39.08987230687238,99.8734900752518,-1.3843898597771342
1651000000.0,80.96485693028126,-8.442414108798065,82.34256424352347,-38.74572455630824,99.72880303372175,-1.4992560226682705
1652000000.0,80.96372799970351,-8.447401409265568,82.27850221300575,-38.389350023334885,99.54859728706118,-1.5918144542211403
1653000000.0,80.9625984193118,-8.452388484236833,82.14886063585325,-37.9742251269264,99.39713222854172,-1.7742809519561398
1654000000.0,80.961468189166,-8.457375333586622,82.10161608216913,-37.59918034614082,99.19905669367677,-1.8696881541248207
1655000000.0,80.96033730932591,-8.462361957189723,82.04547161178569,-37.24303641600118,99.02633865362237,-1.9628097532668083
1656000000.0,80.95920577985136,-8.467348354920933,81.91691069233573,-36.883001581438045,98.90829240897526,-2.10383959838256
1657000000.0,80.95807360080228,-8.47233452665508,81.96169652099434,-36.4471549640761,98.65496605442208,-2.1795739124462394
1658000000.0,80.9569407722386,-8.477320472267003,81.94085282047443,-36.06956580804094,98.48010142020003,-2.2671480062974645
1659000000.0,80.95580729422028,-8.482306191631569,82.00100302921766,-35.76944664650177,98.31003626083822,-2.315636751496146
1660000000.0,80.95467316680727,-8.487291684623653,81.96414997298707,-35.36325359576089,98.09903260737572,-2.4036383722660015
1661000000.0,80.95353839005966,-8.492276951118164,81.96751558157497,-35.01799532109449,97.92143168801105,-2.472867917851161
1662000000.0,80.95240296403745,-8.497261990990019,81.95681202711025,-34.673317159525645,97.7645090193697,-2.5626254060383107
1663000000.0,80.95126688880075,-8.502246804114163,82.01508522699108,-34.317008850160775,97.55411084522714,-2.6128575586399085
1664000000.0,80.95013016440966,-8.507231390365556,81.99359611678452,-33.95686963567179,97.36873080724234,-2.69182555139378
1665000000.0,80.94899279092432,-8.512215749619179,82.03964295253122,-33.64235318212752,97.19818908573463,-2.7301569804931316
1666000000.0,80.94785476840497,-8.517199881750035,82.0986750418423,-33.340300882014375,97.04807498214059,-2.7813250913383207
1667000000.0,80.94671609691174,-8.522183786633141,82.13797866106508,-33.02225597651846,96.86627048024552,-2.824195092645084
1668000000.0,80.94557677650494,-8.527167464143542,82.22862081448837,-32.69892983828551,96.66965602770742,-2.8531881024761026
1669000000.0,80.9444368072448,-8.532150914156295,82.30532524246674,-32.37504701526906,96.47336116077098,-2.876305437430457
1670000000.0,80.94329618919166,-8.537134136546484,82.3402737970374,-32.09635597714636,96.33844859806177,-2.912710002534159
1671000000.0,80.94215492240582,-8.542117131189208,82.42923820770116,-31.772942579712886,96.13433521833853,-2.944059418031566
1672000000.0,80.9410130069477,-8.54709989795959,82.58151971942975,-31.478354597997672,95.92840081105682,-2.923196456522887
1673000000.0,80.93987044287765,-8.552082436732766,82.59554833560584,-31.140701710830978,95.76542699126603,-2.9905265809794437
1674000000.0,80.93872723025615,-8.5570647473839,82.73313568946631,-30.800649967710246,95.51905586117569,-2.9856825898059727
1675000000.0,80.93758336914362,-8.56204682978817,82.85396121151872,-30.607518198170848,95.41754765315507,-2.958324142380921
1676000000.0,80.93643885960057,-8.567028683820775,82.99508395446404,-30.27855151903852,95.19050446918361,-2.953530334887073
1677000000.0,80.93529370168756,-8.572010309356939,83.11219314648143,-30.04779733840969,95.04499265062857,-2.93979137173004
1678000000.0,80.9341478954651,-8.576991706271897,83.23257735080537,-29.77988580855876,94.86364031763621,-2.938620907557207
1679000000.0,80.93300144099382,-8.581972874440913,83.33381424586486,-29.58683212398665,94.74751057662392,-2.9170660602151353
1680000000.0,80.9318543383343,-8.586953813739267,83.4742076373599,-29.349401408391426,94.56697920070403,-2.8897753542349136
1681000000.0,80.93070658754725,-8.591934524042259,83.6262738262561,-29.080093166387794,94.41470503161524,-2.889435562486342
1682000000.0,80.9295581886933,-8.596915005225204,83.75831586134706,-28.849264044856252,94.24020013946044,-2.849173511610838
1683000000.0,80.92840914183321,-8.601895257163449,83.8577135280211,-28.65218799787875,94.11169801370357,-2.8441354524961318
1684000000.0,80.92725944702768,-8.60687527973235,84.06245097466916,-28.400869682501177,93.94311458787422,-2.770640938430529
1685000000.0,80.92610910433753,-8.611855072807288,84.17627146732971,-28.23802759333923,93.84039339873678,-2.7466296875735674
1686000000.0,80.92495811382356,-8.616834636263663,84.3598535473888,-27.983995148804855,93.65230075531261,-2.6927252504248744
1687000000.0,80.9238064755466,-8.621813969976895,84.55522804320687,-27.76964532242716,93.47042846808934,-2.6330545519999458
1688000000.0,80.92265418956754,-8.626793073822427,84.69265518759552,-27.579742718774632,93.34867194923353,-2.5878007577023068
1689000000.0,80.92150125594728,-8.631771947675714,84.86161175971557,-27.409418434163815,93.21113194396852,-2.53827364472928
1690000000.0,80.92034767474674,-8.636750591412241,85.00863532380289,-27.18719132970862,93.05090157581522,-2.505628664058859
1691000000.0,80.91919344602691,-8.641729004907505,85.17366126540475,-27.049836552348268,92.94719527547011,-2.4384353485789463
1692000000.0,80.91803856984878,-8.646707188037032,85.31639036089649,-26.92455050922861,92.85698668726775,-2.3655586102312878
1693000000.0,80.91688304627337,-8.651685140676355,85.54939307406838,-26.774024670210956,92.74125694952325,-2.2789043833731015
1694000000.0,80.91572687536176,-8.65666286270104,85.70891894047979,-26.603444559721314,92.60553977236061,-2.221455698961782
1695000000.0,80.91457005717503,-8.661640353986666,85.86179657791455,-26.41490680758519,92.46130901772695,-2.1812580884707238
1696000000.0,80.91341259177432,-8.666617614408835,86.04655191804831,-26.33807600160371,92.3899805439935,-2.067604267347881
1697000000.0,80.91225447922078,-8.67159464384317,86.23479207688592,-26.24697984618031,92.30114449855162,-1.987068905492552
1698000000.0,80.9110957195756,-8.676571442165308,86.44103644729644,-26.09971332700015,92.17316168486646,-1.9075713886983645
1699000000.0,80.90993631289999,-8.681548009250914,86.59144317619541,-25.969902111358362,92.07957820013725,-1.8451933174203754
1700000000.0,80.90877625925519,-8.68652434497567,86.75468491402835,-25.84433283379577,91.97535292874237,-1.7711143931545676
1701000000.0,80.90761555870252,-8.691500449215276,86.91056681904647,-25.71674988341412,91.87505791843816,-1.717378121745276
1702000000.0,80.90645421130323,-8.696476321845452,87.09988904636815,-25.630312611200527,91.78468824799168,-1.6102787112530281
1703000000.0,80.90529221711873,-8.701451962741945,87.29411018630384,-25.547526406789007,91.70531191051865,-1.5444974932673563
1704000000.0,80.90412957621035,-8.706427371780519,87.44249727797731,-25.409549562524052,91.59820778511613,-1.4752850927107364
1705000000.0,80.90296628863953,-8.711402548836949,87.5908876348461,-25.39213242256653,91.55975355874946,-1.3978821229612244
1706000000.0,80.90180235446768,-8.716377493787043,87.71090997389754,-25.194442977104455,91.44239758072477,-1.3644549401100086
1707000000.0,80.90063777375629,-8.721352206506621,87.91421527364868,-25.13374711039517,91.37100599192023,-1.2529618378610228
1708000000.0,80.89947254656684,-8.726326686871532,88.0769464070006,-25.02381615814848,91.26852518461554,-1.1745089602077816
1709000000.0,80.89830667296087,-8.731300934757636,88.20731165080893,-24.90329215007328,91.19391003380908,-1.1288878304561596
1710000000.0,80.89714015299995,-8.736274950040817,88.39244250480105,-24.84568544418545,91.12821608677875,-1.035630603562011
1711000000.0,80.89597298674568,-8.741248732596983,88.53830139607815,-24.803231759415738,91.09406892333601,-0.9623506246982063
1712000000.0,80.89480517425967,-8.746222282302053,88.69888634246058,-24.67283194032126,90.97662764912803,-0.9008288205000116
1713000000.0,80.89363671560359,-8.751195599031975,88.85621628916607,-24.594529710732942,90.90608508609616,-0.815393571170165
1714000000.0,80.89246761083909,-8.756168682662713,89.03537612026696,-24.543130125533914,90.85379684361986,-0.7318087323278758
1715000000.0,80.89129786002796,-8.761141533070255,89.18947692819299,-24.42175081344656,90.7548593146417,-0.6601377167997724
1716000000.0,80.89012746323188,-8.766114150130603,89.34993621426779,-24.376598381610716,90.70822847225092,-0.5686557428304162
1717000000.0,80.88895642051267,-8.771086533719787,89.5262814969288,-24.2287082204925,90.58680185777087,-0.49734561956635875
1718000000.0,80.88778473193214,-8.776058683713853,89.70647792548321,-24.17765341932588,90.54183288637537,-0.3964601505777181
1719000000.0,80.88661239755213,-8.781030599988865,89.85526559853146,-24.1263348864047,90.4878633868279,-0.3214718515150387
1720000000.0,80.88543941743453,-8.786002282420915,90.06300071928356,-24.037389434055616,90.40228231484453,-0.21701247576579916
1721000000.0,80.8842657916412,-8.790973730886103,90.24595139859603,-23.933230241019583,90.32803604481205,-0.13094016318825197
1722000000.0,80.88309152023412,-8.795944945260565,90.4545124984367,-23.939738516157302,90.30415901649923,-0.015694724056860357
1723000000.0,80.88191660327523,-8.800915925420446,90.61273214807981,-23.787343096330044,90.19570630596587,0.05528251580963082
1724000000.0,80.88074104082658,-8.805886671241916,90.8424193535284,-23.78074092345066,90.16050770841827,0.1810080891711645
1725000000.0,80.87956483295014,-8.810857182601163,91.01699618688352,-23.72328149786754,90.12198183852442,0.2570612519930065
1726000000.0,80.87838797970801,-8.815827459374399,91.23339490609212,-23.67982393966601,90.06765279821461,0.3816323771421441
1727000000.0,80.87721048116225,-8.82079750143785,91.46991447216107,-23.651554626166646,90.01776657012482,0.5033774217816043
1728000000.0,80.87603233737504,-8.82576730866777,91.66045805682246,-23.58032120339918,89.96084978503505,0.6130256484885561
1729000000.0,80.87485354840848,-8.83073688094043,91.9028914356139,-23.541903740571637,89.90882317758377,0.7356035766291859
1730000000.0,80.87367411432479,-8.83570621813212,92.12623369506004,-23.49322933291024,89.85796881465609,0.8477830490309411
1731000000.0,80.87249403518618,-8.840675320119153,92.30774256204785,-23.513716949707547,89.854396919131,0.946162424695797
1732000000.0,80.87131331105488,-8.84564418677786,92.50806881772317,-23.48465843649223,89.81994999950194,1.043531536001497
1733000000.0,80.8701319419932,-8.850612817984597,92.70555693633864,-23.48013281064872,89.79763353647164,1.1579539805243801
1734000000.0,80.86894992806342,-8.855581213615736,92.95507642643838,-23.450186791509953,89.75528331372642,1.2839320180652358
1735000000.0,80.8677672693279,-8.86054937354767,93.21429132338169,-23.389940139911758,89.7008875185476,1.4160012264924822
1736000000.0,80.86658396584902,-8.865517297656814,93.37683305734586,-23.377325085420242,89.66668048135529,1.5151060864091281
1737000000.0,80.86540001768915,-8.870484985819601,93.67741652154585,-23.42539581230851,89.68000653053285,1.6780018521447686
1738000000.0,80.86421542491077,-8.875452437912491,93.81899788661975,-23.42353688968901,89.68078408170012,1.7501100276958133
1739000000.0,80.86303018757631,-8.880419653811959,94.05050531093607,-23.482229285318272,89.69004250188738,1.8794471988662866
1740000000.0,80.8618443057483,-8.8853866333945,94.33291127203792,-23.423222709737512,89.63642339863414,2.018723793069712
1741000000.0,80.86065777948924,-8.890353376536634,94.53950527744301,-23.482096568685755,89.65031167037093,2.1355648107789293
1742000000.0,80.8594706088617,-8.895319883114894,94.75102918319543,-23.43887089775803,89.61967055061976,2.2453052220495335
1743000000.0,80.85828279392828,-8.900286153005844,94.99623603125855,-23.49400168860957,89.62590501690876,2.3711344275660693
1744000000.0,80.85709433475158,-8.90525218608606,95.18489443596845,-23.487532640975324,89.61481193986783,2.4656418304265433
1745000000.0,80.85590523139426,-8.91021798223214,95.35673583134619,-23.543305977577234,89.6458498369863,2.543286802787828
1746000000.0,80.85471548391901,-8.91518354132071,95.63987366215994,-23.59117769639842,89.63666021803463,2.693959282209113
1747000000.0,80.85352509238854,-8.920148863228404,95.84757424603299,-23.587310985180384,89.6341860782386,2.8115828996143644
1748000000.0,80.8523340568656,-8.92511394783189,96.15047929845824,-23.614074187852275,89.63384298258431,2.9686470093974844
1749000000.0,80.85114237741294,-8.930078795007846,96.27843023336293,-23.68752297174053,89.66261062610872,3.0384287804460883
1750000000.0,80.8499500540934,-8.935043404632976,96.46557115768238,-23.745460102821518,89.67889456903433,3.130035564387243
1751000000.0,80.8487570869698,-8.940007776584002,96.68287987625257,-23.759300141585673,89.69086365991352,3.2509698963848517
1752000000.0,80.84756347610502,-8.944971910737673,96.92047538728832,-23.79382893034378,89.67877073056665,3.3710215644022763
1753000000.0,80.84636922156194,-8.949935806970748,97.16543771183538,-23.844713517450195,89.7088570737391,3.504635091042985
1754000000.0,80.84517432340351,-8.954899465160016,97.32736155940495,-23.955581043538473,89.74947460508479,3.590485466050571
1755000000.0,80.8439787816927,-8.959862885182286,97.5698049509012,-23.962570847836105,89.75845767560155,3.7066341442522037
1756000000.0,80.84278259649246,-8.964826066914377,97.8602991947261,-23.972427332821432,89.75232306449976,3.8380450844496696
1757000000.0,80.84158576786585,-8.969789010233143,98.0546834758561,-24.05928044340338,89.78041301096368,3.941926946346898
1758000000.0,80.84038829587591,-8.974751715015453,98.328776858026,-24.133949172782966,89.80795830288535,4.083860513610862
1759000000.0,80.83919018058573,-8.979714181138192,98.51528681569603,-24.29003211231366,89.879959206396,4.184408624427636
1760000000.0,80.83799142205842,-8.984676408478272,98.72820978567862,-24.351719934911625,89.92059189355615,4.299868390070383
1761000000.0,80.83679202035717,-8.989638396912627,98.9928622265003,-24.40151168746452,89.90688482155298,4.417515212902997
1762000000.0,80.83559197554506,-8.9946001463182,99.24149329079597,-24.531358344984326,89.96122063593116,4.534737291781342
1763000000.0,80.83439128768538,-8.999561656571972,99.32797747330468,-24.629903732515547,90.03552633097776,4.595859811968264
1764000000.0,80.83318995684135,-9.004522927550934,99.59155124158026,-24.729084983552042,90.0629239102392,4.709247009429057
1765000000.0,80.83198798307623,-9.009483959132096,99.89201811585805,-24.726947718853406,90.05973501136602,4.843422694219985
1766000000.0,80.83078536645333,-9.014444751192496,100.07053330610077,-24.88708722132388,90.13209406683411,4.948535419523411
1767000000.0,80.82958210703598,-9.019405303609188,100.35695406087133,-25.013996201842122,90.17589092553752,5.078059104892232
1768000000.0,80.82837820488753,-9.02436561625925,100.49540260780111,-25.068284644469777,90.21638602020091,5.149775768713906
1769000000.0,80.82717366007137,-9.029325689019776,100.7138668366966,-25.193710844364762,90.2490333232987,5.24021864837428
1770000000.0,80.82596847265096,-9.03428552176789,100.89684774079537,-25.3059305001585,90.30633575438083,5.3233512812287405
1771000000.0,80.82476264268972,-9.039245114380725,101.13324070253562,-25.41407253493415,90.34910877013239,5.456009726722712
1772000000.0,80.82355617025114,-9.044204466735444,101.48247115026926,-25.60273278315561,90.43006288181472,5.626491422651881
1773000000.0,80.82234905539875,-9.049163578709225,101.59077445446843,-25.670513003305924,90.48364956995412,5.667721517216486
1774000000.0,80.82114129819608,-9.05412245017927,101.76874612724404,-25.756986112896413,90.51232380214837,5.747958826372091
1775000000.0,80.81993289870672,-9.059081081022804,102.19794435492075,-25.822331800045145,90.51494424459693,5.91623126322527
1776000000.0,80.81872385699428,-9.064039471117068,102.30501509807274,-26.13737325331885,90.65258558167847,5.991860968792033
1777000000.0,80.81751417312239,-9.068997620339328,102.47610671890565,-26.283192235147368,90.7535662242155,6.065376741245837
1778000000.0,80.81630384715471,-9.073955528566866,102.71878848140615,-26.4259840309397,90.81861509807231,6.174189666004863
1779000000.0,80.81509287915499,-9.078913195676993,102.89955450494459,-26.569310963572736,90.87550511341412,6.248297622261837
1780000000.0,80.81388126918688,-9.08387062154703,103.13178608024012,-26.746742843736662,90.96520522621398,6.34569659847502
1781000000.0,80.81266901731422,-9.088827806054331,103.29721171865165,-26.939463749662316,91.0522078918791,6.426182399927783
1782000000.0,80.81145612360075,-9.09378474907626,103.49727389500303,-27.02973757045634,91.07871110428157,6.504765756730207
1783000000.0,80.81024258811031,-9.098741450490209,103.78919435047595,-27.292931624905133,91.18988518738514,6.648542838992738
1784000000.0,80.80902841090676,-9.103697910173588,103.92994594012487,-27.349155395966573,91.24059302821132,6.684802959797399
1785000000.0,80.80781359205398,-9.10865412800383,104.16696628327117,-27.586830151839003,91.35036401728158,6.778420625589293
1786000000.0,80.8065981316159,-9.113610103858388,104.42783927641658,-27.790571694281404,91.42848958751519,6.899872625293141
1787000000.0,80.80538202965643,-9.118565837614735,104.63876296190854,-28.015210677713885,91.53991309729858,6.9998335116686485
1788000000.0,80.80416528623957,-9.123521329150366,104.72023444055962,-28.213445384452328,91.62308079524269,7.004639126576291
1789000000.0,80.80294790142933,-9.128476578342795,104.9050926091763,-28.347059286529976,91.68757736104219,7.08801470090029
1790000000.0,80.80172987528974,-9.133431585069562,105.23063074363061,-28.652052404034368,91.79496521979114,7.2415646856484726
1791000000.0,80.80051120788485,-9.138386349208224,105.32945353366578,-28.80843727150771,91.86870759559267,7.252820276887981
1792000000.0,80.79929189927881,-9.143340870636361,105.53921880161967,-28.990614140758147,91.96700100592318,7.35887506427307
1793000000.0,80.7980719495357,-9.148295149231572,105.6879672740116,-29.18913897747308,92.04340751976,7.430180492861698
1794000000.0,80.7968513587197,-9.153249184871477,105.84099460827201,-29.44773625701253,92.1494154106465,7.476259551605182
1795000000.0,80.795630126895,-9.15820297743372,106.07064560829946,-29.648649419109365,92.23888357974124,7.566074681765906
1796000000.0,80.79440825412581,-9.163156526795962,106.28590779362546,-29.844673781519496,92.32553852229844,7.652566328294827
1797000000.0,80.7931857404764,-9.168109832835892,106.40962467569963,-30.14701036041598,92.454044766962,7.694994573781535
1798000000.0,80.79196258601104,-9.173062895431212,106.53923320371246,-30.297069724801972,92.52151632894734,7.725585684350929
1799000000.0,80.79073879079404,-9.178015714459647,106.68958458732686,-30.58160123250051,92.63767910743043,7.819640944646201
1800000000.0,80.78951435488976,-9.18296828979895,106.90382950405537,-30.7589846986863,92.68952587230221,7.8819000277010955
1801000000.0,80.78828927836254,-9.187920621326885,107.11836520019074,-31.03726139458375,92.80843365459295,7.995133540689845
1802000000.0,80.78706356127681,-9.192872708921243,107.2373038004877,-31.232573762069755,92.87798110590064,8.015312490644714
1803000000.0,80.78583720369701,-9.197824552459837,107.38878315007399,-31.417716444181064,92.97896792710877,8.058532896297699
1804000000.0,80.7846102056876,-9.202776151820501,107.50607447926333,-31.703408343716422,93.08790887658155,8.104820993772593
1805000000.0,80.78338256731307,-9.207727506881085,107.56111397367509,-32.0247048218812,93.25663213436643,8.121779495362128
1806000000.0,80.78215428863793,-9.212678617519463,107.80940161030334,-32.18629752469505,93.28210339854407,8.20944219511181
1807000000.0,80.78092536972677,-9.217629483613537,107.91521921756791,-32.451486366225666,93.40386186316945,8.229709048341437
1808000000.0,80.77969581064416,-9.222580105041217,108.07855171457766,-32.66480904726762,93.4546356718658,8.303978301287588
1809000000.0,80.77846561145472,-9.227530481680448,108.19941577547402,-32.91186170057139,93.57329752152971,8.353483982929642
1810000000.0,80.7772347722231,-9.232480613409184,108.30164081816609,-33.20818088680402,93.68439523521491,8.363485307741925
1811000000.0,80.77600329301396,-9.237430500105408,108.48277066346331,-33.53958114146825,93.8226184193894,8.439409835164453
1812000000.0,80.77477117389202,-9.24238014164712,108.50498698807918,-33.576050593252546,93.81661418349427,8.405984259583548
1813000000.0,80.77353841492204,-9.247329537912348,108.7041584728977,-33.93005382580581,93.95609656757703,8.493148734379227
1814000000.0,80.77230501616877,-9.252278688779134,108.81090076807251,-34.13106728766805,94.03827372374361,8.51896345091349
1815000000.0,80.77107097769701,-9.257227594125542,108.89880674955606,-34.42541522542518,94.15328819444284,8.543821241649315
1816000000.0,80.76983629957158,-9.26217625382966,109.05855151149129,-34.67038680215772,94.2678453111757,8.595511549749125
1817000000.0,80.76860098185738,-9.267124667769599,109.16735251910534,-34.88293425604986,94.32842722608608,8.631434792053403
1818000000.0,80.76736502461924,-9.272072835823485,109.21101722571493,-35.19625112528523,94.46966491871058,8.659133506075186
1819000000.0,80.76612842792215,-9.277020757869472,109.27289092476202,-35.51425670258391,94.58384229713039,8.675586917856297
1820000000.0,80.76489119183101,-9.281968433785732,109.40102382928426,-35.684606304482884,94.65331659584001,8.714440191526135
1821000000.0,80.76365331641082,-9.286915863450456,109.47366092108854,-35.979148243827325,94.76587716604816,8.727749564267747
1822000000.0,80.7624148017266,-9.291863046741863,109.57460021538171,-36.20836792017417,94.84703664334079,8.7572413062034
1823000000.0,80.7611756478434,-9.29680998353819,109.57342474441504,-36.53626608269405,94.9804534604588,8.75150012092872
1824000000.0,80.75993585482625,-9.301756673717685,109.61732325161418,-36.735800424405326,95.04669854267054,8.750703244385013
1825000000.0,80.7586954227403,-9.306703117158635,109.68621434617147,-37.0274584989809,95.15366598459987,8.776741461549541
1826000000.0,80.75745435165068,-9.311649313739341,109.75067003566464,-37.297955969418645,95.24659495485498,8.791673151146496
1827000000.0,80.75621264162251,-9.31659526333812,109.76377270378987,-37.58049432959352,95.36123524720401,8.796254948214852
1828000000.0,80.75497029272104,-9.321540965833321,109.7660649092079,-37.929145551473894,95.5101422560914,8.804728653571775
1829000000.0,80.75372730501147,-9.326486421103306,109.76842129878436,-38.187239165238836,95.57730163038495,8.786909845042155
1830000000.0,80.75248367855905,-9.331431629026458,109.82227975446789,-38.37457225634506,95.63749427228873,8.781836112805067
1831000000.0,80.75123941342906,-9.336376589481189,109.89266770396053,-38.68203993686563,95.76343892482072,8.80652772718675
1832000000.0,80.74999450968684,-9.341321302345925,109.87155977712976,-38.9408372042226,95.83708242056095,8.800223430653729
1833000000.0,80.74874896739772,-9.346265767499116,109.90320896684044,-39.22024879730202,95.94621412376416,8.814798231018438
1834000000.0,80.7475027866271,-9.351209984819237,109.96473639034829,-39.47049257437572,96.0302930293721,8.820806063272135
1835000000.0,80.74625596744032,-9.356153954184775,109.97672759396568,-39.778368695388146,96.15211250304053,8.832573727126746
1836000000.0,80.7450085099029,-9.361097675474253,109.93034889278299,-39.98619935813877,96.21214968343864,8.78829482646812
1837000000.0,80.74376041408024,-9.366041148566199,109.9694994803454,-40.23939716842331,96.30010113488456,8.808762476299245
1838000000.0,80.7425116800379,-9.370984373339175,109.97508665356955,-40.62745508220626,96.4306761684626,8.793152900359235
1839000000.0,80.74126230784132,-9.375927349671755,109.96586711374607,-40.83701433779206,96.52050337793855,8.789140030348381
1840000000.0,80.74001229755615,-9.38087007744255,109.96775092320168,-41.10744610143386,96.60357983848269,8.785893680251641
1841000000.0,80.73876164924792,-9.385812556530169,109.98836082476411,-41.294847381151165,96.66394122602634,8.777581435664652
1842000000.0,80.73751036298226,-9.390754786813265,109.86404170537237,-41.57170930346523,96.76268116040244,8.733237016727934
1843000000.0,80.73625843882485,-9.3956967681705,109.88760273558952,-41.7790389623796,96.84224866994067,8.729893827079694
1844000000.0,80.73500587684131,-9.40063850048056,109.94856986292022,-42.06115935574486,96.94721704129299,8.735462354254675
1845000000.0,80.73375267709741,-9.405579983622157,109.91806971416018,-42.29035496567956,96.99263461983656,8.732003134441516
1846000000.0,80.73249883965883,-9.410521217474013,109.8251952627519,-42.60387506479034,97.11971503631136,8.673448573432546
1847000000.0,80.73124436459139,-9.415462201914888,109.8269683165986,-42.874130161481204,97.19131264201066,8.669091321468898
1848000000.0,80.72998925196084,-9.420402936823546,109.81737653217078,-43.10505678808964,97.30704081915988,8.663259660186801
1849000000.0,80.72873350183306,-9.425343422078791,109.76998117613707,-43.39428826354282,97.41295805803804,8.653272738637863
1850000000.0,80.72747711427385,-9.430283657559428,109.62800846288107,-43.56596719464685,97.46342204149099,8.583889474726712
1851000000.0,80.72622008934916,-9.435223643144306,109.6889077384821,-43.87879527924241,97.5467608390585,8.582028180092921
1852000000.0,80.72496242712485,-9.440163378712276,109.53707839309573,-44.15723697186656,97.67222961521975,8.541687077714627
1853000000.0,80.72370412766692,-9.445102864142223,109.48298289007458,-44.31156339943762,97.71578988810361,8.507189830080085
1854000000.0,80.72244519104133,-9.450042099313048,109.47287089373842,-44.52775010925541,97.76014233627075,8.492293212902512
1855000000.0,80.72118561731408,-9.454981084103675,109.29518091365367,-44.80178125741442,97.90074761506939,8.42297720892116
1856000000.0,80.71992540655121,-9.45991981839305,109.4096662448484,-44.98174282765743,97.93631329771553,8.466097617651565
1857000000.0,80.7186645588188,-9.464858302060138,109.32379990484627,-45.17942118244799,98.00003436755888,8.419830575673975
1858000000.0,80.71740307418295,-9.469796534983935,109.16752851469377,-45.43258356977995,98.08649282491176,8.348723328024981
1859000000.0,80.71614095270978,-9.47473451704344,109.16001280876407,-45.686820828777186,98.17870477823577,8.359883606649882
1860000000.0,80.71487819446547,-9.479672248117701,109.01972356494056,-45.881798668858636,98.2327738963989,8.297350598268691
1861000000.0,80.71361479951618,-9.484609728085758,109.02425053335729,-46.0733530212873,98.3035525933761,8.28887621649815
1862000000.0,80.71235076792814,-9.489546956826695,109.06073217904932,-46.31757647251166,98.36189152389568,8.302779521964752
1863000000.0,80.71108609976761,-9.494483934219605,108.97516474475438,-46.47260162068979,98.40628196578162,8.257902025443604
1864000000.0,80.70982079510085,-9.49942066014361,108.75130341917097,-46.678038879160546,98.51274694405213,8.202764245463456
1865000000.0,80.7085548539942,-9.50435713447785,108.83393822318409,-46.98594261711977,98.60594833518212,8.23235387653164
1866000000.0,80.70728827651398,-9.50929335710149,108.69026016153623,-47.00813709916099,98.62319262598464,8.159968921280807
1867000000.0,80.70602106272653,-9.514229327893707,108.58992861660765,-47.32843369945287,98.74997530338474,8.140730282731917
1868000000.0,80.70475321269832,-9.519165046733717,108.56134480436782,-47.4969828069858,98.77728913926025,8.108627722870946
1869000000.0,80.70348472649572,-9.52410051350074,108.4760596668609,-47.64318861490192,98.82646943143075,8.050951383924403
1870000000.0,80.7022156041852,-9.52903572807403,108.3310717634431,-47.803229374981086,98.87120298450766,8.03440285309152
1871000000.0,80.70094584583326,-9.533970690332858,108.28945921287354,-47.91918483426048,98.91042407674986,8.00271888004947
1872000000.0,80.69967545150641,-9.538905400156514,108.21693489511361,-48.24262822757417,99.02354558090974,7.986572213686455
1873000000.0,80.69840442127122,-9.543839857424318,108.11059330656134,-48.21476950311053,98.95764313504428,7.886570765973319
1874000000.0,80.69713275519425,-9.548774062015607,108.08635615610197,-48.42455339232852,99.05910275140113,7.9137916681304645
1875000000.0,80.6958604533421,-9.553708013809732,107.9673745195922,-48.61039440582544,99.11447952552656,7.8464074493013305
1876000000.0,80.69458751578144,-9.558641712686084,107.84779555548806,-48.72735714428667,99.15455476515659,7.797803748490284
1877000000.0,80.69331394257891,-9.563575158524058,107.81649332848626,-48.841392948344435,99.14752115171126,7.740980839710976
1878000000.0,80.69203973380124,-9.568508351203082,107.78025411107775,-49.09188226180532,99.27186763537414,7.749669152307564
1879000000.0,80.6907648895151,-9.573441290602597,107.5872042076434,-49.221156037045205,99.30577114105768,7.676113821212649
1880000000.0,80.6894894097873,-9.578373976602077,107.37819816835541,-49.29740973617942,99.298807294339,7.606278534206761
1881000000.0,80.68821329468462,-9.58330640908101,107.39888302815142,-49.48129659909471,99.3719504281996,7.6141671432952
1882000000.0,80.68693654427386,-9.588238587918905,107.26747068095568,-49.57461423672216,99.38662411715913,7.561820838834261
1883000000.0,80.68565915862187,-9.593170512995298,107.20631878619292,-49.6157250579986,99.3542302814374,7.512147006318795
1884000000.0,80.68438113779555,-9.598102184189743,107.09045440192091,-49.96535699356495,99.50524659334508,7.4518139075665015
1885000000.0,80.6831024818618,-9.603033601381819,107.17355033720489,-49.90247133956414,99.44199607778138,7.487121182401336
1886000000.0,80.68182319088753,-9.607964764451127,107.02829030228372,-50.076706896097946,99.52500235825694,7.435178295613807
1887000000.0,80.68054326493974,-9.612895673277283,106.91376403020027,-50.16177938847877,99.52221700346081,7.363250914358277
1888000000.0,80.67926270408539,-9.617826327739932,106.85677152045214,-50.269432587265186,99.5580889885969,7.330873143382542
1889000000.0,80.67798150839157,-9.622756727718741,106.8176519568319,-50.36628366101067,99.57882459722455,7.318759240386257
1890000000.0,80.67669967792526,-9.627686873093397,106.69862573653033,-50.5893975005258,99.6447645200408,7.25458394556506
1891000000.0,80.67541721275359,-9.632616763743606,106.60757754897097,-50.59525066372854,99.6472163756722,7.2497634393494135
1892000000.0,80.67413411294368,-9.637546399549105,106.5891161504397,-50.701023755958786,99.6756592047185,7.229041523532068
1893000000.0,80.67285037856264,-9.642475780389638,106.44274945094152,-50.7176687078252,99.64915604568925,7.148483614877681
1894000000.0,80.67156600967769,-9.647404906144988,106.43111660566599,-50.773784240733185,99.65978869913621,7.125682081057427
1895000000.0,80.67028100635599,-9.652333776694947,106.40661269541515,-51.00926115592792,99.74531799828205,7.1459786219925965
1896000000.0,80.66899536866482,-9.657262391919339,106.26506272042752,-51.01085468290471,99.74750270285895,7.073111910579748
1897000000.0,80.66770909667142,-9.662190751697999,106.21176403540268,-51.07176278497839,99.68570067640756,7.001959381093621
1898000000.0,80.66642219044309,-9.667118855910793,106.12320911378146,-51.175241641657614,99.76551196126174,6.989785474371868
1899000000.0,80.66513465004711,-9.672046704437602,105.96673387095585,-51.25126540640853,99.79213295703364,6.945799400331588
1900000000.0,80.66384647555091,-9.676974297158344,106.027215507091,-51.248383558782265,99.7421623322696,6.956175867652041
1901000000.0,80.66255766702182,-9.681901633952933,105.89174222456808,-51.28501968379773,99.77427439530179,6.903123730876933
1902000000.0,80.66126822452726,-9.686828714701333,105.94745094415025,-51.42494322405086,99.78011021210293,6.895130541894628
1903000000.0,80.65997814813471,-9.69175553928351,105.79413969726298,-51.512544152185825,99.81646688293826,6.857929884514646
1904000000.0,80.6586874379116,-9.696682107579464,105.81214931195098,-51.50853624417115,99.76254277885798,6.845970281376334
1905000000.0,80.65739609392544,-9.701608419469208,105.7928176773885,-51.633662701175496,99.80359045294196,6.843819979087617
1906000000.0,80.65610411624377,-9.706534474832784,105.6934062341375,-51.672961100331634,99.79836030171423,6.793586217915481
1907000000.0,80.65481150493414,-9.711460273550252,105.65863417501171,-51.7928802374484,99.8181028889519,6.781769266952847
1908000000.0,80.65351826006415,-9.716385815501695,105.63201038528408,-51.76865517916894,99.80705868199351,6.748293440302778
1909000000.0,80.65222438170143,-9.721311100567224,105.58514383291356,-51.8041568787586,99.79080702650552,6.726192817686694
1910000000.0,80.65092986991358,-9.72623612862696,105.46935355891898,-51.849752229494534,99.81693276605654,6.690347293638636
1911000000.0,80.64963472476835,-9.731160899561058,105.53703595806051,-51.96789190987461,99.82635862525795,6.690672275695457
1912000000.0,80.6483389463334,-9.736085413249688,105.61811221272734,-51.97151727100497,99.79217841200347,6.727718855177355
1913000000.0,80.64704253467647,-9.741009669573046,105.4541919383026,-51.9531677987436,99.76833717334665,6.655255794921309
1914000000.0,80.64574548986538,-9.745933668411345,105.47310826874782,-52.068823933008524,99.79935580790169,6.649346540565307
1915000000.0,80.64444781196786,-9.750857409644832,105.53766022661415,-52.29466136387265,99.85346175285335,6.7033518973571695
1916000000.0,80.64314950105178,-9.755780893153757,105.52085366931767,-52.18874947976281,99.77542250867572,6.640228509713958
1917000000.0,80.64185055718497,-9.760704118818408,105.28543495797594,-52.28314641219575,99.81899156202124,6.56714387417567
1918000000.0,80.64055098043532,-9.76562708651909,105.46187073529016,-52.38942090933298,99.85329382419435,6.620767502930718
1919000000.0,80.63925077087077,-9.770549796136136,105.38559785421373,-52.362006562108,99.80359716755517,6.571574862523401
1920000000.0,80.63794992855925,-9.775472247549889,105.38682809396171,-52.44901212304906,99.83625260643973,6.578781695665223
1921000000.0,80.63664845356875,-9.780394440640721,105.48360433719786,-52.51014834752856,99.81099180681994,6.600625044437975
1922000000.0,80.63534634596722,-9.785316375289028,105.43969172366181,-52.5745844359553,99.80856754973614,6.584790066674166
1923000000.0,80.63404360582277,-9.79023805137523,105.45081690279535,-52.6724797575954,99.81655544529892,6.594061608091323
1924000000.0,80.6327402332034,-9.795159468779758,105.37672775758851,-52.67439510157129,99.81948386544927,6.549225857325684
1925000000.0,80.63143622817725,-9.800080627383082,105.45844805209474,-52.67651815433109,99.78117032838402,6.555280721700199
1926000000.0,80.6301315908124,-9.805001527065675,105.37535626128084,-52.8492638569568,99.84315057441145,6.5179312006077526
1927000000.0,80.62882632117703,-9.809922167708052,105.46966663755553,-52.87465080609712,99.8084061147338,6.579305449681642
1928000000.0,80.6275204193393,-9.814842549190734,105.4304684964043,-52.90580327095595,99.79210169577982,6.514864411998484
1929000000.0,80.62621388536745,-9.819762671394278,105.39376483196124,-53.070706090284006,99.86019629280544,6.514262747959854
1930000000.0,80.6249067193297,-9.824682534199248,105.44779679884059,-53.13319127509997,99.8309033186517,6.518800651858551
1931000000.0,80.62359892129432,-9.829602137486246,105.46479857515864,-53.09482627863419,99.80500272464201,6.5492309996823685
1932000000.0,80.62229049132958,-9.834521481135882,105.50157859242273,-53.23017301053112,99.83113414656948,6.541997730903146
1933000000.0,80.62098142950389,-9.839440565028802,105.51237941659546,-53.3484572084123,99.84977337541338,6.550324488040395
1934000000.0,80.61967173588552,-9.844359389045666,105.49673884855022,-53.40667305962968,99.83050232770076,6.508455626793352
1935000000.0,80.6183614105429,-9.849277953067157,105.53159642649211,-53.45597356250334,99.85122975942814,6.5216538767532555
1936000000.0,80.61705045354444,-9.854196256973982,105.58282325725277,-53.59645648623677,99.86341686195033,6.546236204713952
1937000000.0,80.61573886495859,-9.859114300646869,105.4564420984811,-53.75235053426761,99.90903485724344,6.497221768802946
1938000000.0,80.61442664485381,-9.864032083966567,105.5744786753858,-53.76021575648796,99.86373473228066,6.515011346377362
1939000000.0,80.61311379329862,-9.868949606813858,105.52130789445671,-53.83702411500884,99.8903120382181,6.49521610095475
1940000000.0,80.61180031036155,-9.873866869069529,105.61304702050278,-53.9596903553628,99.89354466060969,6.506621830826849
1941000000.0,80.61048619611114,-9.878783870614402,105.5835740543038,-54.168089487653816,99.96013747907352,6.5212215265900975
1942000000.0,80.60917145061603,-9.883700611329319,105.59596497902295,-54.17090352606817,99.91990400215009,6.503207855135279
1943000000.0,80.6078560739448,-9.888617091095142,105.6080217415964,-54.33079246381352,99.94836857225387,6.530688889878626
1944000000.0,80.6065400661661,-9.893533309792753,105.57414329703028,-54.33373229557152,99.92925655525877,6.490920261565242
1945000000.0,80.60522342734863,-9.898449267303066,105.68484153825713,-54.52868915649897,99.98283951178976,6.536071384787519
1946000000.0,80.6039061575611,-9.903364963507006,105.67272986576043,-54.58485881946817,99.95140266610417,6.5129562980819475
1947000000.0,80.60258825687225,-9.908280398285532,105.669430559752,-54.70168185685161,99.97473945101746,6.5132693614772865
1948000000.0,80.60126972535083,-9.913195571519617,105.63520771507747,-54.7931989514633,99.99118595172241,6.497399263449666
1949000000.0,80.59995056306566,-9.91811048309026,105.65675793338622,-54.99777974742598,100.0412456804191,6.5079443905466645
1950000000.0,80.59863077008553,-9.923025132878475,105.6341415445714,-54.99293900778894,100.0126830198601,6.490822003353763
1951000000.0,80.59731034647933,-9.927939520765312,105.56602549011545,-55.09541004422942,100.0444376328582,6.45138787605204
1952000000.0,80.59598929231593,-9.932853646631832,105.64665305060471,-55.20871312452459,100.04578963504902,6.478561758891118
1953000000.0,80.59466760766426,-9.93776751035913,105.69800071810522,-55.30099052102099,100.05196909656385,6.500450629447879
1954000000.0,80.59334529259326,-9.94268111182831,105.63542440928134,-55.384157248819356,100.02765457485735,6.46259519718098
1955000000.0,80.59202234717186,-9.947594450920507,105.73857654785976,-55.59343762955459,100.0880827347001,6.520664358359556
1956000000.0,80.5906987714691,-9.952507527516872,105.68301359292629,-55.634148185529206,100.10863308857842,6.480676848941895
1957000000.0,80.58937456555402,-9.95742034149859,105.61411786319083,-55.77593601878053,100.12288943096412,6.448822566159744
1958000000.0,80.58804972949567,-9.962332892746858,105.65141322011708,-55.880391602951896,100.1124416379201,6.470824749472138
1959000000.0,80.58672426336314,-9.967245181142902,105.66234655321597,-55.99695453130405,100.15171384542508,6.474038953183051
1960000000.0,80.58539816722555,-9.972157206567964,105.60585245701455,-56.1188503599419,100.1803401541937,6.454706576449045
1961000000.0,80.58407144115202,-9.977068968903312,105.64292714764412,-56.16959452497341,100.16143327602704,6.4502450292247255
1962000000.0,80.58274408521174,-9.98198046803024,105.60446943499608,-56.255145264797314,100.161525686262,6.430946278826571
1963000000.0,80.58141609947394,-9.98689170383006,105.62945087636052,-56.39951498227434,100.19102181941088,6.452750445318332
1964000000.0,80.58008748400785,-9.99180267618411,105.6494190821077,-56.53635332892664,100.22661313173505,6.448839249981865
1965000000.0,80.5787582388827,-9.996713384973745,105.64707749217115,-56.647085868841465,100.22398127407897,6.4451977656459984
1966000000.0,80.57742836416782,-10.00162383008035,105.60994094725925,-56.70159495709791,100.20264860801377,6.426632395861085
1967000000.0,80.57609785993252,-10.006534011385328,105.65359836322013,-56.891660413940606,100.25188204261822,6.431996798804532
1968000000.0,80.57476672624614,-10.0114439287701,105.54408944337806,-56.99384617536206,100.25529782964851,6.395833474234836
1969000000.0,80.57343496317807,-10.016353582116128,105.56636900177449,-57.15310871016027,100.32428829564824,6.41584044318546
1970000000.0,80.57210257079774,-10.021262971304871,105.47203568739266,-57.25491196037984,100.31005270228219,6.368051506977458
1971000000.0,80.57076954917454,-10.026172096217831,105.55032593377916,-57.472799111515464,100.36766182666517,6.394192468553811
1972000000.0,80.56943589837799,-10.031080956736524,105.48014276860171,-57.50150263703671,100.36416507900894,6.379299552419055
1973000000.0,80.56810161847756,-10.035989552742487,105.45817339134528,-57.694268089331935,100.40063613239427,6.370301675762148
1974000000.0,80.56676670954276,-10.040897884117285,105.36925161244507,-57.71407430831456,100.37751440772458,6.319727884503091
1975000000.0,80.56543117164316,-10.045805950742498,105.39470257328114,-57.89986775945347,100.4268398839096,6.349928426935245
1976000000.0,80.56409500484835,-10.050713752499746,105.35911969650337,-58.08226078672512,100.45893372942335,6.321391395681355
1977000000.0,80.56275820922798,-10.05562128927065,105.24443651945613,-58.21351984230694,100.4891299917286,6.291010850387651
1978000000.0,80.5614207848516,-10.060528560936868,105.23365383314673,-58.26481626585528,100.4959054354052,6.283745659296021
1979000000.0,80.56008273178897,-10.065435567380073,105.1877570043786,-58.39293037220218,100.51348112524636,6.28217241312942
1980000000.0,80.55874405010972,-10.070342308481967,105.20552058710817,-58.63866146313073,100.5480291289459,6.280265242986067
1981000000.0,80.55740473988362,-10.075248784124264,105.09218666704729,-58.649922300513175,100.54216857775421,6.234711931599669
1982000000.0,80.55606480118043,-10.080154994188723,105.0210127416266,-58.82631467052712,100.57933591963838,6.201997181814801
1983000000.0,80.55472423406991,-10.085060938557097,105.01368225695005,-59.02017258717559,100.61311642442318,6.203665820934657
1984000000.0,80.55338303862189,-10.089966617111184,104.91594410189786,-59.151794151806804,100.64876210913145,6.192466410270326
1985000000.0,80.55204121490623,-10.094872029732795,104.8591896670776,-59.25254378105053,100.65725212464136,6.1613602878538405
1986000000.0,80.55069876299278,-10.099777176303764,104.75852959602351,-59.40346186968674,100.69628780933591,6.122850226908366
1987000000.0,80.54935568295144,-10.104682056705952,104.70460597895234,-59.56170365047768,100.7374113541261,6.106931524691064
1988000000.0,80.54801197485216,-10.109586670821239,104.60664693700194,-59.71488782518613,100.75091617052927,6.081621301768048
1989000000.0,80.54666763876489,-10.114491018531528,104.5134460721631,-59.81450887130484,100.77899844180682,6.031921869547384
1990000000.0,80.54532267475963,-10.119395099718748,104.48887678194556,-59.937198112190224,100.78931284940307,6.031869151297404
1991000000.0,80.54397708290638,-10.124298914264847,104.41922957104933,-60.2309118062916,100.84629384320648,6.029139420500612
1992000000.0,80.5426308632752,-10.129202462051799,104.3166037347768,-60.27876607325062,100.8617585401497,5.977355808677586
1993000000.0,80.54128401593616,-10.134105742961594,104.13589429560044,-60.41140491885752,100.8977167498568,5.92278760627223
1994000000.0,80.53993654095936,-10.139008756876262,104.03295496259396,-60.58210477738034,100.94101712612252,5.8955517116716525
1995000000.0,80.53858843841496,-10.143911503677833,103.91775935433118,-60.71352272593521,100.95452438829832,5.844962672081043
1996000000.0,80.53723970837306,-10.148813983248374,103.90157088633623,-60.86670117511875,101.00160782465075,5.853026134122269
1997000000.0,80.53589035090393,-10.153716195469974,103.73214976284045,-61.100653135353035,101.08226574458781,5.7993570743456555
1998000000.0,80.53454036607775,-10.158618140224746,103.59811872210007,-61.158942359908536,101.07610149549316,5.7594632656843405
1999000000.0,80.53318975396475,-10.163519817394812,103.55091752792082,-61.266690643478725,101.0742352899588,5.737329758708184
2000000000.0,80.53183851463524,-10.168421226862336,103.23953710073364,-61.35453523062809,101.10990299534926,5.6357527268492
