f_Hz,teorico_re,teorico_im,"Medido (simplificado, 3 patrones)_re","Medido (simplificado, 3 patrones)_im","Medido (completo, 4 patrones)_re","Medido (completo, 4 patrones)_im"
1000000.0,24.42997855906131,-0.020725064895291818,2.595153343399942,-7.082926756281218,32.518184839233136,-19.553736600958278
2000000.0,24.429914236522112,-0.04144999634133218,3.1622141506495556,-2.139680294794752,31.227130183588272,-26.598661866946344
3000000.0,24.429807033212995,-0.06217466089174168,5.518719474068435,2.0289240664331722,7.784766087696626,-6.214933208309043
4000000.0,24.429656950518236,-0.0828989251058848,7.1906082696805145,4.281918342749634,11.69130123811141,-4.221585974876375
5000000.0,24.42946399037577,-0.10362265555174154,9.782008906484283,5.946960104106125,14.540921904829569,-2.9667761130554586
6000000.0,24.429228155277123,-0.12434571880877876,12.077223246582308,6.732235452905371,16.296089558577943,-2.3418153113442193
7000000.0,24.42894944826733,-0.14506798147082084,13.875862087135847,7.241419101205703,15.909479965895036,-3.5630357550864544
8000000.0,24.428627872944823,-0.16578931014891968,15.614041990874053,7.104886364937546,16.902938414508608,-3.5331005201990062
9000000.0,24.428263433461343,-0.18650957147422415,16.711261824320736,7.139557815285789,17.527694856971024,-3.0555055221510767
10000000.0,24.427856134521775,-0.2072286321008483,18.064362201928812,6.822215921593606,18.33164161809577,-2.9514958634677164
11000000.0,24.427405981384027,-0.22794635870873892,18.55250584416577,6.255710851981696,18.438696797682006,-2.965779019996554
12000000.0,24.42691297985884,-0.24866261800654157,19.391197816314694,6.223108053418233,18.979665987122896,-2.747327990742671
13000000.0,24.426377136309597,-0.26937727673446554,20.46082014542356,5.997310126854609,19.635468441005127,-2.6086447966864594
14000000.0,24.425798457652135,-0.29009020166714716,20.941894345928485,5.599066250846339,19.728136636111763,-2.578059867487182
15000000.0,24.425176951354512,-0.31080125961651217,21.50471774592623,5.500274300326698,20.000226833617663,-2.4862910796648365
16000000.0,24.42451262543677,-0.33151031743463516,21.812533241121464,5.240093752332291,20.312903741468347,-2.508321407391145
17000000.0,24.423805488470663,-0.3522172420165989,22.190325026756557,4.9389773380839515,20.35751528544906,-2.277533695702557
18000000.0,24.423055549579395,-0.3729219003033497,22.60625535422266,4.6851715481633605,20.67155171898965,-2.2300870785145106
19000000.0,24.42226281843734,-0.39362415928455335,22.80689642122256,4.437217116178995,20.8050999503555,-2.156790352141194
20000000.0,24.42142730526968,-0.41432388600144565,22.974676860159104,4.221095455491269,20.821214808845095,-2.1805465599319764
21000000.0,24.420549020852132,-0.4350209475496834,23.23083492461398,4.064966661660095,20.986642878578962,-2.1133406814633156
22000000.0,24.419627976510576,-0.45571521108219154,23.353528411967204,3.8789824350466513,20.9982929677216,-2.089326591523157
23000000.0,24.418664184120665,-0.4764065438120076,23.345497983896504,3.616098772929656,20.987152630160345,-2.0470451340763556
24000000.0,24.417657656107508,-0.4970948130151247,23.553893095741195,3.572031686575055,21.022748741407604,-1.9051988326722145
25000000.0,24.416608405445192,-0.5177798860333296,23.808268027515773,3.383740797998538,21.22613141807804,-1.9981604033463287
26000000.0,24.41551644565643,-0.5384616302770406,23.87885205129474,3.248379192956604,21.312470148131023,-1.955777522511044
27000000.0,24.414381790812076,-0.559139913228139,24.137758190281158,3.1415634415037608,21.473384024058994,-1.959574415659575
28000000.0,24.413204455530703,-0.5798146024428005,24.106272189021993,2.9341786423903606,21.518019043338104,-2.0716335974118665
29000000.0,24.411984454978136,-0.6004855655543214,24.30149503873567,2.7913223596072134,21.552474642524928,-2.0081663647362524
30000000.0,24.41072180486693,-0.6211526702759419,24.347607461136366,2.622325295986705,21.54703522426738,-1.9301570172215496
31000000.0,24.4094165214559,-0.6418157844036647,24.540015450774497,2.5522049475726996,21.56005667619441,-2.0119536697408495
32000000.0,24.408068621549575,-0.662474775819073,24.573717181942786,2.4354895961923506,21.6206789769815,-1.949782838776789
33000000.0,24.406678122497674,-0.6831295124921402,24.633498638692437,2.3923757730785584,21.715230020038707,-1.9659677772315114
34000000.0,24.405245042194547,-0.7037798624840401,24.69082735832623,2.269868408851664,21.7427027005334,-2.0081319380637606
35000000.0,24.403769399078584,-0.7244256939499485,24.76501479897462,2.120281110870856,21.771974898513214,-1.9805342589664137
36000000.0,24.402251212131635,-0.7450668751418452,24.79670005689715,1.9794746193722959,21.70389448775145,-1.9557861947390833
37000000.0,24.4006905008784,-0.7657032744113079,24.8103478594819,1.9750376472432034,21.75256985188571,-2.008619557803472
38000000.0,24.399087285385818,-0.7863347602123041,24.84142953804603,1.8619366287240011,21.825542109888445,-1.9630326262105584
39000000.0,24.397441586262392,-0.8069612011039763,24.85189538573621,1.7707662113746592,21.82918314278608,-1.996244870636113
40000000.0,24.39575342465753,-0.8275824657534245,24.888634832529046,1.6652874980291772,21.77853751821335,-1.983447578752084
41000000.0,24.394022822260915,-0.8481984229384827,24.940302352415024,1.5562710907964608,21.720132863042878,-1.997780766348331
42000000.0,24.392249801301745,-0.8688089415504909,25.020904409110866,1.5324999350047521,21.852905641690853,-1.9746920463754318
43000000.0,24.39043438454806,-0.8894138905970607,25.10066321024673,1.485648837571379,21.888260118696625,-2.0240503599922945
44000000.0,24.388576595306002,-0.9100131392048383,25.12741235622895,1.3784888031378897,21.916325888381994,-2.019953704497694
45000000.0,24.386676457419085,-0.93060655662226,25.06666211052338,1.3334030492865567,21.894064671530042,-2.0268767115156967
46000000.0,24.3847339952674,-0.9511940122223033,25.08556814948954,1.2426832269834152,21.868233854418683,-2.0691979974092374
47000000.0,24.38274923376686,-0.9717753755052306,25.093148503830843,1.1619169632901767,21.873874905191435,-2.0598281693291343
48000000.0,24.3807221983684,-0.992350516101331,25.113897728920126,1.1296673409607534,21.874728957417236,-2.0772499958580433
49000000.0,24.378652915057145,-1.0129193037736517,25.17618133693497,1.0390006219691625,21.889892504823116,-2.0400364646119575
50000000.0,24.37654141035162,-1.033481608420727,25.174705355316142,1.0037417783501466,21.937248638464283,-2.1040934961799493
51000000.0,24.37438771130286,-1.0540373000793004,25.19094749279215,0.9050489017739465,21.905917097441353,-2.1342289806197763
52000000.0,24.372191845493564,-1.0745862489270386,25.25943539428004,0.867557241563438,21.963157071258294,-2.1737171481957835
53000000.0,24.369953841037226,-1.0951283252852417,25.25851052872982,0.8097058886916614,21.951087657750215,-2.1392438598147963
54000000.0,24.367673726577216,-1.1156633996215453,25.28825548194029,0.742384122100858,21.935786664242805,-2.178710373249005
55000000.0,24.365351531285896,-1.1361913425526187,25.329417266767095,0.7004757709938157,22.0056228937509,-2.187837818744904
56000000.0,24.362987284863667,-1.156712024846852,25.34661085443769,0.6430250173804702,22.004347503046606,-2.1700229198354144
57000000.0,24.360581017538028,-1.177225317427041,25.345719348865487,0.5665446213590412,21.985095956774497,-2.182055700621239
58000000.0,24.358132760062617,-1.1977310913730619,25.354873254150792,0.5266064401725413,22.015272885980817,-2.2747927700874873
59000000.0,24.355642543716236,-1.2182292179245413,25.405226531402867,0.4912734639684206,22.0051081476222,-2.283019747827951
60000000.0,24.35311040030186,-1.2387195684835182,25.41631961984938,0.4286290285673963,21.986350583359858,-2.3004981513724267
61000000.0,24.350536362145597,-1.2592020146170972,25.42457850883541,0.3920709995476869,22.018892625813944,-2.329361460790889
62000000.0,24.347920462095722,-1.279676428060098,25.432975491580372,0.3180501444634448,22.015017953784085,-2.3285579692580436
63000000.0,24.34526273352156,-1.3001426807176955,25.43329333982015,0.2884175930032087,22.019276045885988,-2.324630192675889
64000000.0,24.342563210312495,-1.3206006446680496,25.44243542552542,0.21845511991000097,22.048733844064557,-2.3493378836460566
65000000.0,24.339821926876844,-1.3410501921649327,25.48915958754877,0.17239241074067085,22.032720803694925,-2.38680560754113
66000000.0,24.337038918140806,-1.3614911956403455,25.484073387318375,0.1155144920088373,22.032037725612568,-2.425685720411605
67000000.0,24.334214219547327,-1.3819235277071273,25.484716082278652,0.08516233558381152,22.058231267362366,-2.4091660667631114
68000000.0,24.331347867054994,-1.4023470611615558,25.516892415914878,0.054049557675026866,22.051000733284287,-2.4373191971467447
69000000.0,24.328439897136896,-1.4227616689859397,25.51267479302228,0.010488884263926558,22.06362766156168,-2.459414718600726
70000000.0,24.325490346779475,-1.4431672243512066,25.515947615278648,-0.024277539056641293,22.078207485306923,-2.4644185630117166
71000000.0,24.322499253481343,-1.4635636006194763,25.553522061787316,-0.0929988524685313,22.04313954711704,-2.5258929309673324
72000000.0,24.31946665525212,-1.4839506713466315,25.557625745912443,-0.1428593983057484,22.058830215844388,-2.509305297132304
73000000.0,24.31639259061121,-1.5043283102848737,25.551584006958112,-0.180407985048144,22.078021938210366,-2.535936698365045
74000000.0,24.313277098586607,-1.5246963913852787,25.559269185212365,-0.19459687162155825,22.073487418756745,-2.5500469211122407
75000000.0,24.310120218713667,-1.5450547888003368,25.555500070695214,-0.23981961146757363,22.061732616901754,-2.5904445005601326
76000000.0,24.306921991033846,-1.565403376886486,25.577116550318728,-0.29749993879400544,22.08589347533436,-2.6055417117245914
77000000.0,24.30368245609345,-1.585742030206635,25.56952831015733,-0.3129193004554773,22.074547992857728,-2.6349266527748805
78000000.0,24.300401654942377,-1.6060706235326818,25.58553022618315,-0.3718696413138559,22.062902149436244,-2.684430841053421
79000000.0,24.29707962913279,-1.626389031848019,25.57888071348617,-0.4007879405554509,22.069553166003196,-2.6961946568205923
80000000.0,24.293716420717843,-1.6466971303500284,25.606116801192638,-0.4366199033742048,22.07020470615243,-2.7246588639635587
81000000.0,24.29031207225035,-1.6669947944525711,25.59492275903297,-0.4646649800743221,22.057452571430915,-2.7546858247934534
82000000.0,24.286866626781478,-1.6872818997884658,25.621747937964617,-0.5041244810864584,22.052668364238187,-2.7757676609603403
83000000.0,24.283380127859346,-1.7075583222119561,25.596756085705607,-0.5275627572779318,22.066771072075078,-2.8090779573740194
84000000.0,24.2798526195277,-1.727823937801169,25.615419280682147,-0.5847582067847633,22.05929480430078,-2.8241374043747722
85000000.0,24.276284146324535,-1.7480786228605658,25.61124357328576,-0.6435923043862025,22.05663109091442,-2.838762463831302
86000000.0,24.272674753280697,-1.7683222539233814,25.643198473177907,-0.6745069858160214,22.042349598612216,-2.8695156117676555
87000000.0,24.269024485918465,-1.7885547077540522,25.634156013912552,-0.7182744515043079,22.084659497434256,-2.9068526592165873
88000000.0,24.26533339025015,-1.8087758613506362,25.647241386192373,-0.742595348303328,22.046887290377484,-2.911434070038254
89000000.0,24.261601512776657,-1.8289855919472224,25.64261044534359,-0.7954299646334907,22.051024912239107,-2.9441000093199667
90000000.0,24.257828900486025,-1.84918377701633,25.64837867827207,-0.8248790376024044,22.072472606707752,-2.956885795973706
91000000.0,24.254015600851982,-1.869370294271297,25.65267865463467,-0.876127997193923,22.06328473672043,-3.0037130772433005
92000000.0,24.25016166183245,-1.8895450216686571,25.649299308857657,-0.8793520052341522,22.060700183683945,-3.043656981366811
93000000.0,24.246267131868073,-1.909707837410509,25.647742124772268,-0.9490018413681179,22.046335427774693,-3.035986028714067
94000000.0,24.2423320598807,-1.9298586199468728,25.668810589444824,-0.9644736981444008,22.04785168952005,-3.0726869942110433
95000000.0,24.238356495271873,-1.9499972479780372,25.666522623415258,-1.01690451602344,22.040966352489637,-3.1020583674695197
96000000.0,24.234340487921305,-1.9701236004568932,25.665507295686027,-1.027815892342406,22.04566226309332,-3.1314845127362854
97000000.0,24.23028408818532,-1.9902375565912613,25.66175496504812,-1.0596202093777707,22.0269780964901,-3.126621966531759
98000000.0,24.226187346895305,-2.010338995846203,25.68421701118223,-1.1055207391712953,22.005216158357,-3.160141877215373
99000000.0,24.22205031535613,-2.030427797946325,25.670126766669153,-1.1466671789339709,22.017739795051888,-3.1918116257612006
100000000.0,24.217873045344597,-2.0505038428780695,25.683636152785663,-1.183593804950573,22.010908370334118,-3.2143743947112795
101000000.0,24.213655589107788,-2.0705670108919985,25.677469572722412,-1.2097105771469054,21.99938900442591,-3.2421544026515767
102000000.0,24.209397999361496,-2.0906171825050546,25.672202886824326,-1.2612202055336212,21.988278402330234,-3.260776998798263
103000000.0,24.205100329288598,-2.1106542385028275,25.682246862861483,-1.2853937619920819,21.995062686619317,-3.2727379057773276
104000000.0,24.2007626325374,-2.1306780599417943,25.688657501966468,-1.3091106212092374,21.98148765204816,-3.303999364151559
105000000.0,24.19638496322001,-2.150688528151557,25.66848565401143,-1.3346259545677686,21.975087551970464,-3.3353287274220618
106000000.0,24.191967375910654,-2.1706855247370638,25.693215059994877,-1.3807451531197588,21.96457060194675,-3.357793675984439
107000000.0,24.187509925644036,-2.1906689315808214,25.69062487369716,-1.4140177041449067,21.97307262525467,-3.386049728645167
108000000.0,24.18301266791362,-2.2106386308450943,25.681134328101376,-1.4400270131404462,21.953201827835187,-3.411789074490756
109000000.0,24.178475658669942,-2.2305945049740905,25.673487719955425,-1.4644215874736621,21.958209792461304,-3.4314986707883177
110000000.0,24.173898954318904,-2.250536436696141,25.694895129812505,-1.5009039724100757,21.94363973605918,-3.454716121456586
111000000.0,24.16928261172005,-2.2704643090258565,25.678591926785344,-1.529491767240694,21.943479185320108,-3.4803559872819045
112000000.0,24.16462668818483,-2.290378005266287,25.689051246934667,-1.5605951178279025,21.928733174733384,-3.4962403477062427
113000000.0,24.159931241474847,-2.3102774090110554,25.680231160742984,-1.590799790083466,21.91800814035964,-3.518714466898301
114000000.0,24.155196329800106,-2.3301624041464852,25.68108108027529,-1.6404873758668632,21.908316102040917,-3.5374204791829467
115000000.0,24.15042201181724,-2.3500328748537167,25.671417649776323,-1.6622141862837174,21.89573620322951,-3.585301269888654
116000000.0,24.145608346627743,-2.369888705610807,25.687405618661437,-1.6836121446733718,21.884246538790393,-3.5977751545509125
117000000.0,24.140755393776146,-2.3897297811948226,25.678893840084545,-1.7121007819251013,21.880185893650587,-3.6038734629522904
118000000.0,24.135863213248236,-2.4095559866839125,25.689612654241316,-1.757305007924686,21.864420232902983,-3.637354956593131
119000000.0,24.130931865469222,-2.429367207459375,25.675079496305468,-1.7712808017308592,21.883148855349724,-3.6702166072924447
120000000.0,24.125961411301944,-2.4491633292077113,25.68489905217655,-1.803682392872457,21.85246622925124,-3.6732591912094867
121000000.0,24.12095191204498,-2.468944237922658,25.677809401192082,-1.8435001298836027,21.849403862633554,-3.688524796701376
122000000.0,24.115903429430826,-2.4887098199072213,25.680246617048763,-1.8721438507725432,21.846739280176763,-3.706643098811107
123000000.0,24.110816025624057,-2.5084599617756838,25.670178508566863,-1.9053725718972598,21.84106122517108,-3.745229969135402
124000000.0,24.105689763219402,-2.5281945504556074,25.657400496350867,-1.9379252470530284,21.854571404536784,-3.7663800440212234
125000000.0,24.100524705239906,-2.547913473189822,25.65457346048993,-1.9619895307826285,21.831908776092188,-3.8068632029208915
126000000.0,24.09532091513502,-2.5676166175383948,25.65676366051545,-1.9847367969942398,21.81147611174379,-3.8104059641234977
127000000.0,24.0900784567787,-2.587303871380595,25.629739255297856,-2.0138805204171253,21.802107019390274,-3.8374975336594805
128000000.0,24.084797394467476,-2.606975122916843,25.64620875318002,-2.04022678885704,21.80462162733993,-3.8505497441426795
129000000.0,24.079477792918553,-2.626630260670636,25.635861609764564,-2.069712814034319,21.78423034067817,-3.896640724627864
130000000.0,24.07411971726788,-2.646269173490482,25.640717477431398,-2.096781190698752,21.775393212292418,-3.9234712543355172
131000000.0,24.06872323306817,-2.6658917505517947,25.62094226574463,-2.1170340819223146,21.769270328643735,-3.9374597143530954
132000000.0,24.06328840628697,-2.685497881358796,25.636702343309356,-2.1593125594686375,21.76399480733134,-3.9720423616200473
133000000.0,24.057815303304697,-2.705087455746395,25.638223415725943,-2.1840564243666787,21.74635946192752,-3.9801039028669365
134000000.0,24.05230399091266,-2.72466036388205,25.625813646853807,-2.198196779082568,21.732999878194505,-4.000589450354173
135000000.0,24.04675453631107,-2.744216496267629,25.625850899664677,-2.229704166544661,21.72240578904343,-4.042110874581128
136000000.0,24.041167007107042,-2.7637557437412426,25.6151632026193,-2.2626721583852833,21.717111876239258,-4.056819975473001
137000000.0,24.03554147131262,-2.7832779974790753,25.61735134684603,-2.2984513417516643,21.71479478612639,-4.067118928287457
138000000.0,24.029877997342723,-2.802783148997195,25.602580692053373,-2.3238560020573584,21.687124468423104,-4.111389471064648
139000000.0,24.024176654013157,-2.8222710901533494,25.60860086079921,-2.3440851183719658,21.70030950059284,-4.124592608050883
140000000.0,24.018437510538565,-2.8417417131487537,25.58612828966394,-2.376014487126708,21.67266393399039,-4.160381317449003
141000000.0,24.01266063653038,-2.8611949105298584,25.59017764710383,-2.4216094920778133,21.664429353656757,-4.1673673895106145
142000000.0,24.006846101994817,-2.8806305751901076,25.597831175870702,-2.431692353821184,21.648790076589577,-4.182457290960117
143000000.0,24.000993977330754,-2.900048600371678,25.57697935667528,-2.4558571974513077,21.644912925113058,-4.224089102081548
144000000.0,23.995104333327717,-2.919448879667211,25.581367031342676,-2.491399542384548,21.625463850597782,-4.239585925309069
145000000.0,23.989177241163773,-2.938831307021522,25.582471659398617,-2.49465877331799,21.621293596170982,-4.2473257258257835
146000000.0,23.983212772403462,-2.9581957767333042,25.570555783384503,-2.529560021756009,21.60269972518448,-4.281390727366237
147000000.0,23.977210998995695,-2.977542183456812,25.56339329919006,-2.5586534789274706,21.602682383404073,-4.297116907476004
148000000.0,23.971171993271657,-2.996870422203532,25.559959636798684,-2.587149874104177,21.58295145753609,-4.3221955741749944
149000000.0,23.965095827942704,-3.0161803883438414,25.547699461997738,-2.613256482398893,21.574497662789803,-4.34942080398351
150000000.0,23.95898257609824,-3.0354719776086467,25.539535763148393,-2.646691329700623,21.56276232076045,-4.371857049832101
151000000.0,23.952832311203586,-3.054745086091018,25.539444847990442,-2.6585744658141035,21.542005087402867,-4.384039869661016
152000000.0,23.946645107097858,-3.073999610247795,25.528530405904643,-2.6982507870167685,21.536450619579945,-4.414226860913958
153000000.0,23.940421037991825,-3.093235446901192,25.52698315509342,-2.719695992721147,21.527575171635785,-4.431728034476722
154000000.0,23.93416017846575,-3.112452493240379,25.517453681654946,-2.737203718545991,21.51705972096245,-4.458993958411588
155000000.0,23.927862603467247,-3.131650646823053,25.519354648741494,-2.743964898477927,21.4901917522743,-4.483282254014935
156000000.0,23.921528388309117,-3.1508298055769934,25.49972891939566,-2.782868673262104,21.495018584528232,-4.50153417456859
157000000.0,23.91515760866717,-3.169989867801603,25.493471028821244,-2.815468288313787,21.468036432263556,-4.512083554520494
158000000.0,23.908750340578038,-3.1891307321694295,25.50228424426466,-2.8362440021149102,21.45813357759482,-4.546669376544397
159000000.0,23.90230666043703,-3.2082522977276846,25.499827388581657,-2.8653454916264045,21.445860903504283,-4.560951345042017
160000000.0,23.895826644995896,-3.227354463899734,25.481109749158772,-2.8960790240692975,21.43109970236618,-4.57249297687067
161000000.0,23.88931037136064,-3.24643713048658,25.477867021069695,-2.928950918120541,21.414201294834758,-4.5853822490246054
162000000.0,23.88275791698935,-3.2655001976683344,25.47675403427694,-2.946042156804997,21.40514887972165,-4.620242386099703
163000000.0,23.876169359689914,-3.28454356600566,25.467215790590913,-2.9792528297999405,21.397846139958407,-4.630055687418502
164000000.0,23.869544777617882,-3.303567136441216,25.45192680936858,-2.9989877083535093,21.382286801927837,-4.652379358963302
165000000.0,23.86288424927419,-3.3225708103010803,25.455367469241796,-3.017772841544771,21.38361536282712,-4.680262293677482
166000000.0,23.85618785350295,-3.3415544892961506,25.436094991649185,-3.0498645242494815,21.355839167859113,-4.698027299659855
167000000.0,23.849455669489178,-3.36051807552354,25.433368173218604,-3.068003866961412,21.33959118446665,-4.731755676741623
168000000.0,23.84268777675662,-3.379461471467959,25.429627192180323,-3.0960173496093333,21.321865507936746,-4.733569659011805
169000000.0,23.835884255165436,-3.3983845800030688,25.40269349926453,-3.1295255551352406,21.32909725201451,-4.755937028455247
170000000.0,23.829045184909976,-3.417287304392838,25.41095233174748,-3.1482666019563053,21.304427976328977,-4.781894774451851
171000000.0,23.82217064651651,-3.4361695482928667,25.394974068196706,-3.1717438072727386,21.29354644338757,-4.79814433921423
172000000.0,23.815260720840982,-3.45503121575171,25.385687245638973,-3.189972825314553,21.283205154488048,-4.818057368658297
173000000.0,23.808315489066693,-3.4738722112121763,25.382488377600247,-3.2070800685100673,21.279445728986666,-4.829424335584865
174000000.0,23.801335032702077,-3.492692439512616,25.380365278302747,-3.236782419400319,21.263035358790543,-4.856275056219673
175000000.0,23.79431943357839,-3.511491805888193,25.362590742216955,-3.260729188135589,21.254785741268076,-4.882499252053625
176000000.0,23.787268773847412,-3.5302702159721413,25.356020909166276,-3.285511431948993,21.244429185463154,-4.900664973071293
177000000.0,23.78018313597918,-3.5490275757970067,25.3532819910289,-3.3126088295687866,21.228693688704183,-4.916241358779395
178000000.0,23.77306260275968,-3.5677637917958744,25.33894870260859,-3.334479881041783,21.218381185137225,-4.946631948688952
179000000.0,23.765907257288546,-3.5864787708035784,25.322960650417794,-3.353835044023251,21.20221111454133,-4.961998529298675
180000000.0,23.75871718297674,-3.605172420057897,25.31875363557033,-3.375922984782847,21.18669939887457,-4.9861820709129
181000000.0,23.75149246354426,-3.6238446472007375,25.30354181581192,-3.409141619739553,21.1809501950707,-5.003341584611154
182000000.0,23.74423318301781,-3.6424953602792964,25.304343901595967,-3.4156865719570604,21.171576797706383,-5.0187463997247175
183000000.0,23.736939425728487,-3.6611244677472126,25.283818425646082,-3.440130504397851,21.14316302977127,-5.048127722005474
184000000.0,23.72961127630945,-3.679731878465704,25.285046019974317,-3.4608562709290394,21.13659936435936,-5.071276414635215
185000000.0,23.7222488196936,-3.6983175017046848,25.266838569274388,-3.479005485124947,21.124114008987895,-5.096145045119464
186000000.0,23.714852141111244,-3.716881247143871,25.2590016529206,-3.5096232875667654,21.117535842690877,-5.111130583444592
187000000.0,23.707421326087747,-3.7354230248738673,25.2413844330579,-3.5286528417729097,21.091391530451748,-5.137069680578307
188000000.0,23.6999564604412,-3.753942745397246,25.238023774699982,-3.548865848324761,21.07984974428117,-5.143691974718843
189000000.0,23.69245763028009,-3.7724403196296024,25.23007945416263,-3.5702787176062967,21.0587091118018,-5.161443365764759
190000000.0,23.68492492200092,-3.7909156589005963,25.231596317484673,-3.592058920337319,21.05020144055207,-5.195876777651581
191000000.0,23.677358422285888,-3.8093686749549844,25.209172935309585,-3.6061744612158746,21.033457830334303,-5.20356512228253
192000000.0,23.669758218100522,-3.8277992799536307,25.194124664658847,-3.638340686295046,21.027866933397515,-5.224340508785606
193000000.0,23.662124396691304,-3.8462073864745037,25.19666315913991,-3.6611484562552374,21.004041069395303,-5.239846777526947
194000000.0,23.654457045583353,-3.8645929075136616,25.18004229065268,-3.6864221818563383,20.984458183735555,-5.262941477244334
195000000.0,23.646756252577994,-3.882955756486212,25.168833678439157,-3.7067936304913127,20.97397191332779,-5.279562117453521
196000000.0,23.639022105750474,-3.901295847227274,25.158915629195423,-3.724687850167319,20.966685477423454,-5.303487959773312
197000000.0,23.63125469344751,-3.9196130939929046,25.142641274801374,-3.749426587289892,20.94352181789213,-5.314883875592707
198000000.0,23.623454104284978,-3.9379074114610226,25.134663031171204,-3.761457753399455,20.923323830890425,-5.3416642552709135
199000000.0,23.615620427145508,-3.9561787147323186,25.12266824240764,-3.7869455754228514,20.922650926215667,-5.35308230569159
200000000.0,23.607753751176112,-3.9744269193311434,25.11314017351223,-3.8147693224336643,20.901384557110486,-5.381984557846192
201000000.0,23.59985416578581,-3.992651941206377,25.11104795427518,-3.8309319081285693,20.890702229738515,-5.401703983370539
202000000.0,23.59192176064323,-4.010853696732295,25.094772644976313,-3.860287473464254,20.88227410005698,-5.412738601246069
203000000.0,23.583956625674265,-4.029032102709414,25.08808039199811,-3.8708976932557038,20.857568927276297,-5.44110972913817
204000000.0,23.575958851059625,-4.047187076365314,25.068112721001295,-3.8961411380724678,20.848388117936526,-5.4587278733273275
205000000.0,23.5679285272325,-4.065318535355458,25.06726152428586,-3.9266073100702044,20.8270053908678,-5.473311471931673
206000000.0,23.55986574487616,-4.083426397763993,25.047321480965568,-3.9389809029227107,20.812131178436072,-5.498462961975899
207000000.0,23.55177059492154,-4.101510582104521,25.04430572053992,-3.966657062428753,20.799814858779307,-5.522737491995183
208000000.0,23.54364316854487,-4.119571007320886,25.025877323386677,-3.9843310632913598,20.786602591258678,-5.527571655033277
209000000.0,23.53548355716528,-4.137607592787908,25.009520732481363,-4.016878942773817,20.77721282126063,-5.544121905179423
210000000.0,23.527291852442374,-4.155620258312135,25.01593772253446,-4.029446271024154,20.754972190567205,-5.557165682858401
211000000.0,23.519068146273888,-4.173608924132562,24.98870691274193,-4.0495355148857195,20.7455751307472,-5.579115549579998
212000000.0,23.510812530793235,-4.191573510921335,24.972034689905925,-4.069885089250478,20.729416223255754,-5.601105150029603
213000000.0,23.50252509836713,-4.209513939784438,24.96459662999154,-4.086945442667385,20.712107738744955,-5.614377687375984
214000000.0,23.494205941593204,-4.227430132262392,24.95088994299585,-4.102570264494574,20.695919387059938,-5.624863754972651
215000000.0,23.48585515329757,-4.24532201033089,24.941785003256125,-4.137702177000785,20.69023286841249,-5.649362887131585
216000000.0,23.477472826532455,-4.263189496401463,24.932038268960962,-4.149907222160751,20.66602047460959,-5.67262482282198
217000000.0,23.46905905457376,-4.281032513322101,24.922378732833604,-4.1804227156424245,20.64918319785746,-5.686580027668317
218000000.0,23.460613930918694,-4.298850984377879,24.90681078671019,-4.199800377037121,20.640455258478358,-5.706705461083324
219000000.0,23.452137549283353,-4.31664483329155,24.893745889457584,-4.215059058073862,20.62488428345654,-5.721319451394052
220000000.0,23.4436300036003,-4.334413984224136,24.883219977216836,-4.244238801129362,20.60090348959157,-5.736395114661599
221000000.0,23.435091388016197,-4.352158361775498,24.86890741978207,-4.261466471656558,20.596006464558144,-5.761535008704984
222000000.0,23.426521796889368,-4.369877890984896,24.857659324197254,-4.279162803011735,20.57216914691447,-5.76932506350059
223000000.0,23.417921324787418,-4.387572497331529,24.84579072034041,-4.298031658746177,20.565034349039333,-5.788494836464945
224000000.0,23.4092900664848,-4.405242106735058,24.840366217706276,-4.32278921802125,20.54998581380598,-5.80961090800566
225000000.0,23.400628116960448,-4.422886645556121,24.82233674951386,-4.345619697582768,20.532177722358167,-5.829236718335968
226000000.0,23.39193557139535,-4.440506040596834,24.8061731906406,-4.365461354395384,20.511206522241586,-5.846125121571638
227000000.0,23.383212525170133,-4.458100219101266,24.79970112551904,-4.386567049383831,20.49688329472624,-5.853958482318653
228000000.0,23.37445907386271,-4.475669108755911,24.788164816580508,-4.411149983944583,20.483799106474127,-5.868325197378103
229000000.0,23.36567531324581,-4.493212637690135,24.77203286506645,-4.430449431770858,20.474499468035475,-5.885786053048715
230000000.0,23.356861339284624,-4.510730734476621,24.76170958611918,-4.448413451720227,20.46357703809518,-5.9104881441550265
231000000.0,23.348017248134393,-4.528223328131789,24.752406721884913,-4.462366066778323,20.436085095780008,-5.930988901224113
232000000.0,23.33914313613801,-4.545690348116201,24.737186219826118,-4.480582946584719,20.4229287799727,-5.942685644913022
233000000.0,23.330239099823604,-4.5631317243349585,24.72647505684411,-4.504516216097345,20.4131277438536,-5.958885249812034
234000000.0,23.32130523590217,-4.580547387138078,24.712091779515287,-4.529550591216216,20.390962075833826,-5.979838079866269
235000000.0,23.312341641265142,-4.59793726732086,24.699700965690848,-4.55364655130133,20.374854271657,-5.991328550547435
236000000.0,23.303348412982036,-4.615301296124232,24.691132308694172,-4.563850442573364,20.357743271616236,-6.015731794329415
237000000.0,23.294325648298013,-4.632639405235092,24.669595288478476,-4.584827022161528,20.336588830287717,-6.031874319938133
238000000.0,23.28527344463152,-4.64995152678662,24.659943955582428,-4.601723164756945,20.324971220101645,-6.046939976266989
239000000.0,23.276191899571884,-4.66723759335859,24.65203698219202,-4.622910385219736,20.315379490294504,-6.063069417980058
240000000.0,23.26708111087693,-4.684497537977659,24.63622559613374,-4.649398725976528,20.296612723770696,-6.076014656988887
241000000.0,23.257941176470588,-4.701731294117646,24.61815133922201,-4.660430480937305,20.282666806822412,-6.098895522902114
242000000.0,23.248772194440505,-4.7189387956997955,24.60444716985147,-4.68640241283756,20.25642573240837,-6.112269243868172
243000000.0,23.239574263035678,-4.7361199770930185,24.583192522971704,-4.696656693648562,20.240453646983426,-6.12515993520781
244000000.0,23.230347480664058,-4.75327477311414,24.583395137822766,-4.71678523637302,20.225375956963827,-6.144769726700284
245000000.0,23.22109194589016,-4.770403119028101,24.565366997507024,-4.745048209462315,20.21192003282984,-6.159837432995783
246000000.0,23.211807757432723,-4.787504950548184,24.553061017580347,-4.760937087180044,20.19395211282619,-6.180488919010874
247000000.0,23.202495014162302,-4.804580203836191,24.539067440449273,-4.78074575092376,20.180082802744955,-6.187996348375017
248000000.0,23.19315381509891,-4.821628815502623,24.530389609792234,-4.796558825130304,20.167437620284726,-6.210451954494423
249000000.0,23.18378425940964,-4.838650722606848,24.506365545825304,-4.815231229608585,20.14832905938888,-6.2201080624761556
250000000.0,23.174386446406317,-4.85564586265724,24.499939109533962,-4.830931955606001,20.13037229344658,-6.250434736556958
251000000.0,23.164960475543108,-4.8726141736113275,24.48017254792085,-4.852706952002156,20.11009348834298,-6.2595840787099135
252000000.0,23.155506446414183,-4.889555593875906,24.468749223369517,-4.8669728523524975,20.105706793729045,-6.273543568038047
253000000.0,23.14602445875134,-4.906470062307147,24.45617662760514,-4.881333195758923,20.080333551916837,-6.279246758595099
254000000.0,23.136514612421667,-4.923357518210686,24.440799304586154,-4.897522628538782,20.06646952614347,-6.30441764659882
255000000.0,23.126977007425168,-4.94021790134172,24.432366726076456,-4.92689200255546,20.047375001538473,-6.317706751431414
256000000.0,23.117411743892436,-4.957051151905045,24.41350882495734,-4.930966932943204,20.031196172830988,-6.3352630638949945
257000000.0,23.107818922082295,-4.973857210555134,24.390284792245573,-4.953736421558547,20.018417166548396,-6.351901954144476
258000000.0,23.09819864237945,-4.99063601839616,24.383600514361923,-4.977707387057398,19.998660374614953,-6.368884780282948
259000000.0,23.08855100529217,-5.007387516982025,24.37382404707352,-4.990566570502374,19.98423024814415,-6.378110893736201
260000000.0,23.07887611144994,-5.024111648316374,24.35132420128637,-5.003151683351297,19.962598032515523,-6.404837532987395
261000000.0,23.069174061601117,-5.040808354852585,24.339430885716737,-5.028789507984044,19.948746230806044,-6.408756596938064
262000000.0,23.059444956610616,-5.0574775794937565,24.32449520534251,-5.041610351149954,19.925627347856558,-6.428683858694819
263000000.0,23.049688897457596,-5.074119265592684,24.30965851630276,-5.063326585882948,19.916178574853028,-6.442773045297693
264000000.0,23.039905985233116,-5.090733356951806,24.288745293622217,-5.074266679972175,19.896706948587152,-6.4602757897998595
265000000.0,23.030096321137822,-5.107319797823156,24.275463731007896,-5.099362793911003,19.881441240060756,-6.476155908673971
266000000.0,23.020260006479663,-5.1238785329082885,24.26325066971157,-5.109127262395165,19.861787528476285,-6.489089967995898
267000000.0,23.01039714267154,-5.1404095073581955,24.25592667411832,-5.136162371778941,19.851226518570268,-6.511010487637107
268000000.0,23.000507831229026,-5.156912666773214,24.242055022500868,-5.154762634836509,19.83337544566486,-6.523418751967097
269000000.0,22.990592173768064,-5.173387957202914,24.21826671122402,-5.165569101446019,19.823162047489404,-6.536502978007016
270000000.0,22.98065027200268,-5.189835325145979,24.202908417279993,-5.187258421691266,19.800756071190644,-6.558290206847664
271000000.0,22.970682227742667,-5.206254717550067,24.191300767542117,-5.195826742825113,19.790590576267842,-6.577217556285479
272000000.0,22.960688142891318,-5.222646081811659,24.178423200401713,-5.224889925417554,19.774787313712487,-6.594953222160403
273000000.0,22.95066811944313,-5.239009365775908,24.172701062948036,-5.241024891092687,19.753614169874492,-6.610530649996235
274000000.0,22.940622259481547,-5.2553445177364555,24.1487009447874,-5.25851118306496,19.739560834845797,-6.6217484707295515
275000000.0,22.930550665176668,-5.2716514864352515,24.13488792603106,-5.281326168773221,19.724481349058138,-6.641927504088618
276000000.0,22.920453438782978,-5.2879302210623464,24.11760806963168,-5.2954967369754895,19.70166969662852,-6.654413558126154
277000000.0,22.91033068263711,-5.3041806712556845,24.111355647761837,-5.313886678821339,19.694393077959113,-6.668755185322048
278000000.0,22.90018249915556,-5.3204027871008766,24.09545935671963,-5.334089232861693,19.67744234864857,-6.6862754473722275
279000000.0,22.890008990832428,-5.336596519130962,24.079136700272556,-5.351478425962193,19.656431237588734,-6.700372019225029
280000000.0,22.879810260237214,-5.352761818326162,24.067026299833877,-5.37130189258959,19.64076642202011,-6.713003323246328
281000000.0,22.869586410012523,-5.3688986361136095,24.05447321427028,-5.397115831599484,19.619530076253174,-6.726886127348401
282000000.0,22.85933754287187,-5.385006924367081,24.03599403616264,-5.410077946106277,19.607706223305694,-6.741130752581216
283000000.0,22.849063761597407,-5.401086635406707,24.02366611894297,-5.422029951460562,19.59373104135464,-6.758061428765017
284000000.0,22.838765169037735,-5.417137721998668,24.01081587460066,-5.4373141210651905,19.580106203681265,-6.771494912510801
285000000.0,22.82844186810566,-5.433160137354888,23.997260345499296,-5.458034049184734,19.554271820648978,-6.785882508827508
286000000.0,22.81809396177598,-5.449153835132708,23.979272859734596,-5.482865887271711,19.54011140568405,-6.796342197332807
287000000.0,22.807721553083283,-5.465118769434547,23.970761301540453,-5.494918512450135,19.521626446055954,-6.81653410246937
288000000.0,22.797324745119735,-5.4810548948075555,23.955994781030718,-5.510137259301964,19.505010213636133,-6.826376157743934
289000000.0,22.786903641032882,-5.496962166243261,23.937325906352065,-5.538180588084505,19.489457065963983,-6.841089012279261
290000000.0,22.77645834402346,-5.512840539177183,23.9200200610054,-5.550998488831417,19.47882284922333,-6.8545721907515516
291000000.0,22.765988957343215,-5.52868996948846,23.90813492775212,-5.568620760491015,19.457267228484767,-6.870960502516103
292000000.0,22.755495584292696,-5.544510413499447,23.89553151529565,-5.586819242570102,19.443494072435207,-6.884815253691736
293000000.0,22.744978328219123,-5.560301827975314,23.876722532137244,-5.606405256481237,19.421137478894316,-6.902561887547223
294000000.0,22.734437292514166,-5.576064170123614,23.85839680216441,-5.623066105578656,19.414837868343493,-6.911895617804346
295000000.0,22.723872580611832,-5.5917973975938695,23.851011237188615,-5.636021218271399,19.3930078314683,-6.928107264964896
296000000.0,22.71328429598628,-5.607501468477114,23.831312524511194,-5.65990846001761,19.375868291836035,-6.945782883871346
297000000.0,22.70267254214967,-5.623176341305448,23.81774134744081,-5.677880970460558,19.35955019286697,-6.966351342396615
298000000.0,22.692037422650035,-5.638821975051567,23.799211306055323,-5.693023731158349,19.348036724803176,-6.975209218338129
299000000.0,22.681379041069132,-5.654438329128289,23.78750359810807,-5.7044679114045485,19.334391343295163,-6.990215693942909
300000000.0,22.670697501020314,-5.6700253633880635,23.764535685679625,-5.726209755318494,19.312221967283488,-6.997776206058118
301000000.0,22.659992906146403,-5.685583038122477,23.754447092751736,-5.7399725156674055,19.29497682331369,-7.019165863814685
302000000.0,22.64926536011759,-5.701111314061734,23.734345624071278,-5.76232955943749,19.281132116690433,-7.0323218124635325
303000000.0,22.638514966629288,-5.716610152374144,23.724170714756664,-5.773416963139468,19.264566958094175,-7.051277305599026
304000000.0,22.627741829400065,-5.732079514665581,23.711126853071246,-5.787382079954487,19.241885154099585,-7.058899719722682
305000000.0,22.616946052169524,-5.747519362978947,23.701363994311297,-5.804415958705628,19.233546823382813,-7.0751042336607135
306000000.0,22.60612773869622,-5.762929659793613,23.681796524509636,-5.8287974518337915,19.21560938166915,-7.090383877923728
307000000.0,22.595286992755568,-5.778310368024854,23.66556765184291,-5.843013739484791,19.196724471407453,-7.100059865792534
308000000.0,22.58442391813779,-5.7936614510232785,23.654043703107888,-5.859328418099923,19.18535238356661,-7.117599891817489
309000000.0,22.573538618645813,-5.808982872574229,23.632565901914536,-5.878425733136198,19.16134958789318,-7.1300028570529035
310000000.0,22.562631198093225,-5.824274596897198,23.61979677574975,-5.893277479123488,19.143976649817983,-7.14418614482612
311000000.0,22.55170176030222,-5.839536588645217,23.606125254176995,-5.915225110159325,19.132626182797676,-7.155989728058721
312000000.0,22.540750409101538,-5.854768812904231,23.58657765891902,-5.925332533474654,19.113151844448097,-7.173912065129317
313000000.0,22.529777248324432,-5.869971235192477,23.572624835961342,-5.9462869542213985,19.100338473518853,-7.185514368079581
314000000.0,22.51878238180665,-5.885143821459842,23.556547809116083,-5.9555194941251415,19.08102891622014,-7.201820516043949
315000000.0,22.507765913384365,-5.900286538087214,23.541216669496674,-5.98013414376018,19.064905137212612,-7.212897014780001
316000000.0,22.496727946892197,-5.915399351885824,23.52537268466725,-5.99541918880356,19.055874180542457,-7.226018987516836
317000000.0,22.48566858616119,-5.930482230096574,23.511258103615972,-6.00967679158848,19.035153294934513,-7.243222537328277
318000000.0,22.47458793501679,-5.945535140389356,23.49533638066929,-6.021688381583948,19.022178048309062,-7.256534753248997
319000000.0,22.463486097276874,-5.960558050862368,23.484670967979206,-6.046706406879873,19.00575688182828,-7.271052386289853
320000000.0,22.45236317674974,-5.975550930041407,23.47125553254205,-6.053229456798862,18.99312415217119,-7.281225286532088
321000000.0,22.441219277232143,-5.990513746879168,23.4517490673871,-6.082967139056805,18.980629109035274,-7.295111273828597
322000000.0,22.43005450250731,-6.005446470754516,23.4352733376518,-6.088385825008606,18.954249239528377,-7.311900421562927
323000000.0,22.418868956342966,-6.0203490714717605,23.421899228914906,-6.100018215395571,18.942552268366008,-7.3221732517074045
324000000.0,22.407662742489403,-6.035221519259924,23.403225684538928,-6.12296035690811,18.92887567602915,-7.3389936193579715
325000000.0,22.396435964677497,-6.050063784771978,23.387837335207113,-6.135320980375102,18.90527400255182,-7.353490074953496
326000000.0,22.38518872661679,-6.064875839084101,23.372704656044142,-6.155879697320008,18.89340895041804,-7.362274915375042
327000000.0,22.373921131993534,-6.079657653694902,23.3651319766731,-6.161996581930013,18.875081993110044,-7.372297151990507
328000000.0,22.362633284468792,-6.09440920052465,23.340196067314245,-6.181679835863656,18.86167754590217,-7.391935089162968
329000000.0,22.351325287676488,-6.109130451914485,23.328735186491645,-6.19732265435367,18.84534971214041,-7.412049131950088
330000000.0,22.339997245221518,-6.123821380625623,23.307958149518015,-6.212697668651196,18.82938188538055,-7.422177625744694
331000000.0,22.328649260677842,-6.138481959838553,23.292021740012714,-6.226950814774073,18.80932562573718,-7.432470794880373
332000000.0,22.31728143758658,-6.153112163152224,23.27882151393213,-6.238577957104746,18.796154007707432,-7.446399515564722
333000000.0,22.305893879454135,-6.167711964583223,23.263415187380932,-6.2575839541726985,18.78009023997636,-7.457609153867374
334000000.0,22.294486689750318,-6.182281338564945,23.247084810172915,-6.272206526486863,18.764243221123863,-7.472620151103238
335000000.0,22.283059971906468,-6.196820259946751,23.23076776280664,-6.282264427957452,18.753227838798388,-7.483779566693948
336000000.0,22.2716138293136,-6.211328703993123,23.212752736352776,-6.298357573666241,18.733081881707168,-7.499716249706052
337000000.0,22.26014836532054,-6.225806646382802,23.196207448115526,-6.31403914829171,18.7174239905009,-7.514752773445825
338000000.0,22.248663683232078,-6.240254063207927,23.18523331164231,-6.3300851422688185,18.698128072813123,-7.5201720892982715
339000000.0,22.237159886307158,-6.254670930973159,23.16345348788859,-6.342425324963359,18.690620909582975,-7.539236013962247
340000000.0,22.22563707775702,-6.2690572265948,23.147518251924918,-6.361986499173316,18.672232076865694,-7.5469661209880075
341000000.0,22.2140953607434,-6.283412927399896,23.13692904891924,-6.370991443752212,18.658096089769572,-7.563735127267121
342000000.0,22.202534838376693,-6.2977380111253405,23.11997697826817,-6.386203796096412,18.635519399337078,-7.570092840048779
343000000.0,22.190955613714188,-6.312032455916977,23.10476277480423,-6.400129061070941,18.624102043895512,-7.586907317093879
344000000.0,22.17935778975824,-6.3262962403286656,23.087778200288138,-6.419589365848846,18.61078758019231,-7.601222852608738
345000000.0,22.16774146945449,-6.340529343321367,23.071116720734242,-6.437794639770347,18.59266004195805,-7.610490897079934
346000000.0,22.156106755690118,-6.35473174426222,23.05296569106457,-6.452452959472834,18.57565607947169,-7.622646109541912
347000000.0,22.14445375129203,-6.368903422923584,23.04314552612578,-6.462634706459135,18.557543953470585,-7.635793906856288
348000000.0,22.13278255902513,-6.383044359482102,23.02315988757163,-6.478291445037755,18.545471531220276,-7.651181743597556
349000000.0,22.121093281590568,-6.397154534517747,23.01123178183445,-6.490803571849842,18.53116881349058,-7.662741880242804
350000000.0,22.109386021623965,-6.41123392901285,22.993084496639845,-6.507475828317536,18.515429874882148,-7.675881601070862
351000000.0,22.097660881693724,-6.425282524351139,22.97911036328091,-6.522229850623125,18.495643568445853,-7.689755019142645
352000000.0,22.085917964299277,-6.439300302316749,22.96123561274499,-6.540665641166233,18.480633413597353,-7.694791076822201
353000000.0,22.07415737186938,-6.4532872450932475,22.944215070969314,-6.553950375698914,18.461919253477504,-7.704174913861961
354000000.0,22.0623792067604,-6.467243335262637,22.932505912656776,-6.563633133186821,18.453732921652193,-7.714434573195384
355000000.0,22.050583571254624,-6.481168555804348,22.909555226029333,-6.579586268473269,18.430299295895352,-7.73047688301633
356000000.0,22.03877056755856,-6.49506289009424,22.899743847483172,-6.59425218266797,18.41580335112306,-7.747637717391789
357000000.0,22.026940297801268,-6.508926321903582,22.881629213499707,-6.619167376170611,18.403035168625372,-7.754488973903117
358000000.0,22.01509286403268,-6.522758835398028,22.870968833774327,-6.624098900105667,18.38340986104193,-7.767850923185569
359000000.0,22.003228368221954,-6.536560415136599,22.854427781026665,-6.644123463936016,18.368604659694622,-7.775084783778227
360000000.0,21.991346912255786,-6.5503310460706246,22.836852415591355,-6.658739155673854,18.355049619454086,-7.786961876525216
361000000.0,21.979448597936802,-6.564070713542723,22.81881870985768,-6.6681417020546006,18.339262870066346,-7.798749441383545
362000000.0,21.967533526981914,-6.577779403285739,22.803150181705085,-6.691507605861599,18.320481514521727,-7.813805666043183
363000000.0,21.95560180102067,-6.5914571014216845,22.78940649282866,-6.701227399307087,18.30842828687412,-7.826218860796489
364000000.0,21.94365352159368,-6.605103794460685,22.774531283567082,-6.718390324893554,18.28873002940854,-7.8378012860218265
365000000.0,21.93168879015097,-6.618719469299901,22.75795393595453,-6.7271969371774,18.27557413297716,-7.848462765889332
366000000.0,21.919707708050396,-6.632304113222452,22.742211222658657,-6.741991804510094,18.258764045573812,-7.862367186807192
367000000.0,21.90771037655606,-6.645857713896342,22.724450836316624,-6.759605923280062,18.244632779588166,-7.868062559399412
368000000.0,21.89569689683673,-6.659380259373356,22.710109306564956,-6.765421412232936,18.231384270988904,-7.879978467727624
369000000.0,21.88366736996425,-6.672871738087975,22.690578325433865,-6.781040799884882,18.212800408215045,-7.8896395170352225
370000000.0,21.87162189691201,-6.68633213885627,22.677281359510015,-6.799466492802919,18.198953261923535,-7.901612420623364
371000000.0,21.85956057855337,-6.699761450874793,22.659857128034343,-6.808900560143383,18.186420347008077,-7.911947662538192
372000000.0,21.847483515660123,-6.713159663719467,22.640373107050234,-6.8198257544606955,18.171947196083458,-7.9253703018578685
373000000.0,21.835390808900954,-6.726526767344456,22.626030273310953,-6.834958405966789,18.1549782898916,-7.935288722079664
374000000.0,21.823282558839924,-6.7398627520810495,22.614063352859752,-6.847045522793087,18.143136772705844,-7.949044141834405
375000000.0,21.81115886593496,-6.753167608636525,22.59470289043159,-6.857755267471177,18.12158445216003,-7.958476888525253
376000000.0,21.799019830536338,-6.76644132809301,22.582544376514853,-6.873271982006332,18.109309307763407,-7.972600344865388
377000000.0,21.78686555288518,-6.779683901906339,22.562414402930614,-6.887014966794565,18.09560795731829,-7.9813863476293445
378000000.0,21.774696133111977,-6.792895321904904,22.54244958444615,-6.888997302460652,18.079377786175787,-7.9953990894523885
379000000.0,21.762511671235124,-6.806075580288498,22.528643928152917,-6.907281728846946,18.064188393212543,-8.003184331213069
380000000.0,21.75031226715942,-6.8192246696271575,22.51100212107014,-6.921968265502261,18.048874419405205,-8.015796527738441
381000000.0,21.738098020674627,-6.832342582859994,22.496152070481603,-6.934499302684325,18.033734440331383,-8.024867965468465
382000000.0,21.725869031454028,-6.845429313294024,22.473762392949222,-6.945960199266807,18.017228981027923,-8.042024454082915
383000000.0,21.71362539905296,-6.858484854602993,22.45908775901705,-6.957792694980172,17.99975835850116,-8.045346136642774
384000000.0,21.701367222907407,-6.871509200826187,22.438044692932227,-6.965400938150435,17.98521517807327,-8.057886578303648
385000000.0,21.689094602332574,-6.884502346367262,22.423554438760988,-6.985821393949301,17.96778690240614,-8.069430297306049
386000000.0,21.676807636521463,-6.897464285993033,22.407723224418643,-6.991359191065715,17.953061430214984,-8.079542813458861
387000000.0,21.66450642454347,-6.910395014832285,22.39093426139166,-6.999206681594947,17.939523371804565,-8.095155479498839
388000000.0,21.652191065343015,-6.923294528374574,22.369392175840545,-7.01462742253209,17.926214098930853,-8.096473800170118
389000000.0,21.639861657738127,-6.936162822469015,22.35873781597091,-7.0281564550998405,17.909713112152158,-8.11201772251556
390000000.0,21.62751830041909,-6.948999893323075,22.33670329422711,-7.025231971754391,17.8901635849202,-8.117757096346535
391000000.0,21.615161091947066,-6.961805737501351,22.319929446276326,-7.046656459712923,17.88023413639087,-8.131914441076196
392000000.0,21.60279013075275,-6.974580351924354,22.30286670064459,-7.055580738054012,17.859177032583176,-8.134537855435749
393000000.0,21.590405515135018,-6.987323733867283,22.28437982699889,-7.06427305399563,17.84357524927691,-8.14810604603274
394000000.0,21.57800734325958,-7.000035880958792,22.264804652063066,-7.073269837655544,17.834573592539506,-8.160020515347547
395000000.0,21.565595713157673,-7.012716791179752,22.24656771048331,-7.080140878292977,17.816239746872654,-8.172686749649202
396000000.0,21.553170722724726,-7.025366462862026,22.231823806139364,-7.093261907461104,17.796675422649503,-8.178997624831288
397000000.0,21.540732469719064,-7.037984894687209,22.20958521247318,-7.097854684461681,17.782331077357526,-8.19024514717588
398000000.0,21.528281051760594,-7.050572085685389,22.195377359220814,-7.102401695917804,17.76830779828973,-8.202396247599529
399000000.0,21.515816566329534,-7.063128035233905,22.17448043981467,-7.106032523744523,17.750725046249116,-8.207756610948344
400000000.0,21.50333911076512,-7.075652743056065,22.160558301162027,-7.113689165072749,17.734812729043192,-8.221934961059905
401000000.0,21.490848782264333,-7.088146209219914,22.144837678922308,-7.11943824615687,17.719018390599686,-8.228548177245615
402000000.0,21.478345677880647,-7.10060843413695,22.132820956531297,-7.121961696049565,17.70001095074509,-8.238283290810992
403000000.0,21.465829894522788,-7.1130394185608745,22.123106172240334,-7.119972085345813,17.68103318389569,-8.24686741960107
404000000.0,21.453301528953457,-7.125439163586304,22.106342158709268,-7.12022702415534,17.66606991643708,-8.257025466729182
405000000.0,21.44076067778813,-7.137807670647504,22.10199685548422,-7.129838666699366,17.64867487408546,-8.2695392490185
406000000.0,21.428207437493832,-7.150144941517111,22.100156867921303,-7.1346092635931075,17.63353094733994,-8.27075603808509
407000000.0,21.415641904387893,-7.162450978304846,22.099368490807887,-7.1410420351497645,17.612338981143044,-8.278951654945946
408000000.0,21.403064174636782,-7.17472578345623,22.10146942552027,-7.1535983799525855,17.599375750810594,-8.288332400724899
409000000.0,21.390474344254894,-7.1869693597512985,22.09091253183896,-7.173783380449775,17.585276559694485,-8.291988969897321
410000000.0,21.37787250910337,-7.1991817103033,22.09162395481603,-7.196121191660387,17.563827021143208,-8.296762104352311
411000000.0,21.365258764888903,-7.211362838557407,22.082657651991063,-7.2221312996131255,17.549177258873645,-8.308831992808063
412000000.0,21.352633207162615,-7.223512748289416,22.065592614386933,-7.245108277634427,17.534390246491167,-8.311653579386284
413000000.0,21.339995931318846,-7.2356314436044435,22.050075243485104,-7.26919742652744,17.52104917312509,-8.322888615685136
414000000.0,21.32734703259404,-7.2477189289356145,22.0277684449377,-7.285709263807164,17.507036020010965,-8.326207645552225
415000000.0,21.314686606065614,-7.259775209042771,22.008445595016298,-7.307786217332499,17.49378724885289,-8.334133089065809
416000000.0,21.302014746650798,-7.271800289011132,21.980374713733777,-7.330233954604319,17.477435141960218,-8.344546487273245
417000000.0,21.289331549105544,-7.283794174250011,21.95758693354716,-7.341969354977175,17.46341727590492,-8.35479747922088
418000000.0,21.276637108023404,-7.295756870491476,21.936925245845,-7.359131761694082,17.450336080989267,-8.362888428774928
419000000.0,21.263931517834436,-7.307688383789032,21.91223912683797,-7.368523183685359,17.43522882074513,-8.371099866741288
420000000.0,21.2512148728041,-7.319588720516309,21.894769849643893,-7.375077513970124,17.41856554467407,-8.377038956472852
421000000.0,21.23848726703219,-7.331457887365718,21.868457187928577,-7.3935666156141036,17.41020402609156,-8.390125784939636
422000000.0,21.22574879445177,-7.343295891347144,21.850226332603835,-7.402815540753484,17.393443758936716,-8.397207059622064
423000000.0,21.21299954882808,-7.355102739786595,21.832192269419227,-7.409838329302656,17.372038299270464,-8.40487454483308
424000000.0,21.20023962375752,-7.366878440324884,21.812390829135573,-7.422607440406873,17.36136656785174,-8.409864510029433
425000000.0,21.187469112666577,-7.378623000916282,21.791860646193953,-7.433634066711396,17.3427087550645,-8.419427291524931
426000000.0,21.17468810881081,-7.390336429827184,21.767497316163436,-7.444424431380823,17.325807643353777,-8.429725508480262
427000000.0,21.161896705273815,-7.40201873563477,21.747328526253924,-7.455065388917226,17.31211852026599,-8.440254748422932
428000000.0,21.1490949949662,-7.4136699272256585,21.724027196873912,-7.463350141917447,17.297351956381203,-8.446079442722503
429000000.0,21.136283070624614,-7.425290013794564,21.70568218026234,-7.4706194212449715,17.28132562172729,-8.451379099941208
430000000.0,21.123461024810716,-7.436879004842955,21.686580982322017,-7.487639693127933,17.268813863175136,-8.464140801400061
431000000.0,21.110628949910183,-7.448436910177686,21.660191599860884,-7.497461000580765,17.251755566312777,-8.46655834764052
432000000.0,21.097786938131765,-7.459963739909671,21.64170301804452,-7.506068782148483,17.237377642643075,-8.480191117346616
433000000.0,21.084935081506288,-7.471459504452513,21.622903241833313,-7.514952669763627,17.21808480215456,-8.485850240657328
434000000.0,21.0720734718857,-7.482924214521155,21.605255583252443,-7.522299133672064,17.2051489810017,-8.495057537143872
435000000.0,21.059202200942135,-7.494357881130528,21.587339253955673,-7.532528915762813,17.19189336619187,-8.498080699447096
436000000.0,21.04632136016695,-7.505760515594179,21.562990104302607,-7.544606366660895,17.17155964699296,-8.507565051844617
437000000.0,21.033431040869793,-7.517132129522925,21.543254424679258,-7.548018614166256,17.161488270963744,-8.5195279907237
438000000.0,21.02053133417771,-7.528472734823482,21.521867136653476,-7.559590720744446,17.141378927867294,-8.5224019756474
439000000.0,21.007622331034202,-7.5397823436971105,21.503644557052326,-7.5672317301965935,17.12525441275759,-8.530945433034576
440000000.0,20.994704122198314,-7.551060968638235,21.484850925000405,-7.5814892079245535,17.106385865102364,-8.543300111094847
441000000.0,20.981776798243782,-7.562308622433099,21.46365483137282,-7.595492551940879,17.09551724996494,-8.546157241126684
442000000.0,20.968840449558087,-7.573525318158377,21.4409542290207,-7.598560016270712,17.078247295960395,-8.55139764638294
443000000.0,20.95589516634164,-7.58471106917982,21.424507393252405,-7.606054821293153,17.065935883681473,-8.561719435932169
444000000.0,20.942941038606858,-7.5958658891508755,21.39979809971054,-7.616845086013111,17.04580770872855,-8.57001408395923
445000000.0,20.929978156177345,-7.606989792011325,21.38564249598938,-7.625983302382096,17.03105804357201,-8.574839814619702
446000000.0,20.917006608687018,-7.618082791985901,21.36353228634937,-7.630314259514069,17.012021331777326,-8.578654304648126
447000000.0,20.904026485579287,-7.629144903582927,21.340417354139028,-7.645704939369248,16.99810768376216,-8.591452665517926
448000000.0,20.891037876106193,-7.64017614159292,21.3179794251282,-7.649378437441045,16.981410664976767,-8.600140302065016
449000000.0,20.878040869327624,-7.651176521087244,21.303391797091344,-7.6571177458434265,16.962960201200218,-8.603134923341182
450000000.0,20.86503555411046,-7.662146057416708,21.28097321114717,-7.671488320147523,16.945059792860604,-8.611635965900733
451000000.0,20.852022019127798,-7.673084766210204,21.258575133255928,-7.680949225424625,16.93220938921054,-8.614049283160265
452000000.0,20.83900035285815,-7.683992663373324,21.242722373284877,-7.6901816339648805,16.914027423984454,-8.620606595782203
453000000.0,20.825970643584647,-7.694869765086976,21.217073689185575,-7.69421856641095,16.89826231729035,-8.629260571474104
454000000.0,20.812932979394265,-7.705716087806012,21.19850236177051,-7.701794878579246,16.87990535387006,-8.635771840192264
455000000.0,20.799887448177053,-7.716531648257842,21.177876813375853,-7.711355536120035,16.865726132986733,-8.64542147635035
456000000.0,20.78683413762539,-7.727316463441056,21.15146951009164,-7.719412459586355,16.848497574338126,-8.650541576972003
457000000.0,20.77377313523321,-7.738070550624042,21.13789079059742,-7.72636200992414,16.830716069921404,-8.655465597050371
458000000.0,20.76070452829526,-7.748793927343599,21.11742968542654,-7.735152590843809,16.813778857386787,-8.664727531934991
459000000.0,20.747628403906393,-7.759486611403564,21.088125276715857,-7.746952807700533,16.798217354450458,-8.670279875876393
460000000.0,20.734544848960816,-7.770148620873418,21.07741485576363,-7.750844422735849,16.778188191315316,-8.677157664866172
461000000.0,20.721453950151382,-7.780779974086917,21.05706714293998,-7.757348363175169,16.764396935988216,-8.682486985749556
462000000.0,20.70835579396888,-7.791380689640687,21.03180879263284,-7.768219033980294,16.75226079178869,-8.690630937752513
463000000.0,20.69525046670135,-7.801950786392867,21.009791896777998,-7.776096606608367,16.731139305587423,-8.693890773077023
464000000.0,20.68213805443337,-7.812490283461706,20.989366685098382,-7.781509423713203,16.72064672744773,-8.701851367882599
465000000.0,20.66901864304539,-7.822999200224177,20.964648629379568,-7.7910806085104385,16.702422176858427,-8.71018003320438
466000000.0,20.655892318213063,-7.833477556314613,20.944068730804972,-7.795170158155157,16.68479053197944,-8.713795454635314
467000000.0,20.642759165406556,-7.843925371623299,20.92462019953672,-7.80535983655631,16.667530935596677,-8.719164180269438
468000000.0,20.629619269889925,-7.854342666295109,20.899839141320896,-7.815637776293505,16.650790546526572,-8.728373155712605
469000000.0,20.616472716720455,-7.864729460728105,20.880901765058418,-7.8210098998551825,16.633293359349157,-8.73286828134996
470000000.0,20.60331959074801,-7.875085775572164,20.855670505206664,-7.823560410561738,16.621141886147168,-8.740708678065271
471000000.0,20.590159976614423,-7.885411631727588,20.836467910286906,-7.835514563357974,16.605500631921664,-8.744683185675564
472000000.0,20.576993958752862,-7.8957070503437246,20.814720186203193,-7.835809540243201,16.58866670866759,-8.751619876494981
473000000.0,20.56382162138722,-7.905972052817588,20.79291553995932,-7.843752245883604,16.56826002836624,-8.758644301942628
474000000.0,20.550643048531505,-7.916206660792463,20.774946285141525,-7.851518079226374,16.55077099856053,-8.765579956327716
475000000.0,20.53745832398926,-7.926410896156533,20.750994119864814,-7.862782658984946,16.53684734132084,-8.770173436012113
476000000.0,20.52426753135295,-7.9365847810415,20.729618964355797,-7.866814456899006,16.521341190163408,-8.77339796511205
477000000.0,20.511070754003413,-7.94672833782119,20.70364671232177,-7.872866761568347,16.503272698750024,-8.78318662741998
478000000.0,20.497868075109263,-7.956841589110194,20.684434780062077,-7.884670665967954,16.48890988206002,-8.791084404712603
479000000.0,20.48465957762633,-7.966924557762461,20.665323337015863,-7.886294656785299,16.473413803742545,-8.792433948276965
480000000.0,20.471445344297127,-7.976977266869938,20.638963251100776,-7.892129254046251,16.45642086140777,-8.800261196599797
481000000.0,20.458225457650283,-7.986999739761187,20.61858868606979,-7.902222952590932,16.43896015902322,-8.803554067502015
482000000.0,20.445,-7.996991999999999,20.595198629034538,-7.906379266843577,16.422915214628222,-8.808317464901561
483000000.0,20.431769053445556,-8.006954071384028,20.571988197849933,-7.910319864251087,16.40728714115708,-8.816305218668196
484000000.0,20.41853269987074,-8.016885977943401,20.551958590610525,-7.917464342619734,16.387560331122177,-8.823929896325371
485000000.0,20.405291020943377,-8.026787743939353,20.52516094569574,-7.9257248791753225,16.37033183398191,-8.826696703944684
486000000.0,20.392044098114788,-8.036659393862848,20.501627541718616,-7.928902401028357,16.351194445066866,-8.831247906363481
487000000.0,20.378792012619325,-8.046500952433206,20.47598733969339,-7.936801887218866,16.34015350530076,-8.839097575144063
488000000.0,20.365534845473857,-8.056312444596726,20.45237716876786,-7.938247484324553,16.323980363185377,-8.846464288214063
489000000.0,20.352272677477306,-8.066093895525313,20.43074824408011,-7.944501967677702,16.30313171507011,-8.849612921863939
490000000.0,20.339005589210156,-8.075845330615122,20.406106400460246,-7.952144296600246,16.28579370637752,-8.85491869009867
491000000.0,20.325733661034008,-8.085566775485164,20.381918819808302,-7.954165949946321,16.273151348147767,-8.859820736806538
492000000.0,20.31245697309111,-8.095258255975958,20.364279157169534,-7.9616896740267045,16.253131808150886,-8.86741372797342
493000000.0,20.2991756053039,-8.104919798148156,20.33934330713848,-7.970210227968507,16.238733015220753,-8.87333606321699
494000000.0,20.28588963737459,-8.114551428281167,20.316037768426643,-7.973007229439619,16.220755824238914,-8.87508075958731
495000000.0,20.272599148784703,-8.124153172871814,20.291470919906605,-7.978551787815877,16.20297339557865,-8.883064312057977
496000000.0,20.25930421879467,-8.13372505863294,20.266355525768756,-7.980881168979074,16.18773285503491,-8.886506495672556
497000000.0,20.246004926443398,-8.143267112492083,20.24704891581279,-7.98425495129006,16.16855867948026,-8.893592614199779
498000000.0,20.232701350547863,-8.15277936159008,20.22123177949404,-7.9921616755410945,16.151216756680743,-8.899617244916044
499000000.0,20.219393569702714,-8.162261833279723,20.195375125863897,-7.995410654829616,16.13792765055732,-8.905439789687591
500000000.0,20.20608166227987,-8.171714555124414,20.170671117005273,-8.001056585603992,16.12146104788353,-8.910540805044205
501000000.0,20.19276570642813,-8.181137554896775,20.150519525967578,-8.000285059410855,16.103533864897003,-8.91807139513626
502000000.0,20.179445780072804,-8.190530860577331,20.12553657762613,-8.009353599492554,16.083198573916267,-8.921100734932256
503000000.0,20.166121960915333,-8.199894500353125,20.105827229403857,-8.013047041000151,16.067549559338858,-8.925951081202538
504000000.0,20.152794326432925,-8.209228502616384,20.074885828594375,-8.018214890175075,16.051301555782388,-8.93403630095682
505000000.0,20.139462953878216,-8.218532895963172,20.052820243296477,-8.019020215162218,16.036433670985385,-8.93942691372087
506000000.0,20.126127920278876,-8.227807709192023,20.02535524688951,-8.021399428947044,16.019340661569284,-8.94181154314288
507000000.0,20.112789302437317,-8.237052971302614,19.999775460219837,-8.028930309457357,16.0027401271258,-8.952456884511822
508000000.0,20.099447176930333,-8.246268711494405,19.974829655370424,-8.031089570147076,15.984120501614042,-8.955692311997177
509000000.0,20.08610162010877,-8.255454959165316,19.949112133198238,-8.033937103998891,15.970951621346803,-8.960783979117409
510000000.0,20.07275270809722,-8.264611743910356,19.928625865269193,-8.038353758621934,15.951984221809028,-8.968221662766872
511000000.0,20.059400516793698,-8.273739095520309,19.89929171210129,-8.040485392009453,15.932194790370827,-8.974183731435922
512000000.0,20.046045121869337,-8.282837043980395,19.878818987732068,-8.042824022051592,15.921427005253499,-8.975527959606742
513000000.0,20.032686598768098,-8.291905619468915,19.85444023911509,-8.052374196250211,15.908480690268847,-8.982789239108097
514000000.0,20.019325022706475,-8.300944852355942,19.827756089326655,-8.048742522880202,15.889937324483816,-8.991801752453453
515000000.0,20.00596046867322,-8.30995477320198,19.803666988290594,-8.050725244375657,15.868697628845002,-8.997750243864866
516000000.0,19.992593011429033,-8.318935412756618,19.777798557716498,-8.057353444293188,15.851214634044192,-9.00145114919669
517000000.0,19.979222725506336,-8.327886801957236,19.750966241253558,-8.06109153690343,15.839120770945879,-9.008072724325526
518000000.0,19.965849685208997,-8.336808971927656,19.728426913588656,-8.063495331116078,15.818202537101374,-9.01118534125195
519000000.0,19.952473964612064,-8.345701953976826,19.701275115228245,-8.065297315875215,15.802917155007904,-9.020710953293937
520000000.0,19.939095637561515,-8.354565779597499,19.676348403625997,-8.069054490369505,15.788721042843001,-9.021775776554199
521000000.0,19.92571477767405,-8.363400480464914,19.652729932242455,-8.072194351667335,15.771976079449555,-9.030449249594824
522000000.0,19.9123314583368,-8.372206088435489,19.62899281123811,-8.072854838478154,15.754070466446516,-9.037400151197774
523000000.0,19.89894575270717,-8.380982635545486,19.59969821914352,-8.077302355968653,15.736788266605782,-9.040358275686224
524000000.0,19.885557733712552,-8.389730154009728,19.580643761056987,-8.085064040659232,15.718626854911598,-9.047646025757322
525000000.0,19.872167474050165,-8.398448676220267,19.552062997583498,-8.082648318982677,15.702451756688683,-9.047568497805656
526000000.0,19.85877504618681,-8.407138234745085,19.523754539429017,-8.086436478388308,15.687691141841121,-9.05618129816011
527000000.0,19.845380522358692,-8.415798862326795,19.50031084735674,-8.083281192892969,15.673260518754958,-9.064590639310985
528000000.0,19.83198397457122,-8.424430591881329,19.47661028541824,-8.089246741069516,15.655781153313496,-9.066441960116956
529000000.0,19.818585474598827,-8.43303345649666,19.447746103846974,-8.089291884134163,15.63772327650168,-9.068905680055893
530000000.0,19.80518509398478,-8.441607489431464,19.42322613970127,-8.084136823979284,15.623136114790038,-9.08044782725406
531000000.0,19.79178290404101,-8.450152724113876,19.400124650897986,-8.090026529100765,15.608506448385782,-9.087230065995994
532000000.0,19.77837897584796,-8.45866919414016,19.368591212112452,-8.09544172712171,15.591762045820719,-9.092808104631287
533000000.0,19.764973380254414,-8.467156933273445,19.349520544632526,-8.093209693494497,15.575250254614996,-9.09827027638317
534000000.0,19.75156618787733,-8.475615975442421,19.31886967769866,-8.096006678358746,15.560798976812032,-9.099310699381665
535000000.0,19.73815746910173,-8.484046354740066,19.29487007612105,-8.093841780884327,15.541764061090753,-9.108038642086747
536000000.0,19.724747294080515,-8.492448105422358,19.265444738286483,-8.092041624426708,15.525644203706152,-9.117017776001404
537000000.0,19.711335732734373,-8.50082126190701,19.243281189012578,-8.10661369644817,15.510132780371578,-9.12285079020328
538000000.0,19.69792285475163,-8.509165858772173,19.214931297771397,-8.097378939176895,15.494603067719583,-9.12289497066299
539000000.0,19.684508729588128,-8.517481930755187,19.192466754447807,-8.104026182002853,15.478771554989466,-9.129961506426527
540000000.0,19.67109342646712,-8.52576951275129,19.167390303771196,-8.100327494607228,15.463545199485095,-9.136903024944463
541000000.0,19.657677014379157,-8.53402863981237,19.136246167600824,-8.104223520909672,15.446686911235087,-9.143723160898377
542000000.0,19.64425956208199,-8.542259347145686,19.112259822954925,-8.104733140867515,15.430308299606295,-9.1453548310513
543000000.0,19.63084113810047,-8.55046167011261,19.08674856735729,-8.101127996998287,15.412163276368249,-9.152018654158555
544000000.0,19.61742181072646,-8.55863564422738,19.060073380040524,-8.102676426549664,15.397188775063952,-9.161531587014306
545000000.0,19.60400164801875,-8.566781305155827,19.033866354641468,-8.101924402447326,15.379621678576877,-9.161872926076366
546000000.0,19.59058071780299,-8.574898688714141,19.00633908190178,-8.099808279145838,15.360249747977253,-9.172002876750438
547000000.0,19.577159087671603,-8.5829878308676,18.976318175197978,-8.102755186526103,15.347725312329887,-9.175433305403846
548000000.0,19.563736824983735,-8.591048767729342,18.953308984695653,-8.100545436151645,15.330735410846891,-9.17878556181776
549000000.0,19.55031399686519,-8.599081535559117,18.922336251573284,-8.10015723823573,15.316561122809764,-9.189238215969286
550000000.0,19.53689067020838,-8.607086170762042,18.895142343671708,-8.098531110502254,15.29824604386532,-9.191150316013937
551000000.0,19.523466911672266,-8.615062709887363,18.871470475511135,-8.096796092181728,15.281463953461447,-9.19726588834613
552000000.0,19.510042787682337,-8.62301118962723,18.8473044084294,-8.096982956794356,15.270996701893454,-9.200090830528893
553000000.0,19.496618364430553,-8.630931646815453,18.815084722455712,-8.089583712963952,15.249368699466201,-9.207711944210784
554000000.0,19.48319370787535,-8.63882411842629,18.79146438910212,-8.09210264404436,15.234281634105212,-9.214905748872477
555000000.0,19.46976888374157,-8.646688641573204,18.761871291374092,-8.087624097334212,15.217369694644587,-9.220061095052632
556000000.0,19.45634395752048,-8.654525253507662,18.733794423810707,-8.088056654157263,15.20409451814997,-9.226467866764287
557000000.0,19.442918994469746,-8.662333991617892,18.706198411113878,-8.084426237531302,15.189074461080097,-9.232238117904405
558000000.0,19.429494059613432,-8.67011489342769,18.68199358020398,-8.081482385210972,15.172091548825735,-9.237284629611775
559000000.0,19.416069217741995,-8.677867996595202,18.65323922886751,-8.076250817632342,15.161731113706454,-9.24613635244521
560000000.0,19.40264453341229,-8.685593338911703,18.619292725524936,-8.078576380592443,15.143563934124108,-9.24961145568279
561000000.0,19.389220070947584,-8.693290958300409,18.59264059816596,-8.074747674296848,15.124292679714733,-9.256141868202823
562000000.0,19.375795894437577,-8.700960892815267,18.561076885611396,-8.072716296417717,15.111421340294951,-9.262132503253907
563000000.0,19.362372067738402,-8.70860318063975,18.53780329494497,-8.066285082133522,15.09260086569507,-9.267111596276795
564000000.0,19.348948654472693,-8.716217860085683,18.5089907173603,-8.063028736792065,15.076064229616014,-9.272121004293084
565000000.0,19.335525718029572,-8.72380496959202,18.47877452194006,-8.06072945824013,15.063030172692308,-9.278446989268408
566000000.0,19.322103321564725,-8.731364547723686,18.45134845298211,-8.055074045058813,15.046992502841047,-9.28568921240327
567000000.0,19.308681528000417,-8.738896633170366,18.419200058266682,-8.053530783242934,15.031334123520121,-9.288103148670263
568000000.0,19.295260400025562,-8.74640126474535,18.395642487997605,-8.046026927390816,15.015489413075866,-9.293900375811223
569000000.0,19.28184000009577,-8.753878481384328,18.363826627831184,-8.045167921688654,15.003587660342589,-9.303760847965796
570000000.0,19.268420390433395,-8.761328322144225,18.335081613990493,-8.038089554002447,14.987304111549083,-9.307763844583018
571000000.0,19.255001633027625,-8.768750826202048,18.302847621767143,-8.03603117480873,14.972187559611406,-9.31357389052042
572000000.0,19.241583789634536,-8.776146032853685,18.274941757578134,-8.02792332106934,14.957126820895798,-9.320356816578336
573000000.0,19.22816692177716,-8.783513981512773,18.245212379520623,-8.021317545080432,14.94385027202392,-9.32571528324616
574000000.0,19.214751090745583,-8.790854711709507,18.217323557114554,-8.016777417555804,14.925592111081365,-9.328150381639116
575000000.0,19.201336357597025,-8.798168263089511,18.18755167578146,-8.01186242995052,14.908438441737141,-9.335886579904244
576000000.0,19.18792278315592,-8.805454675412667,18.154130317062055,-8.004260688958263,14.896837169877802,-9.34200927637938
577000000.0,19.174510428014024,-8.81271398855196,18.12478672233637,-8.001133216741367,14.87754202368616,-9.34923903039261
578000000.0,19.161099352530517,-8.819946242492364,18.092337437144568,-7.99211284735362,14.863008941670735,-9.357824869818291
579000000.0,19.14768961683209,-8.827151477329648,18.06460062573303,-7.986305351507421,14.844579488773725,-9.360991271409715
580000000.0,19.134281280813084,-8.834329733269284,18.036393502210384,-7.9756237821035745,14.833240544732114,-9.36691381551672
581000000.0,19.12087440413559,-8.841481050625289,18.004949822114654,-7.967124469414781,14.81820619510987,-9.372965132425557
582000000.0,19.107469046229557,-8.848605469819088,17.97898216285987,-7.9656038693957685,14.800365910534603,-9.380202492921873
583000000.0,19.094065266292937,-8.855703031378406,17.944524818673912,-7.956738737267532,14.788646275789288,-9.381811421171001
584000000.0,19.080663123291814,-8.86277377593612,17.915700091458802,-7.946770940970597,14.772526959571456,-9.388476811266386
585000000.0,19.067262675960524,-8.869817744229156,17.884514260542232,-7.9356658386960515,14.753053922711445,-9.40377869909341
586000000.0,19.053863982801808,-8.876834977097365,17.85386755528529,-7.931570000075279,14.74229605711045,-9.404488718244906
587000000.0,19.040467102086957,-8.883825515482409,17.81966038507214,-7.921097986888094,14.726617357673778,-9.410010024456149
588000000.0,19.027072091855942,-8.890789400426653,17.78842038526838,-7.908231712005499,14.712923976931044,-9.415180615122628
589000000.0,19.013679009917595,-8.897726673072057,17.756753982780815,-7.896487480714895,14.693705287086539,-9.424012852834293
590000000.0,19.000287913849743,-8.904637374659073,17.725641376474258,-7.888555800193433,14.677048328792308,-9.429855500411586
591000000.0,18.98689886099938,-8.91152154652555,17.693846217139864,-7.876801801273305,14.667224343714256,-9.432328949123836
592000000.0,18.97351190848284,-8.918379230105645,17.666148219733504,-7.863044459530668,14.65306388973035,-9.439077269482285
593000000.0,18.96012711318597,-8.925210466928712,17.631191199621203,-7.85690015766077,14.634953949066563,-9.448459524723344
594000000.0,18.94674453176428,-8.93201529861824,17.59997992961694,-7.840815675734455,14.62110304980048,-9.451939152010727
595000000.0,18.93336422064316,-8.938793766890745,17.56651672043421,-7.827728498922821,14.607302809576776,-9.461555171729335
596000000.0,18.919986236018037,-8.94554591355472,17.53825706413092,-7.815469996330256,14.589630480230747,-9.463939171780083
597000000.0,18.90661063385458,-8.952271780509525,17.50824165044825,-7.800689037833941,14.57586226732946,-9.473218599481696
598000000.0,18.893237469888884,-8.958971409744349,17.47388874834415,-7.786448553437529,14.558485845847217,-9.480093680706775
599000000.0,18.87986679962767,-8.965644843337108,17.442099259091002,-7.771971142531003,14.543187935032977,-9.484966252750414
600000000.0,18.866498678348496,-8.97229212345342,17.40847694920139,-7.756068509294703,14.528423581595332,-9.489410247568872
601000000.0,18.853133161099947,-8.978913292345506,17.374485869409142,-7.741273402505263,14.515664404829767,-9.501617317218566
602000000.0,18.83977030270187,-8.985508392351166,17.344361694748176,-7.726897240503379,14.49803512070164,-9.507658223948434
603000000.0,18.826410157745542,-8.992077465892699,17.30868584819159,-7.70636910681981,14.478853357182228,-9.512416682344169
604000000.0,18.813052780593953,-8.998620555475878,17.272775831410687,-7.69384314760161,14.464240718622664,-9.51624804488723
605000000.0,18.799698225381974,-9.005137703688893,17.24202713135823,-7.67422386926942,14.454823318803712,-9.525079908007466
606000000.0,18.786346546016606,-9.01162895320131,17.209117068122904,-7.658148599440408,14.43568447766797,-9.530415978813636
607000000.0,18.772997796177215,-9.01809434676304,17.177697485064613,-7.639757236916329,14.42152446549611,-9.54011556674514
608000000.0,18.75965202931576,-9.0245339272033,17.1446462527925,-7.620886648921459,14.404995010212264,-9.540953367923462
609000000.0,18.74630929865703,-9.030947737429596,17.107264358321093,-7.594744710502992,14.38824786557513,-9.551543703524423
610000000.0,18.732969657198886,-9.03733582042668,17.075282196573667,-7.5769936385337635,14.371094491761646,-9.553692050372899
611000000.0,18.71963315771251,-9.043698219255544,17.039774424953862,-7.553837994782884,14.356391003670257,-9.56325094627446
612000000.0,18.706299852742667,-9.050034977052398,17.00841878565359,-7.529268297302697,14.33489387662601,-9.56831483542957
613000000.0,18.692969794607933,-9.056346137027658,16.97198041900399,-7.506526453535469,14.323089973049795,-9.575164420219963
614000000.0,18.679643035400968,-9.062631742464932,16.93718673151448,-7.483261696006449,14.303817185064633,-9.58284077289965
615000000.0,18.666319626988784,-9.068891836720022,16.902337672816255,-7.458581216459612,14.292155954123634,-9.59104307886352
616000000.0,18.652999621012995,-9.075126463219924,16.86515797187395,-7.436052412087847,14.272866130960084,-9.59482601328973
617000000.0,18.639683068890104,-9.081335665461818,16.829969000876005,-7.412215926205914,14.257304358257283,-9.601665022029772
618000000.0,18.62637002181175,-9.087519487012095,16.79573297426757,-7.384803995420679,14.241452953223433,-9.612459318798203
619000000.0,18.613060530745006,-9.09367797150535,16.759135785151265,-7.360694921610835,14.223485408881569,-9.615804530749541
620000000.0,18.59975464643266,-9.099811162643412,16.725211182218295,-7.328123093637714,14.204664316053528,-9.620699773000705
621000000.0,18.586452419393478,-9.105919104194346,16.69239915122324,-7.300856692442896,14.19050843130893,-9.63064548176396
622000000.0,18.573153899922506,-9.11200183999149,16.65830165954116,-7.265465520613606,14.172974919924489,-9.637888391634164
623000000.0,18.559859138091355,-9.118059413932484,16.624906366996907,-7.23806727896937,14.15546697623537,-9.645070643957009
624000000.0,18.5465681837485,-9.124091869978281,16.58937669438226,-7.20431468513086,14.138973139494993,-9.648838122248867
625000000.0,18.533281086519573,-9.130099252152212,16.558076392792067,-7.1710291890643525,14.11862394163733,-9.65691894501346
626000000.0,18.519997895807663,-9.136081604539001,16.520751997661414,-7.137431417754179,14.102773256171416,-9.663754124836718
627000000.0,18.50671866079362,-9.142038971283814,16.485255545782067,-7.107250600745957,14.087715560736697,-9.668746830597131
628000000.0,18.49344343043636,-9.147971396591322,16.44953298138618,-7.073005411815948,14.070345873574883,-9.675184305604205
629000000.0,18.480172253473185,-9.153878924724722,16.413512148023777,-7.036836143857274,14.049418627755836,-9.682139360233585
630000000.0,18.466905178420085,-9.159761600004826,16.378237083549074,-7.004934802581395,14.032485767576487,-9.687865738402456
631000000.0,18.453642253572056,-9.165619466809092,16.342875076676012,-6.967620151834497,14.014818955702129,-9.696411672389775
632000000.0,18.440383527003434,-9.171452569570716,16.3068004203468,-6.925162132531885,13.996984367046318,-9.700774864329459
633000000.0,18.427129046568194,-9.177260952777663,16.26975447298282,-6.885545288418086,13.975112053893126,-9.705983187859637
634000000.0,18.413878859900304,-9.183044660971778,16.233679093382662,-6.846152329882259,13.95894942938758,-9.714505468325058
635000000.0,18.400633014414034,-9.188803738747833,16.19551036545621,-6.804826004480108,13.93680619531621,-9.720167833001902
636000000.0,18.387391557304287,-9.194538230752622,16.160054208798506,-6.757528877829292,13.918597885812176,-9.729654666921867
637000000.0,18.374154535546957,-9.200248181684037,16.12269939474583,-6.7144197567451975,13.898134172264998,-9.731605537301109
638000000.0,18.36092199589925,-9.205933636290167,16.090196158136276,-6.663426440538396,13.87755806238275,-9.74029893063849
639000000.0,18.347693984900015,-9.21159463936837,16.048447956239052,-6.620957694463595,13.86011495879469,-9.746846407976717
640000000.0,18.334470548870115,-9.217231235764391,16.010796103181644,-6.564409367368362,13.837221074600578,-9.753180074637712
641000000.0,18.32125173391276,-9.22284347037145,15.977316216624347,-6.511236288685708,13.81720684322111,-9.762266806036646
642000000.0,18.308037585913855,-9.228431388129351,15.942395113210935,-6.459084924198379,13.79503163612254,-9.766666289753179
643000000.0,18.294828150542358,-9.233995034023588,15.907291950604442,-6.402706523928175,13.773266665342565,-9.772192155940168
644000000.0,18.281623473250637,-9.23953445308445,15.873085036373409,-6.349364013962718,13.754521808408258,-9.778405482127104
645000000.0,18.268423599274822,-9.245049690386162,15.837690592411027,-6.288466033612241,13.733214113588465,-9.785736239564654
646000000.0,18.25522857363517,-9.250540791045973,15.799492017677542,-6.231391968089942,13.709827097403435,-9.793332042615148
647000000.0,18.24203844113643,-9.256007800223308,15.76669028890935,-6.168450671337944,13.690221266954207,-9.79787576243224
648000000.0,18.22885324636822,-9.261450763118887,15.72966541335276,-6.106213995935688,13.66442057730194,-9.80003572152413
649000000.0,18.215673033705368,-9.26686972497384,15.692018713546876,-6.035015502428012,13.638625758696254,-9.809586538197982
650000000.0,18.202497847308322,-9.27226473106889,15.6541277317988,-5.968099919656508,13.618442778125543,-9.815566932342477
651000000.0,18.18932773112349,-9.277635826723435,15.620676508138821,-5.898202451132128,13.595706419743768,-9.820070629843253
652000000.0,18.17616272888364,-9.282983057294745,15.585018012465973,-5.82586931649803,13.569732158875047,-9.825213915238406
653000000.0,18.16300288410827,-9.288306468177076,15.555011313313864,-5.752863098069956,13.542134380263327,-9.831580116110665
654000000.0,18.149848240103992,-9.29360610480084,15.513291922292257,-5.664874886039126,13.514977162881493,-9.837839020664958
655000000.0,18.13669883996493,-9.298882012631772,15.480707721311438,-5.585990323036648,13.49261025706922,-9.839920623479216
656000000.0,18.123554726573076,-9.304134237170057,15.445140516810817,-5.497563301449581,13.463371631072697,-9.844826516984458
657000000.0,18.11041594259871,-9.309362823949535,15.405250702701121,-5.4088557721880015,13.436399493376143,-9.850037558293229
658000000.0,18.097282530500788,-9.314567818536844,15.376275719773359,-5.313511245784332,13.40599846250125,-9.854884912578507
659000000.0,18.084154532527318,-9.319749266530602,15.340149591710032,-5.2095272926284855,13.377359727019135,-9.857965882197723
660000000.0,18.071031990715777,-9.324907213560595,15.307358667323253,-5.10608233301247,13.345083364203644,-9.860871146615667
661000000.0,18.057914946893504,-9.330041705286934,15.274409962805995,-4.992066199350203,13.312500016218186,-9.862446409971842
662000000.0,18.044803442678095,-9.335152787399272,15.247305962950566,-4.8781837281219715,13.278709767145935,-9.8627656215263
663000000.0,18.031697519477817,-9.340240505615967,15.222653845619279,-4.756807430105759,13.24473524525742,-9.863494155978858
664000000.0,18.01859721849201,-9.34530490568329,15.203085103789789,-4.63067389482398,13.211001648185384,-9.863617253493775
665000000.0,18.005502580711486,-9.350346033374626,15.183476969795008,-4.4967233434322225,13.175075134933415,-9.859039134963696
666000000.0,17.99241364691897,-9.35536393448966,15.167352355806532,-4.357590539181606,13.141510471854728,-9.855474581533576
667000000.0,17.979330457689468,-9.360358654853604,15.160042972279731,-4.213375012355168,13.104358838398909,-9.851734721596367
668000000.0,17.96625305339072,-9.36533024031639,15.155735663430438,-4.065798407229483,13.066086204792274,-9.84404746012557
669000000.0,17.953181474183594,-9.37027873675189,15.153958298521527,-3.9102280704448664,13.027971958809035,-9.838207883166673
670000000.0,17.940115760022522,-9.375204190057149,15.161410131996634,-3.753684606895091,12.99163013899255,-9.828077644752561
671000000.0,17.92705595065591,-9.38010664615157,15.162808778241828,-3.592498374234512,12.954332048471528,-9.816392990205674
672000000.0,17.914002085626556,-9.38498615097619,15.177610560045544,-3.4143853310230305,12.915057940295478,-9.801915981222539
673000000.0,17.9009542042721,-9.389842750492864,15.196848162252326,-3.236973632882957,12.875243979900066,-9.78618850141842
674000000.0,17.88791234572541,-9.394676490683535,15.225682283426766,-3.0460078840202276,12.836408123629267,-9.769348917200125
675000000.0,17.874876548915065,-9.39948741754945,15.263623885094187,-2.8478923290514904,12.794740010721538,-9.750126566364482
676000000.0,17.861846852565733,-9.404275577110408,15.311335201243052,-2.6407451227403884,12.756964607534128,-9.72673037404658
677000000.0,17.84882329519863,-9.409041015404018,15.373904480904491,-2.429711310009945,12.720580922684402,-9.696975678623058
678000000.0,17.83580591513197,-9.413783778484932,15.448304765841565,-2.2123226431015173,12.686504850604624,-9.671710586324915
679000000.0,17.82279475048136,-9.41850391242411,15.539337510854006,-1.9845300790491986,12.651316374102358,-9.641361374139896
680000000.0,17.809789839160278,-9.423201463308079,15.644946725526935,-1.750130173610151,12.618650736793436,-9.604970333523177
681000000.0,17.796791218880493,-9.42787647723819,15.769325642057781,-1.5131449770400327,12.589218995145233,-9.565565171456003
682000000.0,17.78379892715251,-9.432529000329888,15.910137101397888,-1.275190768938175,12.55975712807589,-9.527137477587043
683000000.0,17.77081300128602,-9.437159078711979,16.078734724695224,-1.0253947976434101,12.53584143053671,-9.4859506147802
684000000.0,17.757833478390328,-9.441766758525917,16.269181916495047,-0.7838419854703662,12.513208565349643,-9.442605771261588
685000000.0,17.74486039537483,-9.44635208592506,16.48708169980381,-0.541903647131988,12.49721237545933,-9.39923327034127
686000000.0,17.731893788949435,-9.450915107073973,16.732568701335385,-0.30023115388273475,12.484635182233044,-9.351089601936467
687000000.0,17.718933695625026,-9.455455868147709,17.004651447819704,-0.07937250977507845,12.477068661861857,-9.308900458535522
688000000.0,17.705980151713913,-9.45997441533109,17.301090465592118,0.1267698134502843,12.471349383756131,-9.26586226023325
689000000.0,17.693033193330283,-9.464470794818011,17.627919521330053,0.3227799591120683,12.471855780024775,-9.22137050484171
690000000.0,17.680092856390655,-9.468945052810737,17.972198870396625,0.5031541805004607,12.474616229611598,-9.179512452599928
691000000.0,17.667159176614348,-9.473397235519203,18.348687480725957,0.6549493673310062,12.481725574670218,-9.141227269318167
692000000.0,17.65423218952392,-9.477827389160323,18.750600358166963,0.7866265231681818,12.491989820937798,-9.106707972939416
693000000.0,17.641311930445642,-9.482235559957292,19.180298083553105,0.8883872847328158,12.502189523107104,-9.067360196115017
694000000.0,17.628398434509954,-9.48662179413891,19.624577318683894,0.9430778240629978,12.517059314403284,-9.037369531645227
695000000.0,17.615491736651936,-9.490986137938895,20.08233166912372,0.9671249107016309,12.531632442888437,-9.01171782453841
696000000.0,17.602591871611757,-9.495328637595211,20.547328451711547,0.9485445132651299,12.54688847215629,-8.982397434473349
697000000.0,17.589698873935152,-9.499649339349379,21.01656832192072,0.8854225319327577,12.56473315409678,-8.961500394754413
698000000.0,17.576812777973878,-9.503948289445816,21.490515422419037,0.7826768380613927,12.584779383140653,-8.938948337859157
699000000.0,17.56393361788621,-9.508225534131183,21.953117003399402,0.6380542762816327,12.603136918618393,-8.925420999968543
700000000.0,17.551061427637364,-9.512481119653687,22.415771956719244,0.44723789872465003,12.619491124608238,-8.906531362534544
701000000.0,17.53819624100002,-9.51671509226246,22.854027198511425,0.2107240556467998,12.64031273302548,-8.895433409469115
702000000.0,17.525338091554744,-9.520927498206877,23.27677346157178,-0.0705674235483816,12.65941582397292,-8.885097818186402
703000000.0,17.51248701269051,-9.525118383735919,23.66528634944689,-0.3906952815953071,12.676752898071987,-8.876891512840883
704000000.0,17.499643037605132,-9.529287795097522,24.018505693387322,-0.746674901758769,12.693198953595425,-8.871345132941613
705000000.0,17.486806199305764,-9.533435778537928,24.32660891674258,-1.1347548051017442,12.711889526039595,-8.86930729245274
706000000.0,17.473976530609388,-9.537562380301065,24.59674333664787,-1.534936266441383,12.726007324111245,-8.868186418947763
707000000.0,17.461154064143248,-9.541667646627879,24.816775675449065,-1.9628526622986135,12.738172716463586,-8.865133645500391
708000000.0,17.448338832345375,-9.54575162375573,24.992917072573093,-2.3832046115464496,12.752074790229146,-8.865130417294072
709000000.0,17.43553086746505,-9.54981435791776,25.138470719606655,-2.804014920349688,12.76589809048537,-8.869858200458818
710000000.0,17.422730201563283,-9.55385589534225,25.23621839883383,-3.229342366030499,12.777480126015655,-8.871408294918309
711000000.0,17.40993686651329,-9.557876282252023,25.308865826346217,-3.6414562183256574,12.785958655128951,-8.877141919986292
712000000.0,17.397150894001005,-9.561875564863811,25.339175201717946,-4.050414884182305,12.794042195050887,-8.882724662253569
713000000.0,17.384372315525525,-9.565853789387653,25.351201550696512,-4.445312967395064,12.802527102199049,-8.883657512053478
714000000.0,17.371601162399624,-9.569811002026277,25.32894601071107,-4.828616607879304,12.809164804410479,-8.888216855548494
715000000.0,17.35883746575024,-9.573747248974502,25.28433661250577,-5.19101703215076,12.817053352327324,-8.89617341667451
716000000.0,17.346081256518943,-9.577662576418634,25.212490383712204,-5.545729025943628,12.819568524819811,-8.902063711554836
717000000.0,17.333332565462438,-9.58155703053586,25.131089777238916,-5.8717733765852875,12.822975739320755,-8.909331490005643
718000000.0,17.320591423153058,-9.585430657493667,25.02137571211451,-6.191271940039895,12.828238447117094,-8.915060193668028
719000000.0,17.307857859979244,-9.58928350344925,24.902832420464463,-6.482195863295099,12.832278225014983,-8.92203023794426
720000000.0,17.295131906146043,-9.59311561454891,24.772633045323442,-6.754072792112808,12.830796482700736,-8.93269621090749
721000000.0,17.2824135916756,-9.596927036927495,24.630988581558814,-7.013028421382116,12.83106603767857,-8.935826459907075
722000000.0,17.269702946407644,-9.600717816707798,24.484574353705042,-7.2507373215958815,12.83476981046552,-8.942434912717331
723000000.0,17.257,-9.604487999999998,24.331239497882223,-7.471665533265888,12.830575253017653,-8.952878825412174
724000000.0,17.244304781929067,-9.608237632901082,24.17718835833721,-7.678764236965437,12.828060299049358,-8.958710779971547
725000000.0,17.231617321490308,-9.611966761494266,24.013913732553018,-7.863033630181405,12.827234465853511,-8.969245996743945
726000000.0,17.21893764779878,-9.615675431848459,23.84994213659567,-8.03725170046793,12.825929581853265,-8.975053476472901
727000000.0,17.206265789789583,-9.619363690017662,23.686436995234246,-8.195766201627732,12.822372010156114,-8.983417660349245
728000000.0,17.193601776218408,-9.623031582040458,23.5228741507927,-8.333115942356622,12.817144892658554,-8.990204957679795
729000000.0,17.180945635662,-9.626679153939417,23.372068733156116,-8.465720264994971,12.814236616457418,-8.999407474868503
730000000.0,17.168297396518664,-9.630306451720564,23.21048439564024,-8.590284103042691,12.806989309342944,-9.003820559784014
731000000.0,17.155657087008773,-9.633913521372836,23.05914460047212,-8.691299733284035,12.801385780180127,-9.008815818141134
732000000.0,17.143024735175278,-9.637500408867533,22.904751363091396,-8.794354436910846,12.797236116631733,-9.015739184666119
733000000.0,17.130400368884178,-9.641067160157782,22.76176688589218,-8.883243455321523,12.792267914485961,-9.022301740369848
734000000.0,17.117784015825052,-9.644613821177996,22.614555760929335,-8.966374065616868,12.784627877987731,-9.031912485730535
735000000.0,17.105175703511552,-9.64814043784335,22.47525389566878,-9.03806561241402,12.780299834625048,-9.037177418416409
736000000.0,17.0925754592819,-9.65164705604925,22.342188889646405,-9.107942129182677,12.772995063673106,-9.042809748900082
737000000.0,17.079983310299397,-9.655133721670804,22.210125685585048,-9.169796500085388,12.766282292511576,-9.049611709895075
738000000.0,17.067399283552927,-9.658600480562303,22.08335442038246,-9.23428695600305,12.757509220237598,-9.057220167471728
739000000.0,17.054823405857462,-9.662047378556707,21.962977534485372,-9.285794756368889,12.75106026801779,-9.062948921799657
740000000.0,17.042255703854572,-9.665474461465127,21.838702676301402,-9.342952041843226,12.745181095647595,-9.067216323390435
741000000.0,17.029696204012918,-9.668881775076319,21.723431861712164,-9.391629432431678,12.734982646857219,-9.075499160501277
742000000.0,17.017144932628764,-9.672269365156163,21.600945413843363,-9.431457192135516,12.726354780098713,-9.079167828632714
743000000.0,17.0046019158265,-9.675637277447185,21.4892750362937,-9.471073471927058,12.718507741870148,-9.085668279098963
744000000.0,16.992067179559115,-9.678985557668032,21.374116126631186,-9.509444108792229,12.710716613782843,-9.089903658532148
745000000.0,16.979540749608745,-9.68231425151298,21.2665408162703,-9.542894800844032,12.702129004545208,-9.09281632150564
746000000.0,16.967022651587147,-9.685623404651464,21.15868664102194,-9.568685959827704,12.69198143704567,-9.10246934189554
747000000.0,16.954512910936224,-9.68891306272755,21.05226584892094,-9.593221857770667,12.683860171886778,-9.107081763179433
748000000.0,16.942011552928538,-9.692183271359486,20.952434027353814,-9.611762840003035,12.675346951517481,-9.111060891728092
749000000.0,16.92951860266779,-9.695434076139188,20.85652198896148,-9.63576566995725,12.663538426435741,-9.115204005737082
750000000.0,16.917034085089384,-9.69866552263178,20.7571671998971,-9.653273751806953,12.654059273443021,-9.122561289724729
751000000.0,16.904558024960874,-9.701877656375121,20.66790888150066,-9.665206473170313,12.644294657113022,-9.123387914807433
752000000.0,16.892090446882527,-9.705070522879314,20.575455647838247,-9.679511693044372,12.635247611843234,-9.13128407770927
753000000.0,16.879631375287794,-9.708244167626253,20.491574889354048,-9.687363138331074,12.624040009699668,-9.133715939660254
754000000.0,16.867180834443843,-9.711398636069145,20.407373386493664,-9.700694680028793,12.61665119752641,-9.139514296947544
755000000.0,16.854738848452065,-9.714533973632063,20.32911040022498,-9.715730522947984,12.604073730592981,-9.143317459436936
756000000.0,16.842305441248588,-9.717650225709475,20.24553675708877,-9.723278603768067,12.593574908412425,-9.146766219450404
757000000.0,16.829880636604777,-9.720747437665784,20.166677428587807,-9.735047184177544,12.58519590598919,-9.150115711396346
758000000.0,16.817464458127752,-9.723825654834894,20.08987912657075,-9.740702113445295,12.573651920332166,-9.155920608583196
759000000.0,16.80505692926091,-9.72688492251974,20.011266225695504,-9.746054805167807,12.565153107422043,-9.157488297267726
760000000.0,16.792658073284418,-9.729925285991866,19.940206034957804,-9.748028559106473,12.555249279292418,-9.16223614864305
761000000.0,16.780267913315747,-9.732946790490958,19.86609581124843,-9.758296751959085,12.545046727394443,-9.16829581772196
762000000.0,16.76788647231016,-9.73594948122442,19.792917585963067,-9.764296835244123,12.53251389073024,-9.167607914390334
763000000.0,16.755513773061235,-9.738933403366932,19.72386803211037,-9.760549246009353,12.522777256298786,-9.172710278127587
764000000.0,16.743149838201393,-9.741898602060024,19.655583692359965,-9.763705289227575,12.509327322758434,-9.176825876232428
765000000.0,16.73079469020238,-9.74484512241164,19.588799683861854,-9.76593321327962,12.501603050019755,-9.178691075497813
766000000.0,16.71844835137581,-9.747773009495717,19.52698934813194,-9.772911320078753,12.491057181150628,-9.183362599348131
767000000.0,16.706110843873656,-9.750682308351756,19.458746010552687,-9.770799760312581,12.478809531417372,-9.186521374979826
768000000.0,16.69378218968877,-9.753573063984414,19.397078992827776,-9.767432670781526,12.469135497676362,-9.190059456503548
769000000.0,16.681462410655396,-9.756445321363067,19.330603285027134,-9.766474916843308,12.456802287123635,-9.193279818151042
770000000.0,16.66915152844969,-9.75929912542143,19.26931443870598,-9.767523854267447,12.447294699900933,-9.195311634183861
771000000.0,16.656849564590217,-9.762134521057114,19.207559540494753,-9.763956719457784,12.435486841916168,-9.200539800685693
772000000.0,16.64455654043848,-9.76495155313123,19.1462951927516,-9.761475711623058,12.424541723849075,-9.202973268635576
773000000.0,16.632272477199418,-9.767750266468,19.089602533580294,-9.75711545764412,12.41544367243698,-9.205128382187986
774000000.0,16.619997395921935,-9.770530705854332,19.031242774024957,-9.74914311015536,12.401870752030034,-9.210290647112636
775000000.0,16.6077313174994,-9.773292916039455,18.97631234861176,-9.741027995393132,12.392471010046425,-9.209872068325462
776000000.0,16.595474262670166,-9.776036941734489,18.923705917423355,-9.731602120367315,12.375990706723224,-9.215019454477767
777000000.0,16.58322625201807,-9.778762827612073,18.871300448114248,-9.723262051576844,12.366652399906055,-9.2149460431045
778000000.0,16.570987305972974,-9.781470618305988,18.816844413441604,-9.715634338892398,12.356260719949965,-9.217321859097781
779000000.0,16.55875744481124,-9.784160358410741,18.769414220468885,-9.709389805850565,12.34661649386926,-9.21971549861714
780000000.0,16.54653668865628,-9.786832092481218,18.7195869354522,-9.700391734505013,12.331034020615768,-9.223299596954503
781000000.0,16.53432505747903,-9.789485865032285,18.671280620974986,-9.692195969950616,12.317769594935662,-9.227321576181541
782000000.0,16.522122571098507,-9.792121720538415,18.62462949271142,-9.680195074839691,12.309221493922692,-9.225551409187036
783000000.0,16.509929249182274,-9.79473970343332,18.581639616808452,-9.670282160112357,12.297098610444648,-9.23011562614481
784000000.0,16.49774511124698,-9.797339858109577,18.533247275202996,-9.66319751848071,12.285559857289075,-9.232451011095156
785000000.0,16.485570176658875,-9.799922228918275,18.490967826901933,-9.649463717149755,12.273271970474648,-9.232399203341119
786000000.0,16.473404464634296,-9.802486860168626,18.4470870518204,-9.640696581478121,12.262632212294296,-9.235996712561423
787000000.0,16.4612479942402,-9.805033796127633,18.408077782817987,-9.627040899933103,12.24893911836959,-9.239321156163264
788000000.0,16.449100784394677,-9.807563081019715,18.36950133248085,-9.619256376581433,12.239071407816054,-9.241746097086724
789000000.0,16.436962853867435,-9.810074759026355,18.33698791715481,-9.609692523533798,12.225849516105006,-9.241195907146567
790000000.0,16.424834221280342,-9.812568874285759,18.290441269394925,-9.598232723659937,12.214511653213963,-9.244358736631865
791000000.0,16.412714905107922,-9.815045470892494,18.264516989860027,-9.584258282946912,12.202249498862168,-9.243119275949242
792000000.0,16.400604923677857,-9.81750459289716,18.2272476115742,-9.577740661692655,12.191274122648032,-9.2450180909603
793000000.0,16.388504295171504,-9.819946284306019,18.194425039942264,-9.56954885255458,12.180236509096282,-9.248114771376743
794000000.0,16.376413037624413,-9.82237058908069,18.15951457128192,-9.56025980841581,12.168954647886492,-9.24833559196608
795000000.0,16.364331168926824,-9.824777551137787,18.127575844728042,-9.557084885643327,12.156574832129175,-9.248613739948942
796000000.0,16.352258706824184,-9.827167214348599,18.099089660985523,-9.548682569515197,12.146347704810038,-9.248862190400805
797000000.0,16.340195668917644,-9.829539622538759,18.06380803354385,-9.53520132601278,12.130850934263682,-9.251116627232319
798000000.0,16.32814207266458,-9.8318948194879,18.037203073641976,-9.527748401019275,12.120833751962332,-9.252909963761725
799000000.0,16.316097935379094,-9.834232848929354,18.008938267792274,-9.52526557324712,12.109660935710103,-9.253901094269617
800000000.0,16.304063274232522,-9.836553754549811,17.986563228036406,-9.5144174176105,12.098753848573647,-9.254449078592845
801000000.0,16.292038106253944,-9.83885757998901,17.957614837183446,-9.513997774715238,12.088690152923576,-9.254255902911174
802000000.0,16.280022448330683,-9.841144368839428,17.935868758672928,-9.507216695519297,12.076843638760307,-9.255730706995317
803000000.0,16.268016317208826,-9.843414164645942,17.909882414489953,-9.504791070875287,12.067293222013348,-9.25756569861978
804000000.0,16.256019729493715,-9.845667010905546,17.890764997606293,-9.506066869027425,12.054738352739914,-9.255492819889833
805000000.0,16.24403270165046,-9.847902951067033,17.86138380527028,-9.511040520356728,12.044596973737669,-9.256292669747495
806000000.0,16.232055250004432,-9.850122028530677,17.83825069811403,-9.506382309953196,12.032670170432745,-9.255945735375864
807000000.0,16.220087390741803,-9.852324286647962,17.817474321179706,-9.511069395262352,12.022761668608455,-9.254562028070099
808000000.0,16.20812913991,-9.854509768721243,17.787669329794795,-9.513728994110307,12.012408509856272,-9.253879001595111
809000000.0,16.19618051341824,-9.856678518003482,17.759907813982384,-9.51775742494129,12.003105900157774,-9.257417038173193
810000000.0,16.184241527038044,-9.85883057769794,17.736202180483627,-9.524449153158491,11.989393996377395,-9.257705572349954
811000000.0,16.172312196403695,-9.860965990957878,17.70860181180018,-9.533757873015713,11.979936050545374,-9.254833126530912
812000000.0,16.160392537012793,-9.863084800886293,17.679216861799492,-9.53704926681886,11.967967778962613,-9.257469056218959
813000000.0,16.14848256422672,-9.865187050535603,17.647854529635165,-9.540890062118297,11.957620434881587,-9.258496073012916
814000000.0,16.136582293271154,-9.867272782907381,17.620907334175097,-9.545231445456754,11.947037780924386,-9.258308467183562
815000000.0,16.12469173923657,-9.86934204095208,17.586372663050504,-9.552823759145811,11.936097646584914,-9.258604949781503
816000000.0,16.11281091707875,-9.871394867568732,17.558126726310157,-9.55428172532149,11.925341013517212,-9.258803427148443
817000000.0,16.100939841619255,-9.8734313056047,17.52350263467086,-9.559037779564646,11.918752132252866,-9.257659265226131
818000000.0,16.08907852754595,-9.875451397855382,17.492175090554518,-9.562133371369876,11.907845762504786,-9.258502564543726
819000000.0,16.0772269894135,-9.87745518706396,17.456349097624443,-9.563285623579164,11.896365684625989,-9.261073316348828
820000000.0,16.06538524164386,-9.879442715921124,17.421654274756026,-9.57003141835299,11.887498005221536,-9.262998789557894
821000000.0,16.05355329852676,-9.881414027064803,17.38974116800465,-9.566727840024706,11.876459083648268,-9.26088851741677
822000000.0,16.041731174220242,-9.883369163079916,17.35632694466091,-9.574709366453186,11.86432733296741,-9.26256418410412
823000000.0,16.029918882751108,-9.885308166498096,17.32596359583447,-9.572462179270476,11.855774682158223,-9.261519321294857
824000000.0,16.01811643801546,-9.887231079797449,17.290070083632507,-9.57215024716868,11.847011038692948,-9.265115193245288
825000000.0,16.00632385377916,-9.889137945402291,17.256438014453455,-9.581746164371559,11.833769636218706,-9.263250715996861
826000000.0,15.994541143678347,-9.891028805682899,17.222837230521765,-9.580613538606325,11.826675982253741,-9.26325595593969
827000000.0,15.982768321219918,-9.89290370295526,17.186974553062868,-9.581325520638558,11.813833160226666,-9.264461618583622
828000000.0,15.97100539978203,-9.894762679480827,17.15150519766333,-9.581631379588362,11.804067057170311,-9.266195450551278
829000000.0,15.959252392614584,-9.896605777466275,17.113341969531522,-9.582435936778904,11.794867316283764,-9.26754672429184
830000000.0,15.947509312839731,-9.898433039063255,17.079298036104912,-9.577929738269198,11.782605106328122,-9.266702887395557
831000000.0,15.93577617345235,-9.900244506368153,17.04969673273249,-9.577234122843771,11.770925256491122,-9.26621796687246
832000000.0,15.92405298732054,-9.902040221421878,17.00839328183806,-9.573546527481419,11.762482194771803,-9.268512513553725
833000000.0,15.912339767186118,-9.903820226209582,16.97631822845697,-9.569515011142347,11.752922700283776,-9.26916763095119
834000000.0,15.900636525665107,-9.905584562660474,16.940093596691536,-9.565878499503851,11.742443321997564,-9.270484413212653
835000000.0,15.888943275248213,-9.907333272647572,16.905635881027713,-9.562821716935378,11.73288890960362,-9.273016647496556
836000000.0,15.877260028301333,-9.909066397987461,16.868254732405216,-9.55496347606976,11.720140273873465,-9.271415646144199
837000000.0,15.865586797066015,-9.9107839804401,16.837628660721247,-9.554604615278954,11.71182005196622,-9.274050502159062
838000000.0,15.853923593659978,-9.912486061708568,16.803804809685676,-9.547423217495547,11.699192007874297,-9.275054918520125
839000000.0,15.842270430077573,-9.914172683438883,16.768117856357918,-9.540313358158881,11.691433956789158,-9.27572496243406
840000000.0,15.83062731819027,-9.915843887219738,16.731175307651196,-9.533012352101876,11.678513954869732,-9.277847084905774
841000000.0,15.818994269747161,-9.917499714582325,16.69836033287947,-9.527049590111604,11.66852396727946,-9.279516892849948
842000000.0,15.807371296375425,-9.91914020700011,16.660215775506906,-9.52106926565809,11.656651419216315,-9.280039142997973
843000000.0,15.79575840958081,-9.920765405888611,16.62969066364098,-9.511560793003762,11.648073453822938,-9.281243186496694
844000000.0,15.784155620748134,-9.922375352605213,16.593167384057605,-9.49992231996731,11.63847906738189,-9.282339999708523
845000000.0,15.772562941141754,-9.92397008844894,16.556838745671364,-9.490995393722855,11.623742190030395,-9.283957574627749
846000000.0,15.76098038190603,-9.925549654660271,16.528012569663236,-9.481270370856343,11.616627003068189,-9.28450357180819
847000000.0,15.749407954065848,-9.927114092420927,16.497908997104144,-9.474386720852356,11.604259237855947,-9.285122501666924
848000000.0,15.737845668527058,-9.928663442853676,16.462417292405277,-9.46047324403031,11.594515270803754,-9.284868971407889
849000000.0,15.72629353607697,-9.930197747022145,16.429139825887678,-9.44938664660702,11.585135551822193,-9.284132744548089
850000000.0,15.714751567384834,-9.931717045930611,16.394004131824396,-9.437155214195153,11.573302599485727,-9.287575293337458
851000000.0,15.70321977300231,-9.933221380523824,16.36428713963334,-9.42329469439252,11.561824223850728,-9.287818604844096
852000000.0,15.691698163363945,-9.934710791686806,16.338099133689184,-9.411825507224574,11.550136735988039,-9.287548563645743
853000000.0,15.680186748787651,-9.936185320244673,16.305104099888066,-9.398880463645332,11.541232607558264,-9.287930423965609
854000000.0,15.668685539475177,-9.937645006962448,16.27298381171909,-9.382090366245894,11.531859547456241,-9.289596258313674
855000000.0,15.657194545512585,-9.939089892544875,16.247023026936795,-9.37120652467315,11.518602079884666,-9.28917128713362
856000000.0,15.645713776870725,-9.940520017636244,16.219096717411563,-9.352058561966855,11.50980659627728,-9.288751639314706
857000000.0,15.634243243405692,-9.941935422820206,16.18862474128607,-9.339897977531125,11.500003348440076,-9.290459718472423
858000000.0,15.622782954859318,-9.943336148619599,16.160800676823705,-9.322878943872542,11.484967089554946,-9.289894104340158
859000000.0,15.611332920859635,-9.944722235496291,16.139246088998423,-9.310308070996438,11.476654931525394,-9.290753661267122
860000000.0,15.599893150921329,-9.946093723850977,16.10831350500143,-9.296566682951937,11.464697360927202,-9.291354355708894
861000000.0,15.588463654446233,-9.947450654023033,16.085564353323736,-9.278654240511223,11.453899351397792,-9.29173670701923
862000000.0,15.577044440723778,-9.948793066290348,16.06038001364675,-9.26471507222796,11.442721967434764,-9.28930954943322
863000000.0,15.565635518931465,-9.950121000869142,16.037676912220928,-9.243368142465608,11.429691212522078,-9.293368839531414
864000000.0,15.554236898135333,-9.951434497913825,16.01520423576797,-9.227079463469689,11.423791519023956,-9.292830649066296
865000000.0,15.542848587290415,-9.952733597516811,15.992864064938196,-9.2130569976811,11.411011447283892,-9.288421864769525
866000000.0,15.531470595241217,-9.954018339708394,15.970812947025596,-9.191427557307199,11.399832914113404,-9.291827162265191
867000000.0,15.520102930722167,-9.955288764456556,15.954516840274541,-9.176505695185378,11.389504301900002,-9.289106079658092
868000000.0,15.508745602358086,-9.956544911666823,15.936016646633174,-9.15377802059149,11.377885242727423,-9.292488278795359
869000000.0,15.49739861866465,-9.957786821182136,15.915758181313919,-9.132543038088064,11.364163428427583,-9.292440729827199
870000000.0,15.486061988048839,-9.959014532782666,15.902759552700068,-9.119899696476402,11.354810565730627,-9.287500193327382
871000000.0,15.474735718809413,-9.960228086185682,15.89189711792116,-9.098592539188418,11.340257624207789,-9.285317464912612
872000000.0,15.463419819137354,-9.961427521045405,15.874898092207003,-9.089523392673199,11.331537892084151,-9.285484788363192
873000000.0,15.452114297116339,-9.962612876952866,15.862232030035152,-9.070250597031276,11.320111708839002,-9.284663641615632
874000000.0,15.440819160723187,-9.963784193435753,15.856418390673836,-9.048978782705605,11.307659119805432,-9.28407267043815
875000000.0,15.429534417828325,-9.964941509958283,15.844450371191673,-9.036184951565643,11.296237612006976,-9.283409662455997
876000000.0,15.418260076196226,-9.96608486592105,15.835761454406091,-9.026787440247448,11.287876398793545,-9.280366984410994
877000000.0,15.406996143485877,-9.967214300660906,15.834396928630547,-9.010633649344948,11.27397046438182,-9.282253575142251
878000000.0,15.395742627251234,-9.968329853450811,15.821868186894543,-9.00202215748391,11.264403528073421,-9.280329049088857
879000000.0,15.384499534941657,-9.969431563499707,15.81810970697901,-8.984659303402069,11.252336610850257,-9.277564720534864
880000000.0,15.373266873902388,-9.970519469952386,15.811413211398932,-8.981394216519238,11.242056222642006,-9.27467557243917
881000000.0,15.362044651374969,-9.971593611889364,15.813525629719472,-8.975363780485718,11.234681889594386,-9.27193890707041
882000000.0,15.350832874497723,-9.972654028326753,15.807999922456956,-8.97005288678754,11.223499511058433,-9.271690360763637
883000000.0,15.339631550306176,-9.973700758216134,15.802706942129527,-8.966378289551733,11.21338603968477,-9.268446087484463
884000000.0,15.328440685733526,-9.974733840444436,15.80157404486001,-8.96904566327301,11.201962045574888,-9.267248777882351
885000000.0,15.31726028761107,-9.975753313833815,15.79672682645627,-8.97035064089235,11.193443301435282,-9.266448451993126
886000000.0,15.306090362668673,-9.97675921714154,15.794388592663225,-8.974482811489963,11.184027815821747,-9.262418611091022
887000000.0,15.294930917535176,-9.977751589059855,15.78502722141231,-8.983070554575296,11.175019195427328,-9.25956890493166
888000000.0,15.283781958738881,-9.978730468215899,15.778391795765492,-8.980929333031247,11.165172757650195,-9.260679055968122
889000000.0,15.27264349270797,-9.979695893171561,15.771122338668349,-8.989841472940812,11.156152234465043,-9.258700461183622
890000000.0,15.261515525770946,-9.980647902423382,15.765455874491114,-9.00177634373285,11.148345358061155,-9.256238009017732
891000000.0,15.250398064157078,-9.981586534402446,15.752651165107242,-9.00936464004806,11.138979177992248,-9.254749074030912
892000000.0,15.239291113996845,-9.982511827474259,15.738444283497763,-9.02040302042086,11.126980488684424,-9.25498359460888
893000000.0,15.228194681322375,-9.98342381993867,15.726238232526057,-9.03606534345309,11.123093685248879,-9.252139873640054
894000000.0,15.21710877206786,-9.98432255002974,15.713115460085346,-9.04233486048817,11.110971842283616,-9.24995782369892
895000000.0,15.206033392070026,-9.985208055915637,15.690529897084053,-9.053939472886325,11.104193771675082,-9.25153067433539
896000000.0,15.194968547068552,-9.98608037569857,15.669915608826557,-9.071598291298393,11.095315942422552,-9.247742314711168
897000000.0,15.183914242706493,-9.98693954741465,15.653922421109641,-9.077898297131332,11.087538750542224,-9.247951929806659
898000000.0,15.17287048453074,-9.987785609033821,15.629458254711304,-9.086531757382328,11.078017672703211,-9.246381861618413
899000000.0,15.161837277992426,-9.98861859845974,15.604036234764484,-9.098294697457908,11.069537535433508,-9.24718581922503
900000000.0,15.150814628447371,-9.989438553529702,15.580368800016908,-9.10827876474816,11.06106119557696,-9.24680003443497
901000000.0,15.139802541156527,-9.990245512014553,15.555619637668725,-9.11694815259992,11.052241976550434,-9.245004675055144
902000000.0,15.128801021286364,-9.991039511618567,15.53023188227695,-9.129433322019814,11.045584868849582,-9.244063106549735
903000000.0,15.117810073909343,-9.991820589979396,15.504807965647945,-9.1343348386799,11.035409004918133,-9.240972329360039
904000000.0,15.106829704004323,-9.992588784667955,15.471542547684123,-9.141930863583683,11.02656316219235,-9.243130776173897
905000000.0,15.095859916456991,-9.993344133188357,15.440603306443435,-9.146301703040432,11.018069467254149,-9.242344994323464
906000000.0,15.084900716060275,-9.99408667297781,15.41449628131934,-9.15338656949652,11.010906600275677,-9.243663193279046
907000000.0,15.073952107514792,-9.994816441406549,15.384236177014053,-9.161109103642595,11.002076389847893,-9.24171093998888
908000000.0,15.063014095429253,-9.995533475777759,15.349022736292161,-9.16342913277805,10.99326540610379,-9.240964903235097
909000000.0,15.052086684320884,-9.99623781332747,15.32016977612479,-9.16962410853883,10.98262781488968,-9.241836125585726
910000000.0,15.041169878615861,-9.996929491224517,15.289216779293039,-9.166305672383332,10.974187739531574,-9.244770378737527
911000000.0,15.030263682649725,-9.997608546570437,15.250881278327867,-9.165965799957997,10.964269302176184,-9.24269211715647
912000000.0,15.019368100667787,-9.9982750163994,15.222589855433812,-9.168808912532151,10.95423982750575,-9.243004908042527
913000000.0,15.008483136825568,-9.998928937678157,15.19013664578111,-9.164867591317378,10.946927728751833,-9.24359096900473
914000000.0,14.99760879518919,-9.999570347305934,15.16309559108243,-9.16585503027475,10.938007829295234,-9.244356461923333
915000000.0,14.986745079735819,-10.000199282114394,15.12825651536309,-9.167292801397327,10.927257704315968,-9.24477742235293
916000000.0,14.975891994354068,-10.000815778867556,15.092265510775777,-9.163848033424202,10.919197441874193,-9.244665520083863
917000000.0,14.965049542844394,-10.00141987426173,15.062038613192263,-9.15865269391417,10.91068054129324,-9.244141825821764
918000000.0,14.954217728919538,-10.002011604925453,15.034129508122476,-9.15260209172035,10.901086197020277,-9.243652625416429
919000000.0,14.943396556204927,-10.002591007419424,15.002589741598433,-9.145965402094424,10.890992219464374,-9.242962352581953
920000000.0,14.932586028239069,-10.003158118236454,14.978166033094693,-9.14719848856503,10.883468672518806,-9.241105152781792
921000000.0,14.921786148473984,-10.00371297380139,14.94322356273567,-9.13512005577177,10.872388283593155,-9.24374965052627
922000000.0,14.910996920275604,-10.004255610471064,14.913957028388348,-9.137086497425644,10.863057811447545,-9.244134638246079
923000000.0,14.90021834692417,-10.004786064534239,14.88388841927493,-9.126311460291657,10.855588011707402,-9.242939848849977
924000000.0,14.889450431614655,-10.005304372211555,14.854960120015708,-9.12729455455816,10.845071181408462,-9.245128497702666
925000000.0,14.878693177457155,-10.005810569655464,14.824673224847537,-9.115094996051345,10.834919510758711,-9.244658448213757
926000000.0,14.867946587477306,-10.006304692950193,14.799080691745505,-9.10751547169466,10.824029943036502,-9.24457244541885
927000000.0,14.857210664616673,-10.006786778111676,14.772420376456246,-9.106206753635865,10.8152597073297,-9.243084089747468
928000000.0,14.846485411733166,-10.00725686108753,14.73784286352503,-9.101440429892245,10.80715307513765,-9.244990028821814
929000000.0,14.835770831601423,-10.007714977756972,14.708132587524469,-9.08959774077488,10.795010278360763,-9.244457834111268
930000000.0,14.825066926913227,-10.008161163930808,14.679664787229138,-9.088559897215513,10.788109166037813,-9.245709267204031
931000000.0,14.814373700277887,-10.008595455351362,14.651077124371726,-9.082051424202303,10.778200537415172,-9.244917729018978
932000000.0,14.803691154222658,-10.009017887692446,14.620867157572654,-9.075399107601713,10.770524428139021,-9.244464160665093
933000000.0,14.793019291193115,-10.00942849655931,14.5939082110552,-9.066611612897375,10.760035342062618,-9.2423634657857
934000000.0,14.782358113553563,-10.009827317488615,14.564140113237508,-9.05604498601788,10.749411281407129,-9.246603526936829
935000000.0,14.771707623587417,-10.010214385948377,14.53470779894966,-9.046756575704903,10.740380753053222,-9.24545340329092
936000000.0,14.761067823497612,-10.010589737337929,14.505627778985753,-9.041682137816464,10.730150933617612,-9.24850036776922
937000000.0,14.750438715406982,-10.010953406987905,14.476699716257853,-9.032010641171487,10.7222065715812,-9.243032243846967
938000000.0,14.739820301358655,-10.011305430160187,14.448449118144698,-9.022998480569989,10.71189904444216,-9.244056960674314
939000000.0,14.72921258331645,-10.011645842047866,14.425229608678148,-9.016175522413729,10.70500602807936,-9.244019297973967
940000000.0,14.718615563165237,-10.01197467777523,14.393331429358042,-9.008652989135292,10.694137712113587,-9.243959738254281
941000000.0,14.708029242711365,-10.01229197239771,14.369550123592061,-8.996514289436476,10.68277519597551,-9.242656431425434
942000000.0,14.697453623683025,-10.012597760901876,14.335661028037663,-8.985854980755883,10.675999097753307,-9.24264650770849
943000000.0,14.686888707730631,-10.012892078205379,14.308194239971066,-8.978761492280618,10.663968316487164,-9.244957317434729
944000000.0,14.676334496427224,-10.013174959156947,14.281581469776468,-8.96904256800012,10.655422319568098,-9.245079852764507
945000000.0,14.665790991268828,-10.013446438536352,14.257015542006355,-8.959107705827227,10.647056726857015,-9.244309145621555
946000000.0,14.655258193674857,-10.013706551054373,14.22986724858625,-8.955046206112536,10.638437078110204,-9.244798737910925
947000000.0,14.644736104988489,-10.013955331352799,14.200709770805162,-8.942682329640204,10.629979674401948,-9.242079765464469
948000000.0,14.634224726477026,-10.014192814004376,14.172563435393613,-8.93032164050184,10.620003150326667,-9.243415635719147
949000000.0,14.623724059332304,-10.014419033512818,14.147984262838081,-8.925571767951626,10.61183749494495,-9.242124004645976
950000000.0,14.613234104671044,-10.014634024312752,14.118445759288806,-8.910840490095895,10.600775394646394,-9.243830209167802
951000000.0,14.602754863535253,-10.014837820769735,14.09411754547643,-8.902237112310475,10.590907856028762,-9.243774384592259
952000000.0,14.59228633689257,-10.015030457180215,14.065753923568874,-8.892109118393336,10.582137629189404,-9.2444858031329
953000000.0,14.581828525636666,-10.015211967771517,14.044918360145946,-8.880764893322706,10.570674087389124,-9.24468613366511
954000000.0,14.5713814305876,-10.015382386701836,14.016150936913208,-8.875828219362468,10.56542756232948,-9.243108330592849
955000000.0,14.560945052492205,-10.015541748060224,13.987311864183335,-8.863394267327603,10.554850603461142,-9.2411839666269
956000000.0,14.550519392024444,-10.015690085866565,13.964141088284178,-8.849161303457457,10.5455906109013,-9.243143285614693
957000000.0,14.54010444978579,-10.015827434071577,13.938158217134117,-8.840783181936997,10.535620634146575,-9.241493396992047
958000000.0,14.52970022630559,-10.0159538265568,13.910370937508965,-8.827646426736667,10.527776543669932,-9.241473234295263
959000000.0,14.519306722041431,-10.016069297134576,13.88475235961944,-8.818216376296798,10.51631691567053,-9.242517517895854
960000000.0,14.508923937379521,-10.01617387954807,13.860209572868895,-8.806481015478653,10.5073895886819,-9.240801246808228
961000000.0,14.49855187263502,-10.016267607471216,13.832959027135455,-8.801361204731197,10.498499199859559,-9.241480218783595
962000000.0,14.488190528052453,-10.016350514508773,13.805955076866235,-8.791949450991593,10.489885410783376,-9.24077537130658
963000000.0,14.477839903806018,-10.016422634196262,13.783412691091586,-8.778153864669953,10.479642362063244,-9.241730169837226
964000000.0,14.467500000000001,-10.016484,13.755866868134026,-8.765513235106072,10.469517598049755,-9.241061503201676
965000000.0,14.457170816669091,-10.01653464531709,13.72792755482999,-8.755342761005716,10.46120646391917,-9.241227409589614
966000000.0,14.446852353778784,-10.01657460347542,13.699632358407198,-8.742841019164898,10.451218431104724,-9.239981767230848
967000000.0,14.436544611225688,-10.01660390773365,13.675365624900126,-8.731157009818192,10.44187963822254,-9.24172554001107
968000000.0,14.426247588837928,-10.016622591281237,13.649396260380511,-8.719883207721944,10.432811655067294,-9.240146939810765
969000000.0,14.415961286375481,-10.016630687238425,13.629452323843951,-8.70492223425693,10.420794994333274,-9.241071344427452
970000000.0,14.40568570353054,-10.016628228656248,13.60159885570544,-8.693239224092872,10.412132250043332,-9.241449418612628
971000000.0,14.395420839927848,-10.016615248516535,13.574073158360044,-8.678422896563589,10.401815109508567,-9.241478437421096
972000000.0,14.385166695125076,-10.016591779731922,13.54969213988428,-8.66843524211681,10.393517574641816,-9.239094824888397
973000000.0,14.37492326861316,-10.016557855145853,13.525885839225287,-8.652599393473473,10.384913119776366,-9.238650432918773
974000000.0,14.364690559816655,-10.016513507532594,13.495140985024953,-8.640774868173702,10.376366655878266,-9.241854294854939
975000000.0,14.354468568094084,-10.016458769597234,13.470289568474136,-8.628160743867934,10.368254216308065,-9.239085770970402
976000000.0,14.344257292738295,-10.016393673975701,13.445056390423877,-8.61311319167237,10.356653104674757,-9.239594324467237
977000000.0,14.33405673297679,-10.016318253234775,13.420036521250825,-8.593737253130941,10.348347064154483,-9.241217275118693
978000000.0,14.323866887972084,-10.016232539872094,13.396526970121633,-8.58636620711651,10.336926631695473,-9.23870915362115
979000000.0,14.313687756822059,-10.016136566316177,13.367246428715914,-8.570111360404884,10.330210687228949,-9.240296902605031
980000000.0,14.303519338560278,-10.016030364926424,13.344199350403956,-8.557026685669467,10.320995321783291,-9.23856181557136
981000000.0,14.293361632156358,-10.015913967993141,13.322145840781038,-8.54039104130813,10.309749890258116,-9.241393488293726
982000000.0,14.283214636516302,-10.01578740773756,13.29371452044332,-8.531132250424744,10.302023083494243,-9.239874054947292
983000000.0,14.273078350482834,-10.01565071631185,13.27053366785191,-8.51771826979606,10.29102638194403,-9.240052692992055
984000000.0,14.262952772835742,-10.015503925799138,13.250701395606907,-8.500747303223195,10.28195877906553,-9.2397789708664
985000000.0,14.25283790229221,-10.015347068213513,13.226264129938142,-8.486501626722717,10.272317221131848,-9.239387653226942
986000000.0,14.24273373750718,-10.015180175500081,13.201673476507516,-8.467332415709675,10.263915413956967,-9.23901705796504
987000000.0,14.232640277073653,-10.015003279534955,13.179510668427065,-8.455778589978994,10.254753111550853,-9.239109861860872
988000000.0,14.22255751952305,-10.014816412125283,13.152497614689706,-8.441198149196088,10.246558309329307,-9.235642092370357
989000000.0,14.212485463325535,-10.014619605009289,13.130348866142723,-8.426852960424323,10.236997591679948,-9.236916889020733
990000000.0,14.202424106890348,-10.01441288985627,13.104986450208227,-8.415071352858241,10.227456616308357,-9.237893359223543
991000000.0,14.19237344856614,-10.014196298266643,13.078055291506852,-8.393351612408011,10.217301180552079,-9.236611111800995
992000000.0,14.182333486641305,-10.013969861771963,13.058699006513576,-8.378697651075965,10.207293223636066,-9.237802958401875
993000000.0,14.172304219344294,-10.013733611834944,13.03420167016886,-8.364603258959932,10.19998618636989,-9.237272074044695
994000000.0,14.162285644843983,-10.0134875798495,13.009369084459712,-8.347070839629403,10.18952918808389,-9.236580324928555
995000000.0,14.152277761249945,-10.013231797140762,12.987670173732047,-8.329981947940098,10.181828957198709,-9.23703694341968
996000000.0,14.142280566612815,-10.012966294965109,12.964590575108353,-8.317062712713602,10.172293851644028,-9.235888703353252
997000000.0,14.13229405892461,-10.012691104510205,12.94113566979384,-8.302150455214363,10.162624284095703,-9.23587938764127
998000000.0,14.122318236119046,-10.012406256895028,12.91552062379127,-8.287724755795953,10.153657171690792,-9.23625232542223
999000000.0,14.112353096071857,-10.012111783169901,12.890808870520345,-8.273813445119258,10.14581712595656,-9.23585370567025
1000000000.0,14.102398636601123,-10.011807714316518,12.870810047068202,-8.253113465277817,10.135217633367578,-9.236248284038597
1001000000.0,14.092454855467594,-10.011494081247989,12.848722006782461,-8.236764841461259,10.125552167814522,-9.232771455107727
1002000000.0,14.082521750375008,-10.011170914808877,12.824580756885247,-8.22467588400367,10.117156399132583,-9.234444048317373
1003000000.0,14.072599318970397,-10.010838245775215,12.801145904966303,-8.20234909373794,10.107146757818883,-9.23468272199186
1004000000.0,14.06268755884442,-10.010496104854562,12.776138545076895,-8.186355194362072,10.099437983874834,-9.233242164444443
1005000000.0,14.052786467531678,-10.010144522686033,12.756614925200328,-8.16849303145188,10.088891062621595,-9.233169919154399
1006000000.0,14.042896042511021,-10.009783529840337,12.729788136532608,-8.152797099222836,10.079953774511196,-9.233596647184616
1007000000.0,14.03301628120586,-10.009413156819813,12.713443805945102,-8.139360051174597,10.072294966311475,-9.232899841826654
1008000000.0,14.023147180984498,-10.009033434058479,12.689450370491087,-8.121062313187572,10.062469587438382,-9.23318479935349
1009000000.0,14.01328873916042,-10.008644391922058,12.66662297536185,-8.104093352112121,10.054739989066158,-9.23102958751659
1010000000.0,14.003440952992623,-10.008246060708036,12.64125330806324,-8.085062859828263,10.045062401955567,-9.23337966680436
1011000000.0,13.993603819685902,-10.00783847064569,12.62098910975108,-8.066977017350268,10.035730005567471,-9.23364582472175
1012000000.0,13.983777336391189,-10.007421651896143,12.60104417000361,-8.048206806901739,10.024820819729687,-9.232808023057874
1013000000.0,13.973961500205835,-10.006995634552396,12.577041177676968,-8.034049967111642,10.017088736298568,-9.232013089634158
1014000000.0,13.964156308173933,-10.006560448639384,12.554204656624107,-8.014049183726131,10.006968875345793,-9.233173275727907
1015000000.0,13.954361757286605,-10.006116124114007,12.533456698395568,-7.996725133363577,9.998304978739396,-9.230743767532656
1016000000.0,13.944577844482332,-10.005662690865194,12.510778822767783,-7.975457165189997,9.99086586193763,-9.229047836995058
1017000000.0,13.93480456664723,-10.005200178713935,12.488792115066163,-7.961900200355629,9.980836731413875,-9.231066526817191
1018000000.0,13.925041920615378,-10.004728617413335,12.465081884856568,-7.939212935234141,9.970184355323177,-9.227847015610811
1019000000.0,13.9152899031691,-10.004248036648665,12.44158146876413,-7.9205789433201,9.962033770562524,-9.22886015288942
1020000000.0,13.905548511039267,-10.003758466037398,12.421510263892776,-7.89942187195461,9.95321915230082,-9.22685703488065
1021000000.0,13.89581774090561,-10.00325993512928,12.399971310193918,-7.884729477528722,9.9414149738918,-9.227341570842682
1022000000.0,13.886097589396993,-10.002752473406359,12.376715769955272,-7.859159667480052,9.934405744548743,-9.226720181527556
1023000000.0,13.876388053091748,-10.002236110283048,12.358348196583252,-7.839157709899822,9.924399665520063,-9.225514580142216
1024000000.0,13.866689128517923,-10.001710875106177,12.334693930725864,-7.8234252353395455,9.918133456897287,-9.22394340947155
1025000000.0,13.857000812153618,-10.00117679715504,12.311289520262536,-7.801328716834931,9.906987071285535,-9.223206971763918
1026000000.0,13.847323100427253,-10.000633905641452,12.29450400262222,-7.784113402179822,9.897910256363685,-9.222848276179795
1027000000.0,13.837655989717874,-10.000082229709808,12.269433578317544,-7.765386274225964,9.88903294893539,-9.222932377892388
1028000000.0,13.827999476355433,-9.999521798437122,12.249738976958245,-7.745294327807601,9.88227187144267,-9.223458781719636
1029000000.0,13.818353556621098,-9.998952640833103,12.22935765421876,-7.722302753501746,9.871769297211197,-9.221775158982844
1030000000.0,13.808718226747516,-9.998374785840188,12.202367067199148,-7.6990228899052955,9.862001742068522,-9.220648457065042
1031000000.0,13.799093482919123,-9.997788262333625,12.182329280639275,-7.684930814118397,9.85279367437985,-9.220998139015403
1032000000.0,13.789479321272413,-9.997193099121505,12.163017989662098,-7.658513826367141,9.845731871176248,-9.218423429673745
1033000000.0,13.779875737896248,-9.996589324944837,12.139540501763001,-7.640894465146186,9.835081718094813,-9.218102552935045
1034000000.0,13.770282728832118,-9.995976968477605,12.118352935665092,-7.615743592804087,9.82595155027215,-9.218046034130895
1035000000.0,13.760700290074439,-9.995356058326808,12.094914843283128,-7.59839337319568,9.81510448295483,-9.220351706774759
1036000000.0,13.751128417570829,-9.994726623032552,12.07644922231959,-7.576141986294409,9.805549615090435,-9.216214580526758
1037000000.0,13.741567107222405,-9.994088691068084,12.056149206379843,-7.54782467189419,9.79664422584407,-9.217340516717197
1038000000.0,13.732016354884042,-9.993442290839871,12.038092599849044,-7.527619273141917,9.788870606534894,-9.214899203066176
1039000000.0,13.722476156364667,-9.992787450687645,12.010951917500222,-7.499036824072423,9.778613136867282,-9.214012367372876
1040000000.0,13.712946507427535,-9.992124198884477,11.990238835594699,-7.479643795564772,9.76806743177167,-9.21300155533607
1041000000.0,13.703427403790506,-9.991452563636843,11.965294173154954,-7.456740175286048,9.760557825538244,-9.212982451059764
1042000000.0,13.693918841126319,-9.990772573084671,11.950607993010731,-7.42913043079655,9.748728296245112,-9.21036188030491
1043000000.0,13.684420815062875,-9.99008425530143,11.924294625066189,-7.409654767698213,9.741569878926912,-9.211226916253413
1044000000.0,13.674933321183499,-9.989387638294165,11.903220470626245,-7.384569446125982,9.730094495182113,-9.210011105297207
1045000000.0,13.665456355027231,-9.988682750003587,11.885338699838375,-7.358943883743833,9.721194766808644,-9.209192916334864
1046000000.0,13.655989912089087,-9.987969618304133,11.862288222926137,-7.329889188370808,9.712942819001675,-9.206877277807179
1047000000.0,13.64653398782032,-9.98724827100402,11.837819153530685,-7.304817949300003,9.702825535508948,-9.207085922169624
1048000000.0,13.637088577628724,-9.986518735845333,11.823848229429734,-7.280556974975349,9.692006164443496,-9.203734904311919
1049000000.0,13.627653676878865,-9.985781040504078,11.799287613179125,-7.251729315945138,9.6822782362017,-9.203776695579455
1050000000.0,13.618229280892375,-9.98503521259024,11.778149805833646,-7.2280907435218,9.675059886035786,-9.20265109361539
1051000000.0,13.608815384948208,-9.984281279647888,11.757509675638206,-7.202467205957395,9.663327577258364,-9.200436211846194
1052000000.0,13.59941198428291,-9.983519269155206,11.731726725624071,-7.173055780659088,9.65403888597326,-9.199959498276298
1053000000.0,13.590019074090886,-9.982749208524586,11.712345532149193,-7.1448820661307195,9.646087271898764,-9.198641425519883
1054000000.0,13.580636649524656,-9.981971125102685,11.698022159026156,-7.116655660878116,9.63514724587792,-9.197414763641062
1055000000.0,13.571264705695139,-9.98118504617051,11.673451627730065,-7.0950534220544075,9.624209491970616,-9.19454206232385
1056000000.0,13.561903237671881,-9.980390998943474,11.649236094936754,-7.066819866083935,9.615269582717861,-9.195424117182247
1057000000.0,13.552552240483354,-9.979589010571475,11.633794977985408,-7.031465412365484,9.604315925004578,-9.192146607271592
1058000000.0,13.54321170911718,-9.97877910813898,11.611739016652344,-7.00007645207445,9.595274807590814,-9.191444477710752
1059000000.0,13.533881638520427,-9.977961318665072,11.589686844617148,-6.97526420703354,9.586179086632047,-9.189476974936216
1060000000.0,13.524562023599831,-9.977135669103548,11.572684501041179,-6.941644422595215,9.572858661946283,-9.187932689427884
1061000000.0,13.515252859222091,-9.976302186342984,11.54734217932392,-6.909700923549829,9.563661213373758,-9.18905239003145
1062000000.0,13.505954140214087,-9.975460897206803,11.528574524790676,-6.880684726531088,9.555672961351336,-9.186112447193999
1063000000.0,13.496665861363155,-9.974611828453357,11.507519970623243,-6.847709748481186,9.544771518531403,-9.182910109944146
1064000000.0,13.48738801741736,-9.973755006776003,11.490460127275757,-6.816631240163722,9.532741690163633,-9.182892559135496
1065000000.0,13.4781206030857,-9.972890458803183,11.469502142366688,-6.784098080003258,9.523400941488948,-9.18248385465054
1066000000.0,13.468863613038405,-9.972018211098483,11.44788193400461,-6.750534532011321,9.514915242021738,-9.178319861362095
1067000000.0,13.459617041907162,-9.971138290160727,11.435361699447462,-6.718493361450156,9.501967753907211,-9.176252220781281
1068000000.0,13.450380884285384,-9.970250722424057,11.410113037906543,-6.685473721039528,9.494005874836382,-9.176056959499567
1069000000.0,13.44115513472844,-9.969355534257986,11.389849695868183,-6.648904097105929,9.48180263180365,-9.173862037249977
1070000000.0,13.431939787753908,-9.968452751967511,11.374734574353456,-6.623776463799414,9.469315956265593,-9.171046610746668
1071000000.0,13.422734837841837,-9.967542401793159,11.357502743825705,-6.584468069684813,9.46044665434898,-9.170710765070412
1072000000.0,13.413540279434972,-9.966624509911089,11.338027368061555,-6.555680574388592,9.451159673982517,-9.16809256540949
1073000000.0,13.404356106939023,-9.965699102433165,11.318932302332554,-6.515467465664337,9.440217219009616,-9.167574461103724
1074000000.0,13.39518231472288,-9.964766205407026,11.297398128924307,-6.482749465368574,9.431056498849891,-9.165180119346186
1075000000.0,13.386018897118884,-9.963825844816183,11.279545485573372,-6.446080851666897,9.41849105384518,-9.161128072945388
1076000000.0,13.376865848423058,-9.96287804658009,11.266470645760048,-6.4046939560821645,9.408408891586252,-9.160594034423564
1077000000.0,13.367723162895334,-9.961922836554225,11.249085300474462,-6.371426186901673,9.395863103906763,-9.158086658675353
1078000000.0,13.358590834759827,-9.960960240530179,11.226784443640218,-6.334984128885526,9.386500769217333,-9.155160160706018
1079000000.0,13.34946885820504,-9.959990284235722,11.210643374893836,-6.298714928328257,9.374105850537187,-9.155103455457649
1080000000.0,13.340357227384125,-9.95901299333491,11.193799638339934,-6.252396612518678,9.362889624903913,-9.15194222027611
1081000000.0,13.331255936415111,-9.958028393428151,11.177942653980109,-6.21399395625845,9.351182147584458,-9.148673163983197
1082000000.0,13.32216497938115,-9.957036510052287,11.156132980324045,-6.178063900148101,9.341426301481969,-9.147765826047593
1083000000.0,13.31308435033073,-9.956037368680683,11.143308160631333,-6.128622950025391,9.32738117878073,-9.14427567048547
1084000000.0,13.304014043277931,-9.955030994723318,11.124618898791159,-6.090099343804827,9.316141110329674,-9.142905423047065
1085000000.0,13.294954052202659,-9.954017413526852,11.107821586547818,-6.046585970380945,9.304581124481137,-9.136894047313254
1086000000.0,13.285904371050869,-9.952996650374734,11.105156499589166,-5.99843759704667,9.29075420501379,-9.13510269611786
1087000000.0,13.276864993734797,-9.951968730487264,11.080328418198103,-5.961780734189884,9.282115935832792,-9.132594246858071
1088000000.0,13.26783591413319,-9.950933679021695,11.06691827573342,-5.919252667631607,9.269472299724024,-9.128684509647355
1089000000.0,13.258817126091557,-9.949891521072308,11.054079698743935,-5.866026903227989,9.256452821365894,-9.12660442265052
1090000000.0,13.249808623422357,-9.948842281670506,11.044536858157738,-5.826512183024489,9.244845357311865,-9.121465414708384
1091000000.0,13.240810399905268,-9.947785985784899,11.026821303168058,-5.778043041458934,9.233147420662721,-9.11788458600409
1092000000.0,13.231822449287382,-9.946722658321393,11.013563821984562,-5.730459113351251,9.221602175813665,-9.115800220099688
1093000000.0,13.222844765283472,-9.945652324123271,11.001433438929968,-5.681374828612769,9.206944271062834,-9.110527274430737
1094000000.0,13.213877341576158,-9.944575007971283,10.99421461255482,-5.638593565964306,9.195373213552697,-9.107023290010368
1095000000.0,13.204920171816187,-9.94349073458374,10.984931986776601,-5.593854356808873,9.184888207578231,-9.102810405581875
1096000000.0,13.195973249622625,-9.942399528616596,10.972265810184355,-5.54228994748627,9.170421498809523,-9.098142354020764
1097000000.0,13.187036568583093,-9.941301414663537,10.959625729162493,-5.491293275501605,9.156799020977106,-9.094749026869493
1098000000.0,13.178110122253972,-9.940196417256079,10.94879076120449,-5.440408633107454,9.145893971740957,-9.092704223740013
1099000000.0,13.169193904160643,-9.939084560863638,10.937063839535853,-5.385064301557637,9.131727637236878,-9.08490870877404
1100000000.0,13.160287907797706,-9.937965869893649,10.933632896983863,-5.334736569120767,9.118929425692667,-9.079960190470844
1101000000.0,13.151392126629176,-9.936840368691621,10.92645763616748,-5.278711835026579,9.104827315396902,-9.075212678873593
1102000000.0,13.142506554088726,-9.93570808154126,10.922030880011183,-5.22792996517658,9.094281383867473,-9.070712955076324
1103000000.0,13.13363118357989,-9.934569032664541,10.913208078834984,-5.175867421528023,9.079633101999466,-9.065334838007827
1104000000.0,13.124766008476282,-9.933423246221798,10.911893400071973,-5.114378613434634,9.066174772973133,-9.059019768568161
1105000000.0,13.115911022121814,-9.932270746311831,10.909686964022638,-5.061348517583296,9.053844248298953,-9.052706993176326
1106000000.0,13.107066217830909,-9.931111556971976,10.901192020916557,-5.004940291440113,9.03857828156526,-9.050633640769428
1107000000.0,13.098231588888709,-9.929945702178216,10.904140316808576,-4.94608323549449,9.025966096598953,-9.040811124094096
1108000000.0,13.089407128551297,-9.928773205845266,10.902218803613557,-4.886399928162458,9.012625177162853,-9.034120812103808
1109000000.0,13.080592830045894,-9.927594091826654,10.905070124422906,-4.826520511201481,8.998364493606346,-9.028266918254578
1110000000.0,13.07178868657109,-9.926408383914842,10.907875669795233,-4.7675264042059435,8.98409805451428,-9.020748170755143
1111000000.0,13.062994691297028,-9.925216105841283,10.911142727729182,-4.71314136439963,8.971917505639949,-9.014920825971844
1112000000.0,13.054210837365645,-9.92401728127655,10.91907700064172,-4.6497871809714235,8.959816159047977,-9.008376072393235
1113000000.0,13.045437117890842,-9.922811933830399,10.92372494754519,-4.591150370885574,8.94665935336393,-8.998446092277744
1114000000.0,13.036673525958719,-9.92160008705188,10.92835640539963,-4.529264773019383,8.932963131873086,-8.992707261877321
1115000000.0,13.027920054627781,-9.920381764429434,10.942808839670471,-4.472865567989688,8.919887824253136,-8.98262963657456
1116000000.0,13.019176696929122,-9.919156989390974,10.949992661225208,-4.407450851765159,8.907024894786625,-8.975265638818117
1117000000.0,13.010443445866645,-9.917925785303987,10.963846826779339,-4.346957162520261,8.891702859553675,-8.966744658031994
1118000000.0,13.001720294417268,-9.916688175475631,10.9792212075955,-4.283928868075287,8.879391816851944,-8.95758291508055
1119000000.0,12.993007235531117,-9.915444183152822,10.988021413075085,-4.222845650547894,8.866222909518573,-8.94879071802377
1120000000.0,12.984304262131726,-9.914193831522338,11.008834622808358,-4.165082147722577,8.853775008774049,-8.937460322607018
1121000000.0,12.975611367116255,-9.912937143710913,11.02204392840269,-4.103467890316707,8.842355483736151,-8.930098243461401
1122000000.0,12.966928543355667,-9.91167414278533,11.045431476683767,-4.037640081164744,8.829624786836465,-8.92015916147632
1123000000.0,12.958255783694945,-9.910404851752512,11.06590925020927,-3.9833232610769502,8.819947218275821,-8.909592096478208
1124000000.0,12.949593080953289,-9.909129293559639,11.08345624796369,-3.9192680217194575,8.804092051348409,-8.900510820784817
1125000000.0,12.940940427924286,-9.907847491094214,11.114956051310752,-3.856460158052623,8.793363452565366,-8.888992370365242
1126000000.0,12.932297817376156,-9.90655946718418,11.133026839354109,-3.796193248053406,8.782204883240706,-8.877908280790868
1127000000.0,12.9236652420519,-9.905265244598022,11.158074782313237,-3.7346978114608813,8.771092909630706,-8.869884880731142
1128000000.0,12.915042694669527,-9.90396484604484,11.18846154155902,-3.6732527844194536,8.76060741936573,-8.859653610685555
1129000000.0,12.906430167922224,-9.902658294174472,11.220468718209242,-3.6160963152870256,8.74966724825097,-8.846378537422236
1130000000.0,12.897827654478572,-9.901345611577577,11.249875043707142,-3.5557228752908125,8.739230710313453,-8.835421134877318
1131000000.0,12.889235146982713,-9.900026820785733,11.284877836985224,-3.4969841848696075,8.728765087367872,-8.82451939295395
1132000000.0,12.880652638054574,-9.89870194427155,11.31709439495447,-3.4364558139430996,8.71867963246017,-8.813177457982304
1133000000.0,12.872080120290015,-9.897371004448742,11.357075825513682,-3.3777097933517664,8.706919713178099,-8.802815046646378
1134000000.0,12.863517586261068,-9.89603402367225,11.390084992915563,-3.33166757914539,8.698711101799642,-8.792808796334041
1135000000.0,12.854965028516077,-9.894691024238327,11.428831071015072,-3.274394776337149,8.689549795632214,-8.781228108080507
1136000000.0,12.846422439579928,-9.893342028384643,11.473831221685803,-3.2215554494171004,8.679998908482569,-8.770545658555111
1137000000.0,12.837889811954195,-9.891987058290374,11.515657130592384,-3.165668050141697,8.670831224093995,-8.75608566756062
1138000000.0,12.829367138117377,-9.89062613607632,11.556241003126711,-3.1158203107949176,8.66324104099789,-8.74674262937887
1139000000.0,12.820854410525026,-9.889259283804982,11.600683611083873,-3.062357236200048,8.653764144483965,-8.73588303765213
1140000000.0,12.812351621609984,-9.887886523480685,11.640577563670197,-3.0154907358316456,8.64669837004014,-8.724968653679793
1141000000.0,12.803858763782525,-9.886507877049647,11.690316336653444,-2.9614007530080158,8.639084722743213,-8.71195217178749
1142000000.0,12.795375829430569,-9.885123366400116,11.737322102941627,-2.918809353158555,8.631023543837156,-8.702784823414635
1143000000.0,12.786902810919852,-9.883733013362438,11.786827507452172,-2.873552973070505,8.623741914201164,-8.69123411973836
1144000000.0,12.778439700594092,-9.882336839709174,11.831197990582037,-2.8311271990417977,8.61600765649407,-8.68110724715004
1145000000.0,12.769986490775207,-9.8809348671552,11.886803463273713,-2.78472045820435,8.609953478509214,-8.670228809502166
1146000000.0,12.76154317376345,-9.879527117357796,11.942047162448961,-2.7448675976420156,8.603411198630226,-8.65945475755781
1147000000.0,12.75310974183763,-9.878113611916763,11.992231723772798,-2.7055976201934295,8.596646941145755,-8.648153412564053
1148000000.0,12.744686187255251,-9.876694372374509,12.035535728736818,-2.664454812928835,8.590727591355185,-8.636932464755377
1149000000.0,12.736272502252728,-9.875269420216165,12.088315393881876,-2.6274589560117803,8.584968067424462,-8.628439559370063
1150000000.0,12.727868679045528,-9.873838776869663,12.143969571911406,-2.591399637220425,8.577476222314694,-8.619584861411322
1151000000.0,12.719474709828372,-9.872402463705868,12.195563411992298,-2.56266076178583,8.57339530112468,-8.608595899211172
1152000000.0,12.711090586775395,-9.870960502038647,12.243718259753203,-2.5259581083623877,8.567029816752015,-8.598983701127604
1153000000.0,12.702716302040326,-9.869512913124998,12.293510012581025,-2.494328635113177,8.5607694088179,-8.590236197597411
1154000000.0,12.694351847756668,-9.868059718165139,12.34125028295328,-2.46482746737142,8.555216449108716,-8.582484091597273
1155000000.0,12.685997216037851,-9.86660093830261,12.393055403524489,-2.433510209488939,8.54776577017209,-8.57326616894885
1156000000.0,12.677652398977415,-9.86513659462437,12.441307274754656,-2.401603585567257,8.545265828273166,-8.56467304439366
1157000000.0,12.669317388649198,-9.863666708160912,12.485635785594974,-2.3672783632413954,8.538948604276374,-8.555303471779938
1158000000.0,12.660992177107467,-9.862191299886355,12.535489850949553,-2.330196718568929,8.531705520949412,-8.54672090940315
1159000000.0,12.652676756387134,-9.860710390718554,12.58567743172685,-2.29519785644193,8.526746550506145,-8.539527118528087
1160000000.0,12.64437111850388,-9.85922400151919,12.639690326618313,-2.260515858115236,8.520178548281166,-8.528242926284532
1161000000.0,12.636075255454355,-9.857732153093885,12.694048906125738,-2.226264041976857,8.514389984875942,-8.519934469757631
1162000000.0,12.627789159216334,-9.856234866192302,12.745212595501457,-2.197207206085625,8.511424691901565,-8.509912158628643
1163000000.0,12.619512821748877,-9.85473216150824,12.804173233466726,-2.153561079293163,8.50427590078307,-8.502060588404534
1164000000.0,12.611246234992507,-9.853224059679748,12.865324467087033,-2.1201598582142682,8.4995895276836,-8.493695132338406
1165000000.0,12.60298939086936,-9.851710581289215,12.924495520292599,-2.09600314776602,8.495903343447239,-8.481535622804213
1166000000.0,12.59474228128337,-9.850191746863493,12.98883172394958,-2.059205497481332,8.490523567316771,-8.473920327524226
1167000000.0,12.586504898120406,-9.848667576873977,13.05544880285796,-2.031445113144047,8.487943741013497,-8.466364237315913
1168000000.0,12.578277233248457,-9.84713809173672,13.12346679943497,-2.0036227701012517,8.482147684725826,-8.45808766888034
1169000000.0,12.570059278517782,-9.84560331181254,13.190054044534406,-1.9710961462080965,8.478857719365914,-8.447622036417231
1170000000.0,12.561851025761076,-9.844063257407115,13.262521909918465,-1.9471585264564086,8.47496265855416,-8.43987271595548
1171000000.0,12.553652466793626,-9.842517948771091,13.331766794496128,-1.9253528576093084,8.47054679410545,-8.432366600282714
1172000000.0,12.545463593413466,-9.840967406100187,13.410291572042347,-1.8999113369997933,8.467908357110058,-8.422021680459087
1173000000.0,12.537284397401557,-9.839411649535295,13.48481339783651,-1.8788657365796313,8.463899673893122,-8.41648446274804
1174000000.0,12.52911487052192,-9.837850699162583,13.558956682756543,-1.8590657557009713,8.459141790981546,-8.405251678427637
1175000000.0,12.520955004521799,-9.836284575013604,13.637803056365003,-1.840031946356046,8.457676931812557,-8.399344235491554
1176000000.0,12.512804791131842,-9.834713297065399,13.716138176199298,-1.821666998406894,8.455022588751252,-8.392358302386537
1177000000.0,12.50466422206621,-9.83313688524059,13.80385718241768,-1.8105647637851408,8.449067453731077,-8.383741014296952
1178000000.0,12.49653328902278,-9.831555359407504,13.883834296251786,-1.7932982972466793,8.449036564123611,-8.377296517180326
1179000000.0,12.488411983683271,-9.829968739380263,13.978311090088841,-1.7926882294614035,8.445636236217261,-8.369697000019569
1180000000.0,12.480300297713399,-9.828377044918888,14.062214035502212,-1.783181606161663,8.443758753852833,-8.363381264237063
1181000000.0,12.47219822276304,-9.826780295729408,14.155665689845412,-1.7781169881040952,8.44263915960537,-8.356367247900446
1182000000.0,12.464105750466384,-9.825178511463967,14.249597494483496,-1.780503961362167,8.441320737453319,-8.348458749463877
1183000000.0,12.456022872442068,-9.82357171172092,14.349678475620511,-1.788943983198968,8.438630364623007,-8.341341987659378
1184000000.0,12.44794958029335,-9.821959916044944,14.444878269158318,-1.7990199495744053,8.436102171969631,-8.337889247761922
1185000000.0,12.43988586560824,-9.82034314392714,14.541199975426263,-1.8069711355509617,8.434432771825733,-8.329164140152459
1186000000.0,12.431831719959657,-9.818721414805136,14.6393261470735,-1.8285859442543337,8.436596092699416,-8.32489857210582
1187000000.0,12.423787134905583,-9.817094748063202,14.732261419911037,-1.8540442039497385,8.43233426227438,-8.317902910385142
1188000000.0,12.415752101989202,-9.815463163032334,14.826087311863498,-1.88190435110237,8.431473644742077,-8.314302699919024
1189000000.0,12.407726612739046,-9.813826678990381,14.916422040806948,-1.9077303427304815,8.42795765504014,-8.309712053559585
1190000000.0,12.399710658669157,-9.81218531516213,15.00336721320927,-1.946437724824028,8.429748718346968,-8.305587730324289
1191000000.0,12.391704231279208,-9.810539090719436,15.093604511454739,-1.9794098361162376,8.427219169209211,-8.300643496444684
1192000000.0,12.38370732205467,-9.808888024781291,15.18150175593562,-2.020355463921259,8.425986166522353,-8.297208777259751
1193000000.0,12.37571992246695,-9.80723213641397,15.26548425006437,-2.0645179890046643,8.42446677380885,-8.291657552821786
1194000000.0,12.367742023973518,-9.805571444631099,15.36102680591158,-2.104670888122783,8.421049359850333,-8.29022040506414
1195000000.0,12.359773618018082,-9.803905968393783,15.442255022664224,-2.1557556907682893,8.422752824635836,-8.285065872007317
1196000000.0,12.351814696030704,-9.802235726610707,15.516772947493328,-2.210150010982747,8.42082739810736,-8.284776070813017
1197000000.0,12.34386524942795,-9.800560738138227,15.599349819594742,-2.2649801595252894,8.420125401503643,-8.279556061503461
1198000000.0,12.335925269613028,-9.798881021780504,15.68092284539486,-2.3239657653116463,8.41728712572251,-8.276862629932484
1199000000.0,12.32799474797594,-9.797196596289576,15.763323196948704,-2.3877147223372615,8.414782791984756,-8.274361806621862
1200000000.0,12.3200736758936,-9.795507480365476,15.838169562146014,-2.4535835489342706,8.414006307976829,-8.271947381187138
1201000000.0,12.312162044729998,-9.793813692656357,15.903080836349538,-2.521445596978263,8.411688330497315,-8.269701081241426
1202000000.0,12.304259845836317,-9.79211525175856,15.979590006685886,-2.5878213459156343,8.410481802188597,-8.266850345669337
1203000000.0,12.296367070551081,-9.790412176216755,16.044822363354424,-2.66192674064431,8.41031447860649,-8.263971632495279
1204000000.0,12.288483710200293,-9.788704484524018,16.108514312464365,-2.738072535954644,8.406469297959369,-8.263580482311175
1205000000.0,12.280609756097562,-9.786992195121952,16.17046493311132,-2.814888175170799,8.405308246421724,-8.262184869908252
1206000000.0,12.272745199544243,-9.785275326400786,16.22503497531199,-2.897378498964407,8.402635616808448,-8.260273430212766
1207000000.0,12.264890031829584,-9.783553896699487,16.287041140283847,-2.983105216218911,8.401710929571337,-8.258709281552974
1208000000.0,12.257044244230833,-9.781827924305858,16.33672568542222,-3.064638788407555,8.398282599990406,-8.258623983804332
1209000000.0,12.2492078280134,-9.780097427456644,16.388740280712135,-3.1550008773275744,8.397783750906328,-8.256931987617728
1210000000.0,12.241380774430977,-9.778362424337637,16.42769207753897,-3.242541192073631,8.394723345406488,-8.25761751973664
1211000000.0,12.233563074725659,-9.77662293308379,16.473503652099183,-3.3360943252073456,8.394217931514326,-8.254765753982161
1212000000.0,12.225754720128094,-9.774878971779305,16.510086946116285,-3.4253226252975923,8.391369354179197,-8.25413272512211
1213000000.0,12.21795570185761,-9.77313055845776,16.53276933930535,-3.5179358247444474,8.389122078534893,-8.254294570914396
1214000000.0,12.210166011122336,-9.771377711102195,16.570116590981662,-3.610675347519179,8.38655054733213,-8.251843967775887
1215000000.0,12.202385639119342,-9.769620447645229,16.592025392187885,-3.7083351826137267,8.38565345860616,-8.252772116985907
1216000000.0,12.19461457703476,-9.767858785969157,16.61712747744663,-3.7941414380770078,8.382176978414162,-8.25140735466237
1217000000.0,12.18685281604391,-9.766092743906055,16.63715342029847,-3.8903693140529505,8.379629505738194,-8.252735710902982
1218000000.0,12.179100347311444,-9.764322339237905,16.652264979729434,-3.983734685763607,8.376976195935542,-8.25274523111183
1219000000.0,12.171357161991455,-9.762547589696664,16.66202195441521,-4.07711164737196,8.374401297284253,-8.25257273973828
1220000000.0,12.163623251227616,-9.76076851296441,16.680088368861252,-4.1643592549746975,8.371658046407372,-8.250843259484993
1221000000.0,12.15589860615329,-9.758985126673409,16.67308245179787,-4.254314664960246,8.368093785228018,-8.252660704496558
1222000000.0,12.14818321789167,-9.757197448406245,16.69189954434599,-4.352980017863291,8.367284728987688,-8.25193424602955
1223000000.0,12.140477077555902,-9.755405495695921,16.6899040019119,-4.444972472215751,8.362873454096059,-8.251947952337424
1224000000.0,12.132780176249202,-9.753609286025958,16.689149539014657,-4.531838372719037,8.360600801072714,-8.253383480473275
1225000000.0,12.12509250506498,-9.751808836830499,16.681950958538142,-4.619497731393665,8.357974898021224,-8.252957504508302
1226000000.0,12.11741405508697,-9.750004165494424,16.685358824961703,-4.715130938335015,8.35443790581413,-8.25171867122899
1227000000.0,12.109744817389341,-9.748195289353445,16.673804764673754,-4.801985257815456,8.351449403703803,-8.252974361711894
1228000000.0,12.10208478303683,-9.746382225694218,16.658609295646215,-4.8968890400145435,8.349832482863473,-8.253909524807238
1229000000.0,12.094433943084848,-9.744564991754439,16.646169373272368,-4.9804112448965245,8.346157392885551,-8.254818173825019
1230000000.0,12.086792288579623,-9.742743604722964,16.6330377424994,-5.061081137639578,8.341873800721707,-8.253842245803781
1231000000.0,12.079159810558291,-9.740918081739894,16.61086495144189,-5.154209939799674,8.340104667853243,-8.257138982247861
1232000000.0,12.071536500049037,-9.739088439896694,16.596134891344885,-5.238307396804181,8.336829327782986,-8.256591309697228
1233000000.0,12.063922348071205,-9.737254696236302,16.5725500159022,-5.322141495814513,8.332205028365632,-8.258156454325015
1234000000.0,12.056317345635414,-9.735416867753212,16.544066812195375,-5.407878103565386,8.32945236309366,-8.258024319916897
1235000000.0,12.048721483743673,-9.733574971393605,16.522451734134133,-5.492837886679667,8.326364482579324,-8.258501043213379
1236000000.0,12.04113475338951,-9.731729024055431,16.485116029282892,-5.570798891386993,8.323152459952992,-8.259971004801248
1237000000.0,12.03355714555808,-9.72987904258853,16.45263195319135,-5.649601946345249,8.31892064810564,-8.260200198877298
1238000000.0,12.02598865122627,-9.728025043794732,16.42488422883059,-5.730560487808144,8.316561414302518,-8.261077882434329
1239000000.0,12.018429261362831,-9.726167044427951,16.385928150540256,-5.7978818948907245,8.312762021945415,-8.262533691812932
1240000000.0,12.010878966928482,-9.724305061194313,16.351881402290836,-5.873333313829265,8.308801470992567,-8.263476804820087
1241000000.0,12.003337758876025,-9.722439110752227,16.302383465008607,-5.951819838133285,8.307248030375156,-8.26496794250033
1242000000.0,11.995805628150464,-9.720569209712526,16.269765945959325,-6.024164222465094,8.302922254698084,-8.26512133542911
1243000000.0,11.9882825656891,-9.718695374638541,16.220322592719626,-6.095349387667008,8.300437955212418,-8.26693027622836
1244000000.0,11.980768562421677,-9.716817622046227,16.17728386030885,-6.1612658763017984,8.297164335083874,-8.267516914577554
1245000000.0,11.973263609270441,-9.714935968404252,16.131356797619883,-6.226626857988699,8.292702299417364,-8.268833718539335
1246000000.0,11.965767697150309,-9.71305043013411,16.083833190389313,-6.300168698746089,8.290491176152708,-8.269443968447147
1247000000.0,11.958280816968932,-9.711161023610227,16.03288610759945,-6.35382176945639,8.285797776466785,-8.272349073264438
1248000000.0,11.95080295962683,-9.709267765160044,15.97849630982699,-6.417398925055464,8.282551033402067,-8.274106759134726
1249000000.0,11.943334116017496,-9.70737067106416,15.933769470875818,-6.47883331913285,8.279633958414575,-8.274940005371004
1250000000.0,11.935874277027494,-9.705469757556397,15.883009976433241,-6.5337790905122874,8.273812793638854,-8.276251073102365
1251000000.0,11.928423433536585,-9.703565040823928,15.823970952494046,-6.584354122659561,8.26989904597592,-8.27786074095986
1252000000.0,11.920981576417816,-9.70165653700737,15.773274431225023,-6.6413454391526034,8.2681327483097,-8.278602609209473
1253000000.0,11.913548696537639,-9.699744262200893,15.717077253317992,-6.689388291608589,8.263712965958938,-8.279655687383563
1254000000.0,11.90612478475601,-9.697828232452318,15.661008124695547,-6.7386408064633345,8.26075985104933,-8.28007363460244
1255000000.0,11.8987098319265,-9.695908463763233,15.603378031673826,-6.784315111765811,8.255588195657763,-8.282096865820817
1256000000.0,11.891303828896394,-9.693984972089075,15.541353065335494,-6.830871551538864,8.25309421951725,-8.283770479885428
1257000000.0,11.883906766506799,-9.692057773339258,15.488916649333369,-6.87089677076722,8.247421475794827,-8.28399372220485
1258000000.0,11.876518635592749,-9.69012688337726,15.426961175587369,-6.903395671849915,8.242184462847383,-8.28587838544129
1259000000.0,11.869139426983306,-9.688192318020727,15.36970114341615,-6.945874663266101,8.240639708723352,-8.286599297593119
1260000000.0,11.861769131501662,-9.68625409304159,15.31228920047832,-6.9829420789375085,8.235696707305168,-8.287717340181562
1261000000.0,11.854407739965241,-9.684312224166147,15.256227634582718,-7.014614761178563,8.231712169171468,-8.28862398781842
1262000000.0,11.847055243185803,-9.68236672707519,15.203177825003145,-7.0439176226542335,8.226725685607786,-8.288562918574959
1263000000.0,11.839711631969548,-9.680417617404085,15.137672297018417,-7.075709506576881,8.223217597378675,-8.290147913907653
1264000000.0,11.832376897117204,-9.67846491074289,15.080595563690926,-7.1038313873162915,8.21867508650157,-8.291770850755489
1265000000.0,11.825051029424149,-9.676508622636462,15.022034780380125,-7.130519593838679,8.214886122270617,-8.290752973810346
1266000000.0,11.817734019680481,-9.67454876858453,14.964752813830914,-7.153976690808675,8.210690114701528,-8.292210430120132
1267000000.0,11.810425858671143,-9.672585364041845,14.907785153816405,-7.17489502370647,8.205256182091265,-8.293422309406832
1268000000.0,11.803126537176013,-9.67061842441824,14.851544123863125,-7.191894058316568,8.201353646799088,-8.293882238078325
1269000000.0,11.795836045969988,-9.66864796507875,14.792736622626926,-7.213884605974138,8.196898634873943,-8.293421186621632
1270000000.0,11.788554375823107,-9.666674001343722,14.73761471837865,-7.233264034948888,8.193632107446632,-8.295419964727671
1271000000.0,11.781281517500629,-9.6646965484889,14.68203517183574,-7.246733597282546,8.186180716178242,-8.29552486950775
1272000000.0,11.774017461763137,-9.662715621745548,14.62436645147457,-7.259862637632797,8.182947701073951,-8.29749810652598
1273000000.0,11.766762199366624,-9.66073123630053,14.566637644491124,-7.274712690287931,8.17886097837144,-8.298927092875102
1274000000.0,11.759515721062606,-9.658743407296429,14.509802376607759,-7.283633285879526,8.173009772740288,-8.300156270113105
1275000000.0,11.752278017598195,-9.65675214983164,14.461091690137401,-7.297314027264723,8.170270829204254,-8.299371529822123
1276000000.0,11.745049079716221,-9.654757478960473,14.404783591985556,-7.306255298105256,8.165746233098798,-8.29901314666483
1277000000.0,11.737828898155293,-9.652759409693266,14.357470584248322,-7.312951243102884,8.160800795833651,-8.300509335797447
1278000000.0,11.730617463649915,-9.650757956996465,14.302327928771806,-7.319323785927636,8.156091216396621,-8.300302562142981
1279000000.0,11.723414766930578,-9.648753135792745,14.247448177323765,-7.32511122095257,8.151694225513218,-8.30139961221461
1280000000.0,11.716220798723837,-9.646744960961112,14.193239392369769,-7.334034677104107,8.146406714275964,-8.301298154249313
1281000000.0,11.709035549752418,-9.644733447336979,14.141576090542298,-7.338759611531331,8.142946071897262,-8.303031307063268
1282000000.0,11.701859010735303,-9.6427186097123,14.090981859172222,-7.337555636645746,8.13907563175182,-8.302601447793657
1283000000.0,11.694691172387818,-9.640700462835655,14.041073081495345,-7.342314575919096,8.132625562799818,-8.301301136842627
1284000000.0,11.687532025421731,-9.638679021412345,13.993439715124294,-7.340372417455876,8.12823312628407,-8.301680511077402
1285000000.0,11.680381560545332,-9.636654300104516,13.945273703412656,-7.336956782057239,8.123999764958837,-8.302437414124528
1286000000.0,11.673239768463532,-9.634626313531225,13.891431190762457,-7.33404736423024,8.119095074925717,-8.301608142000326
1287000000.0,11.666106639877944,-9.632595076268583,13.847258224108641,-7.333257992870519,8.114839445501401,-8.302549990903714
1288000000.0,11.658982165486972,-9.630560602849812,13.800786621332984,-7.328092977372109,8.108956333708166,-8.303187314288067
1289000000.0,11.651866335985908,-9.628522907765388,13.75527693893479,-7.330230834944607,8.10343835476529,-8.302176940229193
1290000000.0,11.644759142067004,-9.626482005463108,13.706058477847128,-7.3219613762111155,8.098704849633506,-8.302687463813236
1291000000.0,11.637660574419574,-9.624437910348204,13.664380567462572,-7.309295700139735,8.094299050547782,-8.30333788383646
1292000000.0,11.630570623730067,-9.62239063678345,13.623049075109297,-7.304059159923555,8.087534283339297,-8.304083300319922
1293000000.0,11.623489280682163,-9.620340199089249,13.581044550902625,-7.293887805183684,8.084685689373213,-8.303266699301535
1294000000.0,11.616416535956851,-9.618286611543738,13.535172287403944,-7.290781038797704,8.080352366059257,-8.300229906299364
1295000000.0,11.60935238023252,-9.616229888382898,13.50301077325978,-7.280668973344273,8.074796563945156,-8.300824597069788
1296000000.0,11.602296804185041,-9.614170043800634,13.46072362051142,-7.272013201147689,8.07037396527218,-8.300966704251127
1297000000.0,11.595249798487846,-9.612107091948896,13.422508863205357,-7.260009503663747,8.063799335466818,-8.298560723379511
1298000000.0,11.58821135381202,-9.610041046937761,13.382034999650875,-7.252411800823728,8.06070347276199,-8.299154088932918
1299000000.0,11.581181460826379,-9.607971922835546,13.345387889951747,-7.248145738190599,8.056398434148397,-8.296999072517945
1300000000.0,11.57416011019755,-9.605899733668895,13.312539655030024,-7.230641839876639,8.049288554885795,-8.296197239955688
1301000000.0,11.567147292590061,-9.603824493422891,13.274473729623104,-7.222594070001389,8.044967164237121,-8.296739964584692
1302000000.0,11.560142998666414,-9.601746216041152,13.238656131579212,-7.212081897067339,8.041051839166874,-8.295448684386345
1303000000.0,11.553147219087172,-9.599664915425917,13.199994948057704,-7.203883343624556,8.036437054728504,-8.29266321201223
1304000000.0,11.546159944511034,-9.597580605438162,13.168288985116595,-7.189932786243595,8.030637839848115,-8.29324207221957
1305000000.0,11.539181165594925,-9.595493299897695,13.13580505057653,-7.180263917310182,8.026121253959714,-8.291351349232224
1306000000.0,11.532210872994067,-9.593403012583247,13.112887973383849,-7.164593676889099,8.021460815857138,-8.29033769787522
1307000000.0,11.525249057362055,-9.591309757232578,13.076496709284456,-7.1540548991645325,8.01581479618561,-8.28894545763684
1308000000.0,11.518295709350948,-9.589213547542572,13.045515868072272,-7.143494306771691,8.010016952535626,-8.2886501894601
1309000000.0,11.51135081961134,-9.58711439716934,13.013627151890944,-7.1271838266961245,8.005576744196635,-8.286935689613413
1310000000.0,11.50441437879244,-9.585012319728312,12.991364254502471,-7.115037813892105,8.001736121591422,-8.285911802905057
1311000000.0,11.497486377542138,-9.58290732879434,12.95431879732479,-7.1004769088617445,7.996492053274669,-8.283364906317374
1312000000.0,11.490566806507108,-9.58079943790179,12.93388364148362,-7.0872786911714805,7.993115488966907,-8.281908570103056
1313000000.0,11.483655656332859,-9.578688660544648,12.904669874049215,-7.076732182321224,7.987295359769074,-8.280862157298314
1314000000.0,11.476752917663823,-9.57657501017662,12.881731178896917,-7.054580417922642,7.982094114841287,-8.277575807454657
1315000000.0,11.469858581143427,-9.57445850021121,12.853434428511505,-7.047490622934497,7.977562745486616,-8.277182681060996
1316000000.0,11.462972637414175,-9.57233914402184,12.824942533452553,-7.027821745482535,7.9718183672070015,-8.275869567687005
1317000000.0,11.456095077117713,-9.570216954941936,12.805799096547137,-7.010865212568187,7.965587385083936,-8.273040616906348
1318000000.0,11.449225890894908,-9.568091946265028,12.782302985968142,-6.995690769929354,7.961593768356757,-8.270603149736328
1319000000.0,11.44236506938593,-9.565964131244856,12.757300132987766,-6.984087799993587,7.956099415047868,-8.268996295601724
1320000000.0,11.43551260323031,-9.563833523095443,12.740446475660432,-6.972734756695349,7.950905950312789,-8.264593626966459
1321000000.0,11.428668483067018,-9.561700134991215,12.717659477670928,-6.949595793696531,7.944315946656613,-8.264254237427656
1322000000.0,11.421832699534551,-9.559563980067091,12.699335678107971,-6.930667114101538,7.940183195038667,-8.261545934095237
1323000000.0,11.415005243270983,-9.557425071418576,12.677797301167429,-6.922304480127598,7.934789267895808,-8.258308350795888
1324000000.0,11.408186104914044,-9.55528342210186,12.654536668714366,-6.901726004906099,7.930868453847722,-8.256109401384316
1325000000.0,11.401375275101206,-9.553139045133918,12.638166537364537,-6.894683875951953,7.924727084913976,-8.255177392367283
1326000000.0,11.394572744469729,-9.550991953492595,12.6147130422762,-6.873921596541798,7.9207840758883945,-8.251492719620645
1327000000.0,11.387778503656756,-9.548842160116719,12.607962065843878,-6.863219085821561,7.914930250377098,-8.249581629300193
1328000000.0,11.380992543299367,-9.546689677906182,12.58389812519876,-6.843855155334417,7.909529298069082,-8.246295957427778
1329000000.0,11.374214854034651,-9.544534519722045,12.575369427752308,-6.827144109733064,7.905260502184977,-8.24239053413705
1330000000.0,11.367445426499781,-9.542376698386624,12.550819061631346,-6.815106870059765,7.898536349894291,-8.24246016627799
1331000000.0,11.360684251332078,-9.540216226683604,12.542358889032805,-6.803034784366283,7.893734091340698,-8.237387628495735
1332000000.0,11.353931319169085,-9.538053117358112,12.530839385056112,-6.791059208071738,7.889151876809628,-8.235023475178426
1333000000.0,11.347186620648626,-9.535887383116822,12.520768831107402,-6.773568340488501,7.88480212681752,-8.230292831127445
1334000000.0,11.340450146408884,-9.533719036628064,12.49878507151717,-6.768641903000261,7.879191055452829,-8.228107399644578
1335000000.0,11.333721887088466,-9.531548090521888,12.488313989374648,-6.751379498080082,7.872595877193957,-8.22511728836726
1336000000.0,11.327001833326456,-9.529374557390193,12.473853393932815,-6.738737035713246,7.8667388581187785,-8.222144570633883
1337000000.0,11.320289975762506,-9.527198449786795,12.464589940710866,-6.721151073062439,7.862932857886875,-8.218374540782287
1338000000.0,11.313586305036882,-9.525019780227538,12.454288857766281,-6.712916872119618,7.860050962128763,-8.21615713987686
1339000000.0,11.306890811790538,-9.522838561190383,12.440761051124642,-6.698144258471922,7.852300786454814,-8.211839564952705
1340000000.0,11.300203486665179,-9.520654805115498,12.434416910900815,-6.689773053031031,7.849093773463519,-8.206939652222784
1341000000.0,11.293524320303332,-9.51846852440536,12.422507170909398,-6.6789743550337555,7.843161648346757,-8.203748977503977
1342000000.0,11.2868533033484,-9.516279731424845,12.411989418156123,-6.665650234578906,7.839086173541105,-8.19976315727825
1343000000.0,11.280190426444733,-9.514088438501323,12.401197535797667,-6.662037889125603,7.83304106988459,-8.196920645132256
1344000000.0,11.273535680237693,-9.511894657924751,12.392014393079005,-6.651799980681268,7.8290609922466725,-8.192622721359855
1345000000.0,11.266889055373714,-9.509698401947762,12.376174808016547,-6.641508949777944,7.82346031267739,-8.191328921588555
1346000000.0,11.260250542500362,-9.507499682785774,12.365309510041472,-6.630912110403199,7.81782142348846,-8.187583178757334
1347000000.0,11.253620132266407,-9.505298512617065,12.34904293545329,-6.625159941786362,7.814404009687746,-8.183040698984616
1348000000.0,11.246997815321876,-9.503094903582873,12.340073584422631,-6.6208126122351585,7.808361524832564,-8.179678773248837
1349000000.0,11.240383582318122,-9.500888867787497,12.330589155686406,-6.6097378563710185,7.80426068692081,-8.175597978476226
1350000000.0,11.233777423907878,-9.498680417298376,12.320094507860116,-6.605339636051161,7.7977409551023396,-8.171356840358705
1351000000.0,11.227179330745324,-9.496469564146196,12.30674887639537,-6.595087548215024,7.793835306811996,-8.16816769455729
1352000000.0,11.220589293486146,-9.494256320324967,12.299256395938464,-6.588901887936694,7.787521688226419,-8.16389925871194
1353000000.0,11.214007302787596,-9.492040697792136,12.285436791902882,-6.580109511815578,7.782094309481268,-8.16184874490817
1354000000.0,11.207433349308555,-9.489822708468655,12.27615561169601,-6.576557190498244,7.778176970537252,-8.156276187959747
1355000000.0,11.20086742370958,-9.487602364239088,12.265295141974464,-6.5697054589185875,7.7731335134711,-8.153248899493065
1356000000.0,11.194309516652988,-9.485379676951712,12.242361513318262,-6.561716667546449,7.766774720151388,-8.149676956435485
1357000000.0,11.187759618802886,-9.483154658418584,12.235840131769985,-6.5619358865371415,7.761327395192564,-8.145528205319254
1358000000.0,11.181217720825252,-9.480927320415654,12.224518407028743,-6.560081357491401,7.757306617073392,-8.141189677393575
1359000000.0,11.174683813387981,-9.478697674682847,12.215053613085344,-6.552257638338715,7.751139429163473,-8.13686514104269
1360000000.0,11.168157887160945,-9.476465732924154,12.191032578573184,-6.555951550616115,7.746434379755674,-8.134362936474012
1361000000.0,11.161639932816056,-9.474231506807731,12.183483745956202,-6.546708227258599,7.742878987325421,-8.129705492176228
1362000000.0,11.155129941027319,-9.471995007965981,12.169219163790268,-6.544799578287507,7.736140896907462,-8.126774999978304
1363000000.0,11.14862790247088,-9.469756247995653,12.154553555460113,-6.5417930307476055,7.7323999941886905,-8.122705833596003
1364000000.0,11.1421338078251,-9.46751523845792,12.138212298528343,-6.536265654758178,7.72514014067786,-8.118215462223924
1365000000.0,11.1356476477706,-9.465271990878493,12.126601118405882,-6.535270941220092,7.7212107173772795,-8.113734140474081
1366000000.0,11.129169412990315,-9.463026516747686,12.106188929207775,-6.540662787040115,7.716650759545299,-8.108886011488353
1367000000.0,11.122699094169556,-9.46077882752052,12.093838507683337,-6.534449926880434,7.711472352257731,-8.105150004609646
1368000000.0,11.116236681996059,-9.458528934616814,12.076931731136936,-6.530952467866571,7.706333519341472,-8.102832030894795
1369000000.0,11.109782167160049,-9.45627684942127,12.050988461262104,-6.528530810884679,7.7016557323148715,-8.098138042672193
1370000000.0,11.103335540354276,-9.454022583283564,12.034261225284332,-6.527716195092293,7.694170442277676,-8.094468045139372
1371000000.0,11.09689679227409,-9.451766147518441,12.016026058883815,-6.520380498528776,7.689833368352965,-8.09059407482152
1372000000.0,11.090465913617482,-9.449507553405793,12.005898523336105,-6.526003564328569,7.684319466236763,-8.087441274650539
1373000000.0,11.084042895085144,-9.44724681219077,11.976793108926909,-6.5180963456998136,7.679306498633742,-8.084571324355641
1374000000.0,11.07762772738051,-9.444983935083837,11.963314171910003,-6.514854273442102,7.6728940871989995,-8.080178623542457
1375000000.0,11.071220401209821,-9.442718933260895,11.93791114072425,-6.5152613539769115,7.668885591903744,-8.07679420002896
1376000000.0,11.06482090728218,-9.440451817863359,11.926272157500424,-6.510385603709929,7.661634806407907,-8.073246351471118
1377000000.0,11.058429236309582,-9.43818259999823,11.893221866225774,-6.5065121219039215,7.657619123734262,-8.07150350191429
1378000000.0,11.052045379006994,-9.435911290738215,11.875683394398823,-6.504928724345603,7.651424888101145,-8.066053659324384
1379000000.0,11.045669326092387,-9.433637901121784,11.85572154639293,-6.497155157333088,7.644454134689686,-8.062220093033877
1380000000.0,11.03930106828679,-9.431362442153286,11.830004405426951,-6.494633813508604,7.639912632707476,-8.059798086573084
1381000000.0,11.032940596314347,-9.429084924803023,11.8080375437745,-6.491187129003938,7.633970627517379,-8.056173328843258
1382000000.0,11.026587900902362,-9.426805360007327,11.789082515857906,-6.485890242623149,7.628234602096559,-8.05132261704573
1383000000.0,11.02024297278135,-9.424523758668679,11.764516469880208,-6.478921161480618,7.622185119388793,-8.048883506812007
1384000000.0,11.013905802685088,-9.422240131655764,11.741067277344715,-6.46852993881371,7.615467586853517,-8.044444232629994
1385000000.0,11.007576381350656,-9.419954489803587,11.71950236388595,-6.465972778303763,7.609266718992168,-8.040398057080456
1386000000.0,11.001254699518508,-9.417666843913539,11.69809559857272,-6.457794473101655,7.60425586476076,-8.037216754803895
1387000000.0,10.994940747932485,-9.415377204753485,11.67351107400846,-6.447454822686576,7.5961456070197135,-8.035412178195775
1388000000.0,10.988634517339907,-9.413085583057876,11.649891972886042,-6.444297103759599,7.59280507622119,-8.030912074071988
1389000000.0,10.982335998491578,-9.410791989527802,11.624692618614615,-6.435422929500261,7.586489412554834,-8.026796195189961
1390000000.0,10.976045182141863,-9.40849643483111,11.60684870573421,-6.425881009627641,7.5806528922483345,-8.023636311485927
1391000000.0,10.969762059048726,-9.406198929602468,11.580169376765086,-6.41449889076794,7.572699195352302,-8.020773723849937
1392000000.0,10.96348661997377,-9.403899484443452,11.554149928152837,-6.41238999425092,7.565622668021634,-8.01750708343672
1393000000.0,10.9572188556823,-9.40159810992266,11.522750726078359,-6.403859540023418,7.5614355765258185,-8.015748225957084
1394000000.0,10.95095875694335,-9.39929481657576,11.494958682290585,-6.395012992252336,7.554588217976563,-8.010893956946562
1395000000.0,10.944706314529752,-9.396989614905605,11.476975806636887,-6.380722321372466,7.547521174982099,-8.008882089190154
1396000000.0,10.938461519218155,-9.394682515382305,11.446548637472157,-6.3709236739919,7.542521058814599,-8.004406521698737
1397000000.0,10.93222436178909,-9.392373528443319,11.424906338718321,-6.363561469937473,7.535514070705658,-8.000656643968188
1398000000.0,10.925994833027016,-9.390062664493534,11.397816671462069,-6.354723811053649,7.528593732242826,-7.998187981100139
1399000000.0,10.919772923720343,-9.387749933905353,11.370571223990249,-6.345685292170387,7.523118577379381,-7.99447861492676
1400000000.0,10.913558624661508,-9.385435347018788,11.341945454735878,-6.3260623531021904,7.516218396910844,-7.9917681873134985
1401000000.0,10.907351926647,-9.383118914141539,11.314704182408976,-6.3205306330985715,7.510475215430949,-7.9894479431309815
1402000000.0,10.901152820477392,-9.38080064554907,11.28619662484323,-6.3034178431037455,7.503105162951209,-7.986068034791551
1403000000.0,10.894961296957419,-9.37848055148471,11.253911701510566,-6.29441563438763,7.497414899764464,-7.982899749937191
1404000000.0,10.888777346895997,-9.37615864215973,11.232610919707447,-6.277358994779694,7.490246105963164,-7.978856218828066
1405000000.0,10.882600961106267,-9.373834927753427,11.20566797618229,-6.263986726155869,7.483718589319164,-7.976083609859624
1406000000.0,10.87643213040564,-9.371509418413204,11.175825271573938,-6.249995824832077,7.477374758425059,-7.972249092471398
1407000000.0,10.87027084561585,-9.36918212425467,11.144777868908186,-6.240328196063992,7.469344244373456,-7.971941706443597
1408000000.0,10.864117097562985,-9.366853055361707,11.115983605387562,-6.217128605225224,7.462674277421578,-7.969252641870827
1409000000.0,10.85797087707753,-9.364522221786558,11.08716111468027,-6.204823341270452,7.457120029862049,-7.964462317741649
1410000000.0,10.851832174994414,-9.362189633549919,11.060284113769336,-6.187410162018984,7.449907734192368,-7.962246971715058
1411000000.0,10.845700982153039,-9.359855300641012,11.036028341732923,-6.170438454651433,7.44247124948765,-7.959417326327087
1412000000.0,10.83957728939734,-9.357519233017682,11.001401601429242,-6.149918055134357,7.435445621430484,-7.954636822145699
1413000000.0,10.833461087575813,-9.355181440606454,10.972993153200358,-6.14183947789672,7.429348898141375,-7.954150040964278
1414000000.0,10.82735236754155,-9.35284193330265,10.94744102500903,-6.122864001519685,7.421717424367713,-7.950342771036364
1415000000.0,10.821251120152304,-9.350500720970446,10.920201779579783,-6.1020055829447255,7.413713353730907,-7.9472418546158785
1416000000.0,10.815157336270495,-9.348157813442969,10.886177035276905,-6.079923988230288,7.40716124964956,-7.945185164623793
1417000000.0,10.80907100676328,-9.345813220522372,10.857285736401117,-6.057726941444743,7.4000363603605015,-7.943401076252374
1418000000.0,10.80299212250257,-9.34346695197992,10.827647188777203,-6.044504626248546,7.3923167981745515,-7.937866309351873
1419000000.0,10.796920674365083,-9.341119017556068,10.802564674364575,-6.020482538597255,7.384313049024878,-7.935789584187406
1420000000.0,10.790856653232378,-9.338769426960557,10.768532614445041,-5.997764351726217,7.378251164776186,-7.933051742808682
1421000000.0,10.784800049990896,-9.33641818987247,10.745674935363914,-5.975022048058384,7.371500446624383,-7.930455991860163
1422000000.0,10.778750855531989,-9.33406531594034,10.712810585493521,-5.95331056749688,7.364849273004938,-7.928275684749826
1423000000.0,10.772709060751975,-9.33171081478222,10.685146956033298,-5.931927113653839,7.35413231754417,-7.925546380881977
1424000000.0,10.766674656552158,-9.32935469598576,10.656651462573993,-5.910076892975615,7.350281194686033,-7.922399112988598
1425000000.0,10.760647633838877,-9.326996969108299,10.626760654048718,-5.883642470744844,7.340447695987446,-7.920056807357944
1426000000.0,10.754627983523541,-9.324637643676937,10.60076097446561,-5.863511271594439,7.335433621864726,-7.9175909375431015
1427000000.0,10.748615696522657,-9.322276729188621,10.573941088623085,-5.835394788151309,7.326219246580002,-7.914560942290826
1428000000.0,10.742610763757884,-9.319914235110225,10.543852250965418,-5.811315604279589,7.318826556279059,-7.912428711099876
1429000000.0,10.736613176156055,-9.317550170878633,10.514111495036156,-5.786148869979184,7.311071755487429,-7.90932202966446
1430000000.0,10.730622924649218,-9.31518454590081,10.491320355609444,-5.763655387636495,7.303425638637181,-7.905198217254687
1431000000.0,10.72464000017467,-9.312817369553892,10.460383329610863,-5.728983100577789,7.295878229733314,-7.903572920446795
1432000000.0,10.718664393674999,-9.310448651185268,10.440814451608949,-5.7045619213064995,7.287905527520276,-7.901309547279969
1433000000.0,10.71269609609811,-9.308078400112647,10.414827917410161,-5.676149757364468,7.2798282657538005,-7.896918403533074
1434000000.0,10.70673509839727,-9.305706625624152,10.381224894691965,-5.648199634648929,7.272919297143564,-7.894579761004055
1435000000.0,10.70078139153113,-9.303333336978392,10.35293956409597,-5.624686061883338,7.266434751080543,-7.891591554992675
1436000000.0,10.694834966463775,-9.300958543404544,10.33092325953439,-5.584753181649916,7.256329727891077,-7.890446777957347
1437000000.0,10.688895814164745,-9.298582254102428,10.30928389620155,-5.556881046139338,7.249243107738043,-7.886555271442719
1438000000.0,10.682963925609084,-9.296204478242592,10.284187797443517,-5.528857937580769,7.241843387987003,-7.8835752931967855
1439000000.0,10.677039291777348,-9.293825224966394,10.263294499958018,-5.4924782901650415,7.232605289621153,-7.879633077351921
1440000000.0,10.671121903655672,-9.291444503386066,10.243556215260185,-5.468780366903964,7.225472106138134,-7.878709162765803
1441000000.0,10.66521175223578,-9.28906232258481,10.217495278367927,-5.432109595108069,7.217617179846519,-7.876229940292027
1442000000.0,10.659308828515023,-9.286678691616869,10.194911672801972,-5.408272502578458,7.210797886926246,-7.873277639535681
1443000000.0,10.653413123496414,-9.284293619507595,10.17503853867428,-5.373927481333247,7.201090158989882,-7.871115528972346
1444000000.0,10.647524628188663,-9.281907115253556,10.147763665855647,-5.344407494043496,7.195542616017919,-7.867823450500292
1445000000.0,10.641643333606204,-9.279519187822576,10.127179329115748,-5.313800249061107,7.1880284138073565,-7.864734915053495
1446000000.0,10.635769230769231,-9.277129846153846,10.110077429554842,-5.279377841492996,7.180466073894134,-7.861309359220073
1447000000.0,10.629902310703732,-9.274739099157987,10.089075104361806,-5.245084069653559,7.171740554118484,-7.8597964634662105
1448000000.0,10.62404256444151,-9.272346955717119,10.068672380730302,-5.209850541225768,7.164172043307686,-7.856085937346382
1449000000.0,10.61818998302022,-9.26995342468496,10.054762516532763,-5.173984781765377,7.156364282681682,-7.8541523797518185
1450000000.0,10.612344557483418,-9.267558514886886,10.033847246616864,-5.145410232869307,7.150278159168278,-7.852163273466958
1451000000.0,10.60650627888056,-9.265162235120014,10.016376871380276,-5.110740838580368,7.141895539498092,-7.848665750077985
1452000000.0,10.600675138267054,-9.26276459415328,9.99413853613666,-5.066103873345752,7.1330002413937565,-7.847500802679393
1453000000.0,10.594851126704281,-9.260365600727512,9.979748343393599,-5.036874350094344,7.125328521838853,-7.843564640835421
1454000000.0,10.589034235259636,-9.257965263555509,9.965190729157907,-5.002506813764801,7.117779349983809,-7.8411822375292966
1455000000.0,10.583224455006548,-9.255563591322124,9.941922209661348,-4.96915928619864,7.110781062216153,-7.838965595609411
1456000000.0,10.577421777024512,-9.253160592684322,9.937132289347835,-4.939434552389349,7.104457161888035,-7.834947237341008
1457000000.0,10.571626192399115,-9.250756276271279,9.923806366119722,-4.901525709652818,7.097476146207867,-7.832426747565401
1458000000.0,10.565837692222084,-9.248350650684438,9.900422869803537,-4.863322716113601,7.088964984626716,-7.830579997755405
1459000000.0,10.560056267591287,-9.245943724497602,9.884127464419784,-4.828219476549709,7.081100802555913,-7.828680543297777
1460000000.0,10.554281909610781,-9.24353550625699,9.879568301884015,-4.794782747747821,7.074803374576713,-7.825144845260233
1461000000.0,10.548514609390836,-9.24112600448134,9.86399971679028,-4.765656124192398,7.067160978015979,-7.823080376759443
1462000000.0,10.542754358047961,-9.238715227661949,9.852268241072322,-4.722067305195227,7.0610459566991555,-7.820082615602572
1463000000.0,10.537001146704934,-9.236303184262779,9.83869650221251,-4.688617370285982,7.0522133233968765,-7.81704160076268
1464000000.0,10.531254966490835,-9.233889882720518,9.825894654888538,-4.65494213188393,7.045752178672335,-7.81466573307575
1465000000.0,10.525515808541059,-9.231475331444656,9.816392902293364,-4.615069738994298,7.037214535737575,-7.813116900887712
1466000000.0,10.51978366399736,-9.229059538817562,9.80432502116754,-4.577256899699417,7.029056401482814,-7.8116050585730346
1467000000.0,10.514058524007874,-9.226642513194555,9.799180102629064,-4.547395999896647,7.023324443104699,-7.808110914053319
1468000000.0,10.508340379727137,-9.224224262903979,9.786579146186304,-4.51977707527191,7.015712520146557,-7.80624970571694
1469000000.0,10.50262922231612,-9.221804796247284,9.779892949622472,-4.479617741483793,7.007699802819371,-7.802112975702945
1470000000.0,10.49692504294226,-9.21938412149909,9.769485952728944,-4.443121939144795,7.001539098329188,-7.80035028056212
1471000000.0,10.491227832779474,-9.216962246907267,9.76284856389677,-4.409946723622841,6.993393370191278,-7.798256757295734
1472000000.0,10.485537583008192,-9.214539180693006,9.754979122916659,-4.3757223169556685,6.984921154746271,-7.795403087047694
1473000000.0,10.479854284815385,-9.212114931050897,9.746525350244063,-4.337659985136353,6.9779325363256035,-7.793285917334574
1474000000.0,10.474177929394592,-9.209689506148994,9.74638421060656,-4.301935272866397,6.971030380168947,-7.789307989174319
1475000000.0,10.468508507945936,-9.207262914128895,9.737471481589463,-4.270634159045143,6.963176851696682,-7.78720084536454
1476000000.0,10.462846011676156,-9.204835163105818,9.726505294141944,-4.234709354741566,6.956163919506781,-7.785483538387595
1477000000.0,10.45719043179864,-9.202406261168663,9.728410141568146,-4.198877068952483,6.950382516106297,-7.779458626960556
1478000000.0,10.45154175953343,-9.19997621638009,9.719684604687922,-4.1678633104585225,6.942683101599144,-7.778893466613215
1479000000.0,10.445899986107268,-9.197545036776605,9.714191465544626,-4.131086019718121,6.9341846725096286,-7.776131782207489
1480000000.0,10.440265102753601,-9.1951127303686,9.710417323435275,-4.100151519249504,6.92810574361053,-7.7720197896176275
1481000000.0,10.434637100712632,-9.192679305140464,9.715631946272653,-4.063125689443907,6.919549417616112,-7.768191357631711
1482000000.0,10.429015971231308,-9.190244769050622,9.703814901190604,-4.0374923741854944,6.9134481187984695,-7.767362627786938
1483000000.0,10.423401705563379,-9.187809130031628,9.702015338997708,-4.006412651637945,6.906331655491778,-7.764687553837003
1484000000.0,10.417794294969397,-9.185372395990232,9.700401165360047,-3.9667488658597723,6.899938860404641,-7.761375463258399
1485000000.0,10.412193730716751,-9.182934574807442,9.702894281121765,-3.9328739119698706,6.893347810750813,-7.757491971949155
1486000000.0,10.406600004079692,-9.180495674338612,9.704354782604456,-3.8989271926655094,6.884977938510084,-7.7542210206105775
1487000000.0,10.401013106339349,-9.178055702413495,9.704733403136633,-3.866281467199973,6.878910394501815,-7.74977696075963
1488000000.0,10.395433028783753,-9.175614666836333,9.69637995484068,-3.840149034513594,6.871679380939653,-7.7474203158675055
1489000000.0,10.389859762707868,-9.173172575385907,9.699677283373136,-3.8063258649943594,6.864890456642253,-7.742955253421215
1490000000.0,10.384293299413603,-9.17072943581563,9.702663215769764,-3.7749821978985643,6.860165650646788,-7.739156860865582
1491000000.0,10.37873363020984,-9.1682852558536,9.705045312266238,-3.7407931534784504,6.851990508668539,-7.735857972733533
1492000000.0,10.373180746412455,-9.165840043202676,9.70587740954184,-3.708584510046268,6.84656388981738,-7.733271124280707
1493000000.0,10.367634639344342,-9.163393805540561,9.711652988571242,-3.675881513659725,6.838950407332449,-7.729254738493853
1494000000.0,10.36209530033543,-9.160946550519846,9.71983840247899,-3.644294078247569,6.834273923371345,-7.725388330854258
1495000000.0,10.35656272072271,-9.1584982857681,9.720043494977372,-3.620533358380413,6.829346980253045,-7.722890302278629
1496000000.0,10.351036891850251,-9.156049018887941,9.724408730191191,-3.5900403008384307,6.823575170395163,-7.720202209429133
1497000000.0,10.34551780506923,-9.153598757457091,9.741688044035007,-3.5587374469919686,6.816745372615518,-7.713803370907153
1498000000.0,10.34000545173794,-9.151147509028457,9.743815663728185,-3.5272361347523673,6.810719045409512,-7.7109098400748906
1499000000.0,10.334499823221822,-9.148695281130198,9.751774684119566,-3.500661193728417,6.80600951796556,-7.708314948168246
1500000000.0,10.32900091089348,-9.14624208126579,9.760392085567256,-3.4816910771857805,6.801473992354367,-7.704901424283794
1501000000.0,10.32350870613271,-9.143787916914105,9.767751356085505,-3.458186171402267,6.795013857184783,-7.701971503877802
1502000000.0,10.3180232003265,-9.141332795529463,9.768070318282996,-3.437389531633456,6.789761936255925,-7.698350127879822
1503000000.0,10.312544384869078,-9.138876724541724,9.784894694249564,-3.411522074728673,6.785066620257213,-7.696950760713666
1504000000.0,10.307072251161905,-9.136419711356334,9.78603440065898,-3.391555989471266,6.780259247591558,-7.690017280644585
1505000000.0,10.301606790613718,-9.133961763354403,9.799374437595064,-3.3691431396897054,6.774657290856976,-7.688280411241812
1506000000.0,10.296147994640531,-9.13150288789278,9.802112823381236,-3.348360946151316,6.7694756116290415,-7.686090374793928
1507000000.0,10.290695854665671,-9.129043092304112,9.803199949668622,-3.3284686991820998,6.765668253013396,-7.681826348281002
1508000000.0,10.285250362119776,-9.126582383896908,9.808711976592477,-3.3078948061488767,6.759364565862567,-7.678773181565855
1509000000.0,10.279811508440837,-9.124120769955624,9.81841874147359,-3.2935316589103674,6.754584154903486,-7.675161531126832
1510000000.0,10.2743792850742,-9.121658257740709,9.819725661270837,-3.2780756657208627,6.749721572042729,-7.672566794526934
1511000000.0,10.2689536834726,-9.119194854488692,9.817462026253882,-3.262489586186733,6.74540764186623,-7.6720557881167535
1512000000.0,10.263534695096162,-9.116730567412237,9.821238916960327,-3.2430941987737043,6.739710001754713,-7.6675284829875014
1513000000.0,10.258122311412428,-9.11426540370021,9.825907830308257,-3.226930348820778,6.735653737325311,-7.664742300798999
1514000000.0,10.252716523896382,-9.111799370517762,9.826273732623243,-3.209937330926391,6.730050241288068,-7.662082008824673
1515000000.0,10.247317324030453,-9.109332475006367,9.826057214924745,-3.1972875627419723,6.727434949542301,-7.659611644340029
1516000000.0,10.241924703304548,-9.106864724283916,9.818509177351732,-3.1783798620212558,6.722800728594355,-7.65746580705655
1517000000.0,10.236538653216058,-9.104396125444772,9.820393782563237,-3.1616515085658343,6.717543260283241,-7.654475260227664
1518000000.0,10.231159165269883,-9.101926685559837,9.824244848995814,-3.139641210144573,6.711339802218009,-7.651328526551253
1519000000.0,10.225786230978445,-9.099456411676615,9.819119303395809,-3.120436760185241,6.706970175589799,-7.648899230915763
1520000000.0,10.220419841861705,-9.096985310819287,9.810778601114972,-3.1090262384105976,6.702914497060559,-7.647710872457008
1521000000.0,10.215059989447187,-9.094513389988766,9.811971838626606,-3.073601953444607,6.696847830664151,-7.643931830941823
1522000000.0,10.209706665269982,-9.092040656162771,9.803246737501242,-3.062971899423965,6.692364631610551,-7.642251970609374
1523000000.0,10.204359860872778,-9.089567116295893,9.806834566191585,-3.0333032371364457,6.686471747591992,-7.638671478886032
1524000000.0,10.199019567805868,-9.087092777319649,9.801840040769644,-3.0154497636308815,6.683402657267215,-7.635480591560574
1525000000.0,10.193685777627168,-9.084617646142563,9.793021806184527,-2.986057217051973,6.676983909794374,-7.633864998394251
1526000000.0,10.188358481902238,-9.082141729650225,9.791781954536061,-2.964422853478784,6.670473091495444,-7.6301657664005385
1527000000.0,10.183037672204293,-9.079665034705345,9.794812597101346,-2.938203640152383,6.6667140869561905,-7.627300410549612
1528000000.0,10.177723340114213,-9.07718756814784,9.789830283960127,-2.915548731665262,6.66251399134263,-7.623532139880026
1529000000.0,10.172415477220575,-9.074709336794877,9.783141742681549,-2.8865796311308896,6.656590793729907,-7.619401791237686
1530000000.0,10.167114075119656,-9.072230347440948,9.788944830590319,-2.8671453137989564,6.652721475033026,-7.617052889855809
1531000000.0,10.161819125415452,-9.06975060685794,9.783280289026255,-2.836188394511824,6.646133521655003,-7.613141153490195
1532000000.0,10.156530619719685,-9.067270121795186,9.781578002001297,-2.819014222818444,6.6424931222791255,-7.6090367734864275
1533000000.0,10.151248549651841,-9.064788898979534,9.780641804270395,-2.792305462704466,6.638712309491505,-7.605419976590196
1534000000.0,10.145972906839155,-9.062306945115418,9.78921055723333,-2.7597818118860498,6.635279489179836,-7.598784299967814
1535000000.0,10.140703682916651,-9.059824266884917,9.788102537719046,-2.7317981851438278,6.629291540874313,-7.5964407300532315
1536000000.0,10.135440869527141,-9.05734087094781,9.784990184866988,-2.7072941011333413,6.625817097825423,-7.593509569258219
1537000000.0,10.130184458321246,-9.054856763941654,9.782617396042466,-2.677041485896524,6.6204650801986515,-7.591329767367318
1538000000.0,10.124934440957404,-9.052371952481836,9.797692140535734,-2.647392755275627,6.616307874586906,-7.583586053473009
1539000000.0,10.1196908091019,-9.049886443161643,9.791474995088347,-2.6210849132012957,6.611612280772798,-7.580856042093181
1540000000.0,10.11445355442886,-9.047400242552325,9.799830760166852,-2.590240413949272,6.608071552670961,-7.576530577865578
1541000000.0,10.109222668620273,-9.044913357203153,9.79975999785379,-2.563270641481227,6.603600524627492,-7.572141287700807
1542000000.0,10.103998143366011,-9.042425793641483,9.809215009117374,-2.5317672141868033,6.59856885691112,-7.568273340088945
1543000000.0,10.098779970363836,-9.039937558372822,9.823357595735063,-2.5021838963432614,6.593540700675541,-7.561830508236904
1544000000.0,10.093568141319412,-9.037448657880885,9.829857572884027,-2.476411520635856,6.591113440439336,-7.557627523411786
1545000000.0,10.088362647946326,-9.034959098627668,9.829645363405406,-2.4434930498891365,6.587051013032545,-7.5536821493311415
1546000000.0,10.083163481966084,-9.032468887053492,9.835526187372494,-2.4202211716772966,6.583704090388774,-7.549310490880156
1547000000.0,10.077970635108148,-9.029978029577082,9.838459235481213,-2.3905063631396595,6.58039554321486,-7.545429729064627
1548000000.0,10.072784099109935,-9.027486532595622,9.850609025802955,-2.362688516942412,6.576803163337369,-7.539620928873089
1549000000.0,10.067603865716826,-9.024994402484815,9.86276175654008,-2.3346024372387255,6.572794876694829,-7.533403194004138
1550000000.0,10.062429926682185,-9.022501645598952,9.874942755100593,-2.3087741007263674,6.56975669027316,-7.529357837019664
1551000000.0,10.057262273767376,-9.020008268270953,9.888726556296378,-2.2777079999629435,6.566065990179311,-7.524525205673079
1552000000.0,10.052100898741763,-9.017514276812463,9.897178907942113,-2.2546277398596035,6.562357903641767,-7.520133729527423
1553000000.0,10.04694579338273,-9.015019677513878,9.901825206677342,-2.2246095361035985,6.55853703626516,-7.515882224954636
1554000000.0,10.041796949475692,-9.012524476644423,9.916473290702998,-2.193917807498548,6.555679637662457,-7.510238509805286
1555000000.0,10.03665435881411,-9.01002868045222,9.93350830820565,-2.170833628596448,6.552509254749094,-7.505388435563139
1556000000.0,10.031518013199491,-9.007532295164326,9.947729782915523,-2.138203294651972,6.547829442865507,-7.501139129067012
1557000000.0,10.026387904441421,-9.005035326986818,9.955045008491563,-2.113021326030769,6.5461551198878505,-7.4947988772877165
1558000000.0,10.021264024357547,-9.002537782104833,9.970230626462074,-2.0863581687690944,6.542602158701358,-7.48922734930541
1559000000.0,10.016146364773615,-9.00003966668264,9.980724920872964,-2.0623981292978586,6.54009131161046,-7.486211407660677
1560000000.0,10.011034917523467,-8.997540986863704,9.994537788319487,-2.0333982565129016,6.537026944528397,-7.479363645834812
1561000000.0,10.00592967444906,-8.995041748770728,10.002633623621616,-2.0029150135751985,6.533010718590019,-7.474811112962596
1562000000.0,10.000830627400465,-8.992541958505733,10.024026778761197,-1.976071173619767,6.530929111758681,-7.4687298380136635
1563000000.0,9.995737768235891,-8.9900416221501,10.029880265138939,-1.9487704717009864,6.528206889993501,-7.464385837401639
1564000000.0,9.990651088821686,-8.98754074576464,10.058934358629156,-1.9186349120077573,6.524290630394498,-7.457813390957794
1565000000.0,9.985570581032352,-8.985039335389658,10.070667182496871,-1.9004591742010766,6.522462555479476,-7.452999250285875
1566000000.0,9.98049623675056,-8.982537397044995,10.082766566752483,-1.8690265551338319,6.518832320469342,-7.4492786021432185
1567000000.0,9.975428047867148,-8.980034936730103,10.1063898675697,-1.8358917902029275,6.515430531159643,-7.443023533952302
1568000000.0,9.97036600628114,-8.977531960424095,10.127002057424976,-1.8181099386929118,6.515355301812234,-7.434847335052137
1569000000.0,9.96531010389976,-8.975028474085809,10.14108323491046,-1.7824865303090323,6.511688051288633,-7.430840369140017
1570000000.0,9.960260332638423,-8.972524483653862,10.160573764928266,-1.753832353247104,6.508998751675933,-7.4252414024191475
1571000000.0,9.955216684420769,-8.970019995046709,10.178639410531087,-1.7310057893748536,6.506483463613761,-7.420532443184991
1572000000.0,9.950179151178656,-8.967515014162707,10.194295120734417,-1.6972104490131952,6.501898992432768,-7.415077746334411
1573000000.0,9.94514772485218,-8.965009546880166,10.22389703919992,-1.6776499357516008,6.500057247789722,-7.409359966864785
1574000000.0,9.940122397389668,-8.962503599057406,10.241283585304954,-1.6632470648089623,6.499857459665495,-7.404666601504096
1575000000.0,9.935103160747712,-8.959997176532829,10.262983470829488,-1.6337844780337685,6.49684335201469,-7.3987366207790615
1576000000.0,9.930090006891152,-8.957490285124955,10.287532234169145,-1.6086250693048492,6.495325189177354,-7.393847567708134
1577000000.0,9.925082927793106,-8.954982930632497,10.305809069093591,-1.5791666967338986,6.493638982783789,-7.38841894801839
1578000000.0,9.920081915434963,-8.952475118834407,10.333821479476319,-1.5589673925864143,6.492075807215491,-7.383839133101238
1579000000.0,9.915086961806402,-8.949966855489947,10.350055600954915,-1.5278144393222477,6.489121585101401,-7.378315048423739
1580000000.0,9.910098058905403,-8.94745814633873,10.37077602941692,-1.4996659552782166,6.488212619188833,-7.373467359910377
1581000000.0,9.905115198738239,-8.944948997100783,10.397695511670399,-1.4822006996235662,6.485245286662261,-7.367353708610838
1582000000.0,9.900138373319503,-8.942439413476611,10.424301866647545,-1.4528728049853543,6.484691371615366,-7.361232547817681
1583000000.0,9.895167574672108,-8.939929401147245,10.446691167003497,-1.4306372448093927,6.483071917478301,-7.355945496247863
1584000000.0,9.890202794827289,-8.9374189657743,10.474174339615493,-1.41423905422893,6.48173996305609,-7.349992096094706
1585000000.0,9.88524402582463,-8.934908113000038,10.502262185038488,-1.3884785428641433,6.4808541121588,-7.344708936741171
1586000000.0,9.880291259712044,-8.932396848447407,10.524762733798187,-1.3631834062420403,6.479353719788213,-7.34159246465656
1587000000.0,9.87534448854581,-8.929885177720127,10.548624447916026,-1.3388855578102257,6.47639809795102,-7.334327302772557
1588000000.0,9.870403704390561,-8.927373106402706,10.578278943385843,-1.3165718573140088,6.4758536382651455,-7.330275242159713
1589000000.0,9.865468899319296,-8.92486064006054,10.606832038409514,-1.2932226329626,6.473639356777184,-7.323298283553509
1590000000.0,9.860540065413392,-8.922347784239932,10.636299968106654,-1.2745538274572346,6.4738987483222425,-7.317809449256992
1591000000.0,9.855617194762608,-8.919834544468163,10.66574196217902,-1.2469916000692265,6.471989921446484,-7.312419941954794
1592000000.0,9.85070027946509,-8.917320926253552,10.692755218762562,-1.222769221212823,6.469062693120872,-7.307444828520358
1593000000.0,9.845789311627385,-8.9148069350855,10.72338493842364,-1.2083690063479213,6.4692256377780675,-7.3018281405698975
1594000000.0,9.840884283364439,-8.912292576434558,10.757322306863388,-1.1820745881592638,6.466703300276361,-7.2957890275409945
1595000000.0,9.835985186799608,-8.909777855752465,10.792370199323885,-1.1681591936970384,6.467035574000118,-7.291186946314492
1596000000.0,9.831092014064673,-8.907262778472218,10.824291594936453,-1.141797269299716,6.464299913622831,-7.28447623914381
1597000000.0,9.826204757299829,-8.904747350008119,10.859993315032849,-1.1279655041773808,6.464547413056216,-7.280277740876346
1598000000.0,9.821323408653708,-8.902231575755836,10.893853318273937,-1.1115919596854837,6.461891780798478,-7.273841061186414
1599000000.0,9.816447960283377,-8.899715461092448,10.92308005062686,-1.088781874982328,6.459751307150486,-7.268081226610226
1600000000.0,9.811578404354346,-8.897199011376507,10.95754342211385,-1.0659304196571586,6.458391764177345,-7.261980719544712
1601000000.0,9.806714733040572,-8.894682231948087,11.000108630652491,-1.049270757728265,6.458179629846143,-7.256577574626814
1602000000.0,9.801856938524473,-8.892165128128845,11.029926841632495,-1.0317414000408471,6.457324227161387,-7.250459080990336
1603000000.0,9.797005012996923,-8.889647705222062,11.073733381365592,-1.0172448663753206,6.4564469637105075,-7.245278232298154
1604000000.0,9.792158948657269,-8.887129968512715,11.108914946509953,-1.0040261635016923,6.456179305030772,-7.238796806604323
1605000000.0,9.787318737713322,-8.884611923267514,11.149696652354198,-0.9803817932978696,6.455260579370315,-7.234169913836557
1606000000.0,9.782484372381383,-8.88209357473496,11.192581862122378,-0.9785774915885,6.454233066539367,-7.22761170507812
1607000000.0,9.777655844886233,-8.87957492814541,11.224377749299116,-0.95909745230207,6.450630802960901,-7.224961754662953
1608000000.0,9.772833147461139,-8.87705598871111,11.272067101250707,-0.951641248355393,6.451788203728247,-7.216974843486987
1609000000.0,9.768016272347868,-8.874536761626263,11.315838138973978,-0.9388865062834827,6.450375613900857,-7.212982824196826
1610000000.0,9.763205211796686,-8.872017252067078,11.349955729129036,-0.929183718261809,6.449951254239381,-7.207484989607929
1611000000.0,9.758399958066367,-8.869497465191822,11.401011977206442,-0.9171748088809211,6.449747865140999,-7.201610151893849
1612000000.0,9.753600503424192,-8.86697740614087,11.441283486052464,-0.9141102841358945,6.447629227462556,-7.19782676748502
1613000000.0,9.748806840145964,-8.86445708003676,11.485206761168513,-0.9038071936573837,6.4468756165518535,-7.191870721754684
1614000000.0,9.744018960515998,-8.86193649198425,11.52407983573696,-0.8984622719827358,6.44715406985035,-7.187870565686606
1615000000.0,9.73923685682714,-8.859415647070364,11.576144298067435,-0.8925555308951184,6.445739860247215,-7.182525603888606
1616000000.0,9.734460521380772,-8.856894550364444,11.617347299545116,-0.8860123630644878,6.444437766994544,-7.176663229563507
1617000000.0,9.729689946486793,-8.854373206918202,11.669001748714043,-0.8917520063717149,6.443743329307383,-7.171716806248805
1618000000.0,9.724925124463665,-8.851851621765777,11.712663242142169,-0.8852807952734277,6.442173619869639,-7.167294941132649
1619000000.0,9.720166047638376,-8.849329799923785,11.763120605001564,-0.8901617626076643,6.4429364810170995,-7.1623147599701795
1620000000.0,9.715412708346467,-8.846807746391363,11.805109110363588,-0.8939740489103217,6.442207188733676,-7.156928131757328
1621000000.0,9.710665098932031,-8.84428546615023,11.855877655592243,-0.9014398486357893,6.44171063890796,-7.153582246274559
1622000000.0,9.70592321174772,-8.841762964164735,11.897909223170355,-0.9060698639651433,6.4408249242767,-7.148517712321626
1623000000.0,9.701187039154746,-8.8392402453819,11.946507649576569,-0.9101936840678166,6.438992388978009,-7.1418065020039245
1624000000.0,9.69645657352288,-8.836717314731493,11.993252909464928,-0.9207360274743388,6.438128157238485,-7.13884200462999
1625000000.0,9.691731807230468,-8.834194177126047,12.036990442946959,-0.9319333038290415,6.43791386666962,-7.134888262363941
1626000000.0,9.687012732664424,-8.831670837460946,12.083918490642017,-0.9468764654787691,6.437320907994805,-7.129027309983821
1627000000.0,9.682299342220237,-8.829147300614443,12.14266397549219,-0.9597351204006584,6.437035115969111,-7.123395304435297
1628000000.0,9.677591628301972,-8.826623571447728,12.177624417653885,-0.9716608371864296,6.436375181355088,-7.119723224243728
1629000000.0,9.672889583322286,-8.824099654804984,12.226877129921839,-0.9882157100687537,6.435545049577891,-7.114767294795231
1630000000.0,9.668193199702415,-8.821575555513418,12.26453506100272,-1.0145571810364207,6.435022772857435,-7.110181084769895
1631000000.0,9.663502469872185,-8.819051278383334,12.314941265729892,-1.029894665352074,6.4345276909241065,-7.1065293028609915
1632000000.0,9.658817386270014,-8.816526828208156,12.356884116967954,-1.0530752944772812,6.432068275282795,-7.10395456619046
1633000000.0,9.654137941342917,-8.814002209764503,12.40057460583356,-1.0664723073182831,6.432344461607254,-7.098369855557767
1634000000.0,9.649464127546501,-8.811477427812223,12.441406458396893,-1.0942826877890408,6.432855095121453,-7.095412688604319
1635000000.0,9.644795937344988,-8.808952487094453,12.477447180786548,-1.1210042275518266,6.4314548092446,-7.093901030798732
1636000000.0,9.640133363211188,-8.806427392337662,12.525823026779605,-1.1481992509233796,6.430401428214624,-7.089026286586224
1637000000.0,9.635476397626533,-8.803902148251696,12.566542772938963,-1.1662115395460848,6.428274164699261,-7.082332129735805
1638000000.0,9.63082503308105,-8.801376759529834,12.608133181312827,-1.1971917427516663,6.426950387912039,-7.0791506617240705
1639000000.0,9.62617926207339,-8.798851230848843,12.637669588074965,-1.2263585962916672,6.4282857711266175,-7.076508956718043
1640000000.0,9.62153907711081,-8.796325566869013,12.666708347748154,-1.2585926624451245,6.426104713160285,-7.071581239764004
1641000000.0,9.61690447070919,-8.793799772234212,12.708054134383174,-1.2883092209882683,6.423735733629522,-7.068808440165083
1642000000.0,9.612275435393027,-8.791273851571937,12.742138210581457,-1.3219635657270574,6.424594614243828,-7.063813856503034
1643000000.0,9.607651963695439,-8.788747809493366,12.773469706880629,-1.360503080757335,6.422631335700716,-7.061734323676172
1644000000.0,9.603034048158166,-8.786221650593387,12.795890126915518,-1.3910551496140324,6.422076809427194,-7.057554626271823
1645000000.0,9.59842168133158,-8.783695379450673,12.829506873058476,-1.430902058453845,6.41944474778517,-7.05529153203206
1646000000.0,9.593814855774674,-8.781169000627713,12.852767686363652,-1.463350903451307,6.4188786671132565,-7.05041229154122
1647000000.0,9.589213564055076,-8.77864251867086,12.88647162129551,-1.5018561311593632,6.417962954770585,-7.04766110215292
1648000000.0,9.58461779874904,-8.776115938110392,12.909752858070236,-1.5453922487582923,6.41725489552534,-7.043916824415605
1649000000.0,9.580027552441457,-8.773589263460543,12.934202373230542,-1.578640068191035,6.416490733027673,-7.040604057996113
1650000000.0,9.575442817725854,-8.771062499219562,12.959861236577716,-1.619061210160161,6.413765474921231,-7.037006792093453
1651000000.0,9.57086358720439,-8.768535649869758,12.980131445827595,-1.6548351726218204,6.412628421860337,-7.0331987367068285
1652000000.0,9.566289853487863,-8.766008719877542,13.002255817705924,-1.695008881101178,6.410544299705861,-7.0294575571898585
1653000000.0,9.561721609195718,-8.763481713693485,13.018394646899756,-1.7315704519601245,6.408344710211252,-7.0283092920395225
1654000000.0,9.557158846956026,-8.760954635752354,13.040290263188188,-1.7722125682111118,6.406831620289175,-7.024607024518117
1655000000.0,9.552601559405517,-8.758427490473162,13.058358502837073,-1.8123652361998215,6.405852803399137,-7.020922399783071
1656000000.0,9.548049739189548,-8.755900282259224,13.070467004482913,-1.8528965943494144,6.404071264907306,-7.018606268491277
1657000000.0,9.543503378962136,-8.753373015498191,13.082872325369408,-1.900549721741238,6.402241681583644,-7.014892538452893
1658000000.0,9.538962471385927,-8.750845694562104,13.091018529288467,-1.9469765244605113,6.400630889373682,-7.012902100468921
1659000000.0,9.534427009132228,-8.748318323807435,13.090264583035257,-1.9811180449345924,6.398026002087555,-7.011382894551753
1660000000.0,9.529896984880985,-8.74579090757514,13.106726736871694,-2.0300683194455247,6.396541748365959,-7.006167043607363
1661000000.0,9.525372391320793,-8.743263450190703,13.113257841266309,-2.072012088818513,6.395024368613501,-7.00335967506529
1662000000.0,9.520853221148897,-8.740735955964176,13.112664400045578,-2.109719522646375,6.39335690259674,-6.999725072354837
1663000000.0,9.516339467071191,-8.73820842919024,13.116807767188556,-2.1542929317331017,6.3905267462213375,-6.998523838756722
1664000000.0,9.51183112180222,-8.735680874148233,13.127535222513629,-2.1954281083363605,6.391082779559552,-6.993525919132548
1665000000.0,9.50732817806518,-8.733153295102202,13.122753063259733,-2.239308078473235,6.38674944624087,-6.990698563905269
1666000000.0,9.502830628591912,-8.73062569630096,13.113478608392285,-2.2733647389298035,6.3864315654787225,-6.989530422106102
1667000000.0,9.498338466122917,-8.72809808197811,13.113622167710915,-2.3137717312154273,6.384013747901994,-6.985828554703916
1668000000.0,9.493851683407339,-8.725570456352115,13.107056835081186,-2.3536718795302325,6.380899442284562,-6.983423370795484
1669000000.0,9.48937027320298,-8.72304282362632,13.105714470469985,-2.3969905131678026,6.379346635249738,-6.981445084120635
1670000000.0,9.484894228276294,-8.720515187989015,13.09547988942492,-2.435662408080885,6.377204783828785,-6.978670376180208
1671000000.0,9.480423541402384,-8.717987553613469,13.089106705978628,-2.4722204146449003,6.374314382968198,-6.974832250223605
1672000000.0,9.475958205365007,-8.715459924657976,13.080697969248533,-2.513333582367843,6.37255589624039,-6.974170709305151
1673000000.0,9.471498212956568,-8.71293230526591,13.071321828802448,-2.5539449861990557,6.370766917704817,-6.9701754195639465
1674000000.0,9.467043556978133,-8.710404699565759,13.06795127555951,-2.595891632579076,6.368120266173179,-6.9661291850000175
1675000000.0,9.462594230239409,-8.707877111671172,13.043086922966591,-2.628606423441998,6.366015130650388,-6.96602690302001
1676000000.0,9.45815022555876,-8.705349545681,13.032947062164984,-2.66672942147291,6.36435141827881,-6.961597973494616
1677000000.0,9.453711535763205,-8.70282200567935,13.014228718471328,-2.6981824521663484,6.361075924588007,-6.95898949929631
1678000000.0,9.449278153688406,-8.700294495735626,13.002511860733463,-2.730126259909931,6.3586080521119985,-6.957120890984032
1679000000.0,9.444850072178676,-8.69776701990456,12.984270615329105,-2.7597956278919487,6.356319306046207,-6.95492474171378
1680000000.0,9.440427284086985,-8.69523958222628,12.972855410073409,-2.7886581115811166,6.353772043268403,-6.951232975708863
1681000000.0,9.436009782274944,-8.692712186726329,12.938521744306678,-2.817605935173596,6.3494515560270335,-6.950183754971728
1682000000.0,9.431597559612817,-8.690184837415723,12.931529130217871,-2.8507378040058544,6.349089755858531,-6.947379805917139
1683000000.0,9.427190608979515,-8.687657538290999,12.91447689192969,-2.8753597184665836,6.344983716969806,-6.946000691678183
1684000000.0,9.422788923262594,-8.68513029333424,12.8843016986897,-2.9130689372542005,6.34388751941751,-6.943759473277262
1685000000.0,9.41839249535826,-8.68260310651314,12.861041366584537,-2.9340097715321565,6.340489821547119,-6.941744801840255
1686000000.0,9.414001318171358,-8.680075981781028,12.838319112515045,-2.967058117205958,6.337098399113552,-6.938304386962968
1687000000.0,9.409615384615385,-8.677548923076923,12.820477784976461,-2.990585644984737,6.334310153975429,-6.9353785401699986
1688000000.0,9.405234687612475,-8.67502193432558,12.797090563488966,-3.0172020556192014,6.333382992575936,-6.9331816082174615
1689000000.0,9.400859220093405,-8.67249501943751,12.773963227826505,-3.0364924850492288,6.328543315794122,-6.93129821186892
1690000000.0,9.396488974997597,-8.669968182309065,12.753297580615516,-3.061658149028345,6.324852974411963,-6.928423947359189
1691000000.0,9.392123945273106,-8.66744142682243,12.73023286945469,-3.079440593281409,6.324682567056323,-6.92701047637458
1692000000.0,9.387764123876632,-8.664914756845704,12.70347734779547,-3.102940706328223,6.321290831555087,-6.923348992630012
1693000000.0,9.383409503773503,-8.662388176232925,12.66382007541725,-3.116903937442372,6.317521281176216,-6.921378399696106
1694000000.0,9.379060077937694,-8.659861688824122,12.643624616443143,-3.1374110171250664,6.314625558131298,-6.918547049436207
1695000000.0,9.374715839351808,-8.657335298445345,12.623783377062955,-3.1524243351101298,6.312784745317279,-6.914301209669884
1696000000.0,9.370376781007074,-8.654809008908714,12.596354407188146,-3.175838359655297,6.310210570574256,-6.91388627016094
1697000000.0,9.36604289590337,-8.652282824012465,12.568098940143487,-3.183384893165606,6.306259298006811,-6.910576944231316
1698000000.0,9.36171417704918,-8.649756747540986,12.544006398746376,-3.1984320417000887,6.303752079188312,-6.910166420218268
1699000000.0,9.357390617461636,-8.647230783264853,12.515606963122778,-3.2139441609287083,6.300041849547037,-6.9065267343352055
1700000000.0,9.35307221016648,-8.64470493494089,12.494114804665355,-3.228074261817877,6.299114462045298,-6.90298771195631
1701000000.0,9.348758948198093,-8.642179206312193,12.469292846918238,-3.2387443760908674,6.2951457137020235,-6.9006498368468465
1702000000.0,9.344450824599463,-8.639653601108177,12.44679568603026,-3.2555346392090767,6.293162472482283,-6.8982932901388425
1703000000.0,9.340147832422208,-8.637128123044624,12.417427668043278,-3.254117255598027,6.288458328239723,-6.896822662783125
1704000000.0,9.335849964726558,-8.634602775823707,12.396743706290358,-3.2720532390061954,6.286926559278932,-6.893551120834665
1705000000.0,9.331557214581366,-8.632077563134056,12.374827209125648,-3.2781556563357355,6.281350230285155,-6.893505139935694
1706000000.0,9.327269575064093,-8.62955248865077,12.349468612777688,-3.2964814588949465,6.280816802521281,-6.890235360636143
1707000000.0,9.322987039260815,-8.627027556035488,12.321644852492675,-3.3068334288346897,6.277324918761524,-6.887833097913995
1708000000.0,9.318709600266212,-8.624502768936402,12.303659053974652,-3.320954115492282,6.2748344268500285,-6.88531459087583
1709000000.0,9.314437251183577,-8.621978130988314,12.277378466386512,-3.3307242435964395,6.272498085899216,-6.884065666729147
1710000000.0,9.310169985124809,-8.619453645812682,12.253597768814782,-3.3371716981935045,6.269675624581297,-6.882811933195714
1711000000.0,9.305907795210404,-8.616929317017634,12.22535057383843,-3.3401086863426412,6.26678258578341,-6.880221253324282
1712000000.0,9.301650674569457,-8.61440514819804,12.208937841834949,-3.34858740427083,6.264123667362056,-6.876338510197618
1713000000.0,9.297398616339667,-8.61188114293553,12.186526435470965,-3.3609219959099437,6.261628629961999,-6.874248339589979
1714000000.0,9.293151613667323,-8.609357304798541,12.160508124472843,-3.364111373750404,6.258155835950637,-6.873935400066837
1715000000.0,9.288909659707311,-8.606833637342364,12.140581684347795,-3.3765898136566515,6.256319817723961,-6.870786577948792
1716000000.0,9.2846727476231,-8.604310144109167,12.115757549295099,-3.3833926464493307,6.25406813230683,-6.867974816769333
1717000000.0,9.280440870586748,-8.601786828628057,12.094115376259333,-3.3946579804844665,6.25084657567467,-6.864386267310005
1718000000.0,9.276214021778902,-8.599263694415098,12.064733107511952,-3.4036273064391676,6.247798662440851,-6.863643091597894
1719000000.0,9.271992194388787,-8.596740744973363,12.04490933632991,-3.4073956317220992,6.245533973237537,-6.861141107660206
1720000000.0,9.2677753816142,-8.594217983792973,12.01913430634865,-3.4157466061459707,6.2426317979991355,-6.858822823627594
1721000000.0,9.263563576661525,-8.591695414351127,11.989872740336432,-3.426552445242142,6.239211324048348,-6.858856097034882
1722000000.0,9.259356772745715,-8.589173040112156,11.961032943212635,-3.4214582123025594,6.2362223698389405,-6.85492630912537
1723000000.0,9.255154963090284,-8.58665086452755,11.938998218468111,-3.4384919139624133,6.233851822589668,-6.854123995119654
1724000000.0,9.250958140927322,-8.584128891035999,11.909737316472313,-3.4346087233945957,6.231329606111086,-6.85047450205147
1725000000.0,9.24676629949748,-8.581607123063439,11.878344469134182,-3.4336033770927785,6.226997630464682,-6.84919157149567
1726000000.0,9.242579432049968,-8.579085564023076,11.85076451479038,-3.4405887420793926,6.224274750196162,-6.8472445184099735
1727000000.0,9.238397531842555,-8.576564217315449,11.823187055388471,-3.439212005521077,6.220976710983566,-6.845209418176745
1728000000.0,9.23422059214156,-8.574043086328437,11.79369008549645,-3.4493354093688433,6.218343666048775,-6.843110388863186
1729000000.0,9.230048606221851,-8.571522174437325,11.765023706744662,-3.4493570955897943,6.214855178389892,-6.8421984758183365
1730000000.0,9.225881567366855,-8.569001485004831,11.739774290050974,-3.4490644572697606,6.214241829933395,-6.8416349263200775
1731000000.0,9.221719468868525,-8.566481021381135,11.712081353325665,-3.4438900705815523,6.209636976885957,-6.839112470338544
1732000000.0,9.217562304027366,-8.56396078690394,11.685755753775936,-3.4398712251070354,6.206996997009474,-6.83700025199343
1733000000.0,9.213410066152417,-8.561440784898483,11.659423946539112,-3.441514547586172,6.203991509945862,-6.835463553847278
1734000000.0,9.20926274856125,-8.5589210186776,11.628076864249241,-3.4398981092690883,6.199464563734287,-6.833911815335665
1735000000.0,9.205120344579964,-8.55640149154174,11.59564601860325,-3.440009301113861,6.197475178143537,-6.8321976082442575
1736000000.0,9.200982847543187,-8.553882206779015,11.57789430638224,-3.4445513616149146,6.195604923448712,-6.8297556875756795
1737000000.0,9.196850250794068,-8.55136316766524,11.538198310238679,-3.435999096515577,6.191011347363126,-6.830488267779345
1738000000.0,9.19272254768427,-8.548844377463961,11.513513284781979,-3.43063138673774,6.188672546287942,-6.828317728453305
1739000000.0,9.188599731573978,-8.546325839426501,11.486099349391006,-3.4216201164457654,6.1850349865462055,-6.825746911308295
1740000000.0,9.184481795831884,-8.543807556791991,11.452653672021485,-3.419678912732318,6.182532508397666,-6.82408593386616
1741000000.0,9.18036873383519,-8.54128953278741,11.429000145669185,-3.412539693164624,6.179766635411748,-6.822878025996859
1742000000.0,9.17626053896959,-8.538771770627621,11.39846609802775,-3.414902248078865,6.1759258779406805,-6.822470459741143
1743000000.0,9.172157204629293,-8.53625427351541,11.37119283936791,-3.4017167251930522,6.172234550343724,-6.818905873118003
1744000000.0,9.16805872421699,-8.533737044641526,11.347972986558924,-3.39862684943306,6.170151888510982,-6.819142205931264
1745000000.0,9.163965091143872,-8.531220087184705,11.32202718083698,-3.3839319499281126,6.165518364338105,-6.817271882242246
1746000000.0,9.159876298829609,-8.528703404311718,11.295635079108296,-3.373814285688161,6.1629803718549265,-6.813687486663464
1747000000.0,9.155792340702359,-8.526186999177407,11.265605836050707,-3.371453662408141,6.161615500867993,-6.811703849151422
1748000000.0,9.151713210198757,-8.523670874924715,11.231607089043138,-3.3662533278186677,6.157447372659614,-6.813048408414119
1749000000.0,9.14763890076391,-8.521155034684728,11.214738282682184,-3.354977261902664,6.154672999954405,-6.808841167035898
1750000000.0,9.143569405851402,-8.518639481576717,11.19423209271375,-3.344591090272788,6.150933348478756,-6.807200767744184
1751000000.0,9.139504718923275,-8.516124218708146,11.162159659736336,-3.3393306592963676,6.14905661857123,-6.80506505114507
1752000000.0,9.135444833450036,-8.513609249174754,11.143153816402535,-3.3335782018917715,6.14654147883595,-6.8043338717858886
1753000000.0,9.131389742910649,-8.511094576060545,11.110281146826571,-3.325435172457176,6.143818117230347,-6.8036864655990135
1754000000.0,9.127339440792529,-8.508580202437859,11.09258897451819,-3.3128430546216636,6.1391420442958395,-6.800589943142291
1755000000.0,9.123293920591543,-8.506066131367383,11.061137761294205,-3.302830678935338,6.137230802870641,-6.79930426936458
1756000000.0,9.119253175811997,-8.503552365898198,11.030482055890202,-3.291816022402722,6.1336752345176,-6.798346166491408
1757000000.0,9.115217199966636,-8.501038909067823,11.010694613532834,-3.2821374242121695,6.13031089201351,-6.796072165226306
1758000000.0,9.111185986576647,-8.498525763902226,10.982523784971463,-3.2710620380248283,6.127900188182298,-6.795201734139247
1759000000.0,9.10715952917164,-8.496012933415885,10.96180594243619,-3.253706201274998,6.124284189076057,-6.792616961396698
1760000000.0,9.10313782128965,-8.493500420611808,10.932588792976604,-3.2466687702211794,6.121180233420549,-6.792727057501194
1761000000.0,9.099120856477134,-8.49098822848157,10.912486652315478,-3.2339112688154588,6.116688439225552,-6.788095437026727
1762000000.0,9.095108628288969,-8.488476360005356,10.889437869189706,-3.215698944290622,6.113297789011748,-6.787092247000724
1763000000.0,9.091101130288436,-8.485964818151983,10.868166942901993,-3.2076175118476553,6.1111349677725935,-6.785851916310693
1764000000.0,9.087098356047228,-8.483453605878953,10.846028572562693,-3.1895453571917187,6.1067208038567715,-6.783312574256521
1765000000.0,9.083100299145437,-8.480942726132463,10.813000093394946,-3.180805816270357,6.102942767527355,-6.782519422249727
1766000000.0,9.07910695317155,-8.478432181847467,10.793191815001917,-3.167557512838337,6.099928273557452,-6.779900496294044
1767000000.0,9.075118311722449,-8.475921975947685,10.768719412901046,-3.147107906105276,6.0965893063555185,-6.776677335745755
1768000000.0,9.071134368403403,-8.473412111345656,10.74646813712327,-3.1389735644689236,6.094004066108522,-6.774732796064775
1769000000.0,9.067155116828054,-8.470902590942769,10.730744724724708,-3.1221006545507524,6.088567032992906,-6.771852194180202
1770000000.0,9.063180550618434,-8.468393417629281,10.709401816564347,-3.1057119784534706,6.085308720749178,-6.769320641728301
1771000000.0,9.059210663404937,-8.465884594284383,10.686126779185528,-3.096744220781874,6.083945168296768,-6.767125431219424
1772000000.0,9.055245448826328,-8.463376123776198,10.652834118773814,-3.0761707487907746,6.078806740128671,-6.765569238936378
1773000000.0,9.05128490052973,-8.460868008961839,10.634107662997048,-3.0620711136518706,6.076480702343497,-6.763465447456254
1774000000.0,9.047329012170627,-8.45836025268744,10.617130442666888,-3.050640754715459,6.072857372457379,-6.760406686050101
1775000000.0,9.043377777412847,-8.455852857788177,10.585175063214562,-3.0324732786094573,6.067212666507045,-6.7600270771295525
1776000000.0,9.039431189928571,-8.45334582708832,10.574566724338624,-3.008872384148844,6.063773549969664,-6.755117069718523
1777000000.0,9.035489243398317,-8.450839163401254,10.547558276967086,-2.987999513513905,6.060309004079739,-6.753577636574785
1778000000.0,9.031551931510936,-8.448332869529505,10.523690695444138,-2.9707804385067944,6.05647311259569,-6.751798760710058
1779000000.0,9.027619247963614,-8.4458269482648,10.508692719076793,-2.9521164917085527,6.053765456705295,-6.748659208091878
1780000000.0,9.023691186461857,-8.443321402388074,10.485370283598762,-2.931701447274844,6.049482753253553,-6.748625043537988
1781000000.0,9.019767740719491,-8.440816234669517,10.465912531084482,-2.9128558315072204,6.044673585740287,-6.744262229376097
1782000000.0,9.015848904458661,-8.438311447868603,10.4523673970805,-2.898564511684555,6.043405697704839,-6.742206420122052
1783000000.0,9.011934671409811,-8.435807044734123,10.426982174088176,-2.876042429654887,6.039127409142041,-6.7402988947596025
1784000000.0,9.008025035311697,-8.433303028004218,10.406833009221788,-2.858106967899227,6.036745334934847,-6.738056042593655
1785000000.0,9.004119989911363,-8.430799400406412,10.384903088263542,-2.8319106195853614,6.031771529992121,-6.736474572796217
1786000000.0,9.000219528964152,-8.428296164657649,10.364828400148976,-2.8124652996982342,6.029370347229406,-6.733970010136667
1787000000.0,8.996323646233687,-8.425793323464314,10.341914752655509,-2.792346091524395,6.025578271927594,-6.732729306420401
1788000000.0,8.992432335491877,-8.423290879522279,10.335273634415636,-2.766044761026936,6.02100819066305,-6.7287661543853625
1789000000.0,8.988545590518903,-8.420788835516925,10.31588730838263,-2.751801020957829,6.018731842771168,-6.726607136055815
1790000000.0,8.984663405103213,-8.418287194123184,10.294049380402779,-2.7257157529141454,6.015620409962321,-6.722941001349043
1791000000.0,8.980785773041523,-8.41578595800557,10.284060230172685,-2.702759630234261,6.011779962033264,-6.720440404867359
1792000000.0,8.976912688138803,-8.41328512981819,10.259019121986455,-2.6871412093554374,6.009559640913502,-6.718805486106203
1793000000.0,8.973044144208274,-8.41078471220481,10.246851950752236,-2.671160758328892,6.006919620350112,-6.716007198206154
1794000000.0,8.969180135071408,-8.408284707798865,10.23567068015125,-2.643140917485749,6.003177612716297,-6.713060645695497
1795000000.0,8.96532065455791,-8.405785119223495,10.215873680497111,-2.620321658341606,6.0012145506138665,-6.710761137037107
1796000000.0,8.961465696505726,-8.403285949091583,10.19309258981815,-2.601024418268105,5.9957017921436115,-6.707647676996222
1797000000.0,8.957615254761027,-8.400787200005771,10.182944562568295,-2.571061619631403,5.993069123440623,-6.7039239386236575
1798000000.0,8.953769323178204,-8.398288874558517,10.170943204896655,-2.551425855135396,5.989892253090927,-6.702043097064773
1799000000.0,8.949927895619869,-8.395790975332101,10.156699256192734,-2.53370493059063,5.988212115264745,-6.698710764062215
1800000000.0,8.946090965956842,-8.393293504898669,10.143154909089793,-2.5117181903899155,5.983681196427061,-6.695119119621427
1801000000.0,8.942258528068152,-8.39079646582027,10.121695673683773,-2.4920811936904905,5.981005201279493,-6.691848872357113
1802000000.0,8.938430575841014,-8.388299860648868,10.114322116000588,-2.4681169590057586,5.9776297064869865,-6.6882798727418615
1803000000.0,8.934607103170855,-8.3858036919264,10.095715479959534,-2.4458325516923702,5.97456618392398,-6.686897224937806
1804000000.0,8.930788103961268,-8.38330796218478,10.086563671233296,-2.4215532290208146,5.97135985667384,-6.683162014711714
1805000000.0,8.926973572124039,-8.380812673945943,10.070197829815912,-2.391826540442493,5.966862651754649,-6.679768907001114
1806000000.0,8.923163501579124,-8.378317829721885,10.06074483545446,-2.3757417110573478,5.965225306004771,-6.677648046935741
1807000000.0,8.919357886254648,-8.375823432014677,10.047186104253617,-2.346431609426832,5.961494665974837,-6.67363427839767
1808000000.0,8.915556720086897,-8.373329483316502,10.040638963394956,-2.334089552456748,5.958282638769249,-6.6716847598421625
1809000000.0,8.911759997020308,-8.370835986109688,10.02313315860651,-2.3117929523172096,5.955106441889955,-6.668008870681129
1810000000.0,8.907967711007478,-8.368342942866738,10.017983451514123,-2.281679138100934,5.951639008190728,-6.66598038384881
1811000000.0,8.904179856009137,-8.365850356050357,10.000398648585362,-2.2542845511303367,5.9487480466503415,-6.662730270366371
1812000000.0,8.900396425994153,-8.363358228113487,10.002166522544444,-2.24319416176461,5.945363845286937,-6.660278548149514
1813000000.0,8.896617414939527,-8.360866561499337,9.985046598914062,-2.2154167141189247,5.942876997309419,-6.656977540957309
1814000000.0,8.892842816830385,-8.358375358641407,9.97358420031936,-2.1957057334827828,5.93907271930562,-6.6543315946626125
1815000000.0,8.889072625659965,-8.355884621963524,9.965685668183944,-2.1706241504439943,5.935986273468864,-6.651857563797078
1816000000.0,8.885306835429622,-8.353394353879871,9.94714370307098,-2.146248525838837,5.9335040886299195,-6.648990275670814
1817000000.0,8.881545440148816,-8.350904556795015,9.940736457222366,-2.128209644295813,5.930543627971527,-6.644816616215131
1818000000.0,8.877788433835093,-8.348415233103943,9.929510884596882,-2.10539549134904,5.927673129334391,-6.641768945726293
1819000000.0,8.87403581051411,-8.345926385192083,9.924418364186112,-2.0792223595729484,5.92446148739621,-6.6380926701326475
1820000000.0,8.870287564219595,-8.343438015435336,9.912705069161927,-2.0629026936878465,5.922736511712644,-6.636459717594843
1821000000.0,8.86654368899336,-8.340950126200111,9.904344569563236,-2.0369858564693857,5.918789682813088,-6.632977537330306
1822000000.0,8.862804178885286,-8.338462719843351,9.896716917158312,-2.016468271195555,5.9171121627204855,-6.630095326414623
1823000000.0,8.859069027953323,-8.33597579871256,9.892225056727721,-1.9903236608799137,5.913872269458875,-6.627069609175446
1824000000.0,8.85533823026348,-8.333489365145837,9.88717309229162,-1.9700828158889585,5.9108136701664895,-6.622233131540731
1825000000.0,8.851611779889815,-8.331003421471902,9.881457488177297,-1.9473588813391913,5.909403906780182,-6.619756155190677
1826000000.0,8.847889670914435,-8.328517970010125,9.874584181290372,-1.9252692990505038,5.905369504395774,-6.616022593477996
1827000000.0,8.844171897427486,-8.326033013070555,9.868894452676779,-1.9036175457911193,5.902820211842312,-6.61336498733558
1828000000.0,8.840458453527141,-8.323548552953959,9.861487473795913,-1.8769197250285983,5.901077422192412,-6.609721815757873
1829000000.0,8.83674933331961,-8.32106459195183,9.865283138082557,-1.8539218380093183,5.8983413785737495,-6.605712767581943
1830000000.0,8.833044530919107,-8.31858113234644,9.860330298221308,-1.833856838653577,5.89537164655447,-6.602103580002364
1831000000.0,8.829344040447872,-8.316098176410842,9.849404784932801,-1.8105847087745641,5.892319571254283,-6.600121962775229
1832000000.0,8.825647856036142,-8.313615726408932,9.85292699668035,-1.792249220665784,5.89022221925075,-6.596807343740661
1833000000.0,8.821955971822153,-8.311133784595443,9.844174820538266,-1.7712596117139432,5.886966230293405,-6.592916634339766
1834000000.0,8.818268381952139,-8.308652353215997,9.839695540092602,-1.7465865247087864,5.886360805852592,-6.589204440350465
1835000000.0,8.814585080580311,-8.30617143450713,9.831055309907468,-1.7276538359456721,5.880976955622441,-6.587092613366458
1836000000.0,8.810906061868867,-8.303691030696305,9.835824758241738,-1.7060897140708582,5.8787781069353295,-6.583752979521918
1837000000.0,8.807231319987965,-8.301211144001961,9.828500697741845,-1.6862570440137472,5.876903888280275,-6.578457407848765
1838000000.0,8.803560849115737,-8.298731776633533,9.826308013425361,-1.6541456382924529,5.872847381442957,-6.575041222264208
1839000000.0,8.799894643438268,-8.296252930791468,9.821149314670574,-1.6384432626711511,5.870939933342979,-6.573427790029147
1840000000.0,8.796232697149597,-8.293774608667277,9.821488730682756,-1.6179348590651204,5.868994708135039,-6.570950773819029
1841000000.0,8.792575004451699,-8.291296812443543,9.818599026024637,-1.59885840121349,5.867897607154437,-6.567197271954573
1842000000.0,8.788921559554492,-8.28881954429396,9.82369423310124,-1.5786133404884761,5.86505941651137,-6.564037705182202
1843000000.0,8.785272356675826,-8.286342806383345,9.818511593939984,-1.560438177192527,5.863462216534293,-6.5622881917585625
1844000000.0,8.781627390041464,-8.283866600867695,9.80884701919177,-1.535274785052087,5.860662792028943,-6.559081420239136
1845000000.0,8.777986653885094,-8.281390929894187,9.814119299169686,-1.5205911941900674,5.858181357446761,-6.554993644098609
1846000000.0,8.774350142448304,-8.278915795601213,9.812871471886156,-1.4915922352940043,5.854211648371708,-6.5519489092834
1847000000.0,8.770717849980592,-8.276441200118414,9.813870271687481,-1.4724675661958309,5.850809828462179,-6.549702774542187
1848000000.0,8.767089770739343,-8.273967145566708,9.803437332854953,-1.4519706047627223,5.850079002756278,-6.546685164660795
1849000000.0,8.763465898989836,-8.271493634058302,9.801439936029672,-1.4312419290558451,5.848072264488854,-6.543549326430028
1850000000.0,8.75984622900522,-8.26902066769674,9.809444821728041,-1.4153536660670123,5.844233157254674,-6.540498279727672
1851000000.0,8.75623075506653,-8.266548248576916,9.80612929206054,-1.3871641024504746,5.8414286411636684,-6.5369294962490825
1852000000.0,8.752619471462655,-8.264076378785099,9.804291750378368,-1.3652431027380008,5.839789954061205,-6.531187286983234
1853000000.0,8.749012372490348,-8.26160506039898,9.807419009735915,-1.3520583116594806,5.836953087507874,-6.529735181766321
1854000000.0,8.745409452454215,-8.25913429548767,9.81031614030477,-1.334561595233526,5.834026346603374,-6.526642534683347
1855000000.0,8.741810705666701,-8.256664086111755,9.811059011947648,-1.3104820509914523,5.833136253716498,-6.525287903335527
1856000000.0,8.738216126448092,-8.254194434323297,9.802034934848031,-1.3007251212181736,5.82882784193063,-6.522573167874357
1857000000.0,8.734625709126503,-8.251725342165887,9.806036373231803,-1.280943807116807,5.827682224639257,-6.5194306922284255
1858000000.0,8.731039448037869,-8.249256811674648,9.81534679626794,-1.2567139060867187,5.826903456207967,-6.517087626416675
1859000000.0,8.727457337525944,-8.246788844876274,9.809271279397517,-1.2406200224240713,5.824631351960297,-6.514233052362364
1860000000.0,8.723879371942285,-8.244321443789055,9.818542529787319,-1.2233847126451198,5.821912833229742,-6.511888812921945
1861000000.0,8.720305545646251,-8.2418546104229,9.811794803630761,-1.2065973987245064,5.819430928227762,-6.50876996569026
1862000000.0,8.716735853005,-8.239388346779366,9.812213081243165,-1.1898368522749212,5.818574609381621,-6.507948137736726
1863000000.0,8.713170288393467,-8.236922654851691,9.814820412263682,-1.1736077101069717,5.816105683031161,-6.50361797626617
1864000000.0,8.70960884619437,-8.2344575366248,9.819068866271076,-1.1613734537387705,5.814430786695824,-6.501523140212295
1865000000.0,8.706051520798198,-8.231992994075355,9.809242575008719,-1.137181679311758,5.813198355258946,-6.497433236886837
1866000000.0,8.702498306603207,-8.229529029171765,9.817128920558876,-1.1308524492254548,5.8119662138555315,-6.497118774100679
1867000000.0,8.698949198015395,-8.227065643874214,9.813780810714457,-1.1091717833946761,5.8092138484695015,-6.493985158440001
1868000000.0,8.695404189448528,-8.224602840134702,9.818841594891513,-1.091709245661793,5.807593375224058,-6.491504494499975
1869000000.0,8.691863275324103,-8.222140619897038,9.821071529357033,-1.0751889801035062,5.8045380426404725,-6.489608397507176
1870000000.0,8.688326450071349,-8.21967898509691,9.828073539809697,-1.0690429131760741,5.802634010688454,-6.48580798629184
1871000000.0,8.684793708127227,-8.217217937661868,9.829014417945993,-1.0544722636770447,5.802994397088442,-6.483436541553704
1872000000.0,8.681265043936415,-8.214757479511379,9.827065505664462,-1.0301135790878801,5.801366915756106,-6.479988050387278
1873000000.0,8.677740451951301,-8.212297612556833,9.844309701493398,-1.0196252652279236,5.797656288458224,-6.477156395837277
1874000000.0,8.674219926631979,-8.209838338701585,9.836761931290443,-1.008818903933748,5.799459145394323,-6.475501813324742
1875000000.0,8.670703462446241,-8.207379659840974,9.841563639006035,-0.9909463170417183,5.794661383076927,-6.4739909567887715
1876000000.0,8.667191053869558,-8.204921577862338,9.84606670721577,-0.979236494835382,5.7928275239285325,-6.471238580205734
1877000000.0,8.6636826953851,-8.202464094645055,9.855334432560138,-0.9603880760715598,5.791279592242534,-6.468819552719479
1878000000.0,8.660178381483693,-8.200007212060555,9.842953412854731,-0.9472166945311585,5.788306763005969,-6.467699389868814
1879000000.0,8.65667810666384,-8.197550931972359,9.853780071313775,-0.931669487290524,5.7868779603226095,-6.462636895842078
1880000000.0,8.653181865431696,-8.195095256236089,9.87352805978826,-0.9233288332438332,5.7860302917018815,-6.459302730376697
1881000000.0,8.649689652301074,-8.192640186699503,9.864282780552822,-0.9110883016365242,5.783597524777125,-6.458030804602074
1882000000.0,8.646201461793426,-8.190185725202518,9.872973983973035,-0.9011832912624225,5.781227625539866,-6.454781496244009
1883000000.0,8.64271728843784,-8.187731873577231,9.885047959635836,-0.8911983617620184,5.7799102287622235,-6.452162275547326
1884000000.0,8.639237126771029,-8.185278633647945,9.877985522133853,-0.8586238891009038,5.776546746002957,-6.449594912984185
1885000000.0,8.635760971337334,-8.1828260072312,9.879771847398958,-0.8671938325635195,5.775882229261157,-6.44811526423801
1886000000.0,8.632288816688705,-8.180373996135783,9.880301143404289,-0.8512919047495137,5.7742489780781145,-6.445741949864048
1887000000.0,8.628820657384694,-8.177922602162775,9.893356903009018,-0.8356175882967292,5.773503981218368,-6.443453125153316
1888000000.0,8.625356487992452,-8.17547182710555,9.890870190812217,-0.8274406562677099,5.768153491469717,-6.441562933645888
1889000000.0,8.621896303086725,-8.173021672749814,9.893429914870605,-0.8193080751809021,5.767858004836997,-6.439547149886741
1890000000.0,8.618440097249831,-8.170572140873633,9.896837096489868,-0.7952363629102381,5.764837022600589,-6.435924709551194
1891000000.0,8.614987865071672,-8.16812323324744,9.903108873470812,-0.797342534731499,5.766686727577431,-6.433682535085769
1892000000.0,8.611539601149712,-8.165674951634081,9.902203010595175,-0.7876924307192708,5.76432661710229,-6.432784441557345
1893000000.0,8.60809530008897,-8.163227297788817,9.91766884971948,-0.7774679609126837,5.762848743801564,-6.429915017437736
1894000000.0,8.604654956502024,-8.160780273459372,9.91509852727474,-0.7686312219228822,5.76076369602664,-6.426445664320101
1895000000.0,8.601218565008988,-8.158333880385928,9.910162438471051,-0.7590831778700754,5.758361157433296,-6.426432267635679
1896000000.0,8.597786120237519,-8.155888120301178,9.917108434262294,-0.749987594063749,5.757455201589251,-6.422583150017828
1897000000.0,8.59435761682279,-8.153442994930328,9.935982796988199,-0.7334053934254914,5.7551745503264335,-6.4201022450643785
1898000000.0,8.590933049407507,-8.15099850599113,9.928302918048967,-0.7285795138279882,5.753841956139838,-6.418357545805446
1899000000.0,8.587512412641878,-8.148554655193907,9.93735159647871,-0.7226662661685727,5.75301620680599,-6.416692345737874
1900000000.0,8.584095701183621,-8.146111444241575,9.940772812157151,-0.7209755225838491,5.752424436566832,-6.413712415054236
1901000000.0,8.580682909697945,-8.14366887482966,9.943542708071998,-0.7143215188660671,5.751359163285758,-6.411309757981941
1902000000.0,8.577274032857552,-8.141226948646331,9.942156090832723,-0.699704458632104,5.748299884696606,-6.409064500355585
1903000000.0,8.573869065342624,-8.138785667372417,9.949130777901217,-0.692787161559988,5.748191022572698,-6.406510631447471
1904000000.0,8.570468001840812,-8.136345032681438,9.956678257440174,-0.6894866592904108,5.746933025361345,-6.403858175249402
1905000000.0,8.567070837047238,-8.133905046239615,9.954282915120896,-0.6815516546151897,5.745494363574352,-6.402779900326145
1906000000.0,8.563677565664475,-8.131465709705902,9.961457062354818,-0.6731328103265384,5.7434728265809705,-6.399401908645888
1907000000.0,8.560288182402548,-8.12902702473201,9.96359098432372,-0.6615124008250799,5.743074232726078,-6.395847444093061
1908000000.0,8.556902681978922,-8.12658899296243,9.964000380286071,-0.6586538433733679,5.741374636180498,-6.394230766962827
1909000000.0,8.553521059118498,-8.124151616034451,9.971514626543318,-0.6519548800152661,5.741848932668974,-6.3912786635282774
1910000000.0,8.550143308553597,-8.121714895578187,9.974412845035472,-0.6492960389943997,5.739357532144579,-6.389934916428906
1911000000.0,8.546769425023964,-8.11927883321659,9.970807157507656,-0.6365604999652955,5.737668353612837,-6.387908052627803
1912000000.0,8.543399403276744,-8.116843430565492,9.969806441264774,-0.6391432207767604,5.737555794296384,-6.385180289745905
1913000000.0,8.540033238066496,-8.114408689233613,9.984729510151945,-0.6349719525082006,5.735898182966256,-6.383373537012572
1914000000.0,8.536670924155157,-8.111974610822585,9.978549444081267,-0.6238267250603108,5.733616886424065,-6.38046147227224
1915000000.0,8.533312456312068,-8.10954119692698,9.97300657325099,-0.6144587025562595,5.7334472914081465,-6.379197585309249
1916000000.0,8.52995782931393,-8.107108449134328,9.982827972422534,-0.6102368500806775,5.731649166813159,-6.376920561736711
1917000000.0,8.526607037944828,-8.104676369025137,9.99516023824911,-0.6007782243097468,5.730400614045871,-6.375398850646127
1918000000.0,8.523260076996195,-8.102244958172927,9.978041667794558,-0.5945914271659722,5.730196600966144,-6.374565759631335
1919000000.0,8.519916941266827,-8.099814218144232,9.989699710825917,-0.5908822820799351,5.727749826225653,-6.3715624090200595
1920000000.0,8.516577625562864,-8.097384150498646,9.985030432218652,-0.5866939442728445,5.726539196710991,-6.370365924587642
1921000000.0,8.51324212469778,-8.09495475678883,9.982374474963864,-0.5821555196199925,5.724103442177399,-6.367602766480279
1922000000.0,8.50991043349238,-8.092526038560534,9.988407226346698,-0.5749391470764874,5.724336472343658,-6.365241832227652
1923000000.0,8.506582546774796,-8.090097997352625,9.989185893332246,-0.5707975855408712,5.722340056269329,-6.3644562083726735
1924000000.0,8.503258459380465,-8.087670634697107,9.99091493800188,-0.5637248034921089,5.721577581274518,-6.361088044485071
1925000000.0,8.499938166152132,-8.085243952119141,9.990251593422833,-0.5620482872559543,5.7193075726853,-6.359586482974945
1926000000.0,8.496621661939841,-8.08281795113707,9.988960709170065,-0.5439929637316138,5.718083321423778,-6.356565106856912
1927000000.0,8.493308941600926,-8.080392633262433,9.989715024142555,-0.5491487607015291,5.719247552715827,-6.3542313339089915
1928000000.0,8.490000000000002,-8.077968,9.994898201152933,-0.5354786737291334,5.716766660401515,-6.35228345521433
1929000000.0,8.486694832008949,-8.075544052847784,9.987908884342518,-0.5247970888381681,5.715119973132529,-6.34977307935489
1930000000.0,8.483393432506924,-8.07312079329706,9.990863278001104,-0.518101221502908,5.71371479637529,-6.347391264060477
1931000000.0,8.480095796380336,-8.070698222832396,9.991287084692184,-0.5249351433930539,5.715049148624885,-6.344130858507744
1932000000.0,8.47680191852284,-8.068276342931668,9.988495354030968,-0.5132298116140973,5.712855480016272,-6.344313866557674
1933000000.0,8.473511793835335,-8.065855155066084,9.986972883597726,-0.5032799409657924,5.712971541883875,-6.340785315661122
1934000000.0,8.470225417225953,-8.0634346607002,9.99290485295081,-0.4904560010168097,5.711294466670907,-6.338618007372588
1935000000.0,8.466942783610044,-8.061014861291946,9.984933969739773,-0.48786055861234884,5.710226319668445,-6.336259240895338
1936000000.0,8.463663887910187,-8.058595758292656,9.982872743518493,-0.4791316622080791,5.709346203169119,-6.333522523867902
1937000000.0,8.460388725056156,-8.056177353147067,9.987295936454597,-0.46307238410125273,5.707372835233598,-6.330821636730085
1938000000.0,8.45711728998493,-8.053759647293358,9.98585807339028,-0.45966278617107675,5.706541970011841,-6.328248331000555
1939000000.0,8.453849577640687,-8.051342642163167,9.985779508098826,-0.45219195384962696,5.705757632058971,-6.326288392515288
1940000000.0,8.450585582974778,-8.048926339181605,9.982181419794,-0.44026919694575384,5.704779820525299,-6.324503073844018
1941000000.0,8.447325300945733,-8.046510739767292,9.976934508595566,-0.42983660628286097,5.702747581428179,-6.322154382416621
1942000000.0,8.444068726519255,-8.044095845332357,9.984100732166162,-0.42338182427973436,5.703467108727255,-6.319993739038321
1943000000.0,8.440815854668198,-8.04168165728248,9.982300447767743,-0.416844719084818,5.702186337861533,-6.317648440819262
1944000000.0,8.437566680372575,-8.039268177016892,9.987266322131003,-0.4090825886865138,5.701641396090199,-6.315563524814183
1945000000.0,8.434321198619534,-8.036855405928415,9.973655569575564,-0.3994978548025003,5.6997524029666,-6.313982955490455
1946000000.0,8.431079404403365,-8.034443345403472,9.983426454164684,-0.3907684645352279,5.699101826814631,-6.312627429819465
1947000000.0,8.42784129272548,-8.032031996822106,9.980881101724709,-0.3815026401346576,5.697927141817967,-6.309548530528472
1948000000.0,8.424606858594412,-8.029621361558002,9.98292697056812,-0.3714269143189637,5.698253483713183,-6.307330323762572
1949000000.0,8.421376097025803,-8.027211440978515,9.977029141662145,-0.3581908442392108,5.695853494091022,-6.305448808948365
1950000000.0,8.418149003042396,-8.024802236444682,9.982692777442576,-0.35522799524593,5.695543676937248,-6.30292961464676
1951000000.0,8.414925571674033,-8.022393749311242,9.983981500246523,-0.3422362966664492,5.694597232419093,-6.301409617398376
1952000000.0,8.411705797957634,-8.019985980926661,9.980809351578602,-0.3342423622292812,5.69453648666377,-6.298717223314188
1953000000.0,8.408489676937203,-8.01757893263315,9.977220229947179,-0.3296898056266627,5.6933739392279685,-6.296437315918517
1954000000.0,8.405277203663807,-8.01517260576668,9.988405355610789,-0.3156886594206679,5.692993455296344,-6.292357697005704
1955000000.0,8.402068373195581,-8.012767001657014,9.975882838730508,-0.30764454451783807,5.69279437303501,-6.291214878759431
1956000000.0,8.398863180597708,-8.010362121627715,9.975646542694255,-0.2989058506903242,5.691954886616734,-6.289975585567014
1957000000.0,8.395661620942418,-8.007957966996173,9.981337265035584,-0.2840147930551409,5.690341763240057,-6.287031628896069
1958000000.0,8.392463689308975,-8.005554539073621,9.981763330289136,-0.27726258222657524,5.689615567478677,-6.2826066332450345
1959000000.0,8.38926938078367,-8.003151839165158,9.976607462429289,-0.26974388081264794,5.688795300445292,-6.2821629922961915
1960000000.0,8.386078690459822,-8.000749868569763,9.978513948530368,-0.25857888850644156,5.688293949634791,-6.280253219524713
1961000000.0,8.382891613437751,-7.998348628580321,9.979463036383043,-0.25254778671930944,5.686625145764133,-6.278242956094286
1962000000.0,8.379708144824786,-7.995948120483643,9.984214786355958,-0.2418434709180617,5.686752653317323,-6.275255446527175
1963000000.0,8.376528279735252,-7.9935483455604786,9.979670817586998,-0.23370438541843658,5.68620345912526,-6.272396004447505
1964000000.0,8.373352013290457,-7.991149305085539,9.975466839080255,-0.22165649671351828,5.685817318004858,-6.271500159672529
1965000000.0,8.370179340618693,-7.988751000327521,9.978304369639106,-0.21181357027728964,5.684747776687398,-6.268459045543826
1966000000.0,8.367010256855215,-7.986353432549123,9.986102690427098,-0.2036801517921426,5.6846895857613235,-6.265347162594011
1967000000.0,8.363844757142248,-7.983956603007054,9.976448052925713,-0.18991642925380217,5.6817727151675665,-6.263291485308236
1968000000.0,8.360682836628964,-7.981560512952075,9.98731444655472,-0.17767334350415118,5.682043355124295,-6.2607733321074726
1969000000.0,8.357524490471484,-7.979165163628996,9.974722212649153,-0.16938383719664227,5.681166787019099,-6.258859265503516
1970000000.0,8.354369713832867,-7.976770556276709,9.986979060702577,-0.151907682555095,5.6817029585208685,-6.254622312439687
1971000000.0,8.3512185018831,-7.974376692128205,9.97353685789527,-0.13879432970604474,5.67895164898681,-6.252135676222922
1972000000.0,8.34807084979909,-7.971983572410587,9.979969517910988,-0.13419515032252566,5.680488579206211,-6.249500175129868
1973000000.0,8.344926752764659,-7.969591198345094,9.979025221317972,-0.11889148069603508,5.678691239854506,-6.247209111123023
1974000000.0,8.341786205970529,-7.967199571147119,9.990654208981578,-0.10937190598758657,5.678655050172641,-6.2454911502873856
1975000000.0,8.33864920461432,-7.964808692026226,9.981315156793732,-0.09992327202886883,5.677392045847676,-6.241394162290634
1976000000.0,8.335515743900542,-7.962418562186174,9.981161607318356,-0.081771616735657,5.675104274372864,-6.238939451859108
1977000000.0,8.332385819040582,-7.960029182824927,9.986280313034426,-0.06995337887961248,5.6741056918286885,-6.236466444305094
1978000000.0,8.329259425252697,-7.957640555134684,9.985631266278778,-0.06374002371770829,5.674319285344277,-6.233944015325363
1979000000.0,8.326136557762009,-7.955252680301882,9.987345918258141,-0.05484174592059103,5.673371228964855,-6.230539671032163
1980000000.0,8.323017211800494,-7.952865559507236,9.984705375176304,-0.03519370623378481,5.670855594872915,-6.227649623285203
1981000000.0,8.319901382606972,-7.9504791939257355,9.992415988805924,-0.027458430581753738,5.670966787187947,-6.224438789545625
1982000000.0,8.316789065427102,-7.948093584726678,9.993684308039908,-0.00869989938999011,5.670048329787968,-6.2213555669752925
1983000000.0,8.313680255513377,-7.94570873307368,9.991821902716465,0.005972250196055318,5.669001810414253,-6.218576947385397
1984000000.0,8.310574948125106,-7.943324640124699,9.993713147055084,0.016280358363114162,5.669159410877035,-6.214739018407541
1985000000.0,8.30747313852841,-7.940941307032047,9.996438586726518,0.028930864890506523,5.667623355073469,-6.211583234064274
1986000000.0,8.30437482199622,-7.938558734942419,9.997884215382815,0.046228522105528254,5.666926004389418,-6.208026284316582
1987000000.0,8.30127999380826,-7.9361769249969,9.997022818176648,0.060047693618949974,5.666442193392617,-6.205870368709755
1988000000.0,8.298188649251042,-7.933795878330986,10.002198645499204,0.07537579402149844,5.664910058617622,-6.200549911817524
1989000000.0,8.295100783617858,-7.931415596074605,10.003574729989879,0.09039818756491982,5.663656611935919,-6.198010363968856
1990000000.0,8.292016392208772,-7.929036079352134,10.00524773215807,0.10045264339689387,5.663526377620784,-6.194683217507886
1991000000.0,8.288935470330612,-7.926657329282416,10.005472778016706,0.12265491974461293,5.66261018499131,-6.190399992019892
1992000000.0,8.28585801329696,-7.92427934697878,10.008408905910327,0.13415647061339872,5.661752242052628,-6.1877770728170916
1993000000.0,8.282784016428144,-7.921902133549057,10.016414616205603,0.1508622036516128,5.661548612661839,-6.184478860558487
1994000000.0,8.279713475051231,-7.919525690095596,10.016235426055863,0.16596226844252582,5.659356471616286,-6.180660387357373
1995000000.0,8.276646384500015,-7.917150017715281,10.024186094678193,0.18317579826908295,5.658055869030329,-6.178341615555978
1996000000.0,8.273582740115017,-7.91477511749956,10.016585599393526,0.19279967715274446,5.6568994596550075,-6.174831221211049
1997000000.0,8.27052253724347,-7.91240099053445,10.016849431323815,0.2188406606627758,5.657364830652962,-6.170920254690423
1998000000.0,8.267465771239308,-7.910027637900557,10.027263760103935,0.22795297477552304,5.656275041319472,-6.167619308072794
1999000000.0,8.264412437463163,-7.907655060673094,10.031662301054387,0.24031980325231328,5.655029966364647,-6.164431968753554
2000000000.0,8.261362531282359,-7.905283259921904,10.045043626849258,0.25965648154333876,5.653528419846491,-6.159324407397884
