f_Hz,teorico_re,teorico_im,"Medido (simplificado, 3 patrones)_re","Medido (simplificado, 3 patrones)_im","Medido (completo, 4 patrones)_re","Medido (completo, 4 patrones)_im"
1000000.0,19.29991973681397,-0.035631622417196696,2.0580630961980284,2.5868080654394072,8.68682021065357,-8.178907433196848
2000000.0,19.2996789521628,-0.07126215793990393,3.61359396599964,6.294320844397508,13.764119756935893,-6.4146988929848385
3000000.0,19.299277660766485,-0.10689051978439265,6.757197481072218,8.585625802004088,16.04112269209842,-5.2680996226925805
4000000.0,19.298715887155858,-0.14251562138843094,8.886554747957643,9.518067750563795,16.805945623285943,-4.5269963911793285
5000000.0,19.297993665668834,-0.17813637652197348,11.40027825093483,9.763538938109185,17.443962468216036,-3.8441224409389707
6000000.0,19.297111040445166,-0.2137516993977796,13.259409114475925,9.525833730921805,17.795917492486755,-3.376095322803419
7000000.0,19.296068065419696,-0.249360504781937,14.861972803910858,9.219339178148358,17.990168030282867,-2.9717585790475294
8000000.0,19.29486480431412,-0.28496170810426685,15.98574300670067,8.6331828708817,18.153158502697192,-2.707349232274084
9000000.0,19.29350133062725,-0.32055422556858726,16.92798097801023,8.106005159306605,18.24993255674791,-2.4830090143449017
10000000.0,19.29197772762381,-0.3561369742628106,17.67534805593523,7.422671495406626,18.357148803235223,-2.2947615893257747
11000000.0,19.29029408832171,-0.3917088722688535,18.07831668807525,6.950225472857839,18.417594317894615,-2.197122581751266
12000000.0,19.28845051547785,-0.4272688387723323,18.51791045945302,6.5442720400494405,18.44831905711954,-2.095118131585813
13000000.0,19.28644712157249,-0.46281579417202523,18.992850684801578,6.020816114028613,18.48774718088128,-1.972411319199848
14000000.0,19.28428402879205,-0.49834866018907387,19.34957055476388,5.673301129221374,18.495588295253796,-1.8957894200833407
15000000.0,19.281961369010546,-0.533866359975904,19.63032355916049,5.427763920731953,18.489291620486558,-1.8486701103242345
16000000.0,19.279479283769483,-0.569367818224841,19.652475139862958,5.108910883777885,18.52963964450277,-1.8376216668687815
17000000.0,19.276837924256334,-0.6048519612763967,20.01819739687946,4.705058059474079,18.53086739511897,-1.7534225694617651
18000000.0,19.274037451281536,-0.6403177172272069,20.12756050184547,4.3639472820773415,18.55587529822223,-1.7211542862502638
19000000.0,19.271078035254092,-0.6757640160375941,20.21965047876163,4.0656053661156335,18.57460549606297,-1.6972226910013897
20000000.0,19.267959856155638,-0.711189789638735,20.335593944874727,3.900699800163156,18.567827788075984,-1.6913857021685046
21000000.0,19.264683103513196,-0.7465939720394114,20.428084392288387,3.666748076380991,18.574012596556113,-1.677526580818189
22000000.0,19.26124797637041,-0.7819754994323151,20.52679648536847,3.4866611762170305,18.57042813531125,-1.671897982035128
23000000.0,19.257654683257424,-0.817333310299899,20.561053000322083,3.238590882649308,18.586263714035958,-1.663151855920764
24000000.0,19.253903442159313,-0.8526663455197335,20.72478550171795,3.0642905963041005,18.568601123362846,-1.6502157648318683
25000000.0,19.24999448048313,-0.8879735484693657,20.731569784630445,2.922926128060625,18.573739568033734,-1.6633414619609983
26000000.0,19.2459280350236,-0.923253865130645,20.735049640378243,2.7410335473930982,18.584173152793248,-1.669377257164951
27000000.0,19.241704351927353,-0.9585062441935015,20.795417367272083,2.603953602877902,18.578407066129184,-1.6763138028023084
28000000.0,19.23732368665587,-0.993729637159155,20.723432971991333,2.496885018175569,18.59280214625268,-1.704527688858641
29000000.0,19.232786303947023,-1.02892299844273,20.85229281812767,2.3167353950496747,18.578802064160662,-1.6953199282082538
30000000.0,19.228092477775284,-1.0640852854752614,20.91366759334814,2.110128944868067,18.579377151997814,-1.6893207647301045
31000000.0,19.223242491310575,-1.0992154588050667,21.016905630211397,2.0921212995351817,18.550915018466227,-1.713560352972594
32000000.0,19.218236636875837,-1.1343124821984643,21.01244346716973,1.9163292570885706,18.559288807184984,-1.7206543057395258
33000000.0,19.213075215903235,-1.1693753227398205,20.97859080375347,1.8432692255229624,18.56179612908834,-1.749661995242344
34000000.0,19.207758538889088,-1.2044029509309022,20.990994799705,1.7518479491975663,18.55753995311175,-1.7702164480666966
35000000.0,19.202286925347504,-1.239394340789518,21.028717169642167,1.5905563369049225,18.555675963731733,-1.775010365840553
36000000.0,19.196660703762753,-1.2743484699474292,21.11012682597457,1.45514623812758,18.542519111692705,-1.7802178220623355
37000000.0,19.190880211540335,-1.3092643197475047,21.070154359949548,1.4448954983452222,18.5391660829987,-1.8210884872038025
38000000.0,19.184945794956857,-1.3441408753401154,21.046613092164517,1.2843370973269808,18.547823341955283,-1.8320536310505757
39000000.0,19.178857809108614,-1.3789771257787282,21.04541212569004,1.2107996329020247,18.543316040574783,-1.8570221274526144
40000000.0,19.172616617858996,-1.4137720641147076,21.11153185259739,1.103946021691626,18.52920802710192,-1.8690059752321524
41000000.0,19.16622259378466,-1.4485246874912805,21.188679172187875,1.0167938796301543,18.51095163073156,-1.8837660861315544
42000000.0,19.159676118120526,-1.483233997236668,21.142444851079507,0.9242177576202362,18.516201845643575,-1.909281845325538
43000000.0,19.152977580703563,-1.5178989989563505,21.15774363380535,0.8890560035981026,18.504266785792662,-1.9396595212539007
44000000.0,19.14612737991547,-1.5525187026244636,21.15455167439397,0.7734348034285771,18.503302081557013,-1.9565891470152619
45000000.0,19.13912592262415,-1.5870921226742947,21.128071120742266,0.7130314658277566,18.501355755939507,-1.9860381862768375
46000000.0,19.13197362412408,-1.621618278087872,21.15191802337674,0.6524172901229336,18.48977330971282,-2.010640562603283
47000000.0,19.124670908075572,-1.6560961924846287,21.152412165749034,0.5534712534976394,18.486030684077452,-2.030137361107313
48000000.0,19.11721820644294,-1.6905248942091244,21.1592416387174,0.508053791093293,18.475957777913575,-2.059087911423131
49000000.0,19.10961595943153,-1.7249034164178068,21.19231983618069,0.38135686471030955,18.468258861029536,-2.0702384391144633
50000000.0,19.101864615423782,-1.7592307971648067,21.141585702487905,0.3618946383580007,18.466415816441263,-2.109232449373701
51000000.0,19.093964630914137,-1.793506079486738,21.169170116212324,0.28756197633818437,18.45465236951421,-2.130618339416471
52000000.0,19.085916470443,-1.8277283114865035,21.16030743127447,0.24837357855423822,18.446408981393134,-2.1619058157840274
53000000.0,19.077720606529642,-1.8618965464160777,21.1702231635735,0.14831826821649502,18.44003566176567,-2.1799366493275256
54000000.0,19.06937751960411,-1.8960098427582646,21.191723464471234,0.0996281983646089,18.426672323313316,-2.206538430808589
55000000.0,19.060887697938185,-1.9300672643074102,21.159367490044396,0.03240025887060356,18.424973106959552,-2.234443301857746
56000000.0,19.05225163757535,-1.9640678802490572,21.169451741958586,-0.05566106443938487,18.417009964969385,-2.2545187563779723
57000000.0,19.043469842259828,-1.9980107652385317,21.177409981041684,-0.13134002755330115,18.408179061585653,-2.2770588103109777
58000000.0,19.03454282336472,-2.0318949994784488,21.142170413755363,-0.12823672257209853,18.400292162225863,-2.3182131898372615
59000000.0,19.025471099819182,-2.0657196687951194,21.175928846720375,-0.17986477459047037,18.38420875062229,-2.3427745214088733
60000000.0,19.016255198034784,-2.099483864713861,21.18985630037855,-0.24197075306546456,18.372667188506956,-2.367098419386499
61000000.0,19.006895651830963,-2.133186684533181,21.16045985145995,-0.285440314699691,18.367398010910268,-2.3987145542441266
62000000.0,18.99739300235963,-2.166827231397836,21.16360346708501,-0.3708470821762982,18.359683117635992,-2.419497749683312
63000000.0,18.987747798028966,-2.2004046143707554,21.15446887244795,-0.4309610233691857,18.351851482707463,-2.446027560445713
64000000.0,18.977960594426396,-2.233917948503811,21.12878716290061,-0.4984289097660253,18.347633522606227,-2.4725766921664483
65000000.0,18.968031954240786,-2.2673663549074314,21.159855735307946,-0.5339629326379195,18.32983151634013,-2.4999490191959293
66000000.0,18.957962447183853,-2.3007489608190457,21.145496447748783,-0.5783985631158555,18.321162847845933,-2.5296198891120167
67000000.0,18.94775264991085,-2.3340648996703526,21.12070923615358,-0.651015684261707,18.31681877129378,-2.5548964309994844
68000000.0,18.937403145940504,-2.3673133111533966,21.13604230269981,-0.6852238243627563,18.30144360447949,-2.583650233415899
69000000.0,18.92691452557426,-2.4004933412854617,21.113500131031884,-0.7352088551743828,18.294381585900663,-2.612770685238353
70000000.0,18.916287385814805,-2.4336041424727464,21.09609971273407,-0.7924824055399935,18.28688594960963,-2.6399940826041437
71000000.0,18.90552233028397,-2.4666448735728426,21.132291063794806,-0.82200528974774,18.266847602746942,-2.66745375507627
72000000.0,18.894619969139942,-2.499614699955989,21.117089586781194,-0.905544719052219,18.261025387193566,-2.6894644917449755
73000000.0,18.883580918993886,-2.5325127935651004,21.087081419431524,-0.9486111313895341,18.254186904873563,-2.720181754057675
74000000.0,18.872405802825917,-2.5653383329745725,21.084928823031557,-0.9829921965290226,18.241285783962425,-2.7499160864057606
75000000.0,18.86109524990052,-2.5980905034478394,21.07817374242528,-1.0167178363776483,18.229039338764593,-2.7800827633762983
76000000.0,18.84964989568138,-2.6307684969936957,21.06352946606745,-1.0814144854792949,18.22091408617974,-2.805173963388962
77000000.0,18.8380703817457,-2.6633715124213677,21.05448312447401,-1.1042535268194122,18.207836746807263,-2.8373588762870323
78000000.0,18.826357355697937,-2.695898755394333,21.05916262110363,-1.1393733705495366,18.193226457665418,-2.8659298070655272
79000000.0,18.814511471083105,-2.728349438482878,21.03902874952545,-1.1862619963552752,18.184099720076578,-2.894517414729592
80000000.0,18.802533387299523,-2.760722781215402,21.043355127107322,-1.2235468530807327,18.16950207803452,-2.922519562394179
81000000.0,18.790423769511143,-2.7930180101284403,21.032621471322837,-1.2536615376694487,18.15686003882205,-2.9531019094165774
82000000.0,18.778183288559447,-2.825234358815435,21.041446009408446,-1.298137781669464,18.141872372392015,-2.9791680875188256
83000000.0,18.765812620874865,-2.8573710679742232,21.000650194756282,-1.3259783061390693,18.13419473263934,-3.0127413117249944
84000000.0,18.753312448387852,-2.8894273854532493,21.00694275612975,-1.3861310588094875,18.120877309325568,-3.0359990868331432
85000000.0,18.740683458439552,-2.921402566296504,20.99475751835671,-1.4485358966471242,18.110986243346396,-3.060478073427537
86000000.0,18.72792634369211,-2.953295872787183,21.012279023995966,-1.4787010888749894,18.092638222881618,-3.0879150600521097
87000000.0,18.71504180203863,-2.985106574490058,20.959686385950366,-1.5190759111610705,18.08772133679271,-3.1199344449287785
88000000.0,18.70203053651285,-3.016833948292574,20.985393895697847,-1.5624421042564982,18.068894082824727,-3.1440066429304894
89000000.0,18.688893255198487,-3.048477278444658,20.965045653395226,-1.6076768063614328,18.058388091243547,-3.1719463015547507
90000000.0,18.675630671138293,-3.080035856597243,20.939912427588197,-1.654608977846594,18.048776151466193,-3.1999345317954555
91000000.0,18.66224350224291,-3.1115089818395076,20.93360061180033,-1.68628537130521,18.034242719928276,-3.2287808564520226
92000000.0,18.648732471199406,-3.142895960734835,20.917160902465525,-1.6931043519492899,18.019027627432134,-3.2628935258761858
93000000.0,18.635098305379685,-3.1741961073554843,20.917003811524793,-1.777339664925963,18.00814802709702,-3.2815843943038914
94000000.0,18.621341736748604,-3.2054087433159797,20.913474973520785,-1.7943599030230855,17.991382177897535,-3.312428863644228
95000000.0,18.607463501771996,-3.236533197805216,20.902564222245267,-1.840062724212233,17.978530443956416,-3.338779436458012
96000000.0,18.593464341324484,-3.2675688076172915,20.882876977020526,-1.8602162757954916,17.964668055250545,-3.3703693551502467
97000000.0,18.579345000597176,-3.298514917181049,20.883088513879038,-1.9172702500972434,17.950720396905023,-3.3934420212029464
98000000.0,18.565106229005238,-3.329370878588356,20.89846017372426,-1.9534066765947002,17.932014493856467,-3.418634240092195
99000000.0,18.550748780095386,-3.3601360516210983,20.864227424657024,-1.9920136052604391,17.92211725491708,-3.4480357210346138
100000000.0,18.536273411453244,-3.3908098037769085,20.86323625483306,-2.0322734171136343,17.90645638091468,-3.4738471350434508
101000000.0,18.52168088461073,-3.4213915102936276,20.85233820272046,-2.061332028865733,17.89133576581136,-3.502448817229393
102000000.0,18.506971964953337,-3.4518805541725004,20.842924922474264,-2.113614533243774,17.878093195564254,-3.5267594437546825
103000000.0,18.492147421627376,-3.4822763262001093,20.829856225188642,-2.1549839899498355,17.86432359347497,-3.5532108063199295
104000000.0,18.47720802744731,-3.5125782249690554,20.827824024321195,-2.1791928974853154,17.846874824757258,-3.5814435402291824
105000000.0,18.462154558803007,-3.5427856568973817,20.80315109301757,-2.205541598052794,17.83342281870377,-3.611386493278336
106000000.0,18.44698779556706,-3.5728980362467593,20.81153226144091,-2.250703395974717,17.81601933743362,-3.634746956875381
107000000.0,18.431708521002207,-3.6029147851394185,20.786959079920212,-2.285486119158188,17.80315252270951,-3.6629995157132944
108000000.0,18.416317521668738,-3.6328353335738526,20.77963055170449,-2.314579018239348,17.786666116081097,-3.690416966032394
109000000.0,18.40081558733207,-3.662659119439289,20.754999550262514,-2.349702319207076,17.77361884375114,-3.7183929238897675
110000000.0,18.385203510870383,-3.692385588528928,20.763605447773806,-2.387371506938196,17.755065340601963,-3.742532533585412
111000000.0,18.369482088182405,-3.7220141945519756,20.736557541399453,-2.4200512458396437,17.741971658162083,-3.770931021347804
112000000.0,18.35365211809533,-3.751544399144448,20.738713024177752,-2.4598205001929334,17.72453714927695,-3.7951132941566934
113000000.0,18.337714402272898,-3.7809756718787852,20.72462820273846,-2.494568897328999,17.70925244927073,-3.821639528037862
114000000.0,18.32166974512365,-3.810307490272249,20.71647339549795,-2.5445753060466894,17.694392875235238,-3.8448936216076075
115000000.0,18.30551895370941,-3.839539339794149,20.70031828219507,-2.554099361072824,17.676737856795537,-3.8756185768041327
116000000.0,18.28926283765391,-3.8686707138718663,20.703286891740763,-2.5901428588418764,17.658442109234734,-3.8998543419907103
117000000.0,18.27290220905174,-3.8977011138957103,20.685468496039462,-2.636613165952944,17.644568400544223,-3.924323743227041
118000000.0,18.25643788237745,-3.926630049222609,20.68626438207477,-2.671316487201492,17.62633033176022,-3.948763511074723
119000000.0,18.23987067439496,-3.9554570371786246,20.64401522313244,-2.690190809876283,17.613528044774526,-3.9800410171358807
120000000.0,18.223201404067268,-3.984181603060341,20.658311689580582,-2.7382822477786735,17.59423436039463,-4.000649250046237
121000000.0,18.206430892466404,-4.012803280135086,20.639355274997733,-2.7846841634383064,17.58017184408601,-4.024789780834377
122000000.0,18.189559962683717,-4.041321609640027,20.625663988709373,-2.82155385430916,17.564189006957807,-4.049851055202314
123000000.0,18.1725894397405,-4.0697361407801536,20.604189479129772,-2.845429726738368,17.548071437654105,-4.077711284117038
124000000.0,18.1555201504989,-4.098046430725119,20.567914084024903,-2.884037945356668,17.535778030277644,-4.104550345281027
125000000.0,18.138352923573287,-4.126252044605005,20.563541248955485,-2.898650876390848,17.515713357003612,-4.131929833064883
126000000.0,18.12108858924187,-4.154352555504967,20.564224285013864,-2.9407273160058924,17.497566390097436,-4.154179641994126
127000000.0,18.103727979358794,-4.1823475444588025,20.535356311036644,-2.9702057004317974,17.482838873027937,-4.181390149375053
128000000.0,18.086271927266555,-4.210236600441451,20.52649345738253,-3.009209055514491,17.46576170738039,-4.204877314121896
129000000.0,18.06872126770891,-4.238019320360407,20.51467340367774,-3.02287725940311,17.446462504863273,-4.2326293343331765
130000000.0,18.051076836744134,-4.265695309046098,20.50550197386145,-3.050599553081175,17.428106281187286,-4.2577049929442365
131000000.0,18.03333947165879,-4.293264179241219,20.479563615394177,-3.0842395293774767,17.412967100578584,-4.283450983852197
132000000.0,18.015510010881876,-4.320725551589006,20.47384092601559,-3.115786319803109,17.39429437207953,-4.307299660582864
133000000.0,17.9975892938995,-4.348079054620527,20.47078407624542,-3.155266216921236,17.37595614727251,-4.329481869051397
134000000.0,17.979578161170018,-4.375324324740927,20.454087859400918,-3.1789012025498766,17.358052705193888,-4.355476714793443
135000000.0,17.96147745403961,-4.402461006214689,20.44125476600697,-3.1975479918221468,17.338929515824077,-4.381718431942515
136000000.0,17.94328801465845,-4.429488751149915,20.420048227962955,-3.238237593532817,17.323363223285313,-4.40523923541614
137000000.0,17.925010685897327,-4.456407219481607,20.405145729130535,-3.284147646770355,17.307278401124034,-4.427157893846473
138000000.0,17.906646311264797,-4.483216078954002,20.395314042793096,-3.294939251073657,17.28662113501137,-4.45392058750262
139000000.0,17.888195734824908,-4.5099150051019485,20.37032835243748,-3.329933956583214,17.2708097586377,-4.47836853284115
140000000.0,17.869659801115436,-4.536503681231344,20.356236632139517,-3.351278593794985,17.251772308301017,-4.503660557994569
141000000.0,17.851039355066717,-4.562981798398633,20.34709873240479,-3.404995942052018,17.23533785474649,-4.523273058641524
142000000.0,17.832335241921008,-4.5893490553894045,20.34469803412222,-3.4288982871334643,17.214630345927176,-4.546668028419431
143000000.0,17.813548307152466,-4.615605158696077,20.312466969797907,-3.44273837619142,17.197373666766698,-4.57465242295522
144000000.0,17.794679396387714,-4.641749822494691,20.310935584735702,-3.482066116387354,17.178045803140588,-4.595306988936802
145000000.0,17.775729355326988,-4.66778276862082,20.29588862527621,-3.5081059104184966,17.159305865890428,-4.6193168210394955
146000000.0,17.756699029665924,-4.6937037265446335,20.28126005572386,-3.532775302105569,17.140285310324522,-4.64335767254214
147000000.0,17.737589265017927,-4.719512433345077,20.257011978114946,-3.569478186287238,17.12395092922899,-4.666475067007147
148000000.0,17.71840090683723,-4.745208633683237,20.24931675773583,-3.596550583725154,17.10400230894771,-4.689145951503815
149000000.0,17.699134800342517,-4.770792079774865,20.226969015007445,-3.6214990120501582,17.085974384993197,-4.713585514731002
150000000.0,17.67979179044127,-4.796262531362093,20.210212435125484,-3.654358245041764,17.06789043208152,-4.736100631944612
151000000.0,17.66037272165472,-4.821619755684343,20.206278547302794,-3.6802568405916993,17.047068761069866,-4.758143056419652
152000000.0,17.640878438043462,-4.84686352744845,20.182126005213334,-3.7115395846450108,17.029796192402596,-4.781441236168024
153000000.0,17.6213097831338,-4.871993628798016,20.16750194989295,-3.7404014073122225,17.010774677226088,-4.8039392721233565
154000000.0,17.60166759984468,-4.897009849281986,20.147969760418746,-3.759018494540476,16.991303927090478,-4.828361470623919
155000000.0,17.581952730415416,-4.9219119858225,20.148474512386752,-3.771241258903444,16.96811006675147,-4.851393100523018
156000000.0,17.56216601633401,-4.946699842681984,20.11153116012828,-3.811862267188849,16.95348402342234,-4.874207357042094
157000000.0,17.542308298266235,-4.9713732314295385,20.108274184462886,-3.851087724031617,16.933692431412144,-4.893415200862225
158000000.0,17.52238041598542,-4.995931970906606,20.099012861110086,-3.865585235963333,16.912025284251516,-4.916772157824689
159000000.0,17.502383208302927,-5.02037588719196,20.08629680697781,-3.9008539790011953,16.89309024823448,-4.93734329513554
160000000.0,17.482317512999366,-5.044704813565992,20.065265603075172,-3.939070677872132,16.87563358090334,-4.958277175413366
161000000.0,17.46218416675652,-5.068918590474339,20.055602944536314,-3.977190255499308,16.8564655530507,-4.977856880357322
162000000.0,17.441984005090035,-5.093017065490872,20.038963936295975,-3.988799359312907,16.83534382744435,-5.0019002498200456
163000000.0,17.421717862282797,-5.117000093280017,20.017972720337905,-4.030238797526257,16.81807535578609,-5.0219979388470675
164000000.0,17.401386571319108,-5.140867535558472,19.9983293418374,-4.052506750224477,16.798447810642287,-5.044574954860817
165000000.0,17.38099096381956,-5.164619261056294,19.97701655834716,-4.0712050900034225,16.778607368411265,-5.067712814554396
166000000.0,17.360531869976683,-5.188255145477399,19.964635244543786,-4.103564911992321,16.758954688386616,-5.087783055889001
167000000.0,17.34001011849135,-5.21177507145946,19.95226126684831,-4.115471171729203,16.736988553071903,-5.110621042183831
168000000.0,17.319426536509955,-5.235178928533251,19.943393283238166,-4.158195080409449,16.71790555065938,-5.128582631312352
169000000.0,17.2987819495623,-5.258466613081413,19.89833561363425,-4.190869824441352,16.702758747510373,-5.151858918588241
170000000.0,17.27807718150035,-5.28163802829669,19.900048362391757,-4.207988177506127,16.67924994329618,-5.17199588666768
171000000.0,17.257313054437635,-5.304693084139624,19.876408318464335,-4.236985287202872,16.660578611067134,-5.193156078244434
172000000.0,17.236490388689536,-5.327631697295724,19.856194250979645,-4.259668473595699,16.640675931199755,-5.214688005858885
173000000.0,17.215610002714282,-5.350453791132145,19.835496556421617,-4.288713155098349,16.621504643656888,-5.2352600768405075
174000000.0,17.19467271305476,-5.373159295653866,19.823859895600727,-4.312537747226355,16.600450964468976,-5.255413925939055
175000000.0,17.173679334281083,-5.395748147459385,19.795825160869384,-4.333883501203908,16.581340874832616,-5.277616252781728
176000000.0,17.15263067893396,-5.418220289695956,19.777284426933868,-4.361633270132683,16.561595030245634,-5.297742599661214
177000000.0,17.13152755746887,-5.440575672014373,19.765546877570195,-4.392241816507709,16.541199009764732,-5.316586162295001
178000000.0,17.11037077820098,-5.462814250523307,19.740719519372117,-4.408461000948026,16.52093487680242,-5.3387406378534115
179000000.0,17.08916114725087,-5.484935987743221,19.72067970856616,-4.4340636483874265,16.501030939735475,-5.358945219501934
180000000.0,17.067899468491092,-5.506940852559878,19.706812633136774,-4.45446498477238,16.47966380502893,-5.379028363139277
181000000.0,17.04658654349346,-5.52882882017744,19.678964254166406,-4.488278191201608,16.46166672434242,-5.398751087517876
182000000.0,17.025223171477183,-5.550599872071185,19.66415203625215,-4.505839502651757,16.440031837787668,-5.419064766989315
183000000.0,17.003810149257745,-5.572253995939841,19.64918048366933,-4.522252678803459,16.418254047151905,-5.439412737429482
184000000.0,16.98234827119663,-5.593791185657575,19.63169059751846,-4.542914944346499,16.397261707666917,-5.459343148868513
185000000.0,16.960838329151834,-5.615211441225619,19.606111787167503,-4.560018122241621,16.37690289574251,-5.480536446698256
186000000.0,16.93928111242912,-5.636514768723562,19.58350938170254,-4.593149740678813,16.357939622213475,-5.499136744930183
187000000.0,16.917677407734146,-5.657701180260328,19.56868858912083,-4.608478901888785,16.33588117263518,-5.519077192809408
188000000.0,16.896027999125327,-5.678770693924822,19.55340971716237,-4.640727271227787,16.31578928878554,-5.536711362811816
189000000.0,16.874333667967548,-5.69972333373631,19.541566050338115,-4.664127320624554,16.294210018482424,-5.554991054267725
190000000.0,16.852595192886607,-5.720559129594478,19.524371884799717,-4.67580919754389,16.271963246699443,-5.57527908148358
191000000.0,16.830813349724526,-5.741278117229243,19.500629579759085,-4.702575071601336,16.252264597089237,-5.594224072629305
192000000.0,16.808988911495582,-5.761880338150282,19.47174652452213,-4.731616281086699,16.233461007911455,-5.6133422272926605
193000000.0,16.787122648343193,-5.78236583959633,19.468694586850617,-4.756903579583772,16.21086182046771,-5.629858016372974
194000000.0,16.76521532749754,-5.80273467448423,19.449331245070017,-4.77820611240283,16.189887814588207,-5.648632229525629
195000000.0,16.743267713234044,-5.822986901357752,19.426883588806845,-4.802101807215105,16.169579456688698,-5.667302150395905
196000000.0,16.72128056683256,-5.8431225843362125,19.402045414531848,-4.81889756764295,16.148730141463567,-5.687027465937937
197000000.0,16.699254646537405,-5.863141793062872,19.386600740798233,-4.848272411619369,16.12810815701394,-5.703944234112636
198000000.0,16.677190707518143,-5.883044602653161,19.3726751302536,-4.857655415524222,16.10497040897974,-5.723091147448309
199000000.0,16.655089501831192,-5.902831093642717,19.34236968169039,-4.889308282380524,16.086444462784474,-5.7411897406004515
200000000.0,16.632951778382147,-5.922501351935243,19.328029769124488,-4.906837259985121,16.064253873554264,-5.759099161614817
201000000.0,16.61077828288895,-5.942055468750237,19.310977805726225,-4.924871309730906,16.042443527962405,-5.777128531664824
202000000.0,16.588569757845775,-5.961493540570541,19.283858695603165,-4.958241503215931,16.023642065975665,-5.794287018218175
203000000.0,16.566326942487734,-5.980815669089782,19.273881341623937,-4.9644740250032395,15.99954731481431,-5.812710003157724
204000000.0,16.544050572756305,-6.000021961159678,19.24427708239968,-4.989789970468497,15.980074729660494,-5.83091466334418
205000000.0,16.52174138126558,-6.019112528737228,19.23666943341811,-5.019542338674191,15.958386104980022,-5.845901821382349
206000000.0,16.49940009726922,-6.038087488831803,19.21070865676405,-5.029975945735553,15.936696670319588,-5.86526676737403
207000000.0,16.477027446628206,-6.0569469634521464,19.193666606496546,-5.05098492330376,15.91512421495501,-5.882173595207821
208000000.0,16.454624151779345,-6.075691079553292,19.169160770624643,-5.080565857078207,15.895441428152452,-5.898784032678388
209000000.0,16.43219093170451,-6.094319968983402,19.141907597307686,-5.1107653533003665,15.876145381869383,-5.915522713635806
210000000.0,16.40972850190065,-6.112833768430564,19.139518542437497,-5.129595150448372,15.852505057253472,-5.9306301288005505
211000000.0,16.38723757435051,-6.131232619369508,19.1047104589886,-5.147370764300375,15.832640616441138,-5.949508523595376
212000000.0,16.364718857494157,-6.149516668008312,19.08190095838448,-5.164545464341903,15.81124215313723,-5.966940420473984
213000000.0,16.342173056201162,-6.167686065235044,19.06665071724248,-5.186181007213943,15.789446477741588,-5.982833777332469
214000000.0,16.319600871743585,-6.185740966564416,19.046719940404433,-5.209061505103391,15.768344840923938,-5.999004700888175
215000000.0,16.297003001769653,-6.203681532084401,19.02025367633793,-5.234330381391335,15.748285094119765,-6.015536408677666
216000000.0,16.274380140278154,-6.221507926402849,19.00789683147853,-5.244094298088587,15.724734761819196,-6.032133943855726
217000000.0,16.251732977593598,-6.239220318594129,18.990646247119805,-5.273403100632147,15.70403882348355,-6.046877767184413
218000000.0,16.229062200342035,-6.256818882145757,18.96268325161423,-5.291363704064249,15.683264504626612,-6.064087815024554
219000000.0,16.206368491427607,-6.274303794905069,18.94212602705178,-5.310257910973215,15.66172039612033,-6.080203001883244
220000000.0,16.183652530009848,-6.291675239025921,18.929685717145208,-5.336851012983866,15.640125838179129,-6.094355503853441
221000000.0,16.1609149914816,-6.308933400915435,18.898982396499573,-5.349501971928356,15.619013225823897,-6.11214225036067
222000000.0,16.1381565474477,-6.326078471180778,18.886551967130963,-5.374206374105822,15.59718960176259,-6.12627841292388
223000000.0,16.115377865704332,-6.343110644576027,18.8596272261535,-5.392138313168683,15.57623789444285,-6.142773813468141
224000000.0,16.092579610219037,-6.36003011994908,18.842805803509297,-5.411511466619661,15.554288908902114,-6.157802707463902
225000000.0,16.069762441111454,-6.3768371001886495,18.820166030181177,-5.430440465912402,15.532948848628598,-6.173445781506351
226000000.0,16.046927014634704,-6.393531792171342,18.801410149931673,-5.449198126274238,15.511142409146172,-6.188535714922154
227000000.0,16.024073983157457,-6.410114406708821,18.78443548401691,-5.476335803661745,15.490114486685558,-6.202353562867188
228000000.0,16.001203995146646,-6.426585158495083,18.762628685591906,-5.500578696532779,15.469291247927785,-6.216952996661497
229000000.0,15.978317695150857,-6.442944266053818,18.73462513717038,-5.519217504781707,15.448504385826602,-6.232794616583412
230000000.0,15.95541572378438,-6.45919195168591,18.71095800448749,-5.531093506610574,15.42643202685993,-6.248769137193647
231000000.0,15.932498717711885,-6.475328441417041,18.70124912774832,-5.542116106485086,15.402702872676473,-6.263078384564746
232000000.0,15.909567309633745,-6.4913539649454295,18.677274906195137,-5.563893512155519,15.381823891697206,-6.277748666046396
233000000.0,15.886622128272016,-6.507268755589705,18.653128523529855,-5.5859963500932235,15.360999850877315,-6.292291153096846
234000000.0,15.86366379835702,-6.5230730502369285,18.635861430580356,-5.603879896300656,15.338922936664964,-6.3063787470572334
235000000.0,15.840692940614574,-6.538767089290754,18.615931911145974,-5.628990624773185,15.317989394505817,-6.319873530358312
236000000.0,15.817710171753825,-6.554351116619759,18.59812317963861,-5.634893135591389,15.29457471614781,-6.335104189854141
237000000.0,15.794716104455702,-6.569825379505926,18.57584195267156,-5.653666828081116,15.273160009019428,-6.3493395910873405
238000000.0,15.771711347361972,-6.5851901285932986,18.55378879579892,-5.671421811774641,15.251602981306725,-6.3635459942696
239000000.0,15.7486965050649,-6.600445617836823,18.53113773708425,-5.69116110220357,15.230346030978609,-6.377496589990961
240000000.0,15.72567217809751,-6.615592104451342,18.51084621257779,-5.715854646307218,15.209420559901883,-6.390528481348731
241000000.0,15.702638962924413,-6.630629848860822,18.484494102249293,-5.723157245035746,15.18710512162674,-6.406023233864767
242000000.0,15.679597451933235,-6.64555911464773,18.471335082726952,-5.74631368358972,15.165250341850173,-6.418162187887003
243000000.0,15.65654823342663,-6.660380168502636,18.445363111289897,-5.760530208953074,15.143714117820888,-6.432646593802873
244000000.0,15.633491891614822,-6.675093280174017,18.43180674537355,-5.775849330993394,15.121001194083322,-6.445442730283477
245000000.0,15.610429006608765,-6.68969872241826,18.40563636957345,-5.799905321953517,15.10065137066843,-6.45869198169596
246000000.0,15.587360154413817,-6.704196770949908,18.386217958015393,-5.811168029672349,15.078096435768257,-6.472381535293591
247000000.0,15.564285906923978,-6.718587704392082,18.363605863593495,-5.835491061955463,15.057417337659887,-6.4849719799326735
248000000.0,15.541206831916675,-6.732871804227183,18.342149622230163,-5.845540965350341,15.034949325327487,-6.498804108478119
249000000.0,15.518123493048105,-6.747049354747792,18.317005270867924,-5.866729237908041,15.014179447716591,-6.511804595271043
250000000.0,15.495036449849053,-6.7611206430078035,18.300446668618196,-5.869858845479383,14.990410107557322,-6.525548567816034
251000000.0,15.471946257721294,-6.775085958773827,18.27895458662207,-5.893127416737571,14.969527496296958,-6.53769171667432
252000000.0,15.448853467934486,-6.788945594476812,18.249938003658194,-5.9091068398220115,14.948565657801675,-6.551360504801184
253000000.0,15.425758627623573,-6.802699845163929,18.23734933189748,-5.929707102599004,14.926482502472306,-6.562521365958977
254000000.0,15.4026622797867,-6.816349008450704,18.212236855470728,-5.937058464090866,14.90412799760058,-6.576390925522973
255000000.0,15.379564963283638,-6.829893384473429,18.196621450554012,-5.961661514664126,14.882853346956459,-6.587293969149392
256000000.0,15.356467212834676,-6.843333275841797,18.17178919283785,-5.966790592967697,14.860231826339596,-6.601133263732235
257000000.0,15.333369559020019,-6.856668987591854,18.141459430412908,-5.98477755841081,14.839680424870908,-6.614221758216007
258000000.0,15.310272528279663,-6.869900827139179,18.127157254730914,-6.002643897357966,14.817526691293384,-6.62533384423939
259000000.0,15.287176642913735,-6.883029104232359,18.107406623523975,-6.019816554973874,14.79585077033361,-6.637052772040044
260000000.0,15.26408242108331,-6.8960541309067525,18.08365175553268,-6.022264505959605,14.772854387507712,-6.65059045310303
261000000.0,15.240990376811675,-6.908976221438502,18.06245566388072,-6.051615108489879,14.752782389053149,-6.661072492908867
262000000.0,15.217901019986067,-6.921795692298878,18.04528709539765,-6.059253595875995,14.729780569010511,-6.6731118605151165
263000000.0,15.194814856359834,-6.934512862108857,18.017873437077906,-6.078243704391978,14.709128518214234,-6.685140415832942
264000000.0,15.171732387555057,-6.947128051594052,17.994211696658233,-6.086641651818459,14.686879632802146,-6.697655710062189
265000000.0,15.148654111065593,-6.959641583539882,17.972177056928082,-6.10568378554537,14.665739486873388,-6.708844291909348
266000000.0,15.125580520260556,-6.972053782747078,17.95461927378101,-6.116743091099647,14.643247421537762,-6.720176024697786
267000000.0,15.102512104388207,-6.984364975987477,17.932157969171318,-6.132505964890374,14.621798026271984,-6.7315291962617385
268000000.0,15.079449348580269,-6.996575491960114,17.912095197430713,-6.149569192462641,14.600289705446174,-6.742376650966685
269000000.0,15.056392733856658,-7.008685661247634,17.87966941840713,-6.161585573650931,14.57938248520509,-6.755056406608005
270000000.0,15.033342737130585,-7.020695816272995,17.86140093377834,-6.172644460630975,14.557033539505152,-6.766061761327517
271000000.0,15.010299831214091,-7.032606291256507,17.836246870841084,-6.178516245592321,14.534744961647357,-6.778262060909577
272000000.0,14.987264484823951,-7.044417422173155,17.81466599033451,-6.1978457955156845,14.513720448400658,-6.788674723156413
273000000.0,14.964237162587958,-7.056129546710262,17.80215336969419,-6.2100785879406954,14.49103556358349,-6.798589983410489
274000000.0,14.941218325051604,-7.067743004225467,17.772709630287086,-6.2269800458001185,14.470499414027378,-6.809959922482501
275000000.0,14.918208428685105,-7.079258135705007,17.74978547600854,-6.240129549599642,14.448934266818872,-6.820815706588168
276000000.0,14.895207925890812,-7.090675283722341,17.731435652577606,-6.252998763515577,14.426934685718061,-6.831062206749519
277000000.0,14.87221726501096,-7.101994792397078,17.707745862148652,-6.268415428741734,14.405748245122462,-6.841603688936919
278000000.0,14.8492368903358,-7.113217007354267,17.68520010072085,-6.281492639091778,14.384203087070714,-6.852129309699
279000000.0,14.826267242112026,-7.1243422756839525,17.66588455205339,-6.29500598251204,14.362436600472472,-6.862139766373126
280000000.0,14.803308756551608,-7.1353709459011325,17.64516902578664,-6.311613277648326,14.3411838554888,-6.871938195395291
281000000.0,14.780361865840886,-7.146303367905987,17.6283966191445,-6.330490999504757,14.31986381251638,-6.880977514192316
282000000.0,14.757426998150057,-7.157139892944472,17.600503054062678,-6.341509254225844,14.298651228212757,-6.891933489254586
283000000.0,14.73450457764293,-7.167880873569231,17.578020336193397,-6.349535680952143,14.276623086023424,-6.902428229635541
284000000.0,14.711595024487028,-7.178526663600854,17.555200239393905,-6.3623658166780475,14.255210619655484,-6.912436003845616
285000000.0,14.688698754864003,-7.189077618089464,17.541403289511425,-6.376780278183927,14.233206210651767,-6.921154528246167
286000000.0,14.665816180980308,-7.199534093276625,17.51589159183171,-6.397763933691562,14.213034193907514,-6.93056917679046
287000000.0,14.642947711078238,-7.209896446557627,17.499132368733342,-6.402533597319622,14.190221500961673,-6.940302526695971
288000000.0,14.620093749447188,-7.220165036444068,17.477754246022233,-6.4174738135789005,14.169029596307613,-6.94958549763888
289000000.0,14.59725469643525,-7.230340222526792,17.452523527650882,-6.436736512216533,14.14870317747068,-6.958849710883745
290000000.0,14.574430948461087,-7.240422365439187,17.42453911249707,-6.44755334374893,14.127655708116027,-6.969081945258505
291000000.0,14.551622898026016,-7.250411826820775,17.408327462570487,-6.458190556462976,14.105589317287556,-6.97786562421698
292000000.0,14.52883093372646,-7.260308969281196,17.385748402720605,-6.471735009993202,14.084441470667894,-6.987048427325311
293000000.0,14.506055440266579,-7.270114156364491,17.365621631930296,-6.48222839057608,14.062754412134424,-6.996118405621626
294000000.0,14.4832967984712,-7.27982775251376,17.33391347098397,-6.4987173874353745,14.042784066080294,-7.0059315285883015
295000000.0,14.46055538529898,-7.289450123036137,17.32087465864728,-6.506137065677281,14.020188637826832,-7.014259589977895
296000000.0,14.437831573855828,-7.298981634068119,17.296061879278145,-6.519565739010168,13.99932493201189,-7.023354655870207
297000000.0,14.415125733408559,-7.30842265254124,17.27433797684083,-6.526969319601826,13.977526473906474,-7.032511831033433
298000000.0,14.39243822939878,-7.317773546148076,17.24668729229387,-6.542029986230145,13.957144691958623,-7.041622213580243
299000000.0,14.369769423457008,-7.327034683308609,17.22459936221759,-6.549685411025475,13.935461458410282,-7.05062109411004
300000000.0,14.347119673417021,-7.336206433136922,17.202549368572786,-6.568847818880595,13.91513982389507,-7.058565104591938
301000000.0,14.324489333330407,-7.345289165408236,17.183788531346494,-6.5724875177660005,13.892772971605243,-7.067336030503894
302000000.0,14.301878753481345,-7.354283250526291,17.156573889646133,-6.588173497491161,13.872534572835562,-7.075998733740762
303000000.0,14.27928828040158,-7.363189059491087,17.137470320491204,-6.591884982089037,13.850265779619015,-7.084624187075182
304000000.0,14.256718256885623,-7.372006963866932,17.122273732428205,-6.605703079055184,13.828880979167709,-7.091877925429336
305000000.0,14.234169022006103,-7.380737335750856,17.09715758310335,-6.615872667970829,13.807917787708167,-7.100494913452576
306000000.0,14.211640911129372,-7.38938054774137,17.07334379098778,-6.6304590314210845,13.787388317989539,-7.108516539180415
307000000.0,14.18913425593124,-7.397936972907538,17.052986992569743,-6.6428245329035995,13.766351347141896,-7.116236150731436
308000000.0,14.166649384412935,-7.406406984758434,17.029063662422487,-6.650928609247324,13.745141760644104,-7.124628539471574
309000000.0,14.144186620917218,-7.414790957212882,17.009126962708574,-6.663594489741818,13.7241691437963,-7.132108853515525
310000000.0,14.121746286144662,-7.423089264569584,16.989444466499418,-6.6727028512773465,13.702798616913373,-7.139762750275844
311000000.0,14.099328697170138,-7.431302281477565,16.964587411987022,-6.688603829007788,13.682656415209742,-7.147388971097805
312000000.0,14.07693416745942,-7.439430382906953,16.94200072739009,-6.691316644010279,13.660844408420525,-7.155720143275749
313000000.0,14.054563006885957,-7.447473944120098,16.91816976303877,-6.706430352402822,13.640591718281794,-7.163128560626817
314000000.0,14.03221552174783,-7.455433340643038,16.897838094034903,-6.709722963239189,13.618733817636235,-7.170984794126952
315000000.0,14.009892014784814,-7.463308948237284,16.875760541446187,-6.727107154823664,13.598668658372189,-7.1778536599684
316000000.0,13.987592785195606,-7.471101142871944,16.847733827330167,-6.737426877509839,13.578287403405623,-7.185881043853668
317000000.0,13.965318128655205,-7.478810300696186,16.829675810909137,-6.742850051001952,13.556598259653974,-7.193062472535667
318000000.0,13.943068337332392,-7.486436798012034,16.804749996809267,-6.750428366830726,13.535724359889965,-7.200783774301102
319000000.0,13.92084369990737,-7.493981011247474,16.785645053100424,-6.765024400904577,13.51524016965353,-7.207215217618952
320000000.0,13.898644501589523,-7.501443316929922,16.762400882796836,-6.771448495417261,13.494170946404614,-7.214672597061014
321000000.0,13.876471024135279,-7.50882409165999,16.73461723510992,-6.7895819025820074,13.474824853137793,-7.221674884839166
322000000.0,13.85432354586612,-7.516123712085603,16.719710372058874,-6.7887650721935024,13.452357281577717,-7.228570411008817
323000000.0,13.832202341686681,-7.523342554876427,16.69574448224761,-6.798173202799594,13.431787140463433,-7.235645188441754
324000000.0,13.810107683102965,-7.530480996698627,16.669306069571984,-6.809325688961948,13.411636717336892,-7.24279390535047
325000000.0,13.788039838240678,-7.537539414189952,16.653071508086594,-6.814698524135201,13.390090952704385,-7.249132678951949
326000000.0,13.76599907186362,-7.544518183935136,16.62819148523946,-6.830649397258403,13.370439838405007,-7.255591055312304
327000000.0,13.743985645392241,-7.55141768244162,16.613272288256454,-6.835915933546947,13.348859826435206,-7.261635055361156
328000000.0,13.721999816922223,-7.558238286115599,16.58251757140765,-6.8423801226314955,13.3286300851082,-7.269320261469842
329000000.0,13.700041841243179,-7.564980371238379,16.56264587049956,-6.845738369750991,13.307273430089298,-7.27591481233239
330000000.0,13.678111969857461,-7.571644313943062,16.537424134819048,-6.85658220113427,13.287201737663825,-7.282492011886896
331000000.0,13.656210450998993,-7.57823049019153,16.518499172471213,-6.866215739500932,13.26656527618357,-7.288366040670249
332000000.0,13.634337529652228,-7.584739275751747,16.495670069370565,-6.871851435618001,13.245795703527335,-7.294902921985064
333000000.0,13.612493447571172,-7.591171046175399,16.47386105162758,-6.883951150765069,13.225724432558847,-7.30077935060939
334000000.0,13.590678443298438,-7.597526176775788,16.451054739340325,-6.890211704835804,13.205097060600291,-7.307119795324942
335000000.0,13.568892752184423,-7.603805042606088,16.42487239736235,-6.896905013247509,13.184798229737602,-7.313738786375354
336000000.0,13.547136606406504,-7.610008018437882,16.40430853382117,-6.902830187834427,13.16404426979675,-7.3197000049688326
337000000.0,13.525410234988318,-7.6161354787400075,16.381267011504306,-6.9095043471983155,13.143590371833032,-7.3258160112642345
338000000.0,13.503713863819081,-7.6221877976577055,16.365419729296796,-6.923616748193579,13.123506894819034,-7.330514752151172
339000000.0,13.482047715672962,-7.628165348992075,16.33243801052808,-6.925462636796782,13.103283730864197,-7.337957478256132
340000000.0,13.460412010228525,-7.63406850617982,16.312539462217384,-6.93983781730202,13.083591727639387,-7.342957991832874
341000000.0,13.438806964088172,-7.63989764227329,16.292116246365502,-6.940793907730122,13.062453938302937,-7.34889329050415
342000000.0,13.417232790797687,-7.645653129920849,16.27505997194802,-6.952960944506648,13.042390280550656,-7.35359061404301
343000000.0,13.395689700865763,-7.6513353413474805,16.249559021145785,-6.957001544417688,13.022034672624812,-7.359741590049525
344000000.0,13.3741779017836,-7.656944648335749,16.224579472905024,-6.966241547673566,13.002267412423418,-7.365401806101131
345000000.0,13.352697598044525,-7.662481422207,16.204018824823965,-6.978152649847271,12.982533238497115,-7.3703099130961585
346000000.0,13.331248991163626,-7.667946033802875,16.18146933990574,-6.9855543603852235,12.962465301972829,-7.375686557775285
347000000.0,13.30983227969744,-7.673338853467117,16.16506120739526,-6.989283649578247,12.941601478763639,-7.380553781923725
348000000.0,13.288447659263642,-7.67866025102763,16.137269513554653,-6.995016134045165,12.921780924206374,-7.386498086936812
349000000.0,13.26709532256077,-7.6839105957788645,16.116701209565505,-7.001587961619883,12.901600823233748,-7.391502850243044
350000000.0,13.245775459387941,-7.689090256464446,16.093158281838843,-7.009279637072727,12.881787464333339,-7.396699643759573
351000000.0,13.224488256664621,-7.694199601260106,16.075401255499774,-7.014827349951307,12.861382037004109,-7.401323360184865
352000000.0,13.203233898450371,-7.699238997756872,16.052155216786737,-7.029859579470551,12.842451098618781,-7.40586222424232
353000000.0,13.182012565964623,-7.704208812944549,16.032074276504396,-7.037870719487743,12.822558163262876,-7.410452650824006
354000000.0,13.160824437606442,-7.709109413195462,16.007144188660376,-7.043775643170573,12.80279177881595,-7.415661947090252
355000000.0,13.139669688974317,-7.71394116424847,15.986464469172489,-7.047658346082429,12.782555462256346,-7.42046295086209
356000000.0,13.118548492885937,-7.718704431193257,15.967071443020487,-7.050689879357298,12.762179960649622,-7.425109677746601
357000000.0,13.097461019397961,-7.723399578454879,15.941816967422412,-7.068181625633129,12.743847704659691,-7.429397105989595
358000000.0,13.0764074358258,-7.728026969778579,15.926382636249826,-7.067440301903954,12.722872946742005,-7.433720817084311
359000000.0,13.055387906763373,-7.7325869682148705,15.903795874029111,-7.081244246931939,12.704031221222028,-7.437829692057111
360000000.0,13.034402594102865,-7.737079936104861,15.879305233984512,-7.088022768638322,12.6845682851408,-7.442546425908735
361000000.0,13.013451657054482,-7.741506235065873,15.856373094288346,-7.0913166198109465,12.664655228092299,-7.447251657821576
362000000.0,12.992535252166169,-7.745866225977272,15.836830031122613,-7.100592230042387,12.645230010779802,-7.451130652134657
363000000.0,12.971653533343325,-7.7501602689665825,15.813697956581265,-7.103814471158753,12.625402636781502,-7.455736361407848
364000000.0,12.95080665186851,-7.7543887233958495,15.795793031415958,-7.111665708218213,12.605796375121027,-7.459402644850868
365000000.0,12.929994756421104,-7.758551947848238,15.771944027228837,-7.115398026746877,12.586152647376842,-7.463930419596137
366000000.0,12.909217993096973,-7.76265030011489,15.751143997301368,-7.120023978923515,12.566455136046738,-7.468000966572175
367000000.0,12.88847650542808,-7.766684137182027,15.727644409607189,-7.1329266889320655,12.547886089295442,-7.471788161326697
368000000.0,12.8677704344021,-7.770653815218289,15.705307564811195,-7.133602678277359,12.527929179563959,-7.4761568415451105
369000000.0,12.84709991848198,-7.77455968956232,15.683918451544637,-7.1416282454934015,12.508767489015254,-7.479898676711974
370000000.0,12.826465093625472,-7.7784021147105955,15.662575069091107,-7.150025598330878,12.489684603536544,-7.483553940788893
371000000.0,12.805866093304664,-7.782181444305473,15.637906036250541,-7.154005734636038,12.470360975282032,-7.48779256869497
372000000.0,12.785303048525414,-7.785898031123495,15.61320807690775,-7.156269332262556,12.450889436864164,-7.492080427493484
373000000.0,12.764776087846805,-7.789552227063909,15.59393348799757,-7.163703802864342,12.431694802049599,-7.495391259767966
374000000.0,12.744285337400541,-7.793144383137427,15.571939315239856,-7.166623545546804,12.412211317383436,-7.49922171604588
375000000.0,12.723830920910284,-7.796674849455218,15.553228279836235,-7.171064936385361,12.392736787059514,-7.50253873852164
376000000.0,12.703412959710978,-7.8001439752180985,15.531428187781785,-7.175678746903674,12.373511778267295,-7.506127819678624
377000000.0,12.683031572768105,-7.8035521087059925,15.506213235699565,-7.183010827422836,12.35483355449937,-7.50987050041651
378000000.0,12.662686876696922,-7.806899597267571,15.482847636047802,-7.178631338358729,12.33479618921729,-7.51405915358774
379000000.0,12.642378985781606,-7.810186787310131,15.462836347392985,-7.189425758100194,12.316266649996244,-7.516908164031053
380000000.0,12.6221080119944,-7.813414024289692,15.440205685098507,-7.194083811548915,12.297261416046462,-7.520358092748468
381000000.0,12.601874065014673,-7.816581652701306,15.419543383235872,-7.200116969829157,12.27833100932823,-7.523454435397663
382000000.0,12.581677252247955,-7.819690016069573,15.394598469839663,-7.198929548840944,12.258905287838019,-7.527393115971148
383000000.0,12.561517678844874,-7.822739456939375,15.376388730325464,-7.20864910036513,12.240317395818575,-7.529892492722605
384000000.0,12.541395447720095,-7.825730316866826,15.351268769635999,-7.208658952499995,12.221116080495083,-7.5336665676369226
385000000.0,12.521310659571155,-7.828662936410404,15.332406857126646,-7.217277280237332,12.202530306950763,-7.536195744823651
386000000.0,12.501263412897266,-7.831537655122319,15.310989800263366,-7.217798523667534,12.183251862270778,-7.5394242639712745
387000000.0,12.48125380401805,-7.834354811540057,15.287605680714565,-7.215537081559109,12.163826213734868,-7.542973097624817
388000000.0,12.461281927092205,-7.83711474317814,15.262142380947836,-7.228938442962905,12.146271603236553,-7.545787051484977
389000000.0,12.441347874136131,-7.839817786520084,15.24487640580967,-7.2300160278231935,12.126940499362686,-7.548367785980244
390000000.0,12.42145173504246,-7.842464277010532,15.22391557154094,-7.22786448153991,12.107514402894767,-7.551482021210442
391000000.0,12.401593597598561,-7.845054549047622,15.197798104107802,-7.235265677230427,12.089465434645668,-7.554557324236569
392000000.0,12.381773547504933,-7.847588935975498,15.181244316083117,-7.242764474327374,12.070922743159075,-7.556535880829566
393000000.0,12.361991668393577,-7.850067770077053,15.15874411065844,-7.242029954231637,12.051866554472591,-7.559577139871021
394000000.0,12.342248041846261,-7.852491382566827,15.130640530039248,-7.243216976968004,12.033377111264063,-7.563064901275408
395000000.0,12.322542747412742,-7.854860103584119,15.110570499039971,-7.241700032330523,12.014182635236295,-7.565779230300284
396000000.0,12.3028758626289,-7.857174262186259,15.094082160200424,-7.248877600328783,11.995775179716993,-7.567566460291049
397000000.0,12.283247463034819,-7.859434186342082,15.068655849166046,-7.247161992161036,11.976945134249194,-7.5707688611854795
398000000.0,12.26365762219277,-7.861640202925553,15.047965977807957,-7.2448183433425335,11.95782586532545,-7.573439670585987
399000000.0,12.244106411705147,-7.863792637709604,15.026436510191518,-7.246665945385058,11.93925038129456,-7.575918073257035
400000000.0,12.224593901232296,-7.865891815360125,15.007228973196606,-7.244437571513806,11.920149144487734,-7.578318162367095
401000000.0,12.205120158510324,-7.867938059430126,14.987491941040387,-7.246752625953876,11.90161273090372,-7.580476359126786
402000000.0,12.185685249368756,-7.8699316923540925,14.972367011051151,-7.244388317053613,11.88236430708502,-7.582340706054856
403000000.0,12.16628923774817,-7.871873035442472,14.958858899933723,-7.240068463085248,11.862865159978137,-7.584085058181922
404000000.0,12.146932185717763,-7.873762408876375,14.93772884864178,-7.236102535704831,11.84385962932166,-7.586581662104094
405000000.0,12.127614153492763,-7.875600131702403,14.925904278352931,-7.236108617846376,11.824832183424222,-7.587812426040461
406000000.0,12.10833519945185,-7.8773865218276535,14.914973729183096,-7.241947933345053,11.806433891987563,-7.588593029082129
407000000.0,12.089095380154454,-7.879121896014895,14.908770837488847,-7.242911818354865,11.787312036115189,-7.5890797927051175
408000000.0,12.069894750357951,-7.880806569877887,14.89786746621929,-7.247469933611639,11.76887155289531,-7.589840103114512
409000000.0,12.050733363034825,-7.882440857876865,14.880323271859622,-7.260830619675003,11.751761882703612,-7.590811543950408
410000000.0,12.031611269389717,-7.8840250733141835,14.875372123216149,-7.274192569809277,11.734041688147475,-7.5904016156570835
411000000.0,12.012528518876392,-7.8855595283301,14.858498750508229,-7.284562272278115,11.716661562881908,-7.591376568488942
412000000.0,11.993485159214636,-7.887044533898731,14.837529440218093,-7.299963110509683,11.700065628037283,-7.592485502091938
413000000.0,11.974481236407048,-7.888480399824137,14.815728660282812,-7.309646943301973,11.682946610756318,-7.593933468720432
414000000.0,11.955516794755768,-7.8898674347365665,14.791025613125134,-7.320477246734746,11.666137446833257,-7.5955859717200145
415000000.0,11.9365918768791,-7.89120594608885,14.76715513241172,-7.331272781983346,11.649321553025592,-7.597109062822058
416000000.0,11.917706523728064,-7.8924962401529255,14.740056959317533,-7.3399156431774895,11.632483550422046,-7.599038803570625
417000000.0,11.898860774602861,-7.893738622016514,14.714691407853369,-7.34223223662771,11.61493145512546,-7.601064943593945
418000000.0,11.88005466716922,-7.894933395579937,14.690043803724286,-7.349643828184653,11.597919617016995,-7.60271225721933
419000000.0,11.86128823747471,-7.8960808635530695,14.664616111086984,-7.351834344130273,11.58043924989456,-7.604663343103789
420000000.0,11.842561519964923,-7.897181327452432,14.645143141282057,-7.353954827298008,11.562691840100578,-7.605948706645231
421000000.0,11.823874547499571,-7.898235087598406,14.613051238507966,-7.358447965311067,11.545871559846066,-7.608395888693464
422000000.0,11.805227351368515,-7.899242443112605,14.593113291331774,-7.361232163057984,11.528300349002272,-7.6096105185284
423000000.0,11.786619961307693,-7.900203691915359,14.576892310126965,-7.3617645106436305,11.510350239535006,-7.610506327941314
424000000.0,11.768052405514952,-7.901119130723332,14.551478589365622,-7.3686810487189,11.493570568917868,-7.61200436673338
425000000.0,11.74952471066579,-7.901989055047266,14.531448245125903,-7.370309490533562,11.47601070661119,-7.61316107828017
426000000.0,11.731036901929023,-7.9028137591898675,14.507672024848414,-7.371241433019837,11.458606218486809,-7.614701972935122
427000000.0,11.712589002982345,-7.903593536243788,14.484062107953424,-7.372178893222787,11.441235632361026,-7.6161831187941305
428000000.0,11.694181036027796,-7.904328678089754,14.459783222245568,-7.375060949703716,11.4241424974665,-7.617596724363505
429000000.0,11.675813021807159,-7.9050194753948055,14.439642444570065,-7.377651356867645,11.406857265935042,-7.618552061264283
430000000.0,11.657484979617237,-7.905666217610661,14.415618840092279,-7.380790401796414,11.38986125558126,-7.619845079118078
431000000.0,11.639196927325052,-7.90626919297218,14.391527449835205,-7.386830714828683,11.373211733857566,-7.620963459297475
432000000.0,11.620948881382965,-7.9068286884959775,14.369476216706268,-7.383846677143091,11.355564822998097,-7.622268743780799
433000000.0,11.602740856843665,-7.907344989979112,14.351638733830212,-7.386686649308819,11.338362347693021,-7.6228127545859286
434000000.0,11.58457286737512,-7.907818381997923,14.32944873762065,-7.38632786351774,11.321080369305024,-7.623924422120067
435000000.0,11.566444925275377,-7.908249147906938,14.307801892422205,-7.392394854003693,11.304481257020917,-7.624631386150251
436000000.0,11.54835704148731,-7.908637569837947,14.287072287218145,-7.393953812645554,11.287412050421494,-7.625421388307554
437000000.0,11.530309225613266,-7.908983928699114,14.26137998102573,-7.389087488994368,11.269955731964103,-7.626993219668028
438000000.0,11.512301485929601,-7.909288504174257,14.24290881194036,-7.395343537704688,11.25334985182669,-7.627247959527061
439000000.0,11.494333829401143,-7.909551574722194,14.223030840336222,-7.395161450963741,11.236186559385537,-7.627916895698456
440000000.0,11.476406261695555,-7.909773417576207,14.204506665612604,-7.395898381235528,11.21909724108999,-7.628364484483312
441000000.0,11.458518787197594,-7.909954308743605,14.179180158052787,-7.404236597371104,11.203154813914669,-7.6291198918666145
442000000.0,11.440671409023293,-7.9100945230053865,14.15785696892899,-7.403416599944843,11.186119903244602,-7.629855548237101
443000000.0,11.422864129034041,-7.9101943339159995,14.136192352803826,-7.401921120594774,11.169073434229865,-7.6306200927700445
444000000.0,11.405096947850561,-7.910254013803198,14.115494527949124,-7.403198186189059,11.15230969113115,-7.631118368413544
445000000.0,11.38736986486682,-7.910273833767998,14.097569049684518,-7.406657399865724,11.13568398490423,-7.631193984346832
446000000.0,11.36968287826381,-7.910254063684716,14.078191037947795,-7.407382323421895,11.11888675006785,-7.631510200789208
447000000.0,11.352035985023257,-7.91019497220112,14.053432712244708,-7.408443048514268,11.102413738308352,-7.632327529370649
448000000.0,11.334429180941244,-7.910096826738648,14.031786459082934,-7.405137864767099,11.085390572694438,-7.63298928354609
449000000.0,11.316862460641723,-7.909959893492732,14.016721613977595,-7.408634695479379,11.068806917605027,-7.632628820684412
450000000.0,11.299335817589931,-7.909784437433205,13.995885569097947,-7.411892841829739,11.052504115284695,-7.632837046068501
451000000.0,11.281849244105732,-7.909570722304792,13.971828579477132,-7.417078507994051,11.036585704313989,-7.633252916710985
452000000.0,11.264402731376853,-7.9093190106276925,13.955584876260827,-7.418647817759553,11.019984446677208,-7.633000098147245
453000000.0,11.246996269472014,-7.909029563698235,13.931435531930536,-7.415366843899785,11.003287131284031,-7.6337390729509496
454000000.0,11.229629847354,-7.908702641589632,13.913755349512178,-7.415789375792454,10.986718533138339,-7.633616002091202
455000000.0,11.212303452892598,-7.9083385031527955,13.891398285525938,-7.415293122103846,10.970307793341503,-7.633977088398415
456000000.0,11.195017072877482,-7.907937406017253,13.868199045341537,-7.416909106643353,10.95419089398634,-7.634295585247683
457000000.0,11.177770693030954,-7.907499606592118,13.853409172942731,-7.418151029933672,10.93770329973331,-7.633741463716508
458000000.0,11.160564298020658,-7.907025360067163,13.83340153911414,-7.4171293652508465,10.921259505169532,-7.633785750583909
459000000.0,11.143397871472137,-7.9065149204139455,13.80716157482068,-7.420661267739351,10.905594452284396,-7.6342290099570205
460000000.0,11.126271395981338,-7.905968540387023,13.795862174094692,-7.41828639388474,10.88871355048598,-7.633383041913224
461000000.0,11.109184853127013,-7.905386471525239,13.774003171551046,-7.418941366342446,10.872645991799363,-7.633443029148697
462000000.0,11.092138223483023,-7.9047689641530745,13.747604880806124,-7.420145517854013,10.85687266854697,-7.633906382333583
463000000.0,11.075131486630553,-7.904116267382073,13.730467561704252,-7.422528208150089,10.840855741284845,-7.633348692790473
464000000.0,11.058164621170246,-7.903428629112338,13.706007744459882,-7.420638578137298,10.824765762233936,-7.633685626479764
465000000.0,11.041237604734219,-7.90270629603409,13.684672275990522,-7.420316781616855,10.808739637571492,-7.633606471483478
466000000.0,11.024350413998025,-7.90194951362931,13.665943957924435,-7.420259109257557,10.792668977273024,-7.633221074645717
467000000.0,11.007503024692483,-7.901158526173417,13.647414997238439,-7.422643469503878,10.776877642981017,-7.632680120534078
468000000.0,10.990695411615452,-7.900333576737044,13.624953399354444,-7.4220764452489405,10.760998030954482,-7.632631537636346
469000000.0,10.973927548643488,-7.89947490718785,13.60715545140921,-7.42205911104951,10.74501571101457,-7.632058896479222
470000000.0,10.957199408743428,-7.898582758192403,13.581293220957098,-7.418024939936158,10.729012849642782,-7.632437923569632
471000000.0,10.94051096398388,-7.897657369218143,13.561919105943135,-7.422502182413595,10.713631510808368,-7.6317725062442685
472000000.0,10.923862185546614,-7.896698978535366,13.541921371852842,-7.417391501832218,10.697353444281072,-7.631545302555346
473000000.0,10.907253043737873,-7.895707823219301,13.524455788947527,-7.416606058897295,10.681445047988491,-7.630851078033557
474000000.0,10.89068350799959,-7.894684139152231,13.50720150289227,-7.416036529422726,10.665591208012843,-7.630097484493171
475000000.0,10.874153546920525,-7.893628161025664,13.48373212330687,-7.4194939077292315,10.65044109217587,-7.629769993252747
476000000.0,10.857663128247289,-7.892540122342569,13.46332506707576,-7.4194203279749145,10.634849508184422,-7.629253920235279
477000000.0,10.841212218895311,-7.891420255419674,13.441515447556716,-7.415328855681265,10.618954486267711,-7.629015657659158
478000000.0,10.824800784959699,-7.890268791389788,13.421146149516707,-7.416572963975228,10.603574072056196,-7.628383334464858
479000000.0,10.808428791726008,-7.8890859602042065,13.402429728398554,-7.416352188881825,10.58801945435065,-7.62761813765033
480000000.0,10.792096203680936,-7.887871990635152,13.379843538132713,-7.413558366541477,10.572407343783429,-7.627316686960621
481000000.0,10.775802984522915,-7.886627110278261,13.361583774018838,-7.416828380235518,10.557263270982236,-7.626307014872725
482000000.0,10.75954909717264,-7.885351545555138,13.340454613907715,-7.415354845341123,10.541803558863243,-7.62574994064748
483000000.0,10.743334503783482,-7.884045521715936,13.318921627681377,-7.411329224030274,10.526146142520878,-7.625308689740993
484000000.0,10.72715916575183,-7.882709262841996,13.302413516997396,-7.409257972876801,10.510520353916116,-7.624259787842206
485000000.0,10.711023043727359,-7.881342991848537,13.280263006163185,-7.411527500964233,10.495594657274937,-7.623570056112535
486000000.0,10.694926097623183,-7.879946930487373,13.26155003949273,-7.409220375528842,10.480115333118208,-7.6226961322054425
487000000.0,10.678868286625946,-7.878521299349687,13.235177053459179,-7.407880671987856,10.46507931637367,-7.622517023653802
488000000.0,10.662849569205815,-7.877066317868856,13.214096643390098,-7.402556120647878,10.449474745848471,-7.621944339031311
489000000.0,10.646869903126408,-7.8755822043232975,13.197988780998609,-7.4029814375377105,10.434283093637406,-7.620621893747925
490000000.0,10.63092924545461,-7.87406917583937,13.17725313752314,-7.402816478768309,10.419256926356224,-7.619756353264579
491000000.0,10.615027552570323,-7.872527448394312,13.153472204451443,-7.399834400512405,10.404111558582255,-7.619277917554673
492000000.0,10.599164780176135,-7.870957236819224,13.138937736865843,-7.397752321520915,10.388730155228977,-7.617822010231661
493000000.0,10.583340883306889,-7.869358754802077,13.115878205933836,-7.397775420826697,10.373932578737454,-7.617101592493983
494000000.0,10.56755581633919,-7.867732214890772,13.096960037231927,-7.397127158234024,10.358945301765402,-7.615972672385581
495000000.0,10.551809533000812,-7.866077828496227,13.07662921029222,-7.393465396700859,10.34375524003884,-7.615075836140832
496000000.0,10.536101986380036,-7.864395805895505,13.054517347372881,-7.391365293949345,10.328828129518806,-7.614268458675799
497000000.0,10.520433128934895,-7.862686356234973,13.038634742326769,-7.386972070506282,10.313472650040515,-7.61291010383245
498000000.0,10.504802912502353,-7.860949687533497,13.017423657721753,-7.386123504723803,10.298712779454004,-7.6119154406163085
499000000.0,10.489211288307391,-7.85918600668568,12.993320484511075,-7.382846651069274,10.28386375526501,-7.611274640159271
500000000.0,10.473658206972008,-7.8573955194651015,12.972333941080029,-7.381320549333136,10.269106083045132,-7.610234687186804
501000000.0,10.458143618524163,-7.855578430527634,12.955200462021676,-7.374002967561353,10.253670000227332,-7.609012390761874
502000000.0,10.44266747240661,-7.853734943414749,12.937083088762062,-7.375741471853851,10.239202747248825,-7.6075175449628825
503000000.0,10.427229717485684,-7.851865260556878,12.91871904052162,-7.37326668381516,10.224369702503326,-7.606184074744395
504000000.0,10.411830302059986,-7.849969583276797,12.893679428392897,-7.368991518065536,10.20965136971431,-7.605550762619152
505000000.0,10.396469173868987,-7.848048111793028,12.87338529957696,-7.364296117916421,10.194750865775793,-7.604442927836466
506000000.0,10.381146280101579,-7.846101045223287,12.85167446065739,-7.362480094068334,10.180225212812807,-7.603342240427491
507000000.0,10.365861567404526,-7.844128581587946,12.830049172106568,-7.357742467481693,10.165447914163307,-7.602319394058519
508000000.0,10.35061498189084,-7.842130917813524,12.811023984587493,-7.355027884238489,10.150810631290915,-7.60094238950313
509000000.0,10.3354064691481,-7.8401082497362085,12.7873744668061,-7.351736516993862,10.13632757872696,-7.600017651810387
510000000.0,10.320235974246666,-7.838060772105396,12.771037479577124,-7.347292742375105,10.121498363223655,-7.598395722078027
511000000.0,10.305103441747836,-7.83598867858725,12.750089618593778,-7.342272378261388,10.106822426507868,-7.5972243291086565
512000000.0,10.290008815711925,-7.833892161768306,12.728294320680053,-7.341635436218147,10.092645357683967,-7.595951905651594
513000000.0,10.274952039706266,-7.831771413159072,12.70515672611059,-7.340761742598227,10.078532184532598,-7.594797748281516
514000000.0,10.259933056813141,-7.829626623197668,12.684897013369795,-7.33002999109084,10.063386166326751,-7.5937010136870615
515000000.0,10.244951809637632,-7.82745798125348,12.668373106439008,-7.32479723679644,10.048681055696443,-7.592014435400952
516000000.0,10.2300082403154,-7.825265675630835,12.648116985134623,-7.324289687384253,10.034612629172685,-7.590499921704265
517000000.0,10.215102290520393,-7.823049893572703,12.623170094598352,-7.320241181675643,10.020405526338532,-7.589551240039482
518000000.0,10.200233901472485,-7.8208108212644065,12.60767727764457,-7.317317165621175,10.006004310249288,-7.5876163035212025
519000000.0,10.185403013945033,-7.818548643837356,12.5847656179687,-7.309637443922338,9.991444047309505,-7.586556325061023
520000000.0,10.170609568272369,-7.816263545372806,12.563083796723047,-7.309468469147104,9.977610829266714,-7.585085277782717
521000000.0,10.155853504357216,-7.813955708905622,12.543520035685876,-7.303131483528988,9.963136914754863,-7.583607592511085
522000000.0,10.141134761678046,-7.811625316428068,12.524953721912272,-7.296423492724546,9.948629359197556,-7.582024465870598
523000000.0,10.126453279296342,-7.809272548893613,12.502819104767234,-7.294870141731004,9.934789408777029,-7.580585902318758
524000000.0,10.111808995863823,-7.806897586220743,12.48720847809174,-7.29226306501505,9.92065309932367,-7.578528504339541
525000000.0,10.097201849629567,-7.8045006072968,12.465144326357452,-7.288786703845434,9.906697692281137,-7.577111189173598
526000000.0,10.08263177844709,-7.802081789981831,12.44143861996223,-7.282826087613789,9.892594862667254,-7.5759211693171675
527000000.0,10.068098719781332,-7.79964131111245,12.420644954070676,-7.272874652602051,9.878037625236304,-7.574566652982278
528000000.0,10.053602610715611,-7.797179346505708,12.402313213111144,-7.27300193749333,9.86441414141778,-7.572599931311119
529000000.0,10.039143387958465,-7.79469607096299,12.381352105013155,-7.268898091984711,9.850507174416222,-7.571017929935814
530000000.0,10.024720987850456,-7.7921916582739135,12.359910384375185,-7.255336352086676,9.83573249942376,-7.569790800609189
531000000.0,10.010335346370914,-7.789666281220241,12.339579576276828,-7.251981841031405,9.82195078531309,-7.568082186615423
532000000.0,9.99598639914457,-7.787120111579801,12.315793312037416,-7.248862228409659,9.808347612427424,-7.566683294248143
533000000.0,9.981674081448176,-7.784553320130427,12.299619141766287,-7.241389481880874,9.794095712077256,-7.564673551009774
534000000.0,9.967398328217037,-7.781966076653903,12.275195099073166,-7.240123814992722,9.780767670849242,-7.563235922093314
535000000.0,9.953159074051454,-7.779358549939914,12.257654521553409,-7.229973612233067,9.76637610214169,-7.561412720322132
536000000.0,9.938956253223154,-7.776730907790015,12.23469658206022,-7.219982817687028,9.752220861677145,-7.560091762901967
537000000.0,9.924789799681605,-7.7740833170215975,12.21571985071121,-7.222402612113292,9.739175697208413,-7.55794465119994
538000000.0,9.910659647060307,-7.771415943471881,12.193931247584006,-7.214382034582601,9.725245531022036,-7.556406381893092
539000000.0,9.896565728682985,-7.768728952001892,12.175117131887434,-7.211000974788545,9.711703062645368,-7.554404250311817
540000000.0,9.882507977569743,-7.7660225065004616,12.154506875370425,-7.201394364486569,9.69765162153458,-7.552767788528944
541000000.0,9.868486326443152,-7.763296769888236,12.131294198961621,-7.196233209439361,9.68415567499416,-7.551217786659512
542000000.0,9.854500707734267,-7.760551904121676,12.112616286935665,-7.192901419685725,9.670722541964137,-7.549148184400108
543000000.0,9.840551053588587,-7.757788070197081,12.093974882006671,-7.183236334803466,9.656708554568254,-7.547267939000176
544000000.0,9.826637295871963,-7.755005428154607,12.072043296454442,-7.174876693226307,9.64296640027665,-7.54564650326177
545000000.0,9.812759366176419,-7.752204137082291,12.053108624131973,-7.171494355213578,9.62964568913175,-7.543552321284996
546000000.0,9.79891719582595,-7.749384355120081,12.033903871106052,-7.160037308817692,9.61558440959489,-7.541732165143124
547000000.0,9.785110715882222,-7.74654623946388,12.008771059546833,-7.156993425593432,9.602570991335197,-7.5401966577732855
548000000.0,9.771339857150245,-7.743689946369574,11.991241859714172,-7.150590546501543,9.58901819986363,-7.538014300269756
549000000.0,9.75760455018397,-7.74081563115708,11.966254107179848,-7.1402811444654875,9.575362974326756,-7.5366678379386425
550000000.0,9.74390472529182,-7.737923448214395,11.947313534355102,-7.135037344401432,9.562040204291295,-7.534551864941641
551000000.0,9.730240312542183,-7.735013551001636,11.929091164533897,-7.126882946292151,9.548446732405099,-7.532443575990999
552000000.0,9.716611241768838,-7.732086092055102,11.906334064324827,-7.122762182647238,9.5354270798491,-7.530631061630953
553000000.0,9.703017442576314,-7.729141222991309,11.886419885081986,-7.109493724640176,9.521460532176578,-7.528818293587222
554000000.0,9.689458844345209,-7.726179094511071,11.866954605963228,-7.103240467238105,9.508198299778625,-7.526721374646431
555000000.0,9.675935376237442,-7.723199856403525,11.84549197597152,-7.093919586973822,9.494735643682787,-7.524900530919843
556000000.0,9.66244696720145,-7.720203657550215,11.822203407402634,-7.087010016706605,9.481600314424062,-7.523165634185415
557000000.0,9.648993545977339,-7.717190645929128,11.800607884469342,-7.077927801535745,9.468234165333696,-7.521318617658127
558000000.0,9.635575041101955,-7.714160968618766,11.782551308120171,-7.069641795551471,9.454869429975941,-7.519085631766141
559000000.0,9.622191380913932,-7.711114771802187,11.756769784368144,-7.057758944122997,9.44142951454822,-7.517703331840813
560000000.0,9.608842493558672,-7.708052200771083,11.733770103777708,-7.053487040867782,9.428680038343435,-7.515797173559106
561000000.0,9.595528306993257,-7.704973399929814,11.715833210528295,-7.043318455676298,9.415231573398241,-7.513564802491683
562000000.0,9.582248748991328,-7.701878512799476,11.690441467916477,-7.035095073951605,9.40223827626296,-7.511985746399988
563000000.0,9.569003747147903,-7.698767682021949,11.674471643332609,-7.024504758200885,9.388757053937635,-7.5095432608386
564000000.0,9.55579322888415,-7.695641049363951,11.653511645150365,-7.015915899589343,9.375659639414026,-7.507512354856993
565000000.0,9.542617121452086,-7.692498755721085,11.629132462241806,-7.007254833349596,9.36269341769685,-7.505803885574322
566000000.0,9.52947535193924,-7.689340941121882,11.60856324416692,-6.995675497163854,9.34935876354483,-7.503796669042249
567000000.0,9.516367847273283,-7.686167744731854,11.58527599003023,-6.989930547072366,9.336712063876757,-7.501864501840478
568000000.0,9.503294534226562,-7.682979304857531,11.567136560811589,-6.978293636205169,9.32336584622804,-7.49959175726111
569000000.0,9.490255339420624,-7.679775758950491,11.540797448369732,-6.9680501448628025,9.310436513934716,-7.4980671071332345
570000000.0,9.477250189330672,-7.676557243611412,11.520050152482353,-6.957786334827209,9.297370228606688,-7.495980208493602
571000000.0,9.464279010289966,-7.673323894594085,11.496170752862394,-6.949333702616944,9.284608817732206,-7.494133301770644
572000000.0,9.451341728494192,-7.670075846809454,11.474900929428527,-6.93659956193578,9.271381405889532,-7.492143601568539
573000000.0,9.438438270005774,-7.66681323432963,11.451427626539916,-6.925895351392976,9.258451844361012,-7.490296704973812
574000000.0,9.42556856075812,-7.663536190391908,11.432814447992708,-6.918026253369841,9.245691226593983,-7.48787386822652
575000000.0,9.41273252655985,-7.6602448474027875,11.411836273574652,-6.906298558498822,9.232653269892543,-7.485784258011539
576000000.0,9.399930093098959,-7.656939336941978,11.38501415201331,-6.89452948578925,9.219814446021191,-7.484259295673228
577000000.0,9.387161185946933,-7.653619789766397,11.365864127070761,-6.884018549591328,9.206908218396688,-7.481926872310071
578000000.0,9.374425730562827,-7.650286335814169,11.341516866434835,-6.86940772031028,9.19377983467885,-7.480213939540415
579000000.0,9.361723652297274,-7.646939104208619,11.32321280472776,-6.860171150961056,9.181040982921427,-7.4777343471531585
580000000.0,9.34905487639648,-7.643578223262259,11.299556568202313,-6.846743727197918,9.16807344815547,-7.475892497077494
581000000.0,9.336419328006153,-7.640203820480761,11.276493858565221,-6.834140017763183,9.155201971464361,-7.473955447091723
582000000.0,9.323816932175381,-7.636816022566939,11.258492228983641,-6.824718680479237,9.142534631655614,-7.471412689256943
583000000.0,9.311247613860493,-7.633414955424702,11.231829287609141,-6.8152121448456295,9.130136820983802,-7.46972087279989
584000000.0,9.29871129792883,-7.630000744163028,11.211147216073545,-6.801199740610122,9.117153192450337,-7.467549806181917
585000000.0,9.286207909162528,-7.6265735130999035,11.190533289717328,-6.780216226955274,9.103504160569026,-7.4655533744849185
586000000.0,9.2737373722622,-7.623133385766279,11.165649170984107,-6.774313389700341,9.091509245831823,-7.463549367631656
587000000.0,9.261299611850626,-7.619680484909997,11.14162791474267,-6.760736713341373,9.078755573810973,-7.461661762734418
588000000.0,9.248894552476358,-7.616214932499725,11.118133598396438,-6.746182860983857,9.065919936482702,-7.459736694144524
589000000.0,9.236522118617305,-7.612736849728883,11.097797100277612,-6.729247913798917,9.052789166685153,-7.457548182423403
590000000.0,9.224182234684273,-7.609246357019549,11.076327672575935,-6.716898407820294,9.040180133691198,-7.455335217161443
591000000.0,9.211874825024465,-7.605743574026371,11.050223707914649,-6.705209221587612,9.027794259689607,-7.453558741722197
592000000.0,9.19959981392492,-7.60222861964046,11.029154848866472,-6.689018110386211,9.014849257720764,-7.451386683487976
593000000.0,9.18735712561594,-7.598701611993279,11.006065902065217,-6.675135191260401,9.002221261569783,-7.449343939043501
594000000.0,9.175146684274448,-7.5951626684605325,10.983091763088034,-6.659738246195986,8.989467281822789,-7.44731881608933
595000000.0,9.162968414027336,-7.591611905666014,10.958097348706186,-6.64198249385045,8.97655745114619,-7.4455491667186635
596000000.0,9.150822238954742,-7.5880494394855,10.939602895525741,-6.629244689761106,8.964013460659137,-7.442977131064428
597000000.0,9.138708083093302,-7.58447538505058,10.916764513363054,-6.6107376763590215,8.951028791620573,-7.4409850278217275
598000000.0,9.126625870439362,-7.580889856752502,10.894012699127313,-6.593746424632619,8.938224157523072,-7.438932660076871
599000000.0,9.114575524952159,-7.577292968246018,10.871646933523825,-6.578194953330492,8.925584925460308,-7.436792421220221
600000000.0,9.102556970556938,-7.5736848324532,10.847913504657251,-6.562106816232533,8.912954971975294,-7.434794504669216
601000000.0,9.09057013114806,-7.5700655615672545,10.821808874219954,-6.541721424314007,8.899973739366816,-7.433137689498156
602000000.0,9.078614930592046,-7.566435267056326,10.801947714096766,-6.525210422881488,8.88725846020051,-7.430732110008927
603000000.0,9.066691292730614,-7.562794059667302,10.780004557671754,-6.505633505232724,8.874309612981483,-7.42860495037189
604000000.0,9.054799141383644,-7.559142049429583,10.754943255640818,-6.4919602389196305,8.862072924042913,-7.4266406839023125
605000000.0,9.042938400352117,-7.555479345658863,10.729087958174306,-6.471346059940074,8.849168169653577,-7.424920396551664
606000000.0,9.031108993421046,-7.551806056960898,10.708737385765096,-6.4540738501995705,8.836499981646085,-7.422538791391707
607000000.0,9.019310844362327,-7.548122291235249,10.685552020667107,-6.43310697815405,8.823545962919162,-7.42052854817601
608000000.0,9.007543876937573,-7.54442815567903,10.663971236698629,-6.4173986522901325,8.81112541912343,-7.418214308562475
609000000.0,8.995808014900929,-7.540723756790642,10.638917591373202,-6.390874569912605,8.79768975945362,-7.416507313396323
610000000.0,8.98410318200182,-7.537009200373488,10.618275829553012,-6.37489933816379,8.785273682258731,-7.414079930408315
611000000.0,8.972429301987681,-7.533284591539682,10.59313551862515,-6.351100607795699,8.772172108578934,-7.412293907416457
612000000.0,8.96078629860666,-7.529550034713754,10.575452508963037,-6.328630492763786,8.759062267971254,-7.409683569527194
613000000.0,8.949174095610264,-7.525805633636329,10.548217335102713,-6.307189618213281,8.746303095154344,-7.408039598222946
614000000.0,8.937592616755996,-7.522051491367809,10.526739466612065,-6.284036663863189,8.733257625878064,-7.405817694046257
615000000.0,8.92604178580993,-7.518287710292033,10.500265075393173,-6.260611508530433,8.720317671801343,-7.404117154700948
616000000.0,8.914521526549288,-7.514514392119929,10.477861081930758,-6.24040013677276,8.707651603297464,-7.401904905319116
617000000.0,8.903031762764952,-7.510731637893165,10.453901044733312,-6.217899878217736,8.694800861324968,-7.399896606054261
618000000.0,8.891572418263948,-7.50693954798776,10.430249198068074,-6.190704325213098,8.681465775026123,-7.397943852794379
619000000.0,8.880143416871924,-7.503138222117717,10.40745370360843,-6.169988537255492,8.668826294152154,-7.395750750108005
620000000.0,8.868744682435556,-7.499327759338625,10.386669173158488,-6.143127771365581,8.655510914960784,-7.393457720847178
621000000.0,8.857376138824959,-7.495508258051244,10.362921281523155,-6.116813130363556,8.642335902292114,-7.391457160900119
622000000.0,8.846037709936034,-7.491679816005098,10.340946619176888,-6.086945621835197,8.62876241392705,-7.389322187855022
623000000.0,8.83472931969282,-7.4878425303020375,10.319351056101695,-6.061901154524599,8.615722806987097,-7.387036247270674
624000000.0,8.823450892049763,-7.483996497399797,10.296322490689041,-6.035347931288309,8.60256863865895,-7.3849212169538285
625000000.0,8.812202350994012,-7.48014181311554,10.27769197368285,-6.0058631710859505,8.589033649357148,-7.382367920317964
626000000.0,8.800983620547647,-7.476278572629395,10.252800341389822,-5.977553654737069,8.575761632168179,-7.3804589401952665
627000000.0,8.789794624769897,-7.472406870487969,10.228751054272225,-5.952561445193578,8.562855504883126,-7.378385618504458
628000000.0,8.778635287759293,-7.468526800607859,10.205847326754862,-5.92393330429108,8.549549277529682,-7.376238017961418
629000000.0,8.767505533655847,-7.464638456279144,10.184921874949746,-5.893351228600375,8.536011911240497,-7.373890083103511
630000000.0,8.756405286643153,-7.46074193016887,10.162110940348857,-5.866633526781133,8.52295156467568,-7.37166962111341
631000000.0,8.745334470950484,-7.456837314324519,10.139329459914466,-5.834842694376659,8.509346040673318,-7.369513732064517
632000000.0,8.73429301085485,-7.45292470017746,10.116826881957714,-5.802556814410264,8.495696039223194,-7.3673166049717045
633000000.0,8.72328083068304,-7.449004178546406,10.096110525423898,-5.7708622887911885,8.482100382312392,-7.364892207600598
634000000.0,8.71229785481361,-7.4450758396408245,10.071974579109831,-5.738088160606449,8.468449502222194,-7.362848219876214
635000000.0,8.70134400767888,-7.441139773064377,10.050672807368052,-5.705050710155227,8.454741961589894,-7.360470570382151
636000000.0,8.690419213766866,-7.43719606781831,10.028006186338006,-5.666699446280423,8.440465785881905,-7.358297353444529
637000000.0,8.67952339762321,-7.433244812304851,10.00669699962276,-5.635105901766279,8.426949234122468,-7.355859212479393
638000000.0,8.66865648385308,-7.4292860943305925,9.98732151075263,-5.5946892341400245,8.412418989129534,-7.35328750631559
639000000.0,8.657818397123023,-7.425320001109844,9.960848223800035,-5.561145839083692,8.39876666428588,-7.351419689157485
640000000.0,8.647009062162818,-7.421346619268001,9.940120321479478,-5.518495855028744,8.384013021731738,-7.348971554117488
641000000.0,8.636228403767287,-7.4173660348448776,9.919683613072555,-5.476649394656332,8.369355824105636,-7.346447445497187
642000000.0,8.625476346798091,-7.41337833329803,9.900406659024688,-5.437879315298706,8.355052538160766,-7.343727447987754
643000000.0,8.614752816185476,-7.409383599506072,9.880564643565359,-5.395968679585994,8.340400393943002,-7.341068861806782
644000000.0,8.604057736930022,-7.405381917771978,9.859329310575895,-5.355949404300615,8.3259878477828,-7.338524215389797
645000000.0,8.59339103410436,-7.40137337182636,9.8386797430579,-5.3103415729916925,8.31092341948017,-7.335916813196217
646000000.0,8.582752632854847,-7.397358044830756,9.817512805176587,-5.266511544986988,8.296074634160727,-7.333319229324718
647000000.0,8.572142458403237,-7.393336019380875,9.797806394079492,-5.221605583373032,8.281095620418464,-7.330516119165204
648000000.0,8.561560436048314,-7.389307377509856,9.77961043952374,-5.1774374971029955,8.266204084169496,-7.327489348388194
649000000.0,8.551006491167508,-7.385272200691483,9.759647911104091,-5.123569460904034,8.250170293361423,-7.3246577980516445
650000000.0,8.540480549218481,-7.38123056984343,9.736866747862246,-5.07534033213293,8.234812597406584,-7.322094120397905
651000000.0,8.529982535740695,-7.377182565330438,9.71843635114602,-5.025694827841504,8.219278347421554,-7.318961410909692
652000000.0,8.519512376356959,-7.373128266967537,9.7003812621304,-4.973610792585193,8.203454179042367,-7.315727540685698
653000000.0,8.509069996774935,-7.369067754023201,9.686336619687243,-4.920042459383308,8.187460927287011,-7.311944346853183
654000000.0,8.498655322788641,-7.365001105222524,9.664886357879421,-4.857697678947701,8.170389063464608,-7.308964060843071
655000000.0,8.488268280279932,-7.360928398750378,9.6469696006606,-4.8040150060835565,8.154376394642107,-7.305506766810286
656000000.0,8.477908795219928,-7.356849712254534,9.630492900060847,-4.741634303226079,8.137310154104725,-7.301753595068737
657000000.0,8.467576793670471,-7.3527651228488065,9.60999228352118,-4.679344979950871,8.120225027110004,-7.298402270769049
658000000.0,8.4572722017855,-7.3486747071161505,9.597881634225406,-4.61243208215927,8.10263608517536,-7.29388177826344
659000000.0,8.446994945812452,-7.344578541111765,9.580695116853432,-4.541681083775352,8.08453013593542,-7.289832842291464
660000000.0,8.436744952093632,-7.34047670036618,9.56747702659903,-4.470444819786914,8.066410381852544,-7.2851600249945
661000000.0,8.426522147067526,-7.3363692598883175,9.554410156850528,-4.3934152740195325,8.04758370937951,-7.280250982381101
662000000.0,8.416326457270149,-7.33225629416856,9.545691042985947,-4.316682201907396,8.028879091850504,-7.274650207309396
663000000.0,8.406157809336325,-7.328137877181783,9.538264459957515,-4.234984799045467,8.009612959371996,-7.268636297508918
664000000.0,8.396016130000968,-7.324014082390396,9.533739198447382,-4.150577073911904,7.990112274106108,-7.262023359705381
665000000.0,8.385901346100344,-7.319884982747346,9.531325117445965,-4.063289604893246,7.970362264182107,-7.25488676726504
666000000.0,8.3758133845733,-7.315750650699129,9.529342413942835,-3.972627136551482,7.950279065942582,-7.247402029200872
667000000.0,8.365752172462493,-7.3116111581887795,9.534519233267874,-3.877728258563945,7.929963639049745,-7.23868715787025
668000000.0,8.355717636915562,-7.307466576658836,9.543024148006786,-3.7822884077870653,7.909818177715118,-7.2293098435949865
669000000.0,8.345709705186334,-7.3033169770543145,9.552331149644278,-3.68069346365774,7.8891049782415354,-7.219390628979887
670000000.0,8.335728304635953,-7.299162429825648,9.567410891819446,-3.580814037303036,7.868992749844249,-7.208576037567453
671000000.0,8.325773362734044,-7.295003004931622,9.579711338162555,-3.4784081204239667,7.84868054369616,-7.197759407193997
672000000.0,8.315844807059808,-7.290838771842304,9.601815533048114,-3.366021894203411,7.827816523105433,-7.185103821507887
673000000.0,8.305942565303138,-7.286669799541935,9.627377604364908,-3.254037369754644,7.807460790086638,-7.171792240302031
674000000.0,8.29606656526569,-7.282496156531839,9.658548157803894,-3.134032730117281,7.786785876510776,-7.157200258132156
675000000.0,8.286216734861952,-7.278317910833293,9.697593166101186,-3.0093507101560033,7.766390546977972,-7.141223689710211
676000000.0,8.276393002120285,-7.274135129990397,9.74205702227129,-2.8818595063825527,7.746453798053924,-7.124267996016233
677000000.0,8.266595295183944,-7.269947881072927,9.797381381354754,-2.7550152358078854,7.727727784005225,-7.105988781040859
678000000.0,8.256823542312096,-7.265756230679173,9.857639534467156,-2.622008591469753,7.709228175906499,-7.0867213239433555
679000000.0,8.247077671880804,-7.261560244938766,9.930926256492038,-2.4841009063036643,7.691672463276424,-7.065760223841347
680000000.0,8.237357612384,-7.25735998951549,10.014736548561602,-2.345485026527537,7.67543195947682,-7.04375202969925
681000000.0,8.227663292434443,-7.2531555296100825,10.11047426902407,-2.2074047112252595,7.660760792182337,-7.020795315685369
682000000.0,8.21799464076465,-7.248946929963017,10.21702589123845,-2.0676454940225137,7.647408101779724,-6.997014680161952
683000000.0,8.20835158622783,-7.244734254857276,10.339998551929169,-1.923637560942248,7.635559449321905,-6.971920641210301
684000000.0,8.198734057798777,-7.2405175681211125,10.478102773761048,-1.786163707809124,7.626028207894883,-6.9465735451169826
685000000.0,8.18914198457476,-7.236296933130788,10.631075510290135,-1.6511865710387281,7.618365829740199,-6.920932738762701
686000000.0,8.179575295776399,-7.232072412813313,10.802940473265151,-1.5206720268599951,7.612881865264388,-6.895037296611351
687000000.0,8.17003392074852,-7.22784406964916,10.987422942533428,-1.4027068226673736,7.609539116985267,-6.870051700448352
688000000.0,8.160517788960984,-7.223611965674968,11.187791843346849,-1.2960553588803374,7.608223589899441,-6.845771800176751
689000000.0,8.15102683000952,-7.219376162486236,11.405569243850266,-1.2006432236143354,7.608783747997736,-6.822189965688036
690000000.0,8.141560973616539,-7.21513672124,11.632673823124168,-1.1159645436002135,7.6104563536350875,-6.79978491633225
691000000.0,8.132120149631907,-7.210893702657503,11.876335014559434,-1.0509084374492557,7.613943451171033,-6.778669559422406
692000000.0,8.12270428803373,-7.206647167026837,12.132479635866133,-0.9995525095984064,7.618441824005854,-6.758661245701456
693000000.0,8.113313318929128,-7.202397174205589,12.408899158755581,-0.9719211511508882,7.624644430470871,-6.739878243106308
694000000.0,8.10394717255496,-7.198143783623465,12.685981767948414,-0.9724192849490119,7.631453273670478,-6.723305854762054
695000000.0,8.094605779278574,-7.193887054284897,12.968627341997646,-0.9909063488310574,7.638548534439691,-6.707987594145398
696000000.0,8.085289069598511,-7.189627044771653,13.256408187207919,-1.0407759672300088,7.646364725514708,-6.694406695728053
697000000.0,8.075996974145214,-7.185363813245413,13.53878347719021,-1.1157775803936414,7.65408456392477,-6.682467092831542
698000000.0,8.06672942368171,-7.1810974174503395,13.821791419135842,-1.2195146011312388,7.662092923330225,-6.671871659695616
699000000.0,8.057486349104298,-7.176827914715646,14.091700535880557,-1.3426776082599254,7.669487692459027,-6.66257589178631
700000000.0,8.048267681443185,-7.172555361958143,14.364204603529743,-1.4985859451561934,7.677398288897501,-6.654332192119772
701000000.0,8.039073351863161,-7.168279815684761,14.610999437790637,-1.679750821690296,7.684574789731445,-6.647708130927282
702000000.0,8.029903291664201,-7.164001331995081,14.846582321436015,-1.887267305318121,7.691666556549719,-6.642053898082325
703000000.0,8.020757432282107,-7.1597199665838405,15.0587127595042,-2.115578792941826,7.6981868926363495,-6.637495321663379
704000000.0,8.011635705289102,-7.155435774743421,15.245896127157216,-2.3624926122383667,7.704155646548771,-6.633919511405421
705000000.0,8.002538042394425,-7.151148811366341,15.398988549512735,-2.62604978559061,7.7094126310248265,-6.631512745815363
706000000.0,7.9934643754449075,-7.146859130947715,15.530667642498003,-2.8922417328076024,7.713940477982879,-6.629445550509735
707000000.0,7.984414636425541,-7.142566787587714,15.63246863871577,-3.1744947922292837,7.7181219974607425,-6.628315456115386
708000000.0,7.975388757460033,-7.138271834994008,15.703207964122454,-3.4482938391216176,7.721210603838744,-6.627624634531098
709000000.0,7.966386670811341,-7.133974326484197,15.752026398692122,-3.7161527406860313,7.723584878504435,-6.627164674742055
710000000.0,7.957408308882204,-7.129674314988228,15.774444804758247,-3.9865981685843095,7.725543181873896,-6.627285306500804
711000000.0,7.9484536042156595,-7.125371853050797,15.782428546611087,-4.241828084802639,7.726734030641795,-6.627291251771496
712000000.0,7.939522489495543,-7.1210669928337476,15.764745165149456,-4.49312342562214,7.727428251909152,-6.627818601242059
713000000.0,7.930614897546982,-7.116759786118447,15.737678097401032,-4.739319754323979,7.72787863638349,-6.628297863555527
714000000.0,7.921730761336875,-7.11245028430815,15.69007362613327,-4.972312413825802,7.727672399910577,-6.629057781097663
715000000.0,7.9128700139743575,-7.108138538430358,15.626738370307224,-5.188240400722461,7.726770088988712,-6.629937321754027
716000000.0,7.904032588711259,-7.103824599139167,15.553354241541141,-5.398031648925037,7.725657831453891,-6.6309003044749355
717000000.0,7.895218418942546,-7.099508516717577,15.473656449045265,-5.588451558134551,7.72389679278499,-6.6317101849651845
718000000.0,7.886427438206759,-7.095190341079834,15.37574365039601,-5.775769840048118,7.721993517653858,-6.63300056635638
719000000.0,7.877659580186426,-7.090870121773715,15.274272275803773,-5.94322165837967,7.7194657166220235,-6.634117435618313
720000000.0,7.868914778708483,-7.086547907982832,15.170937111405706,-6.0927588621080035,7.716385639329835,-6.63505930368501
721000000.0,7.860192967744664,-7.082223748528908,15.061897692770206,-6.242038369219291,7.713393873191099,-6.63611380818593
722000000.0,7.8514940814118965,-7.077897691874041,14.946209102306065,-6.375439799115656,7.709894330482167,-6.6372432762519455
723000000.0,7.842818053972681,-7.0735697861229685,14.833992622301537,-6.4919866795959695,7.705889317925521,-6.638088140139449
724000000.0,7.834164819835445,-7.069240079025302,14.721607988602607,-6.605102917233907,7.701869749376936,-6.638866482655536
725000000.0,7.825534313554919,-7.064908617977762,14.601583478830369,-6.699683712316193,7.6972141854204805,-6.6398367051041
726000000.0,7.816926469832463,-7.060575450026398,14.48342956390353,-6.792618001049815,7.692614432347191,-6.640695727115903
727000000.0,7.808341223516425,-7.0562406218687945,14.367858931416157,-6.872811255150077,7.687620039077971,-6.6413967477591695
728000000.0,7.799778509602447,-7.0519041798562645,14.255121517917528,-6.941332620387734,7.682258212141668,-6.641948654700632
729000000.0,7.791238263233793,-7.047566169996031,14.147560020430523,-7.005390582268186,7.676809889315259,-6.642273457196303
730000000.0,7.782720419701651,-7.043226637953403,14.039334553813848,-7.06801585602762,7.671389045805685,-6.64261248786058
731000000.0,7.774224914445428,-7.038885629053932,13.936301650086174,-7.116498503179727,7.665464761099218,-6.642731566697368
732000000.0,7.7657516830530415,-7.034543188285555,13.82974463288627,-7.16447835565326,7.659597358063255,-6.642995931117767
733000000.0,7.7573006612611985,-7.030199360300737,13.73147252486058,-7.204394543271264,7.653455666486315,-6.642922062013426
734000000.0,7.748871784955655,-7.025854189418591,13.633005070979948,-7.237243314650692,7.647080786131428,-6.642870543391576
735000000.0,7.740464990171482,-7.021507719626987,13.537386381942095,-7.268285456167895,7.640685372751236,-6.642707495095808
736000000.0,7.7320802130933135,-7.017159994584656,13.448501165768945,-7.297455601984506,7.634252012771968,-6.6422650292080725
737000000.0,7.723717390055586,-7.012811057623279,13.359784709100373,-7.320836706411542,7.627622348248226,-6.6418355814148935
738000000.0,7.715376457542771,-7.008460951749556,13.276135724745663,-7.344793013443581,7.621052957144409,-6.641190015234577
739000000.0,7.707057352189597,-7.004109719647285,13.194882276081026,-7.363360201966931,7.614287984784353,-6.640462787337017
740000000.0,7.6987600107812675,-6.999757403679398,13.111010486740172,-7.38666474729475,7.607788066080403,-6.6398375690917995
741000000.0,7.690484370253664,-6.995404045890023,13.036241803463117,-7.400634415333649,7.600884790343995,-6.638853171831815
742000000.0,7.682230367693537,-6.991049688006498,12.956778830272343,-7.413770579426598,7.594006333636642,-6.638087003408913
743000000.0,7.673997940338708,-6.986694371441396,12.88268580266052,-7.4245256756545555,7.587037593299224,-6.637099717644513
744000000.0,7.6657870255782345,-6.982338137294539,12.806962611728602,-7.436583192677613,7.58017507161907,-6.636185716999553
745000000.0,7.657597560952599,-6.977981026354985,12.736902942872325,-7.446997613931824,7.573247835931703,-6.6350307450149115
746000000.0,7.649429484153856,-6.9736230791030165,12.66737911576462,-7.446418732877657,7.565854071471726,-6.633919430863901
747000000.0,7.641282733025802,-6.96926433571212,12.597720480905627,-7.450102691650785,7.55868833311265,-6.632799116735179
748000000.0,7.633157245564118,-6.964904836050945,12.532652027915395,-7.450914143277834,7.551396294180701,-6.631493571457675
749000000.0,7.625052959916509,-6.960544619685252,12.472841163796884,-7.454449830216083,7.544227777062802,-6.629934985348994
750000000.0,7.616969814382838,-6.95618372587986,12.408636281748104,-7.451494282355504,7.536816856061239,-6.628627603169885
751000000.0,7.60890774741525,-6.951822193600567,12.351785541586729,-7.451353483593208,7.529516815422314,-6.626966620437198
752000000.0,7.600866697618297,-6.947460061516088,12.291436390951926,-7.446284814182718,7.522037873798843,-6.625508742155171
753000000.0,7.592846603749038,-6.943097367999936,12.239062291094976,-7.4422275755282765,7.514576914851651,-6.623676004778873
754000000.0,7.584847404717148,-6.93873415113234,12.182568871881815,-7.438922987806328,7.507206514818035,-6.622037216056674
755000000.0,7.576869039585016,-6.934370448702124,12.134517705224685,-7.437864267055854,7.499906580961853,-6.619986823691012
756000000.0,7.568911447567829,-6.930006298208579,12.081731420563536,-7.432871471678148,7.492480032781553,-6.618194244732245
757000000.0,7.560974568033655,-6.925641736863332,12.02983659626171,-7.430852177128096,7.4852138134999535,-6.616341248523049
758000000.0,7.553058340503517,-6.921276801592198,11.981829872057967,-7.422701466444437,7.477648246161801,-6.614354233826693
759000000.0,7.545162704651471,-6.916911529037022,11.930670244426338,-7.418477766914968,7.470319883022947,-6.612492249546199
760000000.0,7.537287600304649,-6.912545955557514,11.88492911390176,-7.409453373845301,7.462739755927069,-6.61041216404104
761000000.0,7.529432967443334,-6.908180117233071,11.837370649124344,-7.404101600086318,7.455374816839928,-6.6083940640571965
762000000.0,7.52159874620099,-6.903814049864584,11.79337077511525,-7.4018660615158325,7.448155137591007,-6.606180243014505
763000000.0,7.513784876864316,-6.899447788976242,11.74889213425142,-7.389276951043819,7.440457172735696,-6.60408068296737
764000000.0,7.505991299873281,-6.8950813698173254,11.708115423368454,-7.381199888110622,7.432968803084026,-6.601765275992144
765000000.0,7.4982179558211435,-6.890714827363981,11.663603305528827,-7.375267526559757,7.425639737996329,-6.599617579850908
766000000.0,7.490464785454483,-6.886348196320991,11.624077631765731,-7.369476647959722,7.418295889142086,-6.59722605004037
767000000.0,7.482731729673217,-6.881981511123539,11.582626108834448,-7.359322546390368,7.41077491811798,-6.594971115069272
768000000.0,7.475018729530603,-6.87761480593895,11.54285650676163,-7.3485548981980555,7.403228764694489,-6.592641848625283
769000000.0,7.4673257262332555,-6.873248114668439,11.502564929556504,-7.339087245627192,7.395772190822159,-6.590329961906754
770000000.0,7.459652661141132,-6.868881470948834,11.463056686647278,-7.332261360231365,7.38846089706534,-6.587957759059058
771000000.0,7.451999475767538,-6.864514908154289,11.424982368598041,-7.31973376844554,7.380871646715301,-6.585569686008492
772000000.0,7.4443661117791065,-6.860148459398011,11.386809306362585,-7.310349015314173,7.373460498509592,-6.583160246532122
773000000.0,7.436752510995781,-6.855782157533935,11.349866781298097,-7.300404789065272,7.366029584074747,-6.58069698730023
774000000.0,7.4291586153907945,-6.851416035158432,11.31547278784834,-7.2852629483246405,7.358331243573048,-6.578157308000372
775000000.0,7.421584367090637,-6.847050124611976,11.280261098288559,-7.275300501954474,7.350921279466836,-6.575612009722434
776000000.0,7.414029708375023,-6.842684457980818,11.251767696221883,-7.2591188449018675,7.343149756546337,-6.572787605629627
777000000.0,7.406494581676846,-6.838319067098638,11.218013977506482,-7.248801691536271,7.335745091487713,-6.570175824694053
778000000.0,7.398978929582144,-6.83395398354821,11.183676699479726,-7.236702645369027,7.328274138679612,-6.567613405669246
779000000.0,7.391482694830035,-6.8295892386630195,11.152850481847386,-7.225618256326468,7.3208394401787515,-6.564863811395639
780000000.0,7.384005820312675,-6.825224863528912,11.125496480566385,-7.211212214972457,7.313218674966725,-6.5619702214043825
781000000.0,7.376548249075185,-6.820860888985703,11.097061752585118,-7.197222955842792,7.305647448362263,-6.559129265335616
782000000.0,7.369109924315593,-6.816497345628789,11.066449310503952,-7.186385904034486,7.298277766365995,-6.556371057701935
783000000.0,7.361690789384764,-6.81213426381075,11.040205724586968,-7.171184360937557,7.290657818829884,-6.55343190426304
784000000.0,7.354290787786315,-6.807771673642944,11.010549475687363,-7.159477765567806,7.2832697119498615,-6.550636124150252
785000000.0,7.346909863176546,-6.803409604997082,10.985502145128445,-7.145856952381647,7.275754688804926,-6.547621816522034
786000000.0,7.339547959364351,-6.799048087506805,10.957684021838904,-7.132321331531567,7.268288891474779,-6.5447516763454985
787000000.0,7.332205020311124,-6.794687150569249,10.935356521870931,-7.115878658519476,7.260634751650873,-6.5416256222798
788000000.0,7.324880990130673,-6.79032682334659,10.910186379221617,-7.104076747056209,7.253267726143745,-6.538602681483032
789000000.0,7.317575813089109,-6.785967134767597,10.891709747551602,-7.093369012307363,7.245909493281585,-6.53522015142799
790000000.0,7.310289433604762,-6.781608113529167,10.86309017741005,-7.078535966540254,7.238452964318735,-6.532409249963616
791000000.0,7.303021796248052,-6.777249788097841,10.84787731112673,-7.066020118932464,7.231002987214983,-6.528874283762184
792000000.0,7.295772845741393,-6.772892186711333,10.824517775629731,-7.055303569320643,7.223744876831215,-6.525749027342709
793000000.0,7.288542526959068,-6.768535337380031,10.803719979032767,-7.042698470906985,7.216379927689083,-6.522508615450418
794000000.0,7.28133078492712,-6.7641792678885,10.78227666702639,-7.031731507588567,7.209124733383671,-6.519286717153638
795000000.0,7.27413756482321,-6.759824005796964,10.76339138264503,-7.0242103707478885,7.202043303833855,-6.5158970933663936
796000000.0,7.2669628119765015,-6.755469578442794,10.744884639065095,-7.013958548511019,7.1948319842596264,-6.512514842109348
797000000.0,7.2598064718675275,-6.751116012941975,10.72651231814638,-6.998399307071933,7.187356904041508,-6.509177843969033
798000000.0,7.252668490128052,-6.746763336190576,10.708783067406218,-6.987514035367939,7.180139158205915,-6.505761735242791
799000000.0,7.245548812540924,-6.742411574866191,10.6910666476051,-6.980024684810236,7.173117930977996,-6.502312492378252
800000000.0,7.238447385039947,-6.7380607554294,10.676767026624011,-6.9681125746299015,7.165847373787781,-6.498726275713041
801000000.0,7.231364153709718,-6.733710904125193,10.65791998165719,-6.962907248289954,7.15899252183939,-6.495315866752987
802000000.0,7.224299064785486,-6.729362046984402,10.64462174385449,-6.95252546896484,7.151827784697687,-6.491663024944029
803000000.0,7.217252064652984,-6.725014209825123,10.626924992326005,-6.944622209410649,7.144853824376409,-6.488219287299338
804000000.0,7.210223099848286,-6.720667418254123,10.616094964483079,-6.941741379466407,7.138096235631581,-6.484364914267495
805000000.0,7.203212117057635,-6.71632169766824,10.596966351178972,-6.938874636688844,7.131436674799306,-6.480949445513453
806000000.0,7.1962190631172795,-6.711977073255783,10.58320003312278,-6.931165395086521,7.1244866506508115,-6.477298410246578
807000000.0,7.1892438850133065,-6.707633569997911,10.56922413872967,-6.930012580991704,7.117901865138715,-6.473595747353939
808000000.0,7.182286529881464,-6.703291212670012,10.550298023555321,-6.926946387935226,7.1112811651387915,-6.470173527809884
809000000.0,7.175346945006989,-6.698950025843071,10.531231487510377,-6.921458259108329,7.104551204056748,-6.466783109203064
810000000.0,7.168425077824429,-6.694610033885028,10.518431109872097,-6.919643533978697,7.097970777637155,-6.463026944638442
811000000.0,7.161520875917455,-6.690271260962131,10.500331831612773,-6.922334490345379,7.091696572548362,-6.459506579374124
812000000.0,7.154634287018686,-6.68593373104028,10.482637302212336,-6.916801818979812,7.085001863256353,-6.456046579645427
813000000.0,7.1477652590094864,-6.6815974678863626,10.46270692807861,-6.913042894779464,7.078439765776732,-6.452687780873797
814000000.0,7.140913739919784,-6.677262495069574,10.445701781133183,-6.910566763278707,7.071933143380408,-6.449162846534247
815000000.0,7.134079677927879,-6.672928835962742,10.424487259068595,-6.909470961310003,7.06555830423132,-6.445846722958272
816000000.0,7.127263021360229,-6.66859651374364,10.406900498971934,-6.904971343239422,7.058984524404142,-6.4423744032562045
817000000.0,7.120463718691273,-6.664265551396282,10.382436195751504,-6.9038721312322515,7.052676646514913,-6.439231274792123
818000000.0,7.113681718543204,-6.6599359717122235,10.363130934773034,-6.899763889048909,7.046174746111811,-6.435847566472376
819000000.0,7.106916969685781,-6.655607797291843,10.341505533667808,-6.8930440189883715,7.039575581802398,-6.4326142392443835
820000000.0,7.10016942103611,-6.651281050545622,10.318515033482972,-6.890412722672799,7.033223421433222,-6.429412272521527
821000000.0,7.093439021658439,-6.64695575369542,10.299459786218009,-6.884897063142764,7.026695038907026,-6.426033333079079
822000000.0,7.086725720763932,-6.642631928775731,10.279857692442786,-6.882825219426511,7.020371095652666,-6.422648614632049
823000000.0,7.080029467710467,-6.6383095976349455,10.259658700234732,-6.877387811642677,7.013892115607225,-6.41933174312367
824000000.0,7.073350212002408,-6.633988781936591,10.235884842118447,-6.869347287963787,7.007329556521768,-6.416232962463745
825000000.0,7.066687903290383,-6.629669503160573,10.217489603530137,-6.870876611354547,7.001233857300045,-6.41274959965565
826000000.0,7.060042491371061,-6.625351782604412,10.194211151657553,-6.865397317365001,6.994835492957561,-6.4096003453563055
827000000.0,7.053413926186927,-6.621035641384466,10.173994629807865,-6.859379412806427,6.988392516349875,-6.40629611779021
828000000.0,7.046802157826043,-6.616721100437141,10.151566733815022,-6.853070145730057,6.981974327557711,-6.403113935246634
829000000.0,7.040207136521834,-6.612408180520111,10.127196915376054,-6.847393076051737,6.975627384298857,-6.400029892787747
830000000.0,7.033628812652834,-6.608096902213507,10.1079329582188,-6.840043207476928,6.969152626339249,-6.396694308784072
831000000.0,7.027067136742464,-6.603787285921124,10.090739502306535,-6.834738101948271,6.9627802823369915,-6.393227817665792
832000000.0,7.020522059458784,-6.599479351871597,10.063970075562288,-6.8257886095783595,6.956334778503682,-6.39031281829872
833000000.0,7.013993531614261,-6.595173120119594,10.04364247795426,-6.817882626086162,6.949890544375787,-6.387045232944644
834000000.0,7.007481504165515,-6.590868610546971,10.021565833401688,-6.809557762677795,6.943459279829847,-6.383877560686541
835000000.0,7.000985928213087,-6.586565842863948,9.999682308046994,-6.800756044397048,6.937016436962959,-6.380706942039869
836000000.0,6.9945067550011775,-6.582264836610268,9.979097110042748,-6.791988167623652,6.930576939668452,-6.3774685284387544
837000000.0,6.988043935917409,-6.577965611156338,9.958496752899315,-6.784858847994262,6.924241333334345,-6.374214673429047
838000000.0,6.981597422492568,-6.573668185704381,9.939625300326258,-6.774529525908376,6.917730613168274,-6.370905679901932
839000000.0,6.975167166400354,-6.56937257928957,9.9159835063893,-6.7650330311006925,6.911333510423556,-6.3678457588210895
840000000.0,6.968753119457123,-6.565078810781151,9.895442851221475,-6.7537340102611205,6.904820331046873,-6.364641660871099
841000000.0,6.962355233621634,-6.560786898883578,9.875105806886832,-6.74392742358506,6.898400673071947,-6.361412056555909
842000000.0,6.955973460994784,-6.55649686213761,9.853270760873587,-6.734745878685382,6.892047126878715,-6.358258499439257
843000000.0,6.949607753819352,-6.552208718921437,9.833304396953963,-6.723432381305955,6.885572798673183,-6.3550303463458295
844000000.0,6.9432580644797355,-6.547922487451769,9.810690911646207,-6.7108173317668856,6.879072997581157,-6.351962554110516
845000000.0,6.936924345501683,-6.543638185784932,9.792046136276142,-6.698813038932907,6.872576456170309,-6.348675212348378
846000000.0,6.930606549552035,-6.539355831817961,9.772092317355483,-6.688076549284032,6.866178563808082,-6.345446805938036
847000000.0,6.924304629438446,-6.535075443289674,9.755381227114084,-6.6783384160185335,6.859813457001482,-6.342032997815603
848000000.0,6.918018538109127,-6.530797037781751,9.73372601446218,-6.6654562002322,6.8533481295560446,-6.338925983639211
849000000.0,6.911748228652561,-6.526520632719791,9.713133173130288,-6.65463709036245,6.846998096075056,-6.3357403676215975
850000000.0,6.905493654297246,-6.5222462453743875,9.692875929703215,-6.639719881712151,6.840435154935918,-6.332585352185117
851000000.0,6.899254768411405,-6.51797389286217,9.675871051411718,-6.626359289339568,6.833934934216278,-6.32923706652679
852000000.0,6.893031524502721,-6.513703592146852,9.661123291266987,-6.614771626918863,6.827521059337728,-6.325747043587395
853000000.0,6.8868238762180605,-6.509435360040281,9.640298675453776,-6.602120168569806,6.821131926479882,-6.322604426587071
854000000.0,6.880631777343183,-6.505169213203458,9.620229971822102,-6.586244145649063,6.814571294611344,-6.319459247140716
855000000.0,6.874455181802477,-6.5009051681475745,9.606852036166877,-6.574949656579577,6.808201961799332,-6.3158964609629455
856000000.0,6.868294043658667,-6.496643241235032,9.589060093281972,-6.559378153018482,6.8016608100648055,-6.312626676872348
857000000.0,6.862148317112533,-6.492383448680453,9.570286575857486,-6.5461339863500365,6.7952730742956104,-6.309387377166424
858000000.0,6.85601795650263,-6.4881258065516905,9.55724657135466,-6.531196687528524,6.788742095612955,-6.305851977457489
859000000.0,6.849902916305002,-6.483870330770832,9.54264436211044,-6.518582000711402,6.782371341953761,-6.302378983554089
860000000.0,6.843803151132889,-6.479617037115191,9.52538962266647,-6.505020817417935,6.775991680951245,-6.299065474775283
861000000.0,6.837718615736448,-6.475365941218298,9.512058405062952,-6.489393967537983,6.769468241474614,-6.295558903803506
862000000.0,6.831649265002459,-6.471117058570883,9.497927805819442,-6.4780929724821705,6.763208114122938,-6.2920511407017905
863000000.0,6.825595053954034,-6.466870404521849,9.485882487140328,-6.457507015405406,6.756422897328054,-6.288529973687383
864000000.0,6.8195559377503265,-6.4626259942792466,9.469231594729065,-6.444099267692593,6.750100828347073,-6.285189143039573
865000000.0,6.813531871686241,-6.458383842911235,9.45820899768839,-6.43404202925717,6.74391930767508,-6.28150044838252
866000000.0,6.807522811192138,-6.454143965347045,9.445280984349738,-6.414024056544609,6.737216355464329,-6.278026201113435
867000000.0,6.801528711833537,-6.449906376377922,9.435769379383867,-6.402521221662202,6.7309669489776125,-6.274271936367739
868000000.0,6.795549529310823,-6.44567109065808,9.425237670345917,-6.381861941813998,6.724230477897519,-6.2706722192052595
869000000.0,6.78958521945895,-6.441438122705636,9.415654115298826,-6.364326538084094,6.7176728310997875,-6.266987352114529
870000000.0,6.783635738247141,-6.437207486903546,9.407637385909734,-6.3559009939429485,6.711623992887803,-6.2631224551057665
871000000.0,6.777701041778592,-6.432979197500537,9.404373276492995,-6.339814231393362,6.70511248962404,-6.259071337418988
872000000.0,6.77178108629017,-6.428753268612021,9.392970756369083,-6.3297695187435075,6.699036521102549,-6.255416653637129
873000000.0,6.765875828152113,-6.424529714221017,9.386220244159354,-6.314240599926147,6.69262100144088,-6.251558036987519
874000000.0,6.759985223867729,-6.420308548179057,9.384160717737238,-6.297278933721684,6.6860939929337135,-6.247451606649037
875000000.0,6.754109230073092,-6.416089784207097,9.377792764680327,-6.285372089991868,6.679907672261106,-6.243538577453257
876000000.0,6.74824780353674,-6.411873435896406,9.371387619287367,-6.2775649309989054,6.673966001802889,-6.239590229283016
877000000.0,6.742400901159375,-6.407659516709474,9.372657089597315,-6.261560341042636,6.667507397462408,-6.235292873963585
878000000.0,6.736568479973544,-6.403448039980876,9.36480238152312,-6.253224491015747,6.661579369603739,-6.231435457584636
879000000.0,6.730750497143351,-6.3992390189181805,9.363975891807067,-6.240148413108067,6.6553355167996315,-6.22723172491697
880000000.0,6.724946909964144,-6.395032466602807,9.360151319815927,-6.235518086718476,6.6496061625348615,-6.223120147819967
881000000.0,6.719157675862203,-6.3908283959909005,9.359283455584922,-6.2295817466996795,6.643791250388138,-6.218859087954912
882000000.0,6.713382752394432,-6.386626819914203,9.356480081692297,-6.221722101657219,6.637901587915203,-6.2147266025732675
883000000.0,6.707622097248062,-6.382427751080901,9.353438265579538,-6.217135693584193,6.632210461504524,-6.210581048243025
884000000.0,6.701875668240327,-6.378231202076491,9.353485195723852,-6.21453936338938,6.62661610712946,-6.206250053157779
885000000.0,6.696143423318167,-6.37403718536462,9.349230989330716,-6.211244904878057,6.6210352071722465,-6.202167266987268
886000000.0,6.6904253205579085,-6.369845713287933,9.347521054991429,-6.21182578099495,6.6156592168616895,-6.1979130967410985
887000000.0,6.684721318164954,-6.365656798068905,9.341317192385219,-6.214151283942718,6.610431896490179,-6.1938947796925
888000000.0,6.679031374473478,-6.361470451810681,9.336802985181443,-6.20728572950054,6.6046969845018735,-6.189868140298865
889000000.0,6.673355447946109,-6.357286686497898,9.331730478972894,-6.209157284793755,6.599460511718323,-6.185798094250267
890000000.0,6.667693497173611,-6.3531055139975035,9.326768954575257,-6.213285781330839,6.594358946705819,-6.181705142811912
891000000.0,6.6620454808745855,-6.348926946059577,9.318732479900078,-6.213976874342732,6.589108889532574,-6.177813884672517
892000000.0,6.656411357895144,-6.34475099431814,9.311602529995024,-6.215037874884641,6.583883595641405,-6.173872547755326
893000000.0,6.650791087208601,-6.34057767029196,9.300100944764964,-6.22209319483684,6.579036567061469,-6.170117978240319
894000000.0,6.645184627915152,-6.336406985385353,9.294048902404127,-6.222163242044049,6.573772251467572,-6.166132133032939
895000000.0,6.639591939241571,-6.332238950888975,9.278152370829055,-6.223245206515336,6.568665231125082,-6.162674484324635
896000000.0,6.6340129805408825,-6.328073577980618,9.265647932662523,-6.231461974550321,6.563927354064585,-6.158968522889334
897000000.0,6.628447711292051,-6.32391087772599,9.254503576386654,-6.23036172048861,6.558684127803754,-6.15527686586494
898000000.0,6.622896091099664,-6.319750861079501,9.24001363747937,-6.231671867673272,6.55361569475462,-6.151746129825405
899000000.0,6.6173580796936164,-6.31559353888503,9.223922165119244,-6.233178860536626,6.548586229393621,-6.148302062686885
900000000.0,6.611833636928793,-6.311438921876703,9.20901418435605,-6.234535678704183,6.5435506518696815,-6.144797189484953
901000000.0,6.606322722784748,-6.307287020679654,9.193937664228663,-6.2361224998814,6.538542256939047,-6.141301062951644
902000000.0,6.600825297365392,-6.303137845810783,9.176824787915317,-6.239552516113537,6.533666452701778,-6.137898726876379
903000000.0,6.595341320898673,-6.298991407679522,9.162556867443648,-6.239746970674443,6.528601200435343,-6.1343761077210965
904000000.0,6.589870753736253,-6.294847716588571,9.142169990134775,-6.23782782899893,6.523495745699633,-6.1312070485314365
905000000.0,6.584413556353198,-6.2907067827346514,9.12325784150676,-6.236252589658153,6.518408054799094,-6.127957349970505
906000000.0,6.57896968934765,-6.286568616209248,9.105910497311877,-6.234874282789021,6.51332884926055,-6.124623444842545
907000000.0,6.573539113440514,-6.28243322699934,9.087822774153448,-6.23603348696883,6.508407850428161,-6.121305885665921
908000000.0,6.5681217894751445,-6.278300624988142,9.066749575020845,-6.233221668993786,6.50331661257955,-6.118192803215377
909000000.0,6.562717678417009,-6.274170819955812,9.050472312770594,-6.231238658181894,6.498234102820788,-6.114814258769258
910000000.0,6.557326741353386,-6.270043821580196,9.031160761129584,-6.222584663428146,6.492835327002262,-6.1116725037616275
911000000.0,6.55194893949303,-6.265919639437527,9.009324112934612,-6.219096632282961,6.487756460776156,-6.1086167492108965
912000000.0,6.546584234165866,-6.261798283003146,8.993053890137713,-6.215690862909294,6.482636677201496,-6.1052609823906865
913000000.0,6.541232586822663,-6.257679761652208,8.972418712011892,-6.208541245458241,6.477373326717264,-6.10218512304435
914000000.0,6.535893959034709,-6.253564084660389,8.956047984185323,-6.2038926971949495,6.4722133326176206,-6.098853878588936
915000000.0,6.530568312493498,-6.249451261204576,8.936588221567678,-6.1995439125974325,6.467116084723017,-6.095690355629453
916000000.0,6.525255609010405,-6.245341300363568,8.914613947935452,-6.193117574773292,6.461946466115344,-6.092689681413282
917000000.0,6.519955810516372,-6.241234211118766,8.896336121659445,-6.185927581000142,6.456707945999191,-6.089499366481341
918000000.0,6.514668879061576,-6.2371300023548555,8.880169119688995,-6.178095856256314,6.451423907767168,-6.086204118044121
919000000.0,6.509394776815123,-6.233028682860487,8.862320130194762,-6.170024962293249,6.446157928832631,-6.083006692034503
920000000.0,6.504133466064712,-6.228930261328954,8.846880290569038,-6.167592903431136,6.441186518037004,-6.079618112071522
921000000.0,6.498884909216329,-6.224834746358864,8.827408867399537,-6.153932444077246,6.435657712490798,-6.076578383209857
922000000.0,6.493649068793916,-6.22074214645481,8.810255602791417,-6.150127354580716,6.43065583922956,-6.073305250909986
923000000.0,6.488425907439053,-6.216652470028022,8.791499453399963,-6.140389318833586,6.42535893864195,-6.070189891045885
924000000.0,6.483215387910641,-6.212565725397042,8.77520000075791,-6.134612931683316,6.420264636246334,-6.06689838225616
925000000.0,6.478017473084575,-6.208481920788368,8.758163555252489,-6.123241723833167,6.4148831043086725,-6.063713919997596
926000000.0,6.472832125953432,-6.204401064337105,8.744312633707024,-6.114145307617796,6.409602900291823,-6.060331544919823
927000000.0,6.46765930962614,-6.200323164087617,8.728554772653766,-6.109888099932154,6.404623453513114,-6.057002668008844
928000000.0,6.462498987327667,-6.196248227994163,8.707405119076963,-6.101369547521471,6.3994827377044885,-6.05402328359924
929000000.0,6.457351122398693,-6.192176263921537,8.692165531563425,-6.0900385096404355,6.394131166010979,-6.050753101270858
930000000.0,6.452215678295298,-6.1881072796457035,8.673784879934042,-6.084256822693355,6.3891348863919974,-6.047596773950512
931000000.0,6.447092618588634,-6.1840412828544205,8.657693106686933,-6.076434710707552,6.384011617707608,-6.04434044511851
932000000.0,6.441981906964607,-6.179978281147873,8.639083739136334,-6.068573166429216,6.378927434956987,-6.041227808551063
933000000.0,6.436883507223562,-6.175918282039291,8.62450605728182,-6.060304236151458,6.373786062553527,-6.037899388705268
934000000.0,6.431797383279955,-6.171861292955564,8.607665595374423,-6.0465879237956095,6.368379498329067,-6.03476349507846
935000000.0,6.426723499162041,-6.167807321237858,8.590567236301654,-6.037569410198895,6.363249207299641,-6.031591199673461
936000000.0,6.421661819011551,-6.163756374142224,8.574036781382853,-6.0278930592526025,6.358087440047067,-6.028398507445081
937000000.0,6.416612307083371,-6.159708458840202,8.557015803505509,-6.021803808959617,6.353143878857464,-6.025194969939638
938000000.0,6.411574927745223,-6.155663582419419,8.541265125023129,-6.0112930982774335,6.34794996944022,-6.0219756282550785
939000000.0,6.406549645477351,-6.151621751884196,8.526165671338976,-6.003161745051034,6.342893405524168,-6.0186954050965635
940000000.0,6.401536424872196,-6.147582974156134,8.508889109503972,-5.9942224395794135,6.337828892900732,-6.015550375414996
941000000.0,6.396535230634085,-6.143547256074703,8.496717576999753,-5.983418235423854,6.3326110865294964,-6.012144016791149
942000000.0,6.3915460275789,-6.139514604397828,8.475479795527741,-5.973175417888988,6.327543091000754,-6.009244785503964
943000000.0,6.386568780633773,-6.135485025802479,8.461284755520934,-5.962709350467563,6.3223908533344515,-6.00595539181012
944000000.0,6.381603454836762,-6.131458526885238,8.445434285404607,-5.952679620098033,6.317294175592125,-6.002757806949428
945000000.0,6.376650015336532,-6.127435114162877,8.430746771272778,-5.943158761073034,6.312223895996822,-5.999492070780491
946000000.0,6.37170842739204,-6.123414794072932,8.414662521804994,-5.936109966191286,6.307321639095129,-5.9962796115473065
947000000.0,6.366778656372219,-6.119397572974269,8.397672673248534,-5.926572850582427,6.302300819071476,-5.993151784135078
948000000.0,6.36186066775566,-6.11538345714764,8.381824397448668,-5.914079610361072,6.297109781681167,-5.989998300993451
949000000.0,6.35695442713029,-6.111372452796252,8.367147643006291,-5.907918866963728,6.292275960522965,-5.9867063035500125
950000000.0,6.352059900193067,-6.107364566046317,8.351210781144571,-5.893723748486293,6.287011163732754,-5.983585734501062
951000000.0,6.347177052749652,-6.103359802947605,8.337688415506383,-5.884335863496813,6.282002339762767,-5.980273699627544
952000000.0,6.342305850714102,-6.09935816947399,8.321032414294477,-5.873728848788739,6.276972522797853,-5.977158807593792
953000000.0,6.337446260108551,-6.095359671524005,8.310552239735467,-5.862405226337482,6.2718388185045235,-5.973702927971713
954000000.0,6.332598247062892,-6.091364314921368,8.291619798568616,-5.856752238096264,6.26714207464544,-5.970666549259928
955000000.0,6.327761777814471,-6.0873721054155325,8.276260145304281,-5.846430787689855,6.262146399846239,-5.967485411728491
956000000.0,6.322936818707763,-6.083383048682214,8.262757405678455,-5.832584502613701,6.2569366904432515,-5.96424371270871
957000000.0,6.318123336194064,-6.079397150323927,8.24863086364667,-5.824448917179318,6.252073556166669,-5.960972827145875
958000000.0,6.313321296831174,-6.075414415870504,8.231821637158685,-5.8127902027339236,6.247050786810705,-5.957902593293382
959000000.0,6.308530667283086,-6.071434850779628,8.21859070782293,-5.802073375009137,6.24204994914342,-5.95461849476439
960000000.0,6.30375141431967,-6.067458460437343,8.204596150108689,-5.792210385996696,6.2371183990517975,-5.951371807260926
961000000.0,6.298983504816367,-6.063485250158582,8.188815534994477,-5.784532914101377,6.232345755480505,-5.948205831257796
962000000.0,6.2942269057538685,-6.059515225187672,8.173135503367734,-5.775385671794023,6.227497882711878,-5.945055656380583
963000000.0,6.289481584217806,-6.05554839069885,8.160848481083558,-5.762408345130545,6.2223974427999735,-5.9417587285768505
964000000.0,6.28474750739845,-6.051584751796762,8.145859280269462,-5.751240588076535,6.217445086597324,-5.93860049430157
965000000.0,6.280024642590381,-6.047624313516972,8.129368727088552,-5.741154197674752,6.212584368631553,-5.9355205905485375
966000000.0,6.275312957192195,-6.043667080826464,8.1139565955294,-5.7304907701557415,6.207687587778409,-5.932388918805148
967000000.0,6.270612418706188,-6.039713058624132,8.100048826376895,-5.718354993854892,6.202696974241843,-5.929191125521926
968000000.0,6.265922994738041,-6.03576225174128,8.085419738022077,-5.708716875276253,6.197871567574429,-5.926009084673142
969000000.0,6.261244652996517,-6.03181466494211,8.075825045768696,-5.69491018055328,6.19275140543694,-5.922586053323714
970000000.0,6.256577361293149,-6.027870302924203,8.05963157086571,-5.6838309982874895,6.187880944229019,-5.919520701308026
971000000.0,6.251921087541936,-6.023929170319016,8.044737775218794,-5.671006869519553,6.182902353788766,-5.91640415464828
972000000.0,6.247275799759027,-6.019991271692349,8.03065749463312,-5.662738196290582,6.178192459184574,-5.913188686125008
973000000.0,6.242641466062421,-6.01605661154483,8.016812855917113,-5.649838204207413,6.173216934900478,-5.910019042015122
974000000.0,6.238018054671657,-6.0121251943123895,7.998595304049641,-5.636910865191667,6.168302286087518,-5.907112380672723
975000000.0,6.233405533907504,-6.0081970243667255,7.984184323959307,-5.6274549890005625,6.16355732995377,-5.9039428211069
976000000.0,6.228803872191665,-6.004272106015783,7.971413055072089,-5.61404799759313,6.158568232867885,-5.900727540062444
977000000.0,6.224213038046455,-6.0003504435042005,7.956424084877031,-5.5978838820886825,6.153451200119197,-5.897681012070884
978000000.0,6.219633000094513,-5.996432041013795,7.944992078302295,-5.590815326813148,6.1488429163589,-5.894317045062609
979000000.0,6.215063727058487,-5.992516902664,7.926613990688648,-5.576716532337425,6.14390890985966,-5.891456053256417
980000000.0,6.210505187760731,-5.988605032512333,7.913862208688427,-5.5661949019087205,6.139130656577194,-5.888220077334162
981000000.0,6.205957351123004,-5.984696434554848,7.902374673372836,-5.550437363737041,6.134033239300113,-5.884974774100405
982000000.0,6.201420186166167,-5.980791112726578,7.885648634834955,-5.542214115956837,6.129460272013043,-5.881957429103434
983000000.0,6.196893662009876,-5.976889070901993,7.873752047076807,-5.530065725553251,6.124603545281844,-5.878700943562242
984000000.0,6.192377747872284,-5.972990312895429,7.8625227583907416,-5.516408196462259,6.1196575280078545,-5.875425783259964
985000000.0,6.187872413069738,-5.969094842461545,7.849115648681026,-5.504363235109583,6.114844173141915,-5.872266308058271
986000000.0,6.183377627016477,-5.965202663295747,7.834764449132984,-5.489690115133579,6.109892458516087,-5.869199084247897
987000000.0,6.1788933592243325,-5.961313779034632,7.822325885682321,-5.478906685446333,6.105162850700616,-5.865973773478539
988000000.0,6.17441957930243,-5.95742819325642,7.8069526528975395,-5.468892706002431,6.100524511341291,-5.862921367740856
989000000.0,6.169956256956883,-5.953545909481376,7.794605202309065,-5.455738474648662,6.0956690083429645,-5.859726420588906
990000000.0,6.165503361990504,-5.949666931172246,7.780508826618705,-5.44428315234827,6.090946956680176,-5.8566217036318236
991000000.0,6.161060864302497,-5.945791261734673,7.766078512402573,-5.428603409178696,6.085980095121734,-5.853591409946284
992000000.0,6.156628733888166,-5.94191890451762,7.755618172651353,-5.415262485906175,6.081118197359684,-5.850294437321174
993000000.0,6.152206940838612,-5.938049862813794,7.7407759397641,-5.403771313635756,6.076430256765642,-5.847247951941651
994000000.0,6.147795455340439,-5.93418413986005,7.7277239118862,-5.390040249326639,6.071592937028561,-5.844121957267713
995000000.0,6.143394247675462,-5.930321738837815,7.714557581780312,-5.376158473639421,6.066756442727176,-5.841008597111096
996000000.0,6.139003288220404,-5.926462662873491,7.702054618826377,-5.365435121604079,6.062115979169381,-5.8378214326740085
997000000.0,6.134622547446604,-5.92260691503886,7.689251092546816,-5.352862718668964,6.057374079115297,-5.834678220273649
998000000.0,6.130251995919723,-5.918754498351499,7.674748618640194,-5.340460809048166,6.052671402962025,-5.831642227321327
999000000.0,6.1258916042994525,-5.914905415775168,7.660167000195198,-5.328981407921212,6.048035866869541,-5.82860480810875
1000000000.0,6.1215413433392145,-5.911059670220223,7.649773330303287,-5.312740005946685,6.043064638774291,-5.8253660655964605
1001000000.0,6.117201183885875,-5.907217264543998,7.638205801794982,-5.301545813006285,6.038429846297233,-5.822145652613228
1002000000.0,6.11287109687945,-5.903378201551212,7.624070362144172,-5.289743001343606,6.033795642136963,-5.819096355992133
1003000000.0,6.1085510533528105,-5.89954248399435,7.611374194515959,-5.272843127014561,6.028834695753244,-5.816019448023218
1004000000.0,6.1042410244313965,-5.895710114574055,7.596692801583095,-5.260909669161455,6.024215651206094,-5.813014345529148
1005000000.0,6.099940981332924,-5.891881095939521,7.586662256047136,-5.246604033242958,6.019403427763589,-5.809748020985163
1006000000.0,6.095650895367096,-5.888055430688862,7.571485033910938,-5.233561325843019,6.014737291606349,-5.806795058543149
1007000000.0,6.091370737935315,-5.884233121369507,7.561626489336743,-5.222495205735971,6.010144533857178,-5.803488452818116
1008000000.0,6.087100480530388,-5.88041417047857,7.548585652605002,-5.207924725243329,6.005374843335797,-5.80042589991155
1009000000.0,6.082840094736248,-5.8765985804632255,7.535270961058222,-5.195886705945396,6.000776817163484,-5.797356391421626
1010000000.0,6.0785895522276565,-5.872786353721088,7.5210770434546195,-5.1796965185161294,5.995933178024103,-5.794393212380398
1011000000.0,6.0743488247699275,-5.868977492600576,7.5098542082049775,-5.16529204876893,5.991177775000326,-5.7912249887797245
1012000000.0,6.07011788421863,-5.8651719994012845,7.499922857547211,-5.150964047313576,5.986421189929395,-5.787976883315301
1013000000.0,6.065896702519313,-5.861369876374351,7.485840102880719,-5.139731564618714,5.981916277411044,-5.784963788689258
1014000000.0,6.061685251707216,-5.857571125722816,7.47350262105876,-5.123667616237175,5.977091025238652,-5.781895938430671
1015000000.0,6.0574835039069805,-5.853775749601987,7.462007299651836,-5.111477542996777,5.972513089275836,-5.77873559128312
1016000000.0,6.053291431332376,-5.849983750119795,7.44851016867684,-5.096832870053507,5.967807059145896,-5.7757344945193605
1017000000.0,6.049109006286005,-5.846195129337147,7.436607786502535,-5.0839039037543,5.9632022796121955,-5.77261611030499
1018000000.0,6.044936201159036,-5.842409889268293,7.424680235807666,-5.068969230490699,5.958476100184673,-5.769524621046723
1019000000.0,6.040772988430904,-5.838628031881161,7.410837511329323,-5.054108257964939,5.953782542670647,-5.766560287538985
1020000000.0,6.036619340669045,-5.83484955909772,7.399711545665157,-5.039501289360499,5.949084137842456,-5.763420757371762
1021000000.0,6.032475230528609,-5.831074472794317,7.389339794245649,-5.026640778470179,5.944499361965037,-5.760217240122995
1022000000.0,6.028340630752174,-5.827302774802026,7.375056945605556,-5.009054463970445,5.939654624498291,-5.757321927709866
1023000000.0,6.024215514169481,-5.82353446690699,7.365527257920567,-4.994434335119943,5.934961412554682,-5.754088550636629
1024000000.0,6.020099853697143,-5.819769550850758,7.350923592148734,-4.983088131100254,5.930542943435603,-5.751157847634313
1025000000.0,6.015993622338373,-5.816008028330629,7.339141195899065,-4.966960991051231,5.92578899385351,-5.748095150796001
1026000000.0,6.011896793182705,-5.812249900999978,7.329890946346905,-4.9535253504934795,5.921193916973842,-5.744841577810803
1027000000.0,6.0078093394057195,-5.8084951704686,7.315770207959382,-4.939185002197439,5.9165959675026665,-5.7419222750991405
1028000000.0,6.003731234268768,-5.8047438383030325,7.3033254882571494,-4.924022776184829,5.911933804369069,-5.738904561928859
1029000000.0,5.999662451118688,-5.800995906026887,7.292984601739377,-4.908020534655392,5.907201893176805,-5.735759119023937
1030000000.0,5.995602963387546,-5.797251375121175,7.278404964771436,-4.891781129764952,5.902502652303036,-5.732901572249085
1031000000.0,5.991552744592349,-5.793510247024636,7.2673850059909055,-4.8797761633700905,5.898057940648657,-5.7297692411179595
1032000000.0,5.987511768334777,-5.789772523134052,7.255677305225412,-4.862880915153064,5.893300263101002,-5.726734149377066
1033000000.0,5.98348000830091,-5.786038204804576,7.243604667687366,-4.84916738583115,5.8887660688890895,-5.723696412503026
1034000000.0,5.979457438260956,-5.782307293350044,7.2317203650793225,-4.831251775191837,5.883954295196949,-5.720689843069972
1035000000.0,5.975444032068979,-5.778579790043293,7.219397583139697,-4.816139080237038,5.879341692888307,-5.717689759777931
1036000000.0,5.971439763662628,-5.7748556961164725,7.209969662347241,-4.802135965921761,5.8747839375417445,-5.714487196944431
1037000000.0,5.96744460706287,-5.771135012761362,7.1982022763245315,-4.781794485978694,5.869824874143986,-5.711504583685532
1038000000.0,5.963458536373718,-5.7674177411296705,7.187763122495731,-4.76822049943945,5.865319244988794,-5.708372936456088
1039000000.0,5.95948152578196,-5.763703882333355,7.173241284885414,-4.7488750951248475,5.860463421090961,-5.705575081125011
1040000000.0,5.955513549556901,-5.7599934374449155,7.162726860239981,-4.734578165685414,5.855922329380177,-5.702462076368435
1041000000.0,5.951554582050083,-5.756286407497708,7.147845526697288,-4.718309414931174,5.851290979085787,-5.699669602881333
1042000000.0,5.947604597695026,-5.752582793486236,7.141511259709138,-4.700002117621181,5.846450939165507,-5.69631053822389
1043000000.0,5.94366357100696,-5.748882596366456,7.125608679178053,-4.685257799242494,5.8419445090869315,-5.69358305601597
1044000000.0,5.9397314765825655,-5.745185817056077,7.115321260499612,-4.667777511626663,5.837207108886949,-5.690494891503431
1045000000.0,5.935808289099697,-5.7414924564348455,7.105269968138963,-4.650096145152388,5.832459543666652,-5.687394518576729
1046000000.0,5.931893983317127,-5.737802515344849,7.092098968775885,-4.63158286211126,5.827684846355812,-5.684520653862101
1047000000.0,5.927988534074286,-5.734115994590802,7.0788985478865385,-4.613614283644036,5.822952855317102,-5.681648019781219
1048000000.0,5.924091916290991,-5.7304328949403365,7.072571338968035,-4.597763909191605,5.818320380479855,-5.678280424079916
1049000000.0,5.920204104967194,-5.726753217124292,7.059024372056886,-4.577861956404592,5.813465495463701,-5.675452819176027
1050000000.0,5.916325075182707,-5.723076961836993,7.046292243590754,-4.561860768174787,5.808883205796767,-5.672541738508201
1051000000.0,5.912454802096958,-5.719404129736544,7.036519608522112,-4.54463357163381,5.804197691936303,-5.6694341648309585
1052000000.0,5.90859326094872,-5.7157347214450995,7.0221003181015265,-4.5248295950626,5.799368358002691,-5.666677377958822
1053000000.0,5.904740427055852,-5.712068737549153,7.010688303596274,-4.506256091132397,5.794608444625243,-5.663701260353973
1054000000.0,5.900896275815051,-5.70840617859981,7.003775613144645,-4.486991762969505,5.789772768697547,-5.660410884474157
1055000000.0,5.897060782701579,-5.704747045113063,6.991550067246615,-4.472638301484325,5.785330034686937,-5.657468832419575
1056000000.0,5.893233923269019,-5.701091337570071,6.9776142018764595,-4.452789961904136,5.780509527423694,-5.654689963500271
1057000000.0,5.889415673149012,-5.697439056417425,6.970216242411297,-4.4307092892756765,5.775489167530587,-5.651456822649436
1058000000.0,5.885606008051002,-5.693790202067424,6.95771732174515,-4.409917977089499,5.770597395433358,-5.648584220747656
1059000000.0,5.881804903761983,-5.6901447748983385,6.9456378028202845,-4.39351865413715,5.766024831334064,-5.645657368100203
1060000000.0,5.878012336146243,-5.6865027752546835,6.938414675522802,-4.371101820490215,5.760990840690941,-5.642414715489303
1061000000.0,5.874228281145115,-5.68286420344748,6.923820233479043,-4.34908468491554,5.756030202360193,-5.639707626944644
1062000000.0,5.870452714776712,-5.679229059754514,6.913015906059553,-4.330979181181097,5.751337666636117,-5.636704454452575
1063000000.0,5.866685613135691,-5.675597344420607,6.902462248095681,-4.310367207743377,5.746463568598559,-5.633697820674643
1064000000.0,5.862926952392988,-5.671969057657869,6.894267624143956,-4.2887719778984055,5.74150866439913,-5.630522688538477
1065000000.0,5.859176708795577,-5.668344199645958,6.882432461836292,-4.267154865924655,5.736572363587859,-5.627616973308062
1066000000.0,5.855434858666211,-5.664722770532339,6.870378987794392,-4.247178116296682,5.731760967217395,-5.624721697723878
1067000000.0,5.851701378403181,-5.661104770432532,6.865531087393508,-4.225878363644995,5.726824254499353,-5.621295933821863
1068000000.0,5.847976244480061,-5.657490199430372,6.850473716637272,-4.2042599178194555,5.72190754828147,-5.6186337135944155
1069000000.0,5.844259433445463,-5.653879057578257,6.840746974441742,-4.180846214607682,5.716837123922311,-5.615579820225327
1070000000.0,5.840550921922787,-5.650271344897394,6.8344985492251995,-4.163984712881013,5.712251469253914,-5.612241493079593
1071000000.0,5.836850686609979,-5.646667061378054,6.824247757987572,-4.138539723904528,5.70703522056875,-5.60923188068897
1072000000.0,5.833158704279279,-5.643066206979811,6.813679996177317,-4.120223096626025,5.702361105525009,-5.60622541709537
1073000000.0,5.829474951776985,-5.639468781631792,6.803481935325148,-4.094065662960692,5.697092642335296,-5.603211292413813
1074000000.0,5.825799406023191,-5.635874785232912,6.7915232716794565,-4.0735180571388545,5.692256391695178,-5.6003176101478
1075000000.0,5.822132044011566,-5.632284217652127,6.783616211811054,-4.050899431589779,5.687255803741517,-5.597118060674011
1076000000.0,5.81847284280909,-5.628697078728658,6.776273362210328,-4.0240745297612195,5.681933727283943,-5.593878747537209
1077000000.0,5.814821779555826,-5.625113368272247,6.768415194476293,-4.002528815401034,5.677021115390624,-5.5906688465565955
1078000000.0,5.811178831464671,-5.621533086063374,6.756089847950599,-3.9801671601519546,5.672051658474525,-5.587804127155707
1079000000.0,5.807543975821114,-5.617956231853507,6.748273484933458,-3.955636792255355,5.666912166898445,-5.584589729027262
1080000000.0,5.803917189983003,-5.614382805365326,6.7396961126470645,-3.927331794656216,5.661479982983787,-5.581430413933396
1081000000.0,5.800298451380295,-5.610812806292963,6.732190679214782,-3.9033988796714194,5.656390172544756,-5.578183130977563
1082000000.0,5.796687737514823,-5.607246234302217,6.719941644344674,-3.8801918426575237,5.65135538799282,-5.5753056687710565
1083000000.0,5.793085025960059,-5.603683089030799,6.715011160474699,-3.8496126436261657,5.645748182123477,-5.571840104235162
1084000000.0,5.789490294360872,-5.60012337008855,6.705259027468283,-3.8248010454491013,5.640589675481666,-5.568755931075291
1085000000.0,5.785903520433292,-5.596567077057665,6.697469872812849,-3.799446643932499,5.6353926745331275,-5.565511111258822
1086000000.0,5.782324681964277,-5.593014209492922,6.697792284054617,-3.7683849862913914,5.629766095193562,-5.561599121664336
1087000000.0,5.778753756811472,-5.589464766921903,6.683501866359918,-3.745922408847709,5.624783227593611,-5.558868196664705
1088000000.0,5.7751907229029795,-5.5859187488452084,6.677755092117661,-3.7196851350032087,5.619527462177013,-5.555439048965651
1089000000.0,5.7716355582371195,-5.5823761547366875,6.6717702723896295,-3.6863893625801563,5.613706458836042,-5.551990948979098
1090000000.0,5.7680882408822,-5.578836984043642,6.667998766321784,-3.6625244210101133,5.608655925670898,-5.548396271239361
1091000000.0,5.764548748976284,-5.575301236187056,6.659035472393418,-3.6330797648194797,5.603132438067484,-5.545184620470371
1092000000.0,5.761017060726956,-5.571768910561807,6.652208153797801,-3.6032492703554873,5.597588571799149,-5.541787920918012
1093000000.0,5.757493154411088,-5.568240006536868,6.648175944107526,-3.573470558995545,5.59206783630034,-5.538153024900544
1094000000.0,5.753977008374614,-5.564714523455537,6.645196657734641,-3.5468152424472814,5.586812836223786,-5.5344425048697055
1095000000.0,5.750468601032297,-5.561192460635634,6.640584349545905,-3.5197038728884786,5.581513972320846,-5.530852199515499
1096000000.0,5.7469679108674985,-5.557673817369719,6.635891234587286,-3.4882199354580266,5.575861220119598,-5.527222101190198
1097000000.0,5.74347491643195,-5.5541585929252895,6.63051458235105,-3.4565813350648913,5.570192139058256,-5.523631496399818
1098000000.0,5.739989596345529,-5.5506467865449975,6.624498573986461,-3.4248551502659548,5.564511314123251,-5.5200773103379115
1099000000.0,5.736511929296023,-5.54713839744685,6.620679002143434,-3.392740417646389,5.558822614171724,-5.516322771175745
1100000000.0,5.733041894038912,-5.543633424824407,6.620408832427941,-3.362028125700123,5.553293649378624,-5.512274484965001
1101000000.0,5.729579469397138,-5.540131867846992,6.618393027556853,-3.327815214294609,5.547464604234116,-5.508312280854153
1102000000.0,5.726124634260877,-5.53663372565989,6.616315648155723,-3.297126561614826,5.541932622785731,-5.504379422282579
1103000000.0,5.7226773675873215,-5.533138997384541,6.613892195355379,-3.2653406277766215,5.53631274613146,-5.500444603010151
1104000000.0,5.719237648400444,-5.529647682118747,6.614986149510262,-3.2286373329652847,5.530343451152981,-5.4961307608160235
1105000000.0,5.715805455790791,-5.526159778936861,6.615338919425011,-3.1969811401732557,5.524793006277153,-5.49192919057189
1106000000.0,5.7123807689152475,-5.522675286889989,6.612396026595452,-3.160881807094537,5.518833892388839,-5.487911617129506
1107000000.0,5.708963566996815,-5.519194205006177,6.616401742934567,-3.127280910241806,5.513205465935996,-5.4833360641518185
1108000000.0,5.7055538293243995,-5.51571653229061,6.617211214366864,-3.091677481825106,5.507373369411608,-5.478968653041813
1109000000.0,5.702151535252578,-5.512242267725796,6.620942910593446,-3.055112515436471,5.501530149696684,-5.4743174980325415
1110000000.0,5.698756664201392,-5.5087714102717635,6.625087990397726,-3.019795912254147,5.49581756785444,-5.4696310720537555
1111000000.0,5.6953691956561165,-5.5053039588662465,6.628255517218491,-2.986754816582861,5.490292708187277,-5.465048401777235
1112000000.0,5.69198910916705,-5.5018399124248685,6.633862494506598,-2.9487627029993346,5.48443180909235,-5.460140378992537
1113000000.0,5.68861638434929,-5.49837926984134,6.6391561947856506,-2.9148642743844255,5.478924177258312,-5.455321877327976
1114000000.0,5.68525100088252,-5.494922029987628,6.643484456900239,-2.876957456338992,5.473090099836418,-5.450469489417336
1115000000.0,5.68189293851079,-5.4914681917141515,6.654462987612726,-2.84393583905147,5.467837417843614,-5.4451663915502
1116000000.0,5.678542177042304,-5.488017753849957,6.660140076421376,-2.804803896301454,5.461990956986092,-5.44012554597621
1117000000.0,5.6751986963492005,-5.484570715202904,6.671274757406965,-2.7680355128709677,5.456504906232331,-5.434677405611249
1118000000.0,5.671862476367339,-5.481127074559841,6.681955730156546,-2.7308174851509435,5.45100781942924,-5.429233711017679
1119000000.0,5.6685334970960914,-5.477686830686792,6.689275840531297,-2.694514196248865,5.445527319451431,-5.424062789556273
1120000000.0,5.66521173859812,-5.474249982329117,6.703978892174143,-2.660949348100241,5.440506150823629,-5.418363853278778
1121000000.0,5.661897180999168,-5.470816528211712,6.712614325929411,-2.6238923503969365,5.435072385035962,-5.4130303118296785
1122000000.0,5.658589804487853,-5.4673864670391605,6.728252871379237,-2.584786484610814,5.429726003342296,-5.4070661043280515
1123000000.0,5.655289589315448,-5.463959797495925,6.7414943404351,-2.553505213729046,5.424960808999563,-5.401516322031535
1124000000.0,5.651996515795673,-5.460536518246509,6.755106932349674,-2.5142336968096073,5.419629195651221,-5.395676718691925
1125000000.0,5.648710564304489,-5.457116627935634,6.775150468584315,-2.477678023991207,5.414763387181347,-5.3894190357168
1126000000.0,5.64543171527988,-5.453700125188406,6.787708688134519,-2.4427503577603327,5.409822118952636,-5.383777986137801
1127000000.0,5.642159949221658,-5.450287008610488,6.803303695618446,-2.4053975401889303,5.404844083195085,-5.377815809528578
1128000000.0,5.638895246691238,-5.446877276788264,6.822380373704005,-2.369017320196179,5.40010919706838,-5.3716208184233745
1129000000.0,5.635637588311445,-5.443470928289012,6.843760959249185,-2.3362462952824528,5.395773523031483,-5.365385384394848
1130000000.0,5.632386954766298,-5.440067961661061,6.862615076379292,-2.300783747330848,5.3911996985009685,-5.359242165948463
1131000000.0,5.6291433268008095,-5.436668375433963,6.884797457139126,-2.265958630865154,5.386845525969437,-5.352885539166449
1132000000.0,5.625906685220778,-5.433272168118656,6.905319231646882,-2.2304982822703363,5.382436461784123,-5.346630259515953
1133000000.0,5.622677010892581,-5.429879338207618,6.930885043859924,-2.194714958266409,5.378250969479419,-5.3400161673691775
1134000000.0,5.619454284742977,-5.426489884175039,6.951247620816718,-2.167504706163409,5.374509551175081,-5.334109543933935
1135000000.0,5.616238487758892,-5.4231038044769715,6.975471550103029,-2.1339655888124223,5.370527089380903,-5.327705720192543
1136000000.0,5.613029600987229,-5.419721097551499,7.003417676567814,-2.1021623103643794,5.366860461132716,-5.321138401732279
1137000000.0,5.6098276055346545,-5.416341761818885,7.030580516331353,-2.070557859134871,5.363225623941998,-5.314656376952691
1138000000.0,5.606632482567404,-5.412965795681737,7.0548510670595554,-2.0406680814091076,5.3596327691463035,-5.308456730036686
1139000000.0,5.6034442133110804,-5.409593197525156,7.08264820651471,-2.008553019093751,5.356084688450164,-5.301960901047678
1140000000.0,5.60026277905045,-5.406223965716895,7.107040812390606,-1.9812876277125873,5.3527496188117825,-5.29590704580905
1141000000.0,5.5970881611292445,-5.402858098607511,7.137906514045637,-1.9502104731713987,5.3494839730178265,-5.289315854335797
1142000000.0,5.593920340949966,-5.399495594530517,7.166529865042346,-1.9239590643676383,5.346465432577856,-5.283097945852465
1143000000.0,5.5907592999736835,-5.396136451802539,7.19705160302365,-1.8974349777160664,5.343545432616088,-5.276786550917334
1144000000.0,5.587605019719835,-5.3927806687234545,7.224448803435495,-1.8719227077589276,5.340588925991638,-5.270738332939089
1145000000.0,5.584457481766034,-5.389428243576559,7.2577635143966015,-1.844624740521781,5.337810915764456,-5.264300155359004
1146000000.0,5.581316667747874,-5.386079174628695,7.291367570546671,-1.8209194604190782,5.335286612991032,-5.258038783442819
1147000000.0,5.578182559358726,-5.3827334601304155,7.322413784367236,-1.7979126538729773,5.332721252770177,-5.251992737601113
1148000000.0,5.575055138349551,-5.379391098316121,7.349018825338895,-1.774368831048094,5.329963551411961,-5.246206746187949
1149000000.0,5.5719343865286985,-5.376052087404206,7.380214950916186,-1.7516643673389212,5.327472653319735,-5.240234993586015
1150000000.0,5.568820285761719,-5.37271642559721,7.414109367700788,-1.7288915156501579,5.325116795885155,-5.234152492325416
1151000000.0,5.565712817971163,-5.369384111081954,7.44519839490912,-1.7128783817385684,5.323021979036044,-5.22854573310747
1152000000.0,5.5626119651364,-5.366055142029679,7.474560672920203,-1.6908227862631595,5.320551952105236,-5.222808536913234
1153000000.0,5.559517709293415,-5.3627295165962,7.5047137804608655,-1.671295087739357,5.3182660296682345,-5.217170660736911
1154000000.0,5.556430032534621,-5.359407232922037,7.53304961877026,-1.6529005414840057,5.315977347735095,-5.211705869062844
1155000000.0,5.553348917008671,-5.356088289132557,7.565214575638802,-1.6332232275554053,5.313800920194415,-5.206027517282342
1156000000.0,5.550274344920265,-5.352772683338109,7.592711839906466,-1.615067846807983,5.311518741988568,-5.2006774081276985
1157000000.0,5.54720629852996,-5.34946041363417,7.620004322201769,-1.5944619956011934,5.309123852790034,-5.195263258828343
1158000000.0,5.5441447601539835,-5.346151478101474,7.650573562457128,-1.5712807487281688,5.306761057511177,-5.189614516177111
1159000000.0,5.541089712164043,-5.342845874806147,7.679772261026869,-1.5495911960213549,5.3044306588864965,-5.18412562977256
1160000000.0,5.538041136987138,-5.339543601799849,7.713752670403089,-1.5292364230387738,5.302378351317052,-5.178504054611625
1161000000.0,5.534999017105376,-5.336244657119899,7.746358222934486,-1.508024253642168,5.300244327182166,-5.172946622904177
1162000000.0,5.531963335055783,-5.332949038789418,7.776695549053971,-1.4920161071550733,5.298262700328594,-5.167740615341964
1163000000.0,5.528934073430119,-5.329656744817448,7.812185553123466,-1.464353999548375,5.295992637214594,-5.161859620315715
1164000000.0,5.525911214874692,-5.326367773199093,7.848392263364033,-1.4439247382074578,5.294085308220036,-5.156286185436328
1165000000.0,5.522894742090175,-5.323082121915648,7.885000344606107,-1.4312833227688486,5.292533686396321,-5.151053325450727
1166000000.0,5.519884637831418,-5.319799788934721,7.92303593534076,-1.4081154278035297,5.290604007006819,-5.14537036194761
1167000000.0,5.5168808849072715,-5.316520772210375,7.961353864474229,-1.3913943933050474,5.288961557739069,-5.139978511528453
1168000000.0,5.513883466180395,-5.313245069683237,8.002427790064178,-1.3735112515251602,5.287387150454902,-5.134469406793226
1169000000.0,5.510892364567081,-5.309972679280639,8.042300158973838,-1.3551704351010785,5.285750902913416,-5.129032357555417
1170000000.0,5.507907563037074,-5.306703598916742,8.085005475822905,-1.340054931052199,5.284355358442498,-5.123654836091842
1171000000.0,5.504929044613384,-5.303437826492651,8.126072374477424,-1.3259576369761361,5.282932521557836,-5.118421469459096
1172000000.0,5.501956792372111,-5.300175359896552,8.172915929037652,-1.3116964635533381,5.281725493673665,-5.113006372239813
1173000000.0,5.498990789442262,-5.2969161970038225,8.21602108942792,-1.2971108918124372,5.280357106811581,-5.107760872403049
1174000000.0,5.496031019005576,-5.293660335677167,8.262062748768802,-1.285820299487881,5.279215146579595,-5.10257618909782
1175000000.0,5.493077464296338,-5.290407773766724,8.306691457101333,-1.2737198502553004,5.277982092780905,-5.097451691232967
1176000000.0,5.49013010860121,-5.287158509110197,8.352179018672118,-1.2620405787926183,5.276788201674064,-5.0923523945037585
1177000000.0,5.487188935259049,-5.283912539532973,8.405928339120793,-1.2535637035830125,5.2759984833598095,-5.0871304114620575
1178000000.0,5.484253927660724,-5.280669862848234,8.450824127874853,-1.2435448552618045,5.274816314065959,-5.0821924659505795
1179000000.0,5.481325069248955,-5.277430476857087,8.507097528136933,-1.241787938377303,5.274303160284039,-5.0772150739857675
1180000000.0,5.478402343518122,-5.274194379348665,8.555455136012698,-1.2352857232224552,5.273328389612405,-5.072364368181623
1181000000.0,5.4754857340141,-5.270961568100263,8.609502519430345,-1.231865944449779,5.2726338217709925,-5.067476885484653
1182000000.0,5.472575224334077,-5.267732040877433,8.664630360088632,-1.2332248851693433,5.272100586320751,-5.062757995095671
1183000000.0,5.469670798126387,-5.264505795434117,8.723892921068153,-1.2368602765721703,5.271746998379903,-5.058023070593905
1184000000.0,5.466772439090333,-5.2612828295127505,8.778376899347078,-1.2397375048783994,5.27117606683335,-5.053440775870732
1185000000.0,5.463880130976013,-5.258063140844375,8.83569391810089,-1.2446857494212518,5.270730148784474,-5.0488722082320825
1186000000.0,5.460993857584153,-5.254846727148759,8.89005164723152,-1.2571714944455126,5.270375765310876,-5.044661958229817
1187000000.0,5.458113602765929,-5.251633586134496,8.946450759443206,-1.270269141826709,5.270068121159147,-5.040430627691499
1188000000.0,5.455239350422799,-5.248423715499133,8.999752014919087,-1.2846519435499126,5.2696638330420935,-5.036346364731201
1189000000.0,5.452371084506335,-5.245217112929262,9.05294444529317,-1.2971242469268793,5.269168730590182,-5.032222209709827
1190000000.0,5.449508789018048,-5.242013776100644,9.101249882616,-1.3198036861582958,5.268779676841384,-5.028556625302263
1191000000.0,5.446652448009225,-5.23881370267831,9.154182388320681,-1.3372227837327966,5.268349765586693,-5.0246121873158645
1192000000.0,5.443802045580751,-5.235616890316667,9.204407792444975,-1.35920751522977,5.2679332569309825,-5.020884945124039
1193000000.0,5.440957565882953,-5.232423336659613,9.25371052110301,-1.3842902111553839,5.267542432979619,-5.01727574215178
1194000000.0,5.438118993115421,-5.229233039340635,9.308538677681355,-1.403236400960412,5.267108885674104,-5.01335000120264
1195000000.0,5.435286311526849,-5.226045995982921,9.3542446385279,-1.433977319554315,5.266705802154615,-5.009998957516951
1196000000.0,5.432459505414863,-5.22286220419946,9.395630299096936,-1.461970483570762,5.266085611278079,-5.006683541401984
1197000000.0,5.42963855912586,-5.219681661593147,9.443628042722983,-1.4936117000594802,5.265711386270465,-5.0032871818935245
1198000000.0,5.426823457054839,-5.216504365756889,9.491067983641962,-1.525013752183961,5.265285835966615,-4.999894984921216
1199000000.0,5.424014183645236,-5.213330314273705,9.538799274771117,-1.559219915621116,5.264910571483153,-4.996562172203262
1200000000.0,5.421210723388764,-5.210159504716825,9.58102990357277,-1.5957562481480596,5.264429137097212,-4.993422181022095
1201000000.0,5.418413060825245,-5.2069919346498015,9.618365259427824,-1.632785532521092,5.263816812465941,-4.990409861234771
1202000000.0,5.415621180542449,-5.203827601626597,9.662019342791929,-1.6695746932989552,5.263328138082161,-4.987220016428703
1203000000.0,5.412835067175931,-5.200666503191693,9.698636419119977,-1.7117709427950554,5.26278722441129,-4.984325841108074
1204000000.0,5.410054705408868,-5.197508636880184,9.735401731104986,-1.7515705501678382,5.262168973369112,-4.981358640478173
1205000000.0,5.407280079971899,-5.19435400021788,9.769960753867188,-1.7938828785848924,5.261545204399947,-4.978491211563759
1206000000.0,5.404511175642964,-5.191202590721398,9.801632350143239,-1.8391997631712376,5.260915962919567,-4.975747988657134
1207000000.0,5.401747977247143,-5.188054405898267,9.83636452196712,-1.8868680523181727,5.260395558794059,-4.972961528842874
1208000000.0,5.398990469656496,-5.184909443247015,9.864646516484022,-1.9300761921895409,5.259609664006413,-4.9702252960148705
1209000000.0,5.396238637789906,-5.181767700257275,9.89343395423959,-1.9809666733479752,5.2590137717099585,-4.967619822646747
1210000000.0,5.393492466612915,-5.1786291744098705,9.914972662967502,-2.027566122729309,5.258151449166556,-4.965089037093807
1211000000.0,5.390751941137572,-5.175493863176915,9.940825525720438,-2.08119021152235,5.257542176699935,-4.962571913588459
1212000000.0,5.388017046422274,-5.172361764021905,9.96158653658421,-2.1297603423766147,5.256697317631959,-4.96006288290643
1213000000.0,5.385287767571602,-5.1692328743998095,9.973536565830404,-2.1804282822591885,5.255731725536126,-4.95779627583772
1214000000.0,5.382564089736175,-5.1661071917571695,9.995613815222443,-2.232336405042226,5.254983556182483,-4.955280330692058
1215000000.0,5.379845998112489,-5.16298471353218,10.005912084232651,-2.286030414238268,5.25405898601864,-4.953072064479585
1216000000.0,5.377133477942758,-5.15986543715479,10.020736085053853,-2.33295708555675,5.253044981925864,-4.950610505170482
1217000000.0,5.3744265145147665,-5.156749360046787,10.030865980575781,-2.3846120814053613,5.25206487437045,-4.948333457754643
1218000000.0,5.371725093161707,-5.153636479621887,10.038840183483948,-2.435579407826607,5.251030824839538,-4.946080778863152
1219000000.0,5.369029199262035,-5.150526793285832,10.043763534526036,-2.486834341792002,5.249954537970321,-4.943892376106856
1220000000.0,5.3663388182393055,-5.1474202984364625,10.054248064745256,-2.5352854158873543,5.248900764727529,-4.941501047852094
1221000000.0,5.36365393556203,-5.14431699246382,10.049092470582558,-2.583023245144335,5.2475789817450265,-4.939478083192212
1222000000.0,5.360974536743518,-5.141216872750228,10.058452154787009,-2.6382275837820033,5.246681187270974,-4.9371901069128095
1223000000.0,5.358300607341725,-5.138119936670376,10.057841619897893,-2.6877819479444147,5.245487866829554,-4.93504931180088
1224000000.0,5.355632132959109,-5.135026181591412,10.055539678165704,-2.7343264510562473,5.244198265404031,-4.932891730721692
1225000000.0,5.352969099242465,-5.131935604873022,10.0507528278405,-2.7826689946861647,5.2429242074039655,-4.930810886137023
1226000000.0,5.350311491882794,-5.12884820386752,10.053427482973241,-2.83540814380954,5.241876308495328,-4.928588354135473
1227000000.0,5.347659296615133,-5.125763975919928,10.045584269571334,-2.881909201245968,5.240525131564344,-4.926530989930517
1228000000.0,5.345012499218424,-5.122682918368056,10.035050936896377,-2.9340258107900716,5.239290184239772,-4.92460716630343
1229000000.0,5.34237108551535,-5.1196050285425985,10.0273457811102,-2.9784648327244447,5.2379057606672585,-4.9224930853367885
1230000000.0,5.339735041372201,-5.116530303767201,10.020552903589413,-3.0223709005025006,5.2365272069885265,-4.920337520110323
1231000000.0,5.337104352698714,-5.113458741358553,10.005026362449064,-3.071681311093321,5.2351843569991265,-4.918466289243193
1232000000.0,5.334479005447932,-5.110390338626461,9.996514696489522,-3.117697924357586,5.2338557405651045,-4.916358926561696
1233000000.0,5.3318589856160585,-5.107325092873939,9.982957864527163,-3.1615677801854147,5.232417650896878,-4.914345075500272
1234000000.0,5.329244279242309,-5.1042630013972765,9.966056011697026,-3.2088185254130104,5.2310384814225,-4.9124488161074975
1235000000.0,5.326634872408764,-5.101204061486128,9.953087020403798,-3.254752292505526,5.229682688226161,-4.9104225525221485
1236000000.0,5.324030751240226,-5.098148270423587,9.930538378026618,-3.296302443424463,5.228113029148636,-4.908587630635737
1237000000.0,5.3214319019040754,-5.095095625486263,9.912196829765485,-3.3386408991654744,5.226624735264615,-4.906642665135822
1238000000.0,5.318838310610126,-5.092046123944368,9.894954277566749,-3.382388357671145,5.225197495151735,-4.904674867606918
1239000000.0,5.3162499636104785,-5.08899976306178,9.871733377783018,-3.4175372815111777,5.223489796487746,-4.902766129375511
1240000000.0,5.313666847199383,-5.085956540096133,9.851987895844205,-3.4574972617285726,5.221959118848308,-4.900809390546194
1241000000.0,5.31108894771309,-5.082916452298882,9.821426371706606,-3.5002998427193166,5.220408420052446,-4.8991638625405685
1242000000.0,5.3085162515297135,-5.079879496915389,9.80311695988581,-3.5388292154628966,5.218879577821073,-4.897139181532568
1243000000.0,5.305948745069086,-5.076845671184986,9.773031902216546,-3.5767303108786392,5.2172326514131955,-4.895419854040175
1244000000.0,5.303386414792619,-5.073814972341063,9.747629856244059,-3.6119865939748173,5.21557326517745,-4.893543850573448
1245000000.0,5.300829247203162,-5.070787397611132,9.721211252634891,-3.6459320237693666,5.21388219344961,-4.891679038603401
1246000000.0,5.298277228844864,-5.067762944216904,9.692747986033833,-3.6860861162710363,5.21235697964598,-4.889920591128306
1247000000.0,5.29573034630303,-5.064741609374363,9.662694425674571,-3.7121414357877764,5.210445409646004,-4.888079205538292
1248000000.0,5.293188586203981,-5.061723390293834,9.630410793896797,-3.7454634354743432,5.208729633579811,-4.886360014479128
1249000000.0,5.290651935214925,-5.05870828418006,9.603752665718602,-3.7780724699550383,5.207055330946022,-4.884475703224003
1250000000.0,5.288120380043808,-5.055696288232271,9.575535323677258,-3.8056187739740643,5.2052404758812205,-4.88259124448837
1251000000.0,5.28559390743918,-5.052687399644255,9.540894704688549,-3.831482464163919,5.203341855815444,-4.880872651970192
1252000000.0,5.283072504190061,-5.049681615604429,9.509964324244484,-3.862241323798328,5.201623841863529,-4.879086550857299
1253000000.0,5.280556157125797,-5.046678933295905,9.47757129238495,-3.886779427999733,5.199733598859847,-4.877294495596923
1254000000.0,5.278044853115931,-5.043679349896567,9.444450000943803,-3.9130623338486035,5.197901560527556,-4.8755358400720805
1255000000.0,5.275538579070061,-5.040682862579132,9.411459478346238,-3.9352560338456546,5.19596782402559,-4.873745336087191
1256000000.0,5.273037321937711,-5.037689468511221,9.37411280780035,-3.9593997081929495,5.194074610894136,-4.872094349691566
1257000000.0,5.270541068708193,-5.034699164855434,9.345053525894977,-3.979405147629966,5.192130649141634,-4.870178782688072
1258000000.0,5.268049806410468,-5.031711948769402,9.309391287070534,-3.9943493667012566,5.190009669216525,-4.868424067298491
1259000000.0,5.2655635221130215,-5.028727817405868,9.274387288496273,-4.017086870214336,5.188132586230664,-4.866702060190257
1260000000.0,5.263082202923722,-5.025746767912748,9.241619713618714,-4.035183686976507,5.186146942621028,-4.8648883168402755
1261000000.0,5.260605835989692,-5.022768797433194,9.208812657630844,-4.050686033727947,5.184096914790866,-4.8630631497752645
1262000000.0,5.258134408497174,-5.019793903105665,9.178790503609513,-4.065119429546657,5.1820424556256315,-4.861152672976517
1263000000.0,5.2556679076714,-5.016822082063988,9.140089957559349,-4.080689080655387,5.179985283221995,-4.859509264738072
1264000000.0,5.2532063207764566,-5.013853331437425,9.106870635309303,-4.093483698873629,5.177887626074271,-4.857692026937188
1265000000.0,5.250749635115157,-5.010887648350733,9.073154582548616,-4.10780840869008,5.17584465500181,-4.855901492347147
1266000000.0,5.24829783802891,-5.0079250299242375,9.039521638109,-4.118229200825122,5.173695975607628,-4.854092729241283
1267000000.0,5.245850916897589,-5.004965473273877,9.007040097049131,-4.1269675706918445,5.171512475740828,-4.852245612638814
1268000000.0,5.2434088591394,-5.002008975511286,8.973959605680163,-4.13457273831251,5.169301551394084,-4.850416286523877
1269000000.0,5.2409716522107574,-4.999055533743847,8.940372732560547,-4.1456191334106975,5.167203746726834,-4.848623452751649
1270000000.0,5.238539283606151,-4.996105145074748,8.907076044706852,-4.153605123834068,5.165023959989759,-4.8468126676723315
1271000000.0,5.236111740858019,-4.993157806603058,8.877134532744595,-4.158287364113011,5.162766330078118,-4.844889008529014
1272000000.0,5.233689011536619,-4.990213515423772,8.842219474611209,-4.1628891374544885,5.160493774715334,-4.843124888127138
1273000000.0,5.231271083249901,-4.98727226862788,8.808197666314522,-4.16860588972838,5.1582693184865835,-4.841343948564326
1274000000.0,5.228857943643383,-4.984334063302427,8.775880138448583,-4.170516548291431,5.1559415386391985,-4.839500426669216
1275000000.0,5.226449580400019,-4.9813988965305676,8.74670467942844,-4.177361175547525,5.153790050033764,-4.837582851924571
1276000000.0,5.22404598124008,-4.978466765391634,8.71427091863521,-4.180914468034752,5.151530938262544,-4.835760881494007
1277000000.0,5.221647133921018,-4.975537666961182,8.686572733848907,-4.181355876954164,5.149198426702512,-4.833782587080155
1278000000.0,5.219253026237352,-4.972611598311063,8.654838090022933,-4.183270835510601,5.1469058915713575,-4.831944206733491
1279000000.0,5.216863646020536,-4.969688556509468,8.62260408833218,-4.1839970296297855,5.1445815617585495,-4.830124113162907
1280000000.0,5.214478981138836,-4.9667685386209985,8.591937235136228,-4.187087006548215,5.142347017470997,-4.82826775948229
1281000000.0,5.212099019497205,-4.963851541706712,8.560643088760209,-4.186954001889811,5.140013992825593,-4.826427189227825
1282000000.0,5.209723749037166,-4.960937562824187,8.530736082549536,-4.18490768561276,5.137630277221398,-4.824541819581406
1283000000.0,5.207353157736679,-4.958026599027572,8.503629639973973,-4.1860401748737015,5.135366365895575,-4.82258054595013
1284000000.0,5.204987233610025,-4.955118647367645,8.4755303222316,-4.182734763065518,5.132960253773222,-4.82064402905026
1285000000.0,5.202625964707682,-4.952213704891874,8.446860704786104,-4.178410958047992,5.1305248122984235,-4.818729625710687
1286000000.0,5.200269339116201,-4.949311768644459,8.416010371734089,-4.175559048641833,5.128138164482881,-4.816898646817232
1287000000.0,5.197917344958091,-4.946412835666398,8.389697141310831,-4.1724518633348415,5.125762187807243,-4.81492192768776
1288000000.0,5.195569970391689,-4.943516902995535,8.363203718273953,-4.166709736027038,5.123303013451765,-4.812949818764408
1289000000.0,5.1932272036110465,-4.9406239676666175,8.337799227053596,-4.166362322253017,5.121034341581346,-4.810961225432685
1290000000.0,5.190889032845808,-4.937734026711347,8.308875171479318,-4.1594624296195715,5.118540812826735,-4.809080415059916
1291000000.0,5.188555446361087,-4.934847077158431,8.283759494647809,-4.149802599132406,5.115967795236051,-4.807069592243272
1292000000.0,5.186226432457354,-4.931963116033642,8.260811003142132,-4.143549706007863,5.113520964074031,-4.804999073645492
1293000000.0,5.183901979470312,-4.929082140359858,8.234973965696497,-4.136860333689671,5.1110566961798325,-4.803032095683778
1294000000.0,5.181582075770778,-4.926204147157127,8.208988547470204,-4.135444506962342,5.108779356859369,-4.8010890909155455
1295000000.0,5.179266709764569,-4.92332913344271,8.19022099691247,-4.1265930502498795,5.106267351386696,-4.798883555954477
1296000000.0,5.176955869892383,-4.920457096231133,8.165162548579524,-4.11965288683016,5.103810954649195,-4.796905995390042
1297000000.0,5.1746495446296805,-4.917588032534245,8.144544356073245,-4.111834719985756,5.101338823981499,-4.794776955819221
1298000000.0,5.172347722486566,-4.914721939361255,8.119506188060676,-4.105520582174764,5.098913571700367,-4.792811402197287
1299000000.0,5.170050392007676,-4.91185881371879,8.09843743195361,-4.102504288947539,5.096618416284094,-4.790719098961056
1300000000.0,5.16775754177206,-4.908998652610949,8.08052598892982,-4.0901237999799465,5.0940042663063485,-4.788499007434655
1301000000.0,5.165469160393068,-4.906141453039342,8.057737243667367,-4.083173025644559,5.091575064480661,-4.786468431619968
1302000000.0,5.163185236518229,-4.903287212003143,8.036378183191674,-4.076155856665381,5.0891511067540005,-4.784392113395622
1303000000.0,5.160905758829146,-4.900435926499143,8.014455055369615,-4.0714005424263195,5.08681131255752,-4.782345843461159
1304000000.0,5.158630716041373,-4.897587593521789,7.996041021887056,-4.060450497287185,5.084261338308823,-4.780165462142927
1305000000.0,5.156360096904305,-4.894742210063239,7.977211795390134,-4.054035913247652,5.08187724974821,-4.778014054555357
1306000000.0,5.1540938902010645,-4.891899773113406,7.9633491026889445,-4.043206449591383,5.079348375475262,-4.77567821392412
1307000000.0,5.151832084748387,-4.889060279660006,7.942939121813735,-4.03581580224433,5.076933608593613,-4.77359043087435
1308000000.0,5.149574669396507,-4.886223726688604,7.925355975814833,-4.0273952402834166,5.074491437216661,-4.771402488998328
1309000000.0,5.147321633029055,-4.883390111182661,7.906503218210988,-4.017168195892162,5.071984454660463,-4.7692613361587375
1310000000.0,5.145072964562929,-4.8805594301235775,7.892626814131558,-4.008572525367003,5.069551061597988,-4.766945896591188
1311000000.0,5.1428286529482,-4.8777316804907445,7.8717631750483035,-3.999903309273304,5.067104004660242,-4.764890381793084
1312000000.0,5.140588687167988,-4.874906859261582,7.8586916545045415,-3.9910836393305833,5.0646714597871645,-4.762552413949814
1313000000.0,5.138353056238358,-4.872084963411587,7.842364805827335,-3.983154784548332,5.062268641288455,-4.7603398982685965
1314000000.0,5.136121749208212,-4.869265989914381,7.829280990728256,-3.970154514325975,5.059688653756607,-4.758000497899291
1315000000.0,5.133894755159169,-4.866449935741748,7.812566449579167,-3.9640710196674935,5.05736061959014,-4.755813983295922
1316000000.0,5.131672063205467,-4.863636797863687,7.796284041999076,-3.951229397845048,5.054785903057711,-4.7536010245712195
1317000000.0,5.129453662493844,-4.860826573248442,7.786126418768136,-3.940387279303127,5.05230197056438,-4.7511674538684625
1318000000.0,5.127239542203437,-4.85801925886256,7.771991700231055,-3.9311221600737682,5.0498716525763765,-4.748889037257462
1319000000.0,5.125029691545669,-4.855214851670926,7.757945378687057,-3.9229402475031225,5.047485661951267,-4.746613275306207
1320000000.0,5.122824099764144,-4.852413348636805,7.749084218885789,-3.916505579525869,5.0451805394156555,-4.74415006703645
1321000000.0,5.1206227561345345,-4.849614746721886,7.736141936159293,-3.9006093068305048,5.042514012626595,-4.741821932631108
1322000000.0,5.118425649964481,-4.846819042886327,7.724928892233514,-3.889175282947023,5.040022259678445,-4.739441747903664
1323000000.0,5.11623277059348,-4.844026234088794,7.713385535042104,-3.8837970352115923,5.037761972427366,-4.73709129813955
1324000000.0,5.114044107392777,-4.841236317286496,7.699055211244055,-3.8713901825553565,5.0352327819200084,-4.734833137939104
1325000000.0,5.111859649765267,-4.838449289435241,7.690306207303446,-3.8647803724688767,5.032940009016524,-4.732380258253892
1326000000.0,5.109679387145381,-4.835665147489457,7.676312557841881,-3.853272088380438,5.030452134026578,-4.730117978947706
1327000000.0,5.107503308998986,-4.832883888402252,7.672884307015855,-3.844922195622869,5.028113601416761,-4.727464121194303
1328000000.0,5.105331404823275,-4.830105509125441,7.659469524192009,-3.833546743396266,5.025638735075821,-4.725185952960614
1329000000.0,5.103163664146667,-4.827330006609587,7.654309318345726,-3.82369478582304,5.0232461194913745,-4.722599407878169
1330000000.0,5.101000076528703,-4.8245573778040525,7.640860812246078,-3.813855473894195,5.020836289635059,-4.720332400502545
1331000000.0,5.098840631559938,-4.821787619657019,7.636646697875186,-3.807216778965951,5.01857647839242,-4.717723157389621
1332000000.0,5.09668531886184,-4.819020729115541,7.629798263769733,-3.7990529871572702,5.016255259773115,-4.715213495784451
1333000000.0,5.0945341280866865,-4.816256703125582,7.6240486351868935,-3.7893610521821652,5.013882156321506,-4.712660279862152
1334000000.0,5.0923870489174625,-4.813495538632045,7.612294583538093,-3.7852115535768416,5.011709278564955,-4.710355086074388
1335000000.0,5.090244071067756,-4.810737232578819,7.6073060791483575,-3.773873709556706,5.009282332809818,-4.707773546123166
1336000000.0,5.088105184281661,-4.807981781908812,7.599807511649793,-3.7655108831701187,5.006966528507825,-4.705299115682697
1337000000.0,5.085970378333667,-4.805229183563995,7.593885232676395,-3.7552623410602095,5.004586228564116,-4.7027613827649954
1338000000.0,5.083839643028567,-4.802479434485428,7.586760580293679,-3.7495551122916457,5.002381080882859,-4.700285428474156
1339000000.0,5.081712968201351,-4.799732531613307,7.5813259606229675,-3.740289363586582,5.000047445543544,-4.6977369008503675
1340000000.0,5.079590343717105,-4.796988471886991,7.577416923380213,-3.735984466175797,4.9979132275671985,-4.6951465770159055
1341000000.0,5.0774717594709164,-4.79424725224505,7.571562892374871,-3.728665993863896,4.995661067984893,-4.692625167968963
1342000000.0,5.075357205387768,-4.791508869625292,7.5653974887128035,-3.720931926962692,4.993395715245614,-4.690117206003295
1343000000.0,5.0732466714224405,-4.788773320964802,7.560481204347184,-3.7173302104648043,4.991297218640905,-4.687576021759358
1344000000.0,5.071140147559413,-4.786040603199974,7.555244897398878,-3.711497130452619,4.989115529055866,-4.685043305136148
1345000000.0,5.069037623812768,-4.783310713266551,7.546456569451271,-3.7035159082325073,4.986844051195538,-4.682643968528559
1346000000.0,5.066939090226088,-4.780583648099659,7.541186705931764,-3.696718032713855,4.984632486473498,-4.680115044111503
1347000000.0,5.064844536872355,-4.777859404633839,7.53191261892088,-3.6940558277557103,4.982572405236661,-4.677756117924708
1348000000.0,5.062753953853862,-4.7751379798030795,7.5281545137821135,-3.690305835121689,4.980490691568625,-4.675183433319727
1349000000.0,5.060667331302112,-4.7724193705408595,7.522749165380602,-3.683848633245176,4.97830313107801,-4.672669001454068
1350000000.0,5.058584659377711,-4.769703573780172,7.518710552334951,-3.6805740856901106,4.976246506675683,-4.670114084851406
1351000000.0,5.0565059282702896,-4.7669905864535655,7.510801327757354,-3.674240439202569,4.974063603742509,-4.667702286071628
1352000000.0,5.054431128198388,-4.764280405493169,7.5082436952315,-3.6699041695735333,4.9719779500620644,-4.665092312453471
1353000000.0,5.0523602494093725,-4.761573027830736,7.500796292625331,-3.663230356349478,4.969790667813551,-4.662667027338529
1354000000.0,5.050293282179336,-4.758868450397665,7.496201601808529,-3.6620043090315133,4.967826590368495,-4.660150797687138
1355000000.0,5.048230216813,-4.756166670125042,7.490551722012606,-3.6570272866476894,4.965717879466717,-4.657666644320436
1356000000.0,5.046171043643626,-4.753467683943668,7.479096460802904,-3.651950866989494,4.963591280753003,-4.655409743903995
1357000000.0,5.044115753032914,-4.750771488784089,7.476811924608953,-3.6513417383533184,4.96166932958273,-4.652813951349311
1358000000.0,5.04206433537091,-4.748078081576634,7.470878078787895,-3.6503409708027688,4.959724787910359,-4.6503609556742935
1359000000.0,5.040016781075914,-4.745387459251442,7.467089487129086,-3.6452678449101263,4.957632691469217,-4.647815396684573
1360000000.0,5.037973080594387,-4.742699618738495,7.4542124826558895,-3.6465978721842034,4.95576529756752,-4.645643578678257
1361000000.0,5.035933224400854,-4.740014556967644,7.449850827215301,-3.6416228553230785,4.953682503398101,-4.643125949504244
1362000000.0,5.033897202997812,-4.73733227086865,7.443624158149137,-3.6390334260622774,4.951690376401372,-4.640690305742192
1363000000.0,5.031865006915639,-4.734652757371203,7.435526304407653,-3.6374631166612437,4.949736036472959,-4.6383328664426635
1364000000.0,5.029836626712503,-4.731976013404962,7.428763912271808,-3.6338017120225268,4.947708148410782,-4.635920302436293
1365000000.0,5.027812052974264,-4.729302035899578,7.422726370285699,-3.6334278016603627,4.945813570161737,-4.633491689915175
1366000000.0,5.025791276314388,-4.72663082178473,7.412576112053212,-3.6371104403003987,4.944068716825455,-4.631236477878636
1367000000.0,5.023774287373853,-4.7239623679901435,7.40647029081203,-3.633003724277067,4.942036429770989,-4.628805307672177
1368000000.0,5.02176107682106,-4.721296671445638,7.397503817872437,-3.6297399347441006,4.940032712651244,-4.626490314064319
1369000000.0,5.019751635351739,-4.718633729081136,7.383920552857223,-3.6291796813502186,4.938125641490231,-4.6243651014952345
1370000000.0,5.01774595368886,-4.715973537826707,7.377094298966178,-3.6276063138220698,4.936201008779298,-4.621976883214101
1371000000.0,5.015744022582546,-4.713316094612588,7.3671477629534525,-3.6234963283608774,4.934173044634782,-4.619706395063304
1372000000.0,5.01374583280998,-4.7106613963692165,7.362927367965116,-3.625463680212431,4.932400522451788,-4.617230942963476
1373000000.0,5.011751375175313,-4.7080094400272525,7.347004417051993,-3.620724649363844,4.930340461122345,-4.6151978321598826
1374000000.0,5.009760640509581,-4.705360222517615,7.341418307443985,-3.6184205607727162,4.928405164493343,-4.612769985892049
1375000000.0,5.007773619670613,-4.702713740771503,7.327489035542832,-3.618796631944814,4.926558005344616,-4.610677823151422
1376000000.0,5.00579030354294,-4.700069991720424,7.323155572124927,-3.6147087639397535,4.924563088890421,-4.608201882230058
1377000000.0,5.003810683037715,-4.697428972296225,7.304265307436626,-3.612012583292485,4.92259174198443,-4.606303059430608
1378000000.0,5.001834749092612,-4.694790679431117,7.296658719857017,-3.611589121879246,4.920740268003872,-4.603969561258718
1379000000.0,4.999862492671752,-4.692155110057698,7.287421106410454,-3.606556277524468,4.918707390418848,-4.601692365056694
1380000000.0,4.997893904765608,-4.689522261108987,7.2732564989372275,-3.6045577799307034,4.9167865687901635,-4.5996192174668575
1381000000.0,4.9959289763909185,-4.686892129518446,7.262394323313637,-3.6022246276058127,4.914863897492364,-4.597418174521475
1382000000.0,4.993967698590605,-4.684264712220006,7.253354865209667,-3.599547040632198,4.912935325734073,-4.5951472194126275
1383000000.0,4.992010062433681,-4.681640006148096,7.2405923009457975,-3.594587159127343,4.910912066901938,-4.593021712141728
1384000000.0,4.990056059015167,-4.679018008237666,7.2292848281702575,-3.588734598582552,4.908859965876132,-4.590839904383427
1385000000.0,4.988105679456008,-4.6763987154242095,7.21898553255557,-3.5870914423693483,4.906980782624247,-4.5886299766410215
1386000000.0,4.986158914902984,-4.673782124643802,7.207495990812865,-3.5820770350105455,4.9049687020041635,-4.586463400297605
1387000000.0,4.984215756528627,-4.6711682328331054,7.19568375524395,-3.574256442375334,4.9028473709410525,-4.5843071422763675
1388000000.0,4.982276195531137,-4.668557036929413,7.182526938923613,-3.573493647375167,4.90100874504656,-4.582222333843994
1389000000.0,4.980340223134295,-4.665948533870661,7.16996803162868,-3.5685104993860652,4.899006310540205,-4.580108403683794
1390000000.0,4.978407830587379,-4.663342720595459,7.160936788965217,-3.562318720589259,4.8969657317352056,-4.577853752783527
1391000000.0,4.976479009165086,-4.660739594043114,7.1480948092798275,-3.554753845625886,4.894865582651209,-4.575752606452334
1392000000.0,4.974553750167438,-4.6581391511536525,7.135654605861302,-3.552880153986298,4.892998846601394,-4.573649859233471
1393000000.0,4.972632044919707,-4.655541388867846,7.117622418069009,-3.547548069526989,4.890985702876589,-4.571769952850575
1394000000.0,4.97071388477233,-4.652946304127231,7.104148826526901,-3.543049900828817,4.889018564047625,-4.569711181644214
1395000000.0,4.968799261100823,-4.65035389387414,7.095246520897135,-3.533150391482179,4.886843778168451,-4.567460013702445
1396000000.0,4.966888165305707,-4.647764155051718,7.078977619144757,-3.528544755596269,4.884873561298278,-4.56552185631853
1397000000.0,4.964980588812412,-4.645177084603951,7.068824254831531,-3.5238430521590782,4.882914287439551,-4.563337652984189
1398000000.0,4.963076523071209,-4.6425926794756815,7.055113896432618,-3.5178230057883297,4.880897949614148,-4.56129973368149
1399000000.0,4.961175959557119,-4.640010936612639,7.040754904659814,-3.5128840298934385,4.8789281188717,-4.559294091599648
1400000000.0,4.95927888976984,-4.63743185296146,7.025673513757652,-3.501043687904168,4.876676040136604,-4.5573097469449495
1401000000.0,4.957385305233658,-4.634855425469708,7.011275195287052,-3.497153259018946,4.874755763726331,-4.555315515003177
1402000000.0,4.95549519749737,-4.632281651085899,6.9968630754088945,-3.4870164722825363,4.872580108745352,-4.553314616775276
1403000000.0,4.953608558134205,-4.629710526759521,6.9796488372187095,-3.481990327336757,4.870614426430032,-4.551443401201064
1404000000.0,4.951725378741741,-4.627142049441058,6.969351015108932,-3.4719829388128343,4.868456426426774,-4.549279223499739
1405000000.0,4.949845650941826,-4.624576216082009,6.955315843474714,-3.4637487186316975,4.86636829261848,-4.5472776192757385
1406000000.0,4.947969366380499,-4.6220130236349135,6.939796552324122,-3.4560289263042505,4.8643017470338545,-4.5453431635510375
1407000000.0,4.946096516727913,-4.6194524690533685,6.92387201409729,-3.4481847645927544,4.862232005001474,-4.5434298768866075
1408000000.0,4.944227093678252,-4.616894549292052,6.908323360368175,-3.4344463462338712,4.859916081555226,-4.541494524542178
1409000000.0,4.942361088949653,-4.614339261306741,6.893244181186409,-3.4284446403253215,4.857930690313754,-4.53955754274578
1410000000.0,4.94049849428413,-4.611786602054341,6.8792748299930455,-3.4174353093246506,4.855736999860818,-4.537568333083394
1411000000.0,4.938639301447494,-4.609236568492893,6.867107960442733,-3.4068508125738406,4.853566625683526,-4.535506599581067
1412000000.0,4.936783502229275,-4.606689157581606,6.849192169015358,-3.396127273150913,4.851381281278238,-4.533694755001357
1413000000.0,4.934931088442647,-4.60414436628087,6.8336935701292525,-3.3897527934212786,4.849389738926463,-4.531792072002197
1414000000.0,4.9330820519243455,-4.60160219155228,6.821059978579494,-3.37866323957296,4.847202676190904,-4.529760909177594
1415000000.0,4.931236384534596,-4.599062630358652,6.807390874311411,-3.366078810343916,4.844950429060713,-4.527775173420481
1416000000.0,4.929394078157035,-4.596525679664048,6.788656353463668,-3.352962703466818,4.842665872915998,-4.526012856971506
1417000000.0,4.927555124698632,-4.593991336433791,6.7730699687852525,-3.3391867765791123,4.840359307441153,-4.524116625531063
1418000000.0,4.9257195160896154,-4.591459597634486,6.7589506551804055,-3.332592338408845,4.838372284456719,-4.522175132043037
1419000000.0,4.923887244283394,-4.588930460234038,6.7459996263515665,-3.3175166692224902,4.836016302797258,-4.520168192085441
1420000000.0,4.922058301256488,-4.586403921201676,6.7270926885442,-3.304617352976174,4.833743827745514,-4.518433238191163
1421000000.0,4.920232679008444,-4.583879977507962,6.71485329516379,-3.2908101957060705,4.831446356593112,-4.516404683270576
1422000000.0,4.918410369561765,-4.581358626124824,6.696841443208138,-3.2779365569272736,4.829177791590505,-4.514639520551683
1423000000.0,4.916591364961838,-4.578839864025559,6.6843159240777785,-3.2641517970387457,4.826881803266371,-4.512630803294035
1424000000.0,4.914775657276854,-4.576323688184863,6.667372911117012,-3.252318239045009,4.824663510367109,-4.510829326918886
1425000000.0,4.912963238597737,-4.573810095578843,6.652647951704283,-3.2358401804523984,4.822241016671838,-4.508920409833239
1426000000.0,4.911154101038068,-4.57129908318504,6.637693519629459,-3.224126058828996,4.820034053902502,-4.50703797880594
1427000000.0,4.909348236734015,-4.568790647982438,6.624409021478606,-3.2071070115273734,4.817589980884745,-4.505068939605867
1428000000.0,4.907545637844255,-4.566284786951497,6.608187283602618,-3.1925525222714466,4.815249880333216,-4.5032445434356205
1429000000.0,4.9057462965499,-4.563781497074156,6.592569489724949,-3.17783215361356,4.812903412485626,-4.501396141214949
1430000000.0,4.90395020505443,-4.561280775333852,6.581246559565461,-3.164837948019233,4.810649508380334,-4.4993579201244716
1431000000.0,4.902157355583616,-4.558782618715551,6.563836961090992,-3.144029961086389,4.808013532481215,-4.497581102462264
1432000000.0,4.900367740385445,-4.556287024205744,6.55386287889252,-3.128604902620728,4.8056504257693184,-4.495477535615893
1433000000.0,4.898581351730054,-4.553793988792488,6.540671215221436,-3.11248508366651,4.803243947832817,-4.493524375192394
1434000000.0,4.896798181909656,-4.551303509465399,6.521941267945095,-3.09624232743635,4.80081106339213,-4.491834885127044
1435000000.0,4.895018223238461,-4.548815583215688,6.506415891959699,-3.0826900303931617,4.7985155224021625,-4.490008435833073
1436000000.0,4.893241468052617,-4.5463302070361635,6.494964863925724,-3.0574145112220434,4.79567636701984,-4.4879469489282995
1437000000.0,4.891467908710129,-4.543847377921258,6.483509089135187,-3.0413433241611028,4.793273850112469,-4.485921996952532
1438000000.0,4.8896975375907905,-4.541367092867039,6.469992769054175,-3.024795092155975,4.790839260743596,-4.48399605448173
1439000000.0,4.887930347096117,-4.538889348871224,6.45963663729871,-3.003273781217187,4.788177304084102,-4.481898199563502
1440000000.0,4.886166329649268,-4.536414142933203,6.448651971593829,-2.9877863975209196,4.785802633735306,-4.479858337202557
1441000000.0,4.884405477694984,-4.533941472054048,6.4341271307760595,-2.965998530413647,4.783104237293318,-4.477962362135783
1442000000.0,4.882647783699512,-4.531471333236531,6.421906010210009,-2.951830640132686,4.780785834700302,-4.4759930174167435
1443000000.0,4.880893240150535,-4.529003723485137,6.411923562029657,-2.930277488156431,4.778116489977024,-4.473878424693545
1444000000.0,4.879141839557109,-4.526538639806086,6.396069799050796,-2.9137376526143783,4.775660265611711,-4.472079417275271
1445000000.0,4.877393574449586,-4.524076079207341,6.384947978117608,-2.8954900529032916,4.77314338107814,-4.470040111685045
1446000000.0,4.875648437379549,-4.521616038698627,6.375673461530388,-2.8750310155165018,4.770525869818448,-4.4678970422314945
1447000000.0,4.873906420919742,-4.519158515291444,6.364252482401788,-2.853510614516583,4.767840919722756,-4.465853698854489
1448000000.0,4.872167517664003,-4.516703505999088,6.353108046550688,-2.832945972462406,4.765202605912077,-4.463801901026583
1449000000.0,4.870431720227195,-4.514251007836653,6.345199345153491,-2.8105839924711735,4.762492806734252,-4.4615752012792145
1450000000.0,4.8686990212451375,-4.5118010178210595,6.332854549050069,-2.7933396442318563,4.760009196875892,-4.4596048422706716
1451000000.0,4.8669694133745365,-4.509353532971059,6.323737321898071,-2.772550249703934,4.757367058149395,-4.457447506654953
1452000000.0,4.865242889292922,-4.506908550307255,6.310838223984821,-2.7450113442952637,4.754352068443061,-4.455430936728029
1453000000.0,4.863519441698578,-4.5044660668521095,6.303531595280736,-2.7275474493916563,4.7518881751023345,-4.453202721200932
1454000000.0,4.861799063310474,-4.50202607962997,6.295258707351687,-2.706388154183353,4.749227790498454,-4.450994102608708
1455000000.0,4.860081746868199,-4.499588585667067,6.281749411008688,-2.6864492133017897,4.746585472198645,-4.449062393037118
1456000000.0,4.8583674851318985,-4.4971535819915385,6.279145041203535,-2.6685171609213345,4.744135626721062,-4.446586180907047
1457000000.0,4.856656270882203,-4.494721065633445,6.271043759008963,-2.6455043203128286,4.741377942547181,-4.444346986850445
1458000000.0,4.854948096920162,-4.492291033624773,6.257782837818324,-2.6221671471310484,4.738554285542067,-4.44236849870639
1459000000.0,4.853242956067184,-4.4898634829994615,6.248409801543662,-2.6003525060242083,4.735841413611538,-4.440200228908339
1460000000.0,4.851540841164964,-4.487438410793401,6.2454905654307495,-2.580031819458914,4.733267470412716,-4.4377076095373535
1461000000.0,4.849841745075423,-4.485015814044461,6.236830240597366,-2.5617153873534604,4.730742264716344,-4.435531606014367
1462000000.0,4.84814566068064,-4.482595689792492,6.228880594740729,-2.535869822354152,4.7278294691405645,-4.433239114297408
1463000000.0,4.846452580882785,-4.480178035079344,6.221944625728513,-2.515090504986979,4.725191119030087,-4.430942083929377
1464000000.0,4.844762498604061,-4.477762846948877,6.214001869477487,-2.494522713955197,4.722552296062692,-4.428697435530667
1465000000.0,4.8430754067866335,-4.475350122446973,6.208298552111829,-2.469142628472581,4.7196844628705845,-4.426276792726559
1466000000.0,4.841391298392567,-4.4729398586215545,6.201045862682082,-2.4452033690878077,4.71687381846694,-4.423948412417788
1467000000.0,4.839710166403767,-4.470532052522589,6.197656430338167,-2.427074553243229,4.714416736661244,-4.421481518481978
1468000000.0,4.838032003821905,-4.468126701202108,6.190595988956715,-2.409313936479649,4.711935498035959,-4.4192115179931015
1469000000.0,4.836356803668363,-4.465723801714213,6.186951349776392,-2.385017942623021,4.709151678008388,-4.416674957238974
1470000000.0,4.834684558984171,-4.463323351115089,6.179748068537284,-2.362460520022927,4.70641448286559,-4.4143439824711965
1471000000.0,4.833015262829939,-4.460925346463021,6.175992328155357,-2.341063600904251,4.703785301140923,-4.411840772397763
1472000000.0,4.831348908285795,-4.458529784818406,6.171849419701778,-2.3194171711896807,4.701139355925076,-4.409350291328161
1473000000.0,4.829685488451326,-4.456136663243755,6.166122344619151,-2.2957341128775552,4.698363775971553,-4.4069102469225125
1474000000.0,4.828024996445511,-4.453745978803715,6.165838901264333,-2.2737379198622087,4.695759143290366,-4.404199025185657
1475000000.0,4.826367425406661,-4.451357728565075,6.160710777158701,-2.2536401622284865,4.693186750756248,-4.401769669002557
1476000000.0,4.824712768492357,-4.448971909596782,6.153534704756069,-2.2311342667285405,4.690455291989188,-4.399408617320618
1477000000.0,4.823061018879386,-4.4465885189699454,6.15450680840423,-2.2102637051354375,4.687940520061207,-4.396633525354866
1478000000.0,4.8214121697636845,-4.444207553757857,6.148877491320498,-2.1896057733759053,4.685335242014459,-4.394209688879652
1479000000.0,4.8197662143602695,-4.44182901103599,6.14577545554291,-2.1662233935704585,4.682627696808209,-4.391601421930382
1480000000.0,4.818123145903185,-4.439452887882027,6.14334309914349,-2.147494274669104,4.680182684152988,-4.389030603560684
1481000000.0,4.816482957645435,-4.437079181375853,6.146686591747378,-2.1236728473287765,4.6775705276768775,-4.386060613613045
1482000000.0,4.814845642858925,-4.434707888599576,6.138933622760879,-2.1069529735343733,4.675146522821385,-4.383801328586556
1483000000.0,4.813211194834406,-4.432339006637537,6.137599178014085,-2.0869429834069297,4.672663576950174,-4.381139121396527
1484000000.0,4.811579606881404,-4.429972532576321,6.135613846307646,-2.0625607701751414,4.669940476288769,-4.37842674546715
1485000000.0,4.80995087232817,-4.427608463504762,6.1366693719395915,-2.04137737470326,4.667449288852292,-4.375606339462773
1486000000.0,4.808324984521613,-4.425246796513958,6.137747924977791,-2.0193151943675614,4.6649184721358505,-4.372763503043724
1487000000.0,4.806701936827244,-4.422887528697283,6.137617046150022,-1.9994049966569143,4.6624842171121985,-4.37002215062083
1488000000.0,4.805081722629116,-4.4205306571503895,6.132787580201975,-1.9824625184705265,4.660117906823725,-4.367584821990036
1489000000.0,4.803464335329764,-4.418176178971227,6.134568576228162,-1.9614050614496499,4.6576710834501585,-4.364712867343915
1490000000.0,4.801849768350147,-4.415824091260046,6.135155969900974,-1.9421875123913115,4.655303442290552,-4.361937962895671
1491000000.0,4.800238015129585,-4.413474391119411,6.13660895663893,-1.919934542948311,4.652800804455905,-4.359050758049597
1492000000.0,4.798629069125709,-4.411127075654212,6.1357871754208695,-1.8995575994185019,4.65035483217784,-4.35631806582943
1493000000.0,4.797022923814394,-4.408782141971666,6.1392628689363224,-1.8784067334918089,4.647967767324576,-4.353340215206041
1494000000.0,4.795419572689702,-4.406439587181334,6.142789779222587,-1.8586813721462538,4.645664674476558,-4.350388165277326
1495000000.0,4.7938190092638315,-4.404099408395131,6.141955217613011,-1.843301371390295,4.643496811944324,-4.347757694158498
1496000000.0,4.792221227067048,-4.4017616027273245,6.143449149609722,-1.823541156340195,4.641159870262092,-4.344906245510396
1497000000.0,4.790626219647638,-4.399426167294561,6.15409472735493,-1.803654044104878,4.639035199716689,-4.341578343079579
1498000000.0,4.789033980571841,-4.397093099215861,6.154413816797992,-1.78346207891574,4.636665828210242,-4.338772741601822
1499000000.0,4.787444503423801,-4.394762395612633,6.157724297927973,-1.7659934439918032,4.634513029462279,-4.335875913360596
1500000000.0,4.785857781805505,-4.392434053608682,6.162201524065197,-1.753259278710652,4.632636131105845,-4.333032818305939
1501000000.0,4.7842738093367245,-4.390108070330219,6.16631020835982,-1.7370878285435747,4.630582532766684,-4.330127407813878
1502000000.0,4.782692579654963,-4.38778444290587,6.16629877412065,-1.723749948310485,4.628578474466786,-4.327499371359046
1503000000.0,4.781114086415398,-4.38546316846668,6.174272361642586,-1.7054630897043217,4.626527085391225,-4.324348591913901
1504000000.0,4.779538323290826,-4.3831442441461315,6.1758316027886995,-1.6941871268314392,4.624676503410927,-4.321694046468905
1505000000.0,4.777965283971601,-4.380827667080141,6.182602357749226,-1.677941294093712,4.622713450207271,-4.318657198700922
1506000000.0,4.776394962165586,-4.378513434407078,6.18340073610724,-1.6637900400079022,4.620711713837586,-4.31597098335536
1507000000.0,4.774827351598093,-4.376201543267764,6.183487692414515,-1.6517218384605126,4.618799957160282,-4.313373377600112
1508000000.0,4.773262446011829,-4.373891990805489,6.186716091576028,-1.6374318656947169,4.6168635372193485,-4.31056486444729
1509000000.0,4.771700239166839,-4.37158477416601,6.192351608095482,-1.6272033902148735,4.615194712890677,-4.307744342869652
1510000000.0,4.770140724840456,-4.369279890497573,6.192739180225705,-1.616500419496822,4.613371924456826,-4.305171433509157
1511000000.0,4.768583896827236,-4.366977336950903,6.190024686390027,-1.6052768399086534,4.611446796701471,-4.302737896634314
1512000000.0,4.767029748938914,-4.36467711067923,6.192635716943038,-1.5926629391672615,4.609597012938634,-4.300009090793408
1513000000.0,4.765478275004346,-4.3623792088382825,6.194605684756038,-1.5816855526016607,4.607814964574668,-4.297356237249398
1514000000.0,4.763929468869453,-4.3600836285863025,6.194683072488324,-1.5699075166141652,4.605948447406392,-4.294775539507523
1515000000.0,4.762383324397164,-4.357790367084052,6.19336228781277,-1.5617363557744253,4.604222884272914,-4.292359857316037
1516000000.0,4.760839835467372,-4.355499421494818,6.188124868329242,-1.5496192629493108,4.602204831046214,-4.290028987712128
1517000000.0,4.759298995976869,-4.3532107889844225,6.189062294751095,-1.5381512515101285,4.600387564775002,-4.287418302689766
1518000000.0,4.757760799839302,-4.350924466721229,6.191192386855453,-1.5231978382212736,4.598440033590094,-4.284656914684423
1519000000.0,4.756225240985111,-4.34864045187615,6.187304217903183,-1.5109483013411096,4.596462398606075,-4.282258148864389
1520000000.0,4.754692313361482,-4.3463587416226535,6.181554025043586,-1.5029969011132196,4.594641806471757,-4.280067470247135
1521000000.0,4.753162010932294,-4.34407933313677,6.181288351377962,-1.4808815602029395,4.59229915750174,-4.277221678041386
1522000000.0,4.75163432767806,-4.3418022235971,6.175752520711854,-1.4734579074937075,4.5905144048212,-4.275036722735056
1523000000.0,4.750109257595882,-4.339527410184822,6.1771436667707045,-1.4544251933230012,4.588375379829889,-4.272195246384369
1524000000.0,4.748586794699394,-4.3372548900836945,6.173159775001544,-1.443784954932754,4.586487195547047,-4.269846685555177
1525000000.0,4.747066933018711,-4.33498466048007,6.166897159582709,-1.4248187319008336,4.584141704417885,-4.267366820055111
1526000000.0,4.745549666600378,-4.332716718562895,6.166450144090827,-1.410561281320813,4.582190941347223,-4.2647457990372075
1527000000.0,4.744034989507314,-4.330451061523724,6.1665693981152465,-1.3940722519900692,4.580156639411753,-4.262032689323281
1528000000.0,4.742522895818769,-4.328187686556714,6.162925382731686,-1.3804701025001336,4.57815204759092,-4.259580723932841
1529000000.0,4.741013379630259,-4.325926590858646,6.158681988060533,-1.3628398296442126,4.57594417521677,-4.257036089626326
1530000000.0,4.73950643505353,-4.323667771628919,6.16076386137646,-1.3497504357498002,4.574142672365787,-4.254330495590848
1531000000.0,4.738002056216493,-4.321411226069563,6.15713433779989,-1.3305244269529384,4.571888277628929,-4.2517055245025555
1532000000.0,4.736500237263183,-4.319156951385241,6.1557008190960145,-1.320161228230192,4.570116676020292,-4.249246843615857
1533000000.0,4.735000972353704,-4.3169049447832615,6.153809096519914,-1.3039996745157933,4.56806633569158,-4.2466322191967745
1534000000.0,4.733504255664177,-4.314655203473575,6.157996319819275,-1.285152337682442,4.566086175478245,-4.243653307723761
1535000000.0,4.732010081386695,-4.312407724668789,6.156311725773696,-1.2668229011037093,4.5639547975927135,-4.240959053234365
1536000000.0,4.730518443729266,-4.310162505584169,6.152935442574189,-1.2519274184896252,4.561932210511929,-4.238448235732205
1537000000.0,4.729029336915767,-4.307919543437646,6.149994915255938,-1.2325844088505915,4.559725076082051,-4.23577476449758
1538000000.0,4.727542755185891,-4.305678835449819,6.158923524603013,-1.2149924236803942,4.557984460602761,-4.232618081026812
1539000000.0,4.726058692795104,-4.303440378843969,6.154039078836983,-1.1987099982202143,4.555866216892346,-4.2301270715160255
1540000000.0,4.724577144014586,-4.301204170846053,6.1573455392495,-1.179789341149926,4.553900849917022,-4.227181242415067
1541000000.0,4.723098103131189,-4.298970208684718,6.156534846638499,-1.1634041930393015,4.551921611839449,-4.224501609534233
1542000000.0,4.721621564447385,-4.2967384895913066,6.16084535392501,-1.143188820239037,4.549948392195409,-4.221467818020167
1543000000.0,4.720147522281215,-4.294509010799853,6.169092045080721,-1.1247471978207835,4.548194407126455,-4.2183208503924305
1544000000.0,4.718675970966244,-4.292281769547103,6.171242900485024,-1.1092861629805575,4.5463763349584605,-4.215542283363913
1545000000.0,4.717206904851508,-4.2900567630725055,6.169520256000796,-1.0894535258670344,4.544244838103035,-4.212784786431593
1546000000.0,4.7157403183014726,-4.287833988618226,6.171970987812254,-1.075151688782626,4.54250035938474,-4.210032941143196
1547000000.0,4.714276205695976,-4.285613443429149,6.171983146542683,-1.0571946752915276,4.540522142397353,-4.207262160018272
1548000000.0,4.712814561430184,-4.283395124752881,6.178398234977787,-1.04024063599028,4.5388139077133545,-4.204252568955591
1549000000.0,4.711355379914545,-4.281179029839762,6.185148181913378,-1.0231097784027379,4.537118676092189,-4.201225901256119
1550000000.0,4.709898655574738,-4.2789651559428625,6.19077061898804,-1.0068100602016032,4.535428150782737,-4.1982785559381375
1551000000.0,4.708444382851628,-4.276753500317992,6.19750344040156,-0.9873949861176671,4.533655315807894,-4.195179514560776
1552000000.0,4.706992556201215,-4.2745440602237075,6.201630465547119,-0.9728167951456262,4.532000700914121,-4.192359730846465
1553000000.0,4.70554317009459,-4.272336832921308,6.202991538593351,-0.9544393685866102,4.530100152141371,-4.189521956599508
1554000000.0,4.704096219017888,-4.270131815674853,6.210290785321536,-0.9358420759099354,4.5284087653716565,-4.186435340473513
1555000000.0,4.702651697472234,-4.267929005751152,6.219363636782656,-0.9209734552909051,4.526940108959593,-4.183413482979443
1556000000.0,4.701209599973707,-4.265728400419784,6.2263855454586565,-0.8999130933641686,4.525160032102607,-4.180258719651557
1557000000.0,4.699769921053285,-4.26352999695309,6.229769820458714,-0.8858736443165921,4.523538357255904,-4.177501268125656
1558000000.0,4.6983326552568005,-4.261333792626181,6.237986844073266,-0.8691920946982222,4.521992585097998,-4.17446228933132
1559000000.0,4.6968977971448975,-4.2591397847169485,6.2421580066794,-0.8538958907518971,4.5203638407589875,-4.171635025077537
1560000000.0,4.69546534129298,-4.256947970506059,6.249793103735929,-0.8366946269773501,4.518793668065726,-4.168608360257544
1561000000.0,4.694035282291168,-4.2547583472769634,6.2533567561387065,-0.8177489081258181,4.51701850954753,-4.165678272055119
1562000000.0,4.692607614744253,-4.2525709123159015,6.2648250883536996,-0.8013098283423613,4.515634335977562,-4.1625421101985705
1563000000.0,4.6911823332716525,-4.250385662911906,6.266757544031016,-0.7848788011405785,4.513912298875441,-4.15977044340322
1564000000.0,4.689759432507358,-4.248202596356804,6.283356808335709,-0.7652639744939165,4.512614800470347,-4.156340306975722
1565000000.0,4.688338907099903,-4.246021709945223,6.289298067567215,-0.7542172973425165,4.511253456939097,-4.15362445140191
1566000000.0,4.686920751712301,-4.2438430009745955,6.294590062263666,-0.7342178067401881,4.509547533905254,-4.150609322901566
1567000000.0,4.685504961022012,-4.241666466745158,6.307498188406573,-0.713400775853939,4.508102054585918,-4.147293358956951
1568000000.0,4.684091529720895,-4.239492104559962,6.31951653208837,-0.7040074452854523,4.507040947012422,-4.14443657166909
1569000000.0,4.682680452515161,-4.237319911724874,6.32579021923013,-0.681503452263062,4.505311755086361,-4.141309224655609
1570000000.0,4.681271724125329,-4.235149885548578,6.336126226758721,-0.6636720019200029,4.503906534921729,-4.13821581730041
1571000000.0,4.679865339286184,-4.232982023342581,6.3456259814469345,-0.649054769347257,4.502589973810708,-4.135276415836387
1572000000.0,4.67846129274673,-4.230816322421217,6.35402417886817,-0.6275864317499217,4.501006644695033,-4.132128465606717
1573000000.0,4.677059579270145,-4.228652780101646,6.370698155205636,-0.6146409786119296,4.500026008941718,-4.129022511231344
1574000000.0,4.67566019363374,-4.226491393703866,6.379595867373044,-0.6060550715355768,4.498909118196344,-4.126346357118571
1575000000.0,4.674263130628914,-4.224332160550707,6.391489835832578,-0.5875363234542798,4.497577845863512,-4.123212807926934
1576000000.0,4.672868385061109,-4.222175077967843,6.404299250658777,-0.5715978189655524,4.496373194934831,-4.120152579528335
1577000000.0,4.671475951749765,-4.220020143283785,6.4134761571415995,-0.5538030526561837,4.494982774597808,-4.1171497768117495
1578000000.0,4.670085825528283,-4.217867353829894,6.428572756849006,-0.5403205396693149,4.49395473978025,-4.114123635685436
1579000000.0,4.668698001243976,-4.215716706940381,6.436996040733636,-0.5211192785588331,4.492507927110539,-4.111107693260739
1580000000.0,4.667312473758023,-4.213568199952308,6.447136296873038,-0.5040475421873166,4.49119931715037,-4.108122356021477
1581000000.0,4.665929237945437,-4.211421830205592,6.463158678262102,-0.4921371603085246,4.490271707700015,-4.105152885826654
1582000000.0,4.664548288695011,-4.209277595043008,6.477137679422105,-0.47459327145220487,4.489102345933178,-4.1020504160872004
1583000000.0,4.6631696209092794,-4.2071354918101935,6.489247489414054,-0.460636932258283,4.487979579284341,-4.099144385974329
1584000000.0,4.661793229504479,-4.204995517855651,6.505007440866975,-0.4500666009358165,4.48709448828509,-4.096261607051324
1585000000.0,4.660419109410501,-4.202857670530749,6.519876974143719,-0.4339950807005529,4.486018646711332,-4.093215717344714
1586000000.0,4.659047255570849,-4.200721947189726,6.530689898249331,-0.41748237521879655,4.484789608236904,-4.090281070035984
1587000000.0,4.657677662942605,-4.198588345189692,6.545069743080224,-0.40231020573601833,4.483734207803915,-4.0873007521606155
1588000000.0,4.656310326496374,-4.196456861890633,6.560388063143418,-0.38782125051737676,4.4827370256875385,-4.08432842506361
1589000000.0,4.654945241216255,-4.194327494655417,6.577160787179207,-0.37310052991533055,4.481790035728375,-4.081317738032781
1590000000.0,4.65358240209979,-4.192200240849785,6.593111832606959,-0.36173220083903007,4.4809097353277245,-4.07846046151582
1591000000.0,4.6522218041579295,-4.190075097842367,6.609157998022954,-0.34404717352218595,4.479864087927664,-4.075385833017472
1592000000.0,4.650863442414985,-4.187952063004678,6.624250311171753,-0.3277922158356812,4.478829146093078,-4.072398640399757
1593000000.0,4.649507311908591,-4.185831133711117,6.641351829200617,-0.3188342640264804,4.4780626925421245,-4.069626599449703
1594000000.0,4.648153407689667,-4.183712307338978,6.66073204965811,-0.3014691990474012,4.4771576973002425,-4.066509453412117
1595000000.0,4.6468017248223665,-4.1815955812684455,6.679852793053223,-0.29216320023866693,4.476454985903661,-4.06369431095183
1596000000.0,4.645452258384048,-4.179480952882599,6.698535312488572,-0.2750720527114311,4.475539476175496,-4.060630230998874
1597000000.0,4.644105003465226,-4.177368419567416,6.717878139785801,-0.2655824288455752,4.474841101842719,-4.057825558283359
1598000000.0,4.642759955169534,-4.175257978711773,6.738317313612225,-0.2540814687566241,4.474130201733112,-4.054935214969892
1599000000.0,4.641417108613686,-4.173149627707448,6.755015526874167,-0.23921593746185443,4.473209740613185,-4.05203269459863
1600000000.0,4.640076458927428,-4.171043363949124,6.774646552753119,-0.22448499493766266,4.4723959791393195,-4.04907495872139
1601000000.0,4.6387380012535075,-4.1689391848343895,6.798641490936797,-0.21308952824990895,4.471811165459294,-4.046139329308362
1602000000.0,4.63740173074763,-4.1668370877637395,6.815827351999671,-0.2021123922186686,4.4710057374059575,-4.043390333474506
1603000000.0,4.636067642578416,-4.164737070140579,6.840877132334124,-0.1914480456965347,4.470471147832589,-4.040479800404263
1604000000.0,4.634735731927366,-4.162639129371226,6.8615079417469484,-0.1830592393382741,4.469839257834807,-4.037758847322282
1605000000.0,4.6334059939888155,-4.160543262864913,6.883831908257762,-0.1670899670541673,4.4690909787374595,-4.034760238850849
1606000000.0,4.6320784239699035,-4.158449468033783,6.910189954090395,-0.16437897886201622,4.468769854464224,-4.032119617108036
1607000000.0,4.630753017090525,-4.156357742292903,6.927589082314309,-0.14921538309163224,4.467878043415394,-4.0292815386009755
1608000000.0,4.629429768583296,-4.154268083060254,6.956271203436688,-0.14469325318642437,4.467582753619829,-4.026552927592952
1609000000.0,4.6281086736935135,-4.152180487756739,6.981044171341354,-0.1343262897629939,4.46703000572139,-4.023733047904717
1610000000.0,4.626789727679118,-4.150094953806185,7.00090567019019,-0.1276541136790379,4.466397058616498,-4.021146081901739
1611000000.0,4.625472925810652,-4.1480114786353415,7.0305834615441345,-0.11865567079098623,4.46602148747436,-4.018289462661671
1612000000.0,4.624158263371225,-4.145930059673883,7.054244880643196,-0.11372114605271705,4.465536483812681,-4.015697029792561
1613000000.0,4.622845735656469,-4.143850694354412,7.080198542446689,-0.10599469198382727,4.465060517775138,-4.012980598439264
1614000000.0,4.621535337974508,-4.141773380112459,7.102025732328956,-0.10134570535802112,4.464515870921009,-4.010452412585805
1615000000.0,4.620227065645913,-4.139698114386487,7.132981322988221,-0.09495356410639531,4.464209107320865,-4.007697127931852
1616000000.0,4.618920914003667,-4.137624894617885,7.1578428429705285,-0.08929987615324342,4.463726324405844,-4.005096402003552
1617000000.0,4.617616878393127,-4.13555371825098,7.188919865728631,-0.09000394654714147,4.463547074214286,-4.002572351885652
1618000000.0,4.616314954171985,-4.133484582733032,7.214493724780237,-0.08346834448927681,4.4630558399846585,-3.999949909433737
1619000000.0,4.615015136710233,-4.131417485514235,7.244224824393782,-0.08468004952922085,4.462828733614573,-3.997483014187997
1620000000.0,4.6137174213901195,-4.1293524240477195,7.269827336343353,-0.08519521121901114,4.4624600026944305,-3.995081031968307
1621000000.0,4.61242180360612,-4.127289395789557,7.299482477863508,-0.08646660302624583,4.462213744639328,-3.9926300715466456
1622000000.0,4.611128278764891,-4.125228398198752,7.325051547392136,-0.08724870988318409,4.461833992957748,-3.9902480489459125
1623000000.0,4.60983684228524,-4.123169428737258,7.3558302813746606,-0.08740013234369122,4.461580749874715,-3.987757603437398
1624000000.0,4.6085474895980845,-4.1211124848699585,7.383301797472203,-0.09040224602293963,4.461279274476943,-3.9854136253754464
1625000000.0,4.607260216146418,-4.119057564064692,7.4093897453097375,-0.09484666100256302,4.4609582279298134,-3.9831387725668996
1626000000.0,4.605975017385269,-4.11700466379223,7.438953289978591,-0.10185853816678138,4.460769591315109,-3.980873413001279
1627000000.0,4.604691888781668,-4.1149537815262915,7.474972999820026,-0.10690011621982091,4.46070652603328,-3.9784421745131113
1628000000.0,4.603410825814607,-4.1129049147435435,7.496024846220304,-0.11205307903573658,4.46023935382103,-3.976286998579909
1629000000.0,4.602131823975009,-4.110858060923596,7.526614829395997,-0.1193359557119386,4.460053129854405,-3.9740194241211904
1630000000.0,4.600854878765686,-4.108813217549008,7.550797814447785,-0.13320614544188808,4.45980916423292,-3.972036993186195
1631000000.0,4.599579985701304,-4.1067703821052834,7.581001449035206,-0.1393398649153312,4.459573506812156,-3.969749931069832
1632000000.0,4.598307140308349,-4.104729552080879,7.607071197835211,-0.14893348393262,4.459285588809189,-3.9676255565460696
1633000000.0,4.597036338125091,-4.102690724967196,7.634080288628801,-0.15582144084198105,4.458965859900395,-3.965418497529596
1634000000.0,4.5957675747015445,-4.1006538982585905,7.658696719145786,-0.17025368193682086,4.4587115368698536,-3.963440153888961
1635000000.0,4.594500845599437,-4.098619069452366,7.680413691453617,-0.1825129231799328,4.4583421106374,-3.961457782548622
1636000000.0,4.5932361463921705,-4.096586236048779,7.711312923927082,-0.19595782646238216,4.458207450403833,-3.9593430171064314
1637000000.0,4.591973472664786,-4.094555395551038,7.738764162670461,-0.2048098889419059,4.457901376359099,-3.9571790204655257
1638000000.0,4.590712820013931,-4.092526545465303,7.765045055016723,-0.21999784854409066,4.457669462958694,-3.9551844604359108
1639000000.0,4.589454184047824,-4.090499683300688,7.782540648606512,-0.23644128970629022,4.4572491561761,-3.953368361544441
1640000000.0,4.588197560386214,-4.088474806569261,7.803125408200818,-0.2535714222299603,4.456908054491059,-3.951511728546775
1641000000.0,4.5869429446603505,-4.0864519127860435,7.829413907188942,-0.2671812195216686,4.4566300364559295,-3.9494742671067256
1642000000.0,4.585690332512949,-4.084430999469011,7.851592527206463,-0.2867748447243896,4.456356182561002,-3.947639762111687
1643000000.0,4.584439719598152,-4.0824120641390955,7.872037741624715,-0.3061625568289051,4.456035309332253,-3.9458264206249116
1644000000.0,4.583191101581501,-4.080395104320185,7.887365517719815,-0.32349036172520895,4.4555631861974145,-3.944052730826353
1645000000.0,4.581944474139892,-4.078380117539117,7.909690271870472,-0.3431309592445008,4.455279476738,-3.9422050843535907
1646000000.0,4.580699832961553,-4.076367101325696,7.926094439639531,-0.3618587913188534,4.454848832136906,-3.940436492429731
1647000000.0,4.579457173745999,-4.0743560532126715,7.947817229079745,-0.3820632555921396,4.454552977895041,-3.9386035873635445
1648000000.0,4.578216492204006,-4.072346970735757,7.9643593841509155,-0.40658617597446534,4.454219464495733,-3.936945971063298
1649000000.0,4.57697778405757,-4.07033985143362,7.98059125576052,-0.4247797744491382,4.45376733704176,-3.935158123203357
1650000000.0,4.575741045039878,-4.068334692847885,7.999241481895161,-0.445950357973088,4.45341352325059,-3.9333858346541817
1651000000.0,4.574506270895275,-4.066331492523134,8.013732133545883,-0.46593648147013483,4.452952199970632,-3.9316580415359943
1652000000.0,4.573273457379223,-4.064330248006904,8.0300714881266,-0.48771084655249713,4.45255703075067,-3.92993010872183
1653000000.0,4.572042600258277,-4.062330956849695,8.041064099454521,-0.5063615203103172,4.4519999832422315,-3.9282301023275243
1654000000.0,4.570813695310042,-4.060333616604956,8.056981305522713,-0.52877027531546,4.451603961387415,-3.9265143994743954
1655000000.0,4.569586738323148,-4.058338224829101,8.070336549708246,-0.5515050510717607,4.451162236326943,-3.924845543720608
1656000000.0,4.568361725097212,-4.056344779081496,8.079800805112892,-0.5736324035492828,4.450634822308208,-3.9232293447658684
1657000000.0,4.5671386514428045,-4.054353276924469,8.090871910671908,-0.6006080197360035,4.450223529123278,-3.9216722751182
1658000000.0,4.565917513181422,-4.052363715923302,8.09815412568736,-0.6263742069936575,4.449720677570058,-3.920154194242608
1659000000.0,4.564698306145443,-4.050376093646232,8.099627740931393,-0.6447242601133227,4.4489803932724445,-3.918598444555796
1660000000.0,4.563481026178108,-4.04839040766446,8.11392958441642,-0.6732127228254433,4.4486576989306625,-3.916997100070527
1661000000.0,4.5622656691334775,-4.046406655552135,8.120430318518741,-0.6969849054757016,4.448108932654605,-3.915444091964052
1662000000.0,4.561052230876406,-4.044424834886371,8.1230936699405,-0.7191631590468148,4.447464464286984,-3.9139280198632918
1663000000.0,4.559840707282502,-4.042444943247233,8.128111246633901,-0.7428986534235649,4.446892208494833,-3.9123943006467647
1664000000.0,4.558631094238103,-4.0404669782177445,8.13722516962379,-0.7684416285139025,4.446426136328374,-3.9108143984441934
1665000000.0,4.557423387640239,-4.038490937383885,8.138890462598404,-0.7923691195863436,4.445802436239448,-3.9093374983951334
1666000000.0,4.5562175833966,-4.036516818334587,8.133925602985611,-0.8124960386486768,4.444998349169273,-3.9079137631289194
1667000000.0,4.555013677425508,-4.0345446186617435,8.137689257099513,-0.835757468744403,4.44440464643885,-3.906382084132542
1668000000.0,4.553811665655881,-4.032574335960197,8.137101267429749,-0.8580263981062095,4.443721327336595,-3.904910889856527
1669000000.0,4.552611544027202,-4.030605967827747,8.138641890742042,-0.8826445188770989,4.443120338971461,-3.9034372951584357
1670000000.0,4.551413308489487,-4.028639511865149,8.135519222422012,-0.9052795749378065,4.442408163992255,-3.902014564375993
1671000000.0,4.550216955003258,-4.026674965676109,8.135593848882678,-0.9265577911925258,4.4417269571441125,-3.9005078622664264
1672000000.0,4.549022479539502,-4.024712326867288,8.13218212266476,-0.9494945283598397,4.441022996442502,-3.8990916788660224
1673000000.0,4.54782987807965,-4.022751593048299,8.130266226467153,-0.9741242450628474,4.4403791403666215,-3.8976725820500104
1674000000.0,4.546639146615538,-4.020792761831708,8.132473927827213,-0.9986051619341182,4.439801991196069,-3.8961700969183695
1675000000.0,4.54545028114938,-4.018835830833034,8.118769804360545,-1.0172745478482879,4.438864948002393,-3.894875989809086
1676000000.0,4.544263277693735,-4.016880797670744,8.116431215339123,-1.0408470882450973,4.43820617778189,-3.8934418688242665
1677000000.0,4.543078132271475,-4.014927659966258,8.108459534021325,-1.0590953764675475,4.437360667180233,-3.8920311550917104
1678000000.0,4.541894840915759,-4.012976415343946,8.103675735798651,-1.0771858969171664,4.436565542395039,-3.8905562079547273
1679000000.0,4.540713399669998,-4.011027061431126,8.095035039863141,-1.0947233516968893,4.435703720920539,-3.88914728298791
1680000000.0,4.539533804587821,-4.009079595858066,8.091376300442525,-1.1120326415440476,4.4349175869759145,-3.8876376824613947
1681000000.0,4.538356051733054,-4.0071340162579805,8.073849252741446,-1.1283971031379103,4.433905369516173,-3.8863856514928456
1682000000.0,4.53718013717968,-4.005190320267033,8.071243638102924,-1.1486666934422962,4.433201019321148,-3.8848997833582666
1683000000.0,4.536006057011816,-4.003248505524334,8.063554175124995,-1.1616011992344308,4.432278232011566,-3.8834035134060874
1684000000.0,4.534833807323678,-4.001308569671935,8.047905049429552,-1.185419379322207,4.431457087312074,-3.8822289056207433
1685000000.0,4.533663384219551,-3.9993705103548387,8.036317627692409,-1.1974720260148035,4.430466474136213,-3.8807991688859325
1686000000.0,4.532494783813762,-3.997434325220989,8.02677186051256,-1.217391399669734,4.429668184568228,-3.87944561264145
1687000000.0,4.531328002230646,-3.9955000119212736,8.018714227712902,-1.2314749072660756,4.42877792953527,-3.877976421183839
1688000000.0,4.530163035604521,-3.9935675681095226,8.006108347283451,-1.2484211815159452,4.427883230190069,-3.8766420613036625
1689000000.0,4.528999880079653,-3.9916369914425056,7.995300232881515,-1.2585887618872673,4.426880299873661,-3.8751739046477036
1690000000.0,4.527838531810232,-3.9897082795799386,7.986250578486249,-1.2732769116108085,4.4259986531765065,-3.8737362694003497
1691000000.0,4.526678986960335,-3.9877814301844707,7.972295771459467,-1.2850326080833554,4.4249898437519,-3.872358611026419
1692000000.0,4.525521241703905,-3.9858564409216948,7.959874739597879,-1.2998501060824954,4.424070204387291,-3.8709947285555386
1693000000.0,4.524365292224713,-3.983933309460138,7.938501268722239,-1.3088256326661794,4.422905602967221,-3.869736219356793
1694000000.0,4.5232111347163375,-3.9820120334712668,7.928904405332637,-1.3212244727953872,4.421983560940736,-3.8682826594693784
1695000000.0,4.522058765382129,-3.9800926106294843,7.91929912967444,-1.3318698772226059,4.421027725497662,-3.866805635760483
1696000000.0,4.520908180435182,-3.978175038612125,7.904125687032328,-1.3452178091724363,4.4200540531064405,-3.8654856640763495
1697000000.0,4.519759376098307,-3.9762593150994583,7.889821870344585,-1.3503562679913952,4.418921967825127,-3.8640344445909154
1698000000.0,4.518612348604002,-3.97434543777469,7.875955485517562,-1.3586380584610531,4.41786567469094,-3.862620308984101
1699000000.0,4.517467094194425,-3.9724334043239518,7.862202627407539,-1.3687703827381064,4.416853766067679,-3.8612317415437425
1700000000.0,4.516323609121361,-3.9705232124363095,7.850629676937038,-1.3791249102243506,4.415880275084312,-3.8598012707547356
1701000000.0,4.515181889646195,-3.9686148598037567,7.838022130003957,-1.3852535776262431,4.41480420922024,-3.858336475142771
1702000000.0,4.514041932039889,-3.9667083441212165,7.826032559892885,-1.3959160022677617,4.413837818428095,-3.856922854569471
1703000000.0,4.5129037325829415,-3.964803663086537,7.809854199512216,-1.3944185724173268,4.412551707033019,-3.8554352299127785
1704000000.0,4.511767287565375,-3.9629008144004945,7.799260524685712,-1.4064269799230291,4.411639789997462,-3.854013888096362
1705000000.0,4.510632593286693,-3.960999795766787,7.787703394529671,-1.4074181040410312,4.410475799150257,-3.8524642739143937
1706000000.0,4.509499646055861,-3.9591006048920385,7.7738280135128806,-1.4205626128988018,4.409550122268648,-3.851134164452316
1707000000.0,4.5083684421912755,-3.9572032394857932,7.759229885175348,-1.4270674895553148,4.408471375431261,-3.849731561379057
1708000000.0,4.507238978020736,-3.955307697260516,7.750099325404512,-1.4356716841730117,4.40751634462388,-3.8482381288398084
1709000000.0,4.5061112498814175,-3.9534139759315923,7.73502610412409,-1.4416820512911435,4.406425790806702,-3.846843849272417
1710000000.0,4.504985254119842,-3.9515220732173244,7.7214640128531595,-1.4453106586047026,4.40530490266041,-3.8453861044839694
1711000000.0,4.503860987091852,-3.9496319868389316,7.70583400373535,-1.4479993900907657,4.404137166586795,-3.8439647129127574
1712000000.0,4.502738445162584,-3.9477437145205516,7.698076182665112,-1.4539415342731712,4.403151237830209,-3.8424119513619246
1713000000.0,4.501617624706436,-3.9458572539892307,7.68602894513551,-1.4615871346007845,4.402148604905634,-3.8409807423904487
1714000000.0,4.500498522107048,-3.94397260297493,7.670817247495301,-1.462578909357414,4.400954948374701,-3.839534420561093
1715000000.0,4.4993811337572645,-3.942089759210525,7.66042518157376,-1.4711274141930326,4.4000003508524985,-3.8380818875962515
1716000000.0,4.4982654560591175,-3.9402087204317953,7.64682890299445,-1.4763110210706836,4.398928748784591,-3.8366595846420597
1717000000.0,4.497151485423796,-3.938329484377434,7.636426600194573,-1.4837906326704897,4.397955000708468,-3.8351966361763083
1718000000.0,4.496039218271612,-3.9364520487890373,7.619696821649217,-1.4889046679550255,4.3968454658189255,-3.8338502559972825
1719000000.0,4.494928651031985,-3.9345764114111095,7.608631892077894,-1.4917649208241013,4.395761278337475,-3.832345515760108
1720000000.0,4.493819780143407,-3.9327025699910543,7.5947354743807995,-1.497282126397857,4.394703585051091,-3.8309438912073968
1721000000.0,4.492712602053419,-3.9308305222791833,7.5780386842469225,-1.5028051376472353,4.393611746945769,-3.829610294560898
1722000000.0,4.491607113218583,-3.928960266028705,7.562281666537076,-1.5016614262730512,4.3923783087856405,-3.8281697006007227
1723000000.0,4.490503310104458,-3.927091798995728,7.550093784214688,-1.5113411324027302,4.39144877641507,-3.826790450433728
1724000000.0,4.489401189185569,-3.9252251189392604,7.533755942997265,-1.511023849983505,4.390231157865135,-3.8253800842090535
1725000000.0,4.488300746945385,-3.9233602236212017,7.516205014736928,-1.5101640115814148,4.388986150978633,-3.8239944382180937
1726000000.0,4.487201979876291,-3.9214971108063503,7.500876787653604,-1.514927808254152,4.387906344910365,-3.8226330290383164
1727000000.0,4.486104884479559,-3.9196357782623954,7.485310085256554,-1.514579424534283,4.3867031734122115,-3.8212128353074424
1728000000.0,4.485009457265328,-3.9177762237599176,7.469142053406074,-1.5214612998790762,4.385668081821282,-3.8199052444752657
1729000000.0,4.483915694752572,-3.915918445072386,7.452572576569043,-1.5212546680942374,4.384458930360319,-3.8185171395340998
1730000000.0,4.482823593469076,-3.9140624399761585,7.436087946311113,-1.5219283928282135,4.383273873474482,-3.8171416587363343
1731000000.0,4.481733149951414,-3.9122082062504795,7.421209118510719,-1.5190030063836748,4.382023708241867,-3.815682521345161
1732000000.0,4.4806443607449165,-3.910355741677477,7.405838517418001,-1.5174457630698417,4.380801685903453,-3.8142561945658375
1733000000.0,4.479557222403649,-3.90850504404216,7.39081231388698,-1.5186544965195896,4.379653681342084,-3.812860837243183
1734000000.0,4.478471731490384,-3.9066561111324214,7.373525757691483,-1.517570130642744,4.378420821786676,-3.811493873774411
1735000000.0,4.477387884576581,-3.9048089407390307,7.354342775292326,-1.5190062825791677,4.377226784350334,-3.810210844431615
1736000000.0,4.476305678242352,-3.902963530655637,7.344347468243376,-1.5223817327205433,4.3762049614688125,-3.8087277127274217
1737000000.0,4.475225109076444,-3.9011198786787626,7.320533042610863,-1.5165678390248827,4.374771373714258,-3.8074710911120273
1738000000.0,4.47414617367621,-3.8992779826078046,7.30588675521436,-1.5143250093449314,4.373549917768703,-3.806035370198755
1739000000.0,4.473068868647583,-3.897437840245032,7.290336993768673,-1.5097381232104727,4.372258204439231,-3.8045937928006723
1740000000.0,4.471993190605055,-3.895599449395585,7.270700266794766,-1.5097923832792406,4.371030196258123,-3.8033212422721396
1741000000.0,4.470919136171648,-3.8937628078674695,7.2562738523433685,-1.5056769485848525,4.369767195909106,-3.8018633148218566
1742000000.0,4.46984670197889,-3.8919279134715596,7.23879801393568,-1.5066082168738502,4.368593276844281,-3.8005543192469244
1743000000.0,4.46877588466679,-3.8900947640215926,7.223547994740395,-1.5001550479047707,4.36726085078559,-3.799091496600811
1744000000.0,4.467706680883817,-3.88826335733417,7.208563360728865,-1.497901482551355,4.366040918228945,-3.797681398985121
1745000000.0,4.466639087286866,-3.886433691228753,7.193634259958605,-1.4890255783145239,4.364650984779926,-3.7961822243302734
1746000000.0,4.4655731005412465,-3.8846057635276607,7.178481982456821,-1.484900653853468,4.3633815604029,-3.7947561903830445
1747000000.0,4.464508717320644,-3.882779572056071,7.160337954564033,-1.4852558729149952,4.362188843579615,-3.793472805541925
1748000000.0,4.4634459343071065,-3.8809551146420147,7.139568791446606,-1.4809608766373616,4.360839044645018,-3.792198086274011
1749000000.0,4.462384748191015,-3.879132389116377,7.130310082474065,-1.4756582071841287,4.359622345051634,-3.790609297130569
1750000000.0,4.4613251556710605,-3.8773113933128935,7.118248053525943,-1.469217046920694,4.358337600331533,-3.7890804941008445
1751000000.0,4.460267153454217,-3.875492125068148,7.099072518687864,-1.4678942869847333,4.3570898910919125,-3.7878140278716175
1752000000.0,4.459210738255722,-3.8736745822215717,7.0870999175276586,-1.4641475960755852,4.355879360043672,-3.7863252967666243
1753000000.0,4.45815590679905,-3.8718587626154406,7.066964862019759,-1.4599618923235511,4.354543283346308,-3.7850511221699996
1754000000.0,4.457102655815888,-3.8700446640948742,7.0576233606617995,-1.4523850879023714,4.353268666379137,-3.7834425874928517
1755000000.0,4.456050982046111,-3.868232284507833,7.0380367243749244,-1.4477838017527058,4.351929393722509,-3.7821538554248115
1756000000.0,4.455000882237763,-3.866421621705115,7.019586564916749,-1.4415358910108522,4.35056161548458,-3.7808145562148354
1757000000.0,4.4539523531470255,-3.864612673540355,7.008108412507645,-1.4360345899776055,4.349313997232389,-3.779299442273492
1758000000.0,4.4529053915382,-3.862805437870024,6.99041986626853,-1.4300969973946063,4.3479656174585655,-3.7779494739929884
1759000000.0,4.451859994183683,-3.860999912553423,6.978083176665955,-1.4202669405244583,4.34658810655753,-3.7763993632844746
1760000000.0,4.450816157863939,-3.859196095452686,6.960003194773513,-1.415887971135261,4.345276387083076,-3.775088201531678
1761000000.0,4.449773879367483,-3.8573939844327745,6.949889723909086,-1.4093716848930273,4.344022694372724,-3.7735291939587876
1762000000.0,4.448733155490853,-3.855593577361475,6.93520733449795,-1.3984914756041793,4.342581673387119,-3.772033677717716
1763000000.0,4.447693983038585,-3.8537948721093986,6.921820005139453,-1.3941014356469348,4.341339244049908,-3.770600349034295
1764000000.0,4.446656358823198,-3.85199786654998,6.908997820688547,-1.3835679008473285,4.339934975638157,-3.769061924303432
1765000000.0,4.4456202796651585,-3.85020255855947,6.889384151344848,-1.3787093677052527,4.338586547354666,-3.7677999001840017
1766000000.0,4.44458574239287,-3.8484089460169413,6.877578839955271,-1.371540024327177,4.33729104620839,-3.766287589906513
1767000000.0,4.44355274384264,-3.8466170268042785,6.8629560201581254,-1.3607317235881262,4.335850698666754,-3.7648008088754126
1768000000.0,4.442521280858666,-3.8448267988061797,6.849577779082924,-1.3565862749793292,4.3346165983316025,-3.7633826704841575
1769000000.0,4.4414913502930045,-3.8430382599101574,6.841272419304779,-1.345924565550384,4.333277021359192,-3.7617232344646943
1770000000.0,4.440462949005551,-3.841251408006527,6.828398891403966,-1.3368978778529022,4.331913419206028,-3.7602191750739924
1771000000.0,4.43943607386402,-3.8394662409884153,6.813830889204908,-1.3331035364239263,4.330671806607281,-3.758846495984001
1772000000.0,4.438410721743921,-3.8376827567517515,6.794185426245847,-1.3211785573478274,4.329118948821871,-3.7574938327456224
1773000000.0,4.437386889528532,-3.835900953195266,6.782308065530736,-1.3135158364624515,4.327808930970178,-3.755988451641821
1774000000.0,4.436364574108884,-3.83412082822049,6.772821388257848,-1.3071247295001904,4.326573645902369,-3.7544364345500374
1775000000.0,4.4353437723837335,-3.832342379731751,6.753812720072818,-1.2956435545803817,4.325040072751627,-3.7530782986722135
1776000000.0,4.434324481259542,-3.8305656056361745,6.747837925562874,-1.2827214688492794,4.3236738621011,-3.7513227609285402
1777000000.0,4.433306697650452,-3.8287905038436754,6.73089795870756,-1.270958573812729,4.322163043837764,-3.749902524849477
1778000000.0,4.432290418478267,-3.82701707226696,6.716391426506125,-1.2610088551888887,4.320743074218957,-3.748443167035531
1779000000.0,4.43127564067243,-3.8252453088215246,6.7070056647530825,-1.250753733697485,4.319398454857115,-3.746831538359128
1780000000.0,4.430262361169998,-3.8234752114256474,6.691911308257919,-1.237790549304106,4.317879867942134,-3.7453413899078405
1781000000.0,4.429250576915623,-3.8217067780003955,6.681596315502666,-1.2273917300809125,4.316515343676246,-3.7437559417092765
1782000000.0,4.42824028486153,-3.8199400064696145,6.672136356214535,-1.2197170155379717,4.315244985667448,-3.7421926909318013
1783000000.0,4.4272314819674925,-3.818174894759927,6.6565752144594335,-1.2066799002801467,4.313713841707212,-3.7407174897124262
1784000000.0,4.426224165200813,-3.816411440800734,6.643634804133427,-1.1969866285613773,4.312324411880145,-3.7392239424010003
1785000000.0,4.425218331536303,-3.8146496425242113,6.629954153194487,-1.1810271392532865,4.310737238286607,-3.737644082301724
1786000000.0,4.424213977956258,-3.812889497865306,6.617064990053914,-1.1705800925866088,4.309324907489927,-3.7361375341631495
1787000000.0,4.423211101450436,-3.811131004761732,6.6025418512751575,-1.1586598867918,4.307839352429005,-3.7346541137411124
1788000000.0,4.422209699016038,-3.809374161153973,6.598691813646486,-1.142762847492776,4.3064265306144724,-3.732784531598283
1789000000.0,4.421209767657689,-3.8076189649852763,6.586398510847133,-1.1351785887604473,4.305108253787009,-3.7313137201409186
1790000000.0,4.420211304387408,-3.805865414201652,6.572845202111271,-1.1212511835411396,4.303578907206828,-3.7297663568478323
1791000000.0,4.419214306224596,-3.804113506751868,6.5662275169907005,-1.1072071447703895,4.302172533667754,-3.7280111074398268
1792000000.0,4.418218770196011,-3.8023632405874506,6.550238345003197,-1.0990757501948412,4.30076864828854,-3.7266430671448827
1793000000.0,4.417224693335746,-3.8006146136626793,6.542490905498003,-1.0900175687274116,4.29948981738081,-3.725014379483833
1794000000.0,4.41623207268521,-3.798867623934589,6.534913674229387,-1.0733980830370122,4.29799004069603,-3.7232393257114538
1795000000.0,4.415240905293103,-3.797122269362962,6.5215680921337915,-1.061097207233061,4.296509734984466,-3.7217165290221366
1796000000.0,4.414251188215404,-3.7953785479103286,6.50891226198951,-1.0497367085825688,4.295069570511584,-3.720191536738216
1797000000.0,4.413262918515338,-3.793636457541963,6.501602341487918,-1.0328208448066138,4.2935662738456655,-3.7183999854235736
1798000000.0,4.412276093263364,-3.7918959962258825,6.493434974897625,-1.0209102672167123,4.292196272886781,-3.7167302230961283
1799000000.0,4.41129070953715,-3.7901571619328442,6.484123666501456,-1.0117491889836818,4.290886298941348,-3.7151486923963404
1800000000.0,4.410306764421559,-3.788419952636344,6.476354720593573,-0.9987504272004207,4.28949261008075,-3.7134460429162615
1801000000.0,4.409324255008618,-3.7866843663126084,6.463123133199055,-0.9885594849620031,4.288074368945266,-3.711962227799128
1802000000.0,4.408343178397505,-3.7849504009406014,6.458206999135913,-0.9744419476987436,4.286705072883296,-3.710151686580403
1803000000.0,4.407363531694526,-3.7832180545020124,6.4456497500646135,-0.9613749735325683,4.285213742037542,-3.7085899562199196
1804000000.0,4.4063853120130965,-3.7814873249812604,6.439666603761312,-0.9473837747441085,4.283828403192545,-3.7068126130390144
1805000000.0,4.405408516473718,-3.779758210365489,6.429448305441571,-0.9300240247441255,4.282256434667942,-3.7050913841098985
1806000000.0,4.40443314220396,-3.778030708644563,6.422440462472178,-0.9208520656786143,4.280995467890935,-3.7034430771693203
1807000000.0,4.40345918633844,-3.776304817811067,6.413834490203092,-0.9041632802033774,4.279477714083944,-3.7016855005658753
1808000000.0,4.402486646018803,-3.7745805358603017,6.4094897090786365,-0.896056302317633,4.27830616206065,-3.699980853764681
1809000000.0,4.401515518393698,-3.7728578607902845,6.398749175227113,-0.8839086239577674,4.276879871249057,-3.6983817825750287
1810000000.0,4.400545800618766,-3.7711367906017426,6.393844592940106,-0.8652294463785726,4.275384166208131,-3.6964687044489537
1811000000.0,4.399577489856612,-3.769417323298113,6.38226621132601,-0.850058128576019,4.2738501272821745,-3.69482741534525
1812000000.0,4.398610583276789,-3.7676994568855386,6.383199752369682,-0.8421098578514812,4.272802823543881,-3.692971235991325
1813000000.0,4.3976450780557785,-3.765983189372867,6.371694386326449,-0.8268990561253898,4.271270558556098,-3.6913256678444215
1814000000.0,4.396680971376968,-3.764268518771648,6.364453491206556,-0.8149391158008955,4.269928349401392,-3.6896243790568906
1815000000.0,4.395718260430635,-3.7625554430961294,6.358408963285356,-0.7998214020200237,4.268520294697168,-3.687817214509296
1816000000.0,4.394756942413922,-3.760843960363252,6.3461382111538835,-0.7865199600150735,4.267027380859617,-3.6862335830157913
1817000000.0,4.393797014530827,-3.759134068592657,6.34237160319797,-0.7762111662871084,4.265814609401211,-3.684465783747503
1818000000.0,4.392838473992173,-3.7574257658066683,6.334768035405718,-0.7630675867505685,4.264432668986274,-3.6827470840414738
1819000000.0,4.391881318015591,-3.755719050030306,6.330922628961549,-0.7475376124320912,4.263067584804386,-3.6808624771709204
1820000000.0,4.390925543825509,-3.754013919291269,6.32236332435144,-0.7381724984091621,4.2617769013537785,-3.6792575845283113
1821000000.0,4.38997114865312,-3.7523103716199433,6.316857235518535,-0.7226100027985616,4.26037569867004,-3.677419557998199
1822000000.0,4.389018129736375,-3.750608405049393,6.310931885934465,-0.7110209566700482,4.259082751623706,-3.675685583908368
1823000000.0,4.3880664843199515,-3.7489080176153595,6.307113171545108,-0.6951392601743805,4.257715376929079,-3.6737889543260605
1824000000.0,4.3871162096552485,-3.747209207356262,6.304325228651754,-0.6836406670748106,4.256502409058528,-3.671965225337684
1825000000.0,4.386167303000353,-3.7455119723131878,6.299001314841266,-0.6705498954698945,4.255184909523173,-3.67017749099734
1826000000.0,4.385219761620033,-3.7438163105298967,6.294852198258054,-0.6571354550453119,4.253887844077819,-3.6683475581040494
1827000000.0,4.38427358278571,-3.742122220052814,6.290227822808202,-0.6441606562743332,4.252594025982092,-3.666541578964153
1828000000.0,4.383328763775444,-3.740429698931029,6.284314743590818,-0.6292298475842766,4.2512144589221155,-3.6647248547409816
1829000000.0,4.382385301873918,-3.738738745216293,6.285893852342318,-0.6151267076596537,4.2500435042683735,-3.6627125301047196
1830000000.0,4.381443194372409,-3.7370493569630145,6.28251185677581,-0.6032023305792638,4.248816637216143,-3.6608958640740377
1831000000.0,4.380502438568782,-3.73536153222826,6.274549762271095,-0.589176533303178,4.247418929398,-3.659157846902912
1832000000.0,4.379563031767462,-3.733675269071747,6.275743624298473,-0.5778408431783921,4.24632598769249,-3.657225646045432
1833000000.0,4.378624971279419,-3.7319905655558463,6.270326096851227,-0.5656704386201512,4.245047663727829,-3.6554606897664748
1834000000.0,4.377688254422149,-3.730307419745572,6.265857768365635,-0.5522687723494668,4.24375997014185,-3.6536378683766215
1835000000.0,4.376752878519658,-3.728625829708587,6.260665712300997,-0.539416426699825,4.242471490851506,-3.6518488129138205
1836000000.0,4.375818840902436,-3.726945793515195,6.262366601639831,-0.5260275372761811,4.241344412097048,-3.649852800244082
1837000000.0,4.374886138907452,-3.7252673092383413,6.258031375493279,-0.5157092482071173,4.240152922398861,-3.648103998456789
1838000000.0,4.37395476987812,-3.7235903749536043,6.255562914648283,-0.495808442176405,4.2387447022197735,-3.646058638538997
1839000000.0,4.373024731164293,-3.7219149887391967,6.250943790673731,-0.4861365095055966,4.237567847106755,-3.6443341345842617
1840000000.0,4.372096020122236,-3.7202411486759663,6.2495899375342665,-0.4735125464451005,4.236395448928704,-3.642443844156531
1841000000.0,4.371168634114619,-3.7185688528473837,6.246790099477462,-0.4629918084412776,4.2352459452800755,-3.6406482006779517
1842000000.0,4.370242570510486,-3.716898099339551,6.248980184522538,-0.4499158157140854,4.234158430116707,-3.6386503306984195
1843000000.0,4.369317826685247,-3.7152288862411886,6.244072105701064,-0.4390214263854418,4.232948375057636,-3.6369036058624236
1844000000.0,4.368394400020654,-3.7135612116436385,6.237195755873523,-0.42440098981641844,4.231587102260997,-3.635112534822841
1845000000.0,4.367472287904786,-3.7118950736408607,6.240323857560457,-0.4151309067604188,4.2306361090448155,-3.6331912495750656
1846000000.0,4.366551487732031,-3.7102304703294275,6.238434331237196,-0.3968234940994856,4.229312516880982,-3.631167856860012
1847000000.0,4.365631996903067,-3.708567399808526,6.238068086827232,-0.38406884164175814,4.228181780871421,-3.6292505011668315
1848000000.0,4.364713812824848,-3.70690586017995,6.230197126860616,-0.37326198432013297,4.226905362642087,-3.6275853366425372
1849000000.0,4.36379693291058,-3.7052458495480987,6.227836160671942,-0.3609400397405872,4.2257375608130685,-3.625733030500237
1850000000.0,4.362881354579708,-3.703587366019976,6.232467341148089,-0.3495505167554234,4.224784958131197,-3.6237217996940125
1851000000.0,4.361967075257898,-3.7019304077051856,6.229231622055086,-0.332714335781815,4.223480883621123,-3.6217720675161043
1852000000.0,4.361054092377017,-3.7002749727159303,6.22811541977909,-0.32092517736258586,4.2223692500765235,-3.6199030663883893
1853000000.0,4.360142403375123,-3.698621059167005,6.2288598398767645,-0.3114285675058783,4.221370232568485,-3.6180488608523613
1854000000.0,4.359232005696435,-3.6969686651757967,6.23000843608416,-0.3000376317337391,4.220335620489603,-3.6161341798878945
1855000000.0,4.358322896791327,-3.695317788862285,6.227547127249847,-0.28537801801846024,4.21912143185613,-3.6142242341058592
1856000000.0,4.357415074116306,-3.693668428349031,6.222742567097539,-0.27867764612382656,4.2180494440957785,-3.6125923553453045
1857000000.0,4.356508535133994,-3.6920205817611835,6.223646698528697,-0.26682863025787795,4.217004168029171,-3.610674271129907
1858000000.0,4.355603277313115,-3.690374247226468,6.226689940016393,-0.25177955698729587,4.215939812503445,-3.6086152714867046
1859000000.0,4.354699298128472,-3.68872942287519,6.222311354805716,-0.242258587242997,4.214813607251162,-3.6068970891974086
1860000000.0,4.353796595060936,-3.68708610684023,6.2267298105048905,-0.23025492396454372,4.213870444485585,-3.604890223681618
1861000000.0,4.352895165597424,-3.685444297257039,6.222123552084089,-0.22037411184481728,4.212733140365175,-3.603169171854536
1862000000.0,4.351995007230885,-3.6838039922636376,6.219818909977341,-0.20985158085162817,4.211645608300966,-3.601373493052168
1863000000.0,4.351096117460282,-3.6821651900006143,6.221410132152583,-0.1999490810922157,4.210684218479709,-3.5994995874224274
1864000000.0,4.350198493790575,-3.6805278886111177,6.22277935671308,-0.191794645301354,4.209761997072196,-3.5976816220138703
1865000000.0,4.349302133732708,-3.67889208624086,6.2157546789138856,-0.17890978923032086,4.208491146845234,-3.5959384975267414
1866000000.0,4.348407034803586,-3.6772577810381097,6.218630143211075,-0.17344022711180293,4.207680957022088,-3.5941615644898475
1867000000.0,4.34751319452606,-3.6756249711536904,6.215700985068601,-0.16023572240270498,4.206521509367013,-3.5923105289665287
1868000000.0,4.346620610428916,-3.6739936547409755,6.217276067756012,-0.14912358609963253,4.205542219983018,-3.5904099477728493
1869000000.0,4.345729280046852,-3.6723638299558914,6.217510527220087,-0.1377918615319384,4.2045225877574515,-3.588536952874959
1870000000.0,4.344839200920462,-3.670735494956907,6.222080814579128,-0.13349843345630535,4.2037958850548955,-3.5867604319213116
1871000000.0,4.343950370596225,-3.6691086479050368,6.220669308294955,-0.12550818322178567,4.202813813693363,-3.5850243256524283
1872000000.0,4.343062786626482,-3.667483286963834,6.218065881193464,-0.11134645706737224,4.201653710149405,-3.5831430634443135
1873000000.0,4.342176446569424,-3.665859410299389,6.228425657962598,-0.10220171768610657,4.200981676637978,-3.581099767001454
1874000000.0,4.341291347989073,-3.664237016080328,6.2214192048218955,-0.09771285977902602,4.199929530074741,-3.5795978973175067
1875000000.0,4.340407488455268,-3.6626161024778083,6.223499295131988,-0.08422541571769442,4.1989259411006365,-3.5776296320670107
1876000000.0,4.339524865543648,-3.6609966676655166,6.225505771219687,-0.07651775109006599,4.198057378966099,-3.575828810191616
1877000000.0,4.338643476835635,-3.6593787098196633,6.229372345531668,-0.06422749761297326,4.197138030097564,-3.5738570910701393
1878000000.0,4.337763319918418,-3.657762227118983,6.220862501334607,-0.05590461580391342,4.195960428914175,-3.572283564434549
1879000000.0,4.336884392384939,-3.6561472177447305,6.227387555879623,-0.046489030660660194,4.195187731465545,-3.5703358772075773
1880000000.0,4.336006691833875,-3.654533679880677,6.23860004254277,-0.04016960541382064,4.194620188321099,-3.5683734358753787
1881000000.0,4.335130215869622,-3.6529216117131096,6.231890580059896,-0.03247019380590292,4.193514004608672,-3.5667792469201633
1882000000.0,4.33425496210228,-3.6513110114308223,6.2370134858961865,-0.02532490727328985,4.192758183224413,-3.5649356000127765
1883000000.0,4.333380928147638,-3.649701877225122,6.2433564412363225,-0.01818545106815764,4.192038617004046,-3.5630675716097593
1884000000.0,4.332508111627155,-3.6480942072898186,6.2371931028651595,0.001681944570081615,4.190683550487985,-3.561117490887229
1885000000.0,4.331636510167948,-3.646487999821225,6.238269444519782,-0.0029291432596162043,4.1900783801023405,-3.5597049145930173
1886000000.0,4.330766121402775,-3.644883253018153,6.2372898593164985,0.006921311144381222,4.189096208728731,-3.557927406014996
1887000000.0,4.3298969429700165,-3.6432799650819123,6.243297154189242,0.01728708531653503,4.188304029477697,-3.555983517634506
1888000000.0,4.329028972513664,-3.6416781342163027,6.242374941645794,0.02464969333467791,4.187382246680878,-3.5542787399253615
1889000000.0,4.328162207683306,-3.6400777586276205,6.242576098605196,0.029492470817780055,4.186548770950058,-3.5526227590733495
1890000000.0,4.327296646134104,-3.6384788365246443,6.243794143085355,0.04472649086613939,4.185521428176055,-3.550650161628677
1891000000.0,4.326432285526785,-3.6368813661186397,6.246421103274412,0.042570532376520705,4.184910603334534,-3.549144784626386
1892000000.0,4.3255691235276235,-3.6352853456233536,6.244592371402496,0.04959989585626605,4.183976515497634,-3.547474997088355
1893000000.0,4.324707157808427,-3.633690773255014,6.25312323581408,0.0571890853176571,4.18332690630672,-3.5455696801081715
1894000000.0,4.323846386046518,-3.6320976472323214,6.25177435942213,0.06246525368475123,4.182447073166341,-3.5439427556689806
1895000000.0,4.322986805924723,-3.6305059657764502,6.247092221872819,0.06942956215760795,4.1814379653491285,-3.54233968653492
1896000000.0,4.322128415131353,-3.628915727111047,6.25108376335263,0.0748919271745581,4.180708924145081,-3.5405973671969204
1897000000.0,4.321271211360191,-3.627326929462223,6.26112484501564,0.08713638386142107,4.180010959310953,-3.5385382599675164
1898000000.0,4.3204151923104765,-3.625739571058554,6.255861245259849,0.08981071583886999,4.179080050548916,-3.5370728363821513
1899000000.0,4.31956035568689,-3.6241536501310794,6.260080518124009,0.0943675918841494,4.178380286371935,-3.5353579312581664
1900000000.0,4.318706699199537,-3.6225691649132914,6.2620592638006425,0.09530919286989611,4.177692907331292,-3.5337938656263246
1901000000.0,4.317854220563936,-3.620986113641143,6.2630505892403345,0.09959615499028121,4.176909209310434,-3.5321571340283455
1902000000.0,4.317002917501002,-3.619404494553037,6.261540076208121,0.10940425579043096,4.175942256419775,-3.5304172985193443
1903000000.0,4.316152787737027,-3.6178243058898247,6.26470900851441,0.11360940296779368,4.17522456594721,-3.5287414763153984
1904000000.0,4.315303829003677,-3.6162455458948064,6.269029739254693,0.11637932980186783,4.174569678168526,-3.5270845739640633
1905000000.0,4.314456039037964,-3.614668212813723,6.26624457436532,0.12166467535367728,4.173663903870994,-3.5255033221377596
1906000000.0,4.313609415582237,-3.613092304894756,6.270598114788656,0.12758175675479394,4.172948085905423,-3.523760578252461
1907000000.0,4.31276395638417,-3.611517820388526,6.271206853333872,0.13390271762430972,4.1721198189925,-3.5220842781441024
1908000000.0,4.311919659196745,-3.6099447575480883,6.270942355884261,0.13641529964485774,4.171345033893205,-3.5205344825335754
1909000000.0,4.311076521778234,-3.6083731146289275,6.274476719169153,0.14004373437532966,4.170655735138061,-3.518878368470067
1910000000.0,4.31023454189219,-3.606802889888958,6.275827140431825,0.14323269484446619,4.169914782438034,-3.517280206244024
1911000000.0,4.3093937173074295,-3.6052340815885198,6.272556576475821,0.15101785406335352,4.168953235890836,-3.5156467647376224
1912000000.0,4.308554045798019,-3.6036666879903736,6.272026685991382,0.148860840569551,4.168268427736419,-3.5142393881522933
1913000000.0,4.307715525143257,-3.6021007073597033,6.280259822886904,0.1533589568844992,4.167697459270941,-3.512472015110833
1914000000.0,4.306878153127669,-3.600536137964107,6.276371600985833,0.15999972539254148,4.166745444907458,-3.5108873875556905
1915000000.0,4.306041927540981,-3.5989729780735957,6.271258833757333,0.16501800489866464,4.165792381496123,-3.5093735085831184
1916000000.0,4.305206846178115,-3.5974112259605926,6.276828419174952,0.16899419296216564,4.1651608098102715,-3.5076792298900554
1917000000.0,4.304372906839169,-3.595850879899928,6.28274571716789,0.17622379907754535,4.1644758655433245,-3.505889451676851
1918000000.0,4.303540107329406,-3.5942919381688383,6.2708943669537724,0.1785048551972266,4.1633916390837395,-3.504587893614646
1919000000.0,4.302708445459236,-3.5927343990469573,6.278260728442848,0.18246411449527922,4.162813993108759,-3.5028643657210927
1920000000.0,4.301877919044208,-3.5911782608163225,6.274480966897964,0.18516154631240894,4.161949877018596,-3.5013955649925004
1921000000.0,4.30104852590499,-3.589623521761364,6.273235882790534,0.18839536791571818,4.161147287279067,-3.4998636102289233
1922000000.0,4.30022026386736,-3.588070180168907,6.275618709800494,0.19254719955517938,4.16042940610709,-3.49823687950737
1923000000.0,4.299393130762188,-3.5865182343281634,6.275086330860688,0.19632914374638072,4.159638279038904,-3.496678632713015
1924000000.0,4.298567124425421,-3.5849676825307344,6.275930209959485,0.20022678895884766,4.158884455422749,-3.4950919902471673
1925000000.0,4.297742242698076,-3.583418523070603,6.275305567639776,0.2023322570842025,4.158125254197366,-3.493585185220492
1926000000.0,4.29691848342622,-3.581870754244135,6.273350751614772,0.21279825345586675,4.157169291675919,-3.49187187916836
1927000000.0,4.296095844460956,-3.580324374350073,6.2734108566138,0.20866948887661063,4.15655094577968,-3.4905287696426592
1928000000.0,4.295274323658414,-3.5787793816895346,6.275474595055799,0.21829633687830868,4.155725801208708,-3.488764927559741
1929000000.0,4.294453918879734,-3.5772357745660073,6.270704154599784,0.2243636537307645,4.154779581924871,-3.4872321720368316
1930000000.0,4.293634627991053,-3.5756935512853514,6.271959419813418,0.22889887079871146,4.154031995932557,-3.485628772156511
1931000000.0,4.29281644886349,-3.5741527101557895,6.272479263225465,0.22331063002143786,4.153457068771604,-3.4843230334394524
1932000000.0,4.291999379373134,-3.5726132494879086,6.268670324574641,0.231673673174219,4.1524974453036565,-3.4827119595794995
1933000000.0,4.291183417401032,-3.5710751675946546,6.267142341587965,0.23637711174853931,4.15167213318721,-3.4811607820262207
1934000000.0,4.290368560833171,-3.5695384627913316,6.269565212534351,0.24501290006211274,4.150884209512823,-3.4794268254120015
1935000000.0,4.289554807560468,-3.5680031333955955,6.264660922904887,0.24596080375439405,4.150037728515891,-3.4780465843310475
1936000000.0,4.288742155478757,-3.5664691777274564,6.262824586043461,0.2507869444074003,4.149205019249593,-3.476501683837905
1937000000.0,4.287930602488773,-3.5649365941092683,6.264503620634136,0.2611661644660957,4.14836804161506,-3.4747373110136723
1938000000.0,4.2871201464961395,-3.5634053808657327,6.263402115827934,0.26296154592598825,4.1476148412626594,-3.473266029434213
1939000000.0,4.286310785411358,-3.5618755363238925,6.262345233960202,0.26745477785418026,4.146813749442914,-3.4717199215645955
1940000000.0,4.28550251714979,-3.560347058813129,6.258789948109799,0.27441722144220543,4.145898312997378,-3.470152377384644
1941000000.0,4.2846953396316465,-3.5588199466651593,6.255126461112147,0.28078795177707283,4.14499205778854,-3.4686043478120396
1942000000.0,4.283889250781978,-3.5572941982140343,6.257988254512379,0.28435984901059874,4.144321171950604,-3.467015743334933
1943000000.0,4.283084248530652,-3.555769811796134,6.256426480186509,0.28830792121956966,4.143520679347149,-3.465499417008408
1944000000.0,4.282280330812351,-3.554246785750165,6.258296050017139,0.29323508730414244,4.142799261780829,-3.463894292881104
1945000000.0,4.281477495566552,-3.5527251184171584,6.249300729493159,0.2985429267338808,4.141768209977283,-3.4624782145806487
1946000000.0,4.280675740737517,-3.551204808140468,6.253497034799485,0.30479714570984107,4.141090340784096,-3.460796315155603
1947000000.0,4.279875064274277,-3.549685853265761,6.251664138893291,0.3099470156554103,4.140265013713021,-3.459256475782945
1948000000.0,4.279075464130622,-3.548168252141024,6.251388641246061,0.315386595250618,4.139479237173795,-3.457681665808405
1949000000.0,4.278276938265086,-3.546652003116553,6.246951283973612,0.32373095486644576,4.138525909803481,-3.4561016855244096
1950000000.0,4.277479484640937,-3.5451371045449527,6.249853166195324,0.32560866834102126,4.137895594451124,-3.454572319247106
1951000000.0,4.276683101226162,-3.543623554781137,6.248908672458203,0.3337068388505896,4.137047288702106,-3.452939207807997
1952000000.0,4.2758877859934525,-3.5421113521823195,6.246201894800106,0.33751680602635187,4.136227432430093,-3.451458842348834
1953000000.0,4.2750935369201954,-3.5406004951080137,6.2437070691215295,0.3400909478055891,4.135436519756437,-3.45001054485435
1954000000.0,4.274300351988459,-3.539090981920033,6.249827834698021,0.3484143151449397,4.134786001088859,-3.448249972041348
1955000000.0,4.27350822918498,-3.537582810982481,6.240755243142599,0.35204495699011973,4.133794320927192,-3.446890724708189
1956000000.0,4.27271716650115,-3.5360759806617557,6.2391025575765555,0.35754513811960803,4.132978561007608,-3.4453491817266286
1957000000.0,4.271927161933005,-3.534570489326541,6.241678698163463,0.3670476829735042,4.132212606153228,-3.4436225466261674
1958000000.0,4.271138213481209,-3.5330663353478062,6.242500120370552,0.3702446899031064,4.1315090337784195,-3.4421051508064346
1959000000.0,4.270350319151048,-3.531563517098803,6.237588507948495,0.37485525522898544,4.130621141539052,-3.4406492909862223
1960000000.0,4.269563476952413,-3.5300620329550623,6.2372666540280175,0.38152200324797014,4.129827433140442,-3.4390570814871735
1961000000.0,4.268777684899786,-3.528561881294391,6.237322775201637,0.3857750472660436,4.129087357486399,-3.4375274692350115
1962000000.0,4.267992941012232,-3.527063060496867,6.239149073268755,0.39166195820464644,4.128369847052236,-3.435923026035704
1963000000.0,4.267209243313385,-3.525565568944842,6.235928961011224,0.39566844980994714,4.127544356768795,-3.4344594482415034
1964000000.0,4.266426589831433,-3.524069405022931,6.231297664396275,0.4025838922105955,4.126630477859737,-3.4329394763174923
1965000000.0,4.265644978599109,-3.5225745671180166,6.232542872695014,0.4085072980817114,4.1258998588401745,-3.431348103651926
1966000000.0,4.264864407653682,-3.5210810536192407,6.236536535904244,0.41323082329273364,4.125267849465655,-3.4297454148791355
1967000000.0,4.264084875036932,-3.5195888629180008,6.230164605537449,0.42180549992612626,4.1242811575845995,-3.4282116399248825
1968000000.0,4.2633063787951535,-3.518097993407956,6.235109317757521,0.42921579779212937,4.12363325024502,-3.426520974868952
1969000000.0,4.262528916979135,-3.51660844348501,6.2267129873243166,0.4331170309151628,4.122670944480851,-3.425154067472708
1970000000.0,4.261752487644146,-3.515120211547322,6.232973804734369,0.4429484426478551,4.122022466602164,-3.423376744067329
1971000000.0,4.260977088849929,-3.5136332959952923,6.22465556344036,0.4505551206778544,4.121003066001426,-3.4219057505767196
1972000000.0,4.260202718660684,-3.512147695231568,6.227337732803242,0.45226605127516095,4.1203917131694245,-3.420419378653441
1973000000.0,4.2594293751450625,-3.5106634076610357,6.225689109643098,0.46175674146588236,4.11953129143624,-3.418787272776773
1974000000.0,4.258657056376146,-3.5091804316908184,6.230953569998137,0.4680999963213892,4.118918373888503,-3.417131823471173
1975000000.0,4.257885760431441,-3.507698765730274,6.225854478049144,0.47245588044090153,4.118048034180103,-3.415703043103083
1976000000.0,4.257115485392867,-3.506218408190991,6.224688670282982,0.483934120920014,4.11717371750979,-3.414011024673526
1977000000.0,4.256346229346742,-3.5047393574867853,6.226744592287517,0.49137344454530996,4.116457214754487,-3.412381965931579
1978000000.0,4.255577990383773,-3.5032616120337003,6.2255429573012995,0.4942440989297098,4.115723789829982,-3.4109352305175107
1979000000.0,4.254810766599041,-3.5017851702500016,6.226434838735533,0.49931638280091806,4.115014867373953,-3.409394420900041
1980000000.0,4.254044556091994,-3.5003100305561743,6.224035036623134,0.5114450892248605,4.1141024489217575,-3.4077092417396333
1981000000.0,4.253279356966429,-3.4988361913749153,6.228063579957866,0.5157814829764086,4.1134958998084485,-3.406142547168524
1982000000.0,4.252515167330488,-3.497363651131141,6.227610573089468,0.5266800772186536,4.112661437341449,-3.404464065545931
1983000000.0,4.251751985296641,-3.4958924082519762,6.2255466611732,0.5350912103564698,4.1118225863727815,-3.4028818374092302
1984000000.0,4.250989808981675,-3.4944224611667525,6.226326318038637,0.5401682612333756,4.111116897451821,-3.4013502802774487
1985000000.0,4.250228636506684,-3.4929538083070057,6.227538994017902,0.5479852303955401,4.110382137515144,-3.3997366586526336
1986000000.0,4.249468465997056,-3.4914864481064742,6.22755697518418,0.557748000005075,4.109585540963127,-3.3980884145288415
1987000000.0,4.248709295582466,-3.4900203790010944,6.225585034577432,0.5656096870286941,4.108763884942728,-3.3965252621823017
1988000000.0,4.247951123396855,-3.4885555994289987,6.22936489426709,0.5744814391011144,4.108089900967817,-3.394847857127751
1989000000.0,4.247193947578429,-3.4870921078305126,6.229104323608187,0.5836040850396307,4.107300465294331,-3.3932262974428795
1990000000.0,4.246437766269642,-3.4856299026481494,6.229580534958949,0.5888677406789955,4.106591022535246,-3.391703341936766
1991000000.0,4.245682577617184,-3.48416898232661,6.229001709970875,0.6012950306935552,4.105746770603506,-3.3899967240191704
1992000000.0,4.244928379771974,-3.482709345312781,6.229897032569698,0.608217036862329,4.1050272906982,-3.388424102418841
1993000000.0,4.244175170889145,-3.4812509900557265,6.233512261598531,0.6179968916177102,4.104343497279433,-3.386733276547361
1994000000.0,4.243422949128034,-3.479793915006692,6.233475576777441,0.6271985454222077,4.103567670494734,-3.3851138232272673
1995000000.0,4.242671712652172,-3.4783381186190945,6.2367661004567765,0.6382990099672218,4.1028593654454095,-3.383394877589236
1996000000.0,4.241921459629268,-3.4768835993485245,6.232327843716585,0.6430803089478278,4.102027237903324,-3.3819652111470786
1997000000.0,4.2411721882312055,-3.4754303556527417,6.230762700513907,0.6570179087135679,4.101146354015754,-3.380239053828633
1998000000.0,4.240423896634026,-3.4739783859916713,6.236783130473173,0.6631260381086344,4.1005907273769795,-3.378626475853313
1999000000.0,4.239676583017921,-3.4725276888274035,6.2389705922036525,0.6707475302560919,4.099907680519518,-3.3770276738456246
2000000000.0,4.238930245567215,-3.4710782626241845,6.247132709459352,0.6827802674532056,4.0993312268126285,-3.375225046445602
