f_Hz,teorico_re,teorico_im,"Medido (simplificado, 3 patrones)_re","Medido (simplificado, 3 patrones)_im","Medido (completo, 4 patrones, Automático)_re","Medido (completo, 4 patrones, Automático)_im","Medido (completo, 4 patrones, Clásico)_re","Medido (completo, 4 patrones, Clásico)_im"
100000000.0,81.90464834543097,-0.5177116711955647,81.90464834543096,-0.5177116711955633,81.90464834543091,-0.5177116711956651,81.90464834543091,-0.5177116711956651
105000000.0,81.9042892385438,-0.5435947029539173,81.90428923854381,-0.5435947029539147,81.90428923854394,-0.543594702953881,81.90428923854394,-0.543594702953881
110000000.0,81.90391261786968,-0.5694773613048798,81.90391261786968,-0.5694773613048798,81.90391261786965,-0.5694773613047663,81.90391261786965,-0.5694773613047663
115000000.0,81.90351848392604,-0.5953596284735678,81.90351848392602,-0.5953596284735677,81.90351848392613,-0.5953596284735849,81.90351848392613,-0.5953596284735849
120000000.0,81.90310683725427,-0.621241486685992,81.90310683725426,-0.6212414866859919,81.90310683725431,-0.6212414866859833,81.90310683725431,-0.6212414866859833
125000000.0,81.90267767841993,-0.6471229181691001,81.90267767841995,-0.647122918169098,81.90267767841995,-0.6471229181694359,81.90267767841995,-0.6471229181694359
130000000.0,81.90223100801254,-0.6730039051508163,81.90223100801254,-0.6730039051508163,81.90223100801262,-0.6730039051505659,81.90223100801262,-0.6730039051505659
135000000.0,81.90176682664567,-0.6988844298600828,81.90176682664567,-0.6988844298600828,81.90176682664554,-0.698884429860013,81.90176682664554,-0.698884429860013
140000000.0,81.90128513495699,-0.7247644745268996,81.90128513495699,-0.7247644745268996,81.90128513495682,-0.7247644745270829,81.90128513495682,-0.7247644745270829
145000000.0,81.90078593360815,-0.7506440213823662,81.90078593360815,-0.7506440213823662,81.90078593360819,-0.7506440213825214,81.90078593360819,-0.7506440213825214
150000000.0,81.9002692232849,-0.7765230526587217,81.90026922328488,-0.7765230526587253,81.90026922328481,-0.7765230526587052,81.90026922328481,-0.7765230526587052
155000000.0,81.89973500469694,-0.8024015505893848,81.89973500469694,-0.8024015505893848,81.899735004697,-0.8024015505893722,81.899735004697,-0.8024015505893722
160000000.0,81.89918327857808,-0.8282794974089959,81.89918327857808,-0.8282794974089941,81.89918327857804,-0.828279497409063,81.89918327857804,-0.828279497409063
165000000.0,81.89861404568614,-0.8541568753534565,81.89861404568614,-0.8541568753534547,81.89861404568622,-0.8541568753533663,81.89861404568622,-0.8541568753533663
170000000.0,81.89802730680297,-0.8800336666599704,81.89802730680297,-0.8800336666599704,81.89802730680282,-0.8800336666600617,81.89802730680282,-0.8800336666600617
175000000.0,81.89742306273443,-0.9059098535670842,81.89742306273445,-0.9059098535670811,81.89742306273449,-0.9059098535668342,81.89742306273449,-0.9059098535668342
180000000.0,81.89680131431042,-0.9317854183147278,81.89680131431044,-0.9317854183147248,81.8968013143103,-0.9317854183147164,81.8968013143103,-0.9317854183147164
185000000.0,81.89616206238487,-0.9576603431442555,81.89616206238489,-0.9576603431442526,81.8961620623848,-0.9576603431445245,81.8961620623848,-0.9576603431445245
190000000.0,81.8955053078357,-0.9835346102984855,81.89550530783572,-0.9835346102984828,81.89550530783565,-0.9835346102984575,81.89550530783565,-0.9835346102984575
195000000.0,81.89483105156485,-1.0094082020217419,81.89483105156485,-1.009408202021739,81.89483105156498,-1.0094082020215436,81.89483105156498,-1.0094082020215436
200000000.0,81.8941392944983,-1.0352811005598945,81.89413929449829,-1.0352811005598943,81.89413929449836,-1.0352811005599682,81.89413929449836,-1.0352811005599682
205000000.0,81.89343003758601,-1.0611532881603984,81.893430037586,-1.0611532881603982,81.89343003758599,-1.0611532881602403,81.89343003758599,-1.0611532881602403
210000000.0,81.89270328180197,-1.0870247470723382,81.89270328180196,-1.087024747072338,81.89270328180193,-1.0870247470724799,81.89270328180193,-1.0870247470724799
215000000.0,81.89195902814413,-1.1128954595464633,81.89195902814413,-1.1128954595464633,81.8919590281441,-1.1128954595466025,81.8919590281441,-1.1128954595466025
220000000.0,81.89119727763449,-1.1387654078352323,81.89119727763449,-1.1387654078352323,81.89119727763445,-1.138765407835746,81.89119727763445,-1.138765407835746
225000000.0,81.89041803131899,-1.1646345741928528,81.89041803131899,-1.1646345741928528,81.89041803131896,-1.1646345741926365,81.89041803131896,-1.1646345741926365
230000000.0,81.88962129026763,-1.1905029408753216,81.88962129026761,-1.1905029408753214,81.88962129026756,-1.1905029408756351,81.88962129026756,-1.1905029408756351
235000000.0,81.88880705557433,-1.216370490140464,81.88880705557433,-1.216370490140464,81.88880705557423,-1.216370490140439,81.88880705557423,-1.216370490140439
240000000.0,81.88797532835703,-1.2422372042479766,81.88797532835702,-1.2422372042479788,81.88797532835713,-1.2422372042479721,81.88797532835713,-1.2422372042479721
245000000.0,81.88712610975763,-1.2681030654594663,81.88712610975763,-1.2681030654594663,81.88712610975762,-1.2681030654593481,81.88712610975762,-1.2681030654593481
250000000.0,81.88625940094205,-1.2939680560384923,81.88625940094204,-1.293968056038492,81.88625940094202,-1.293968056038462,81.88625940094202,-1.293968056038462
255000000.0,81.88537520310017,-1.3198321582506043,81.88537520310018,-1.3198321582506045,81.88537520310037,-1.3198321582509573,81.88537520310037,-1.3198321582509573
260000000.0,81.88447351744573,-1.345695354363384,81.88447351744573,-1.345695354363384,81.88447351744571,-1.3456953543636423,81.88447351744571,-1.3456953543636423
265000000.0,81.88355434521662,-1.3715576266464877,81.88355434521662,-1.3715576266464877,81.8835543452167,-1.3715576266461615,81.8835543452167,-1.3715576266461615
270000000.0,81.88261768767454,-1.3974189573716824,81.88261768767454,-1.3974189573716782,81.88261768767472,-1.3974189573717106,81.88261768767472,-1.3974189573717106
275000000.0,81.8816635461052,-1.4232793288128904,81.8816635461052,-1.4232793288128904,81.88166354610559,-1.423279328813132,81.88166354610559,-1.423279328813132
280000000.0,81.88069192181831,-1.4491387232462283,81.88069192181831,-1.4491387232462283,81.88069192181835,-1.449138723246174,81.88069192181835,-1.449138723246174
285000000.0,81.8797028161474,-1.4749971229500458,81.8797028161474,-1.4749971229500458,81.87970281614754,-1.4749971229500969,81.87970281614754,-1.4749971229500969
290000000.0,81.87869623045007,-1.5008545102049682,81.87869623045007,-1.5008545102049682,81.87869623045003,-1.5008545102051127,81.87869623045003,-1.5008545102051127
295000000.0,81.87767216610781,-1.526710867293937,81.8776721661078,-1.5267108672939405,81.87767216610794,-1.5267108672942036,81.87767216610794,-1.5267108672942036
300000000.0,81.876630624526,-1.5525661765022483,81.876630624526,-1.5525661765022483,81.87663062452589,-1.5525661765022645,81.87663062452589,-1.5525661765022645
305000000.0,81.875571607134,-1.5784204201175942,81.87557160713399,-1.5784204201175975,81.87557160713405,-1.5784204201177103,81.87557160713405,-1.5784204201177103
310000000.0,81.8744951153851,-1.6042735804301052,81.8744951153851,-1.6042735804301052,81.87449511538496,-1.6042735804302093,81.87449511538496,-1.6042735804302093
315000000.0,81.87340115075648,-1.6301256397323867,81.87340115075646,-1.6301256397323898,81.87340115075646,-1.6301256397325228,81.87340115075646,-1.6301256397325228
320000000.0,81.87228971474921,-1.6559765803195614,81.87228971474921,-1.6559765803195579,81.8722897147492,-1.655976580319486,81.8722897147492,-1.655976580319486
325000000.0,81.87116080888835,-1.681826384489312,81.87116080888835,-1.681826384489312,81.87116080888825,-1.681826384489191,81.87116080888825,-1.681826384489191
330000000.0,81.87001443472273,-1.7076750345419158,81.87001443472273,-1.7076750345419158,81.87001443472262,-1.7076750345417515,81.87001443472262,-1.7076750345417515
335000000.0,81.86885059382523,-1.7335225127802907,81.86885059382523,-1.733522512780294,81.86885059382524,-1.7335225127804734,81.86885059382524,-1.7335225127804734
340000000.0,81.86766928779252,-1.7593688015100328,81.86766928779252,-1.7593688015100328,81.86766928779268,-1.7593688015098523,81.86766928779268,-1.7593688015098523
345000000.0,81.8664705182452,-1.785213883039456,81.8664705182452,-1.785213883039456,81.86647051824508,-1.7852138830392037,81.86647051824508,-1.7852138830392037
350000000.0,81.86525428682769,-1.811057739679634,81.86525428682769,-1.8110577396796308,81.86525428682731,-1.8110577396794687,81.86525428682731,-1.8110577396794687
355000000.0,81.86402059520836,-1.83690035374444,81.86402059520836,-1.83690035374444,81.86402059520867,-1.8369003537445319,81.86402059520867,-1.8369003537445319
360000000.0,81.86276944507944,-1.8627417075505874,81.86276944507944,-1.8627417075505874,81.86276944507942,-1.8627417075507444,81.86276944507942,-1.8627417075507444
365000000.0,81.86150083815696,-1.8885817834176684,81.86150083815694,-1.8885817834176744,81.8615008381568,-1.8885817834176717,81.8615008381568,-1.8885817834176717
370000000.0,81.86021477618087,-1.9144205636681961,81.86021477618087,-1.9144205636681961,81.86021477618094,-1.9144205636684652,81.86021477618094,-1.9144205636684652
375000000.0,81.85891126091495,-1.9402580306276431,81.85891126091497,-1.9402580306276376,81.85891126091506,-1.9402580306277808,81.85891126091506,-1.9402580306277808
380000000.0,81.85759029414685,-1.966094166624484,81.85759029414685,-1.966094166624484,81.85759029414693,-1.966094166624682,81.85759029414693,-1.966094166624682
385000000.0,81.856251877688,-1.9919289539902325,81.856251877688,-1.9919289539902325,81.85625187768795,-1.9919289539903073,81.85625187768795,-1.9919289539903073
390000000.0,81.85489601337372,-2.0177623750594846,81.85489601337373,-2.0177623750594793,81.85489601337379,-2.017762375059433,81.85489601337379,-2.017762375059433
395000000.0,81.85352270306313,-2.0435944121699556,81.85352270306313,-2.0435944121699556,81.8535227030629,-2.0435944121697545,81.8535227030629,-2.0435944121697545
400000000.0,81.85213194863918,-2.0694250476625244,81.85213194863918,-2.0694250476625244,81.85213194863881,-2.0694250476623997,81.85213194863881,-2.0694250476623997
405000000.0,81.85072375200865,-2.095254263881269,81.85072375200865,-2.095254263881269,81.85072375200912,-2.095254263881664,81.85072375200912,-2.095254263881664
410000000.0,81.84929811510207,-2.1210820431735105,81.84929811510207,-2.1210820431735105,81.84929811510179,-2.1210820431733577,81.84929811510179,-2.1210820431733577
415000000.0,81.84785503987385,-2.14690836788985,81.84785503987385,-2.1469083678898446,81.84785503987405,-2.146908367890323,81.84785503987405,-2.146908367890323
420000000.0,81.84639452830214,-2.172733220384212,81.84639452830214,-2.172733220384212,81.8463945283023,-2.1727332203842145,81.8463945283023,-2.1727332203842145
425000000.0,81.84491658238886,-2.1985565830138794,81.84491658238886,-2.1985565830138794,81.84491658238933,-2.198556583014183,81.84491658238933,-2.198556583014183
430000000.0,81.84342120415981,-2.224378438139542,81.8434212041598,-2.2243784381395466,81.84342120415971,-2.2243784381393428,81.84342120415971,-2.2243784381393428
435000000.0,81.84190839566445,-2.250198768125326,81.84190839566443,-2.2501987681253257,81.84190839566423,-2.250198768125056,81.84190839566423,-2.250198768125056
440000000.0,81.84037815897607,-2.2760175553388433,81.84037815897607,-2.2760175553388433,81.84037815897592,-2.276017555338785,81.84037815897592,-2.276017555338785
445000000.0,81.83883049619169,-2.301834782151226,81.83883049619169,-2.301834782151221,81.83883049619185,-2.301834782151383,81.83883049619185,-2.301834782151383
450000000.0,81.83726540943212,-2.3276504309371666,81.83726540943212,-2.3276504309371666,81.83726540943178,-2.327650430936834,81.83726540943178,-2.327650430936834
455000000.0,81.83568290084186,-2.3534644840749612,81.83568290084186,-2.3534644840749612,81.83568290084166,-2.353464484074564,81.83568290084166,-2.353464484074564
460000000.0,81.83408297258921,-2.3792769239465477,81.83408297258921,-2.3792769239465477,81.83408297258921,-2.37927692394642,81.83408297258921,-2.37927692394642
465000000.0,81.83246562686615,-2.405087732937544,81.83246562686615,-2.405087732937544,81.83246562686631,-2.40508773293762,81.83246562686631,-2.40508773293762
470000000.0,81.8308308658884,-2.4308968934372905,81.83083086588839,-2.4308968934372945,81.83083086588843,-2.4308968934373465,81.83083086588843,-2.4308968934373465
475000000.0,81.82917869189542,-2.4567043878388892,81.82917869189542,-2.4567043878388986,81.82917869189555,-2.4567043878388097,81.82917869189555,-2.4567043878388097
480000000.0,81.82750910715035,-2.4825101985392424,81.82750910715035,-2.482510198539238,81.82750910715036,-2.482510198539562,81.82750910715036,-2.482510198539562
485000000.0,81.82582211393999,-2.5083143079390937,81.82582211393999,-2.5083143079390893,81.82582211393996,-2.50831430793902,81.82582211393996,-2.50831430793902
490000000.0,81.82411771457495,-2.5341166984430696,81.82411771457495,-2.5341166984430696,81.82411771457463,-2.5341166984427956,81.82411771457463,-2.5341166984427956
495000000.0,81.8223959113894,-2.5599173524597147,81.8223959113894,-2.5599173524597147,81.82239591138952,-2.5599173524596814,81.82239591138952,-2.5599173524596814
500000000.0,81.82065670674129,-2.585716252401535,81.82065670674127,-2.585716252401543,81.82065670674132,-2.585716252401554,81.82065670674132,-2.585716252401554
505000000.0,81.81890010301213,-2.6115133806850372,81.81890010301213,-2.6115133806850417,81.81890010301214,-2.611513380685064,81.81890010301214,-2.611513380685064
510000000.0,81.81712610260716,-2.6373087197307687,81.81712610260716,-2.6373087197307687,81.81712610260725,-2.6373087197307354,81.81712610260725,-2.6373087197307354
515000000.0,81.81533470795529,-2.663102251963355,81.81533470795529,-2.6631022519633634,81.81533470795543,-2.6631022519634286,81.81533470795543,-2.6631022519634286
520000000.0,81.81352592150904,-2.6888939598115438,81.81352592150904,-2.6888939598115438,81.81352592150897,-2.6888939598113994,81.81352592150897,-2.6888939598113994
525000000.0,81.81169974574452,-2.7146838257082395,81.81169974574452,-2.7146838257082435,81.8116997457449,-2.7146838257084194,81.8116997457449,-2.7146838257084194
530000000.0,81.80985618316157,-2.740471832090546,81.80985618316159,-2.7404718320905426,81.80985618316153,-2.7404718320907278,81.80985618316153,-2.7404718320907278
535000000.0,81.80799523628355,-2.766257961399807,81.80799523628355,-2.766257961399811,81.80799523628356,-2.7662579613999454,81.80799523628356,-2.7662579613999454
540000000.0,81.8061169076575,-2.792042196081644,81.8061169076575,-2.792042196081644,81.80611690765753,-2.7920421960815167,81.80611690765753,-2.7920421960815167
545000000.0,81.80422119985404,-2.817824518585996,81.80422119985404,-2.817824518585996,81.80422119985427,-2.817824518586068,81.80422119985427,-2.817824518586068
550000000.0,81.80230811546734,-2.8436049113671595,81.80230811546733,-2.843604911367159,81.80230811546753,-2.843604911367195,81.80230811546753,-2.843604911367195
555000000.0,81.80037765711522,-2.8693833568838296,81.80037765711522,-2.8693833568838296,81.8003776571153,-2.8693833568840104,81.8003776571153,-2.8693833568840104
560000000.0,81.79842982743904,-2.8951598375991345,81.79842982743904,-2.8951598375991345,81.79842982743911,-2.895159837599204,81.79842982743911,-2.895159837599204
565000000.0,81.79646462910371,-2.9209343359806823,81.79646462910371,-2.9209343359806823,81.79646462910367,-2.920934335980699,81.79646462910367,-2.920934335980699
570000000.0,81.79448206479773,-2.946706834500596,81.79448206479773,-2.946706834500596,81.79448206479795,-2.9467068345007488,81.79448206479795,-2.9467068345007488
575000000.0,81.79248213723312,-2.972477315635552,81.79248213723312,-2.972477315635552,81.79248213723278,-2.972477315635473,81.79248213723278,-2.972477315635473
580000000.0,81.79046484914547,-2.998245761866823,81.79046484914547,-2.998245761866823,81.79046484914555,-2.9982457618668215,81.79046484914555,-2.9982457618668215
585000000.0,81.78843020329386,-3.024012155680316,81.78843020329386,-3.024012155680316,81.78843020329396,-3.024012155680399,81.78843020329396,-3.024012155680399
590000000.0,81.78637820246091,-3.0497764795666096,81.7863782024609,-3.049776479566609,81.78637820246134,-3.0497764795667788,81.78637820246134,-3.0497764795667788
595000000.0,81.78430884945273,-3.075538716020998,81.78430884945273,-3.075538716021005,81.78430884945266,-3.0755387160208394,81.78430884945266,-3.0755387160208394
600000000.0,81.78222214709898,-3.1012988475435264,81.78222214709898,-3.1012988475435264,81.78222214709868,-3.1012988475434056,81.78222214709868,-3.1012988475434056
605000000.0,81.78011809825277,-3.1270568566390318,81.78011809825277,-3.1270568566390318,81.78011809825253,-3.1270568566389794,81.78011809825253,-3.1270568566389794
610000000.0,81.77799670579066,-3.1528127258171814,81.77799670579064,-3.152812725817181,81.77799670579086,-3.152812725817498,81.77799670579086,-3.152812725817498
615000000.0,81.77585797261278,-3.1785664375925164,81.77585797261278,-3.1785664375925164,81.77585797261264,-3.178566437592422,81.77585797261264,-3.178566437592422
620000000.0,81.7737019016426,-3.2043179744844816,81.7737019016426,-3.2043179744844816,81.77370190164251,-3.204317974484407,81.77370190164251,-3.204317974484407
625000000.0,81.77152849582713,-3.2300673190174765,81.77152849582713,-3.2300673190174765,81.77152849582713,-3.2300673190177074,81.77152849582713,-3.2300673190177074
630000000.0,81.76933775813679,-3.2558144537208866,81.7693377581368,-3.255814453720881,81.76933775813669,-3.255814453720832,81.76933775813669,-3.255814453720832
635000000.0,81.76712969156542,-3.2815593611291227,81.76712969156542,-3.2815593611291227,81.76712969156519,-3.2815593611288936,81.76712969156519,-3.2815593611288936
640000000.0,81.76490429913031,-3.3073020237816664,81.76490429913031,-3.3073020237816664,81.7649042991301,-3.3073020237815216,81.7649042991301,-3.3073020237815216
645000000.0,81.7626615838721,-3.3330424242231023,81.76266158387209,-3.333042424223102,81.76266158387202,-3.33304242422303,81.76266158387202,-3.33304242422303
650000000.0,81.76040154885493,-3.3587805450031603,81.76040154885493,-3.3587805450031603,81.76040154885463,-3.35878054500307,81.76040154885463,-3.35878054500307
655000000.0,81.75812419716624,-3.3845163686767554,81.75812419716624,-3.3845163686767616,81.7581241971659,-3.384516368676695,81.7581241971659,-3.384516368676695
660000000.0,81.75582953191689,-3.4102498778040244,81.75582953191689,-3.4102498778040244,81.75582953191687,-3.4102498778040893,81.75582953191687,-3.4102498778040893
665000000.0,81.75351755624106,-3.4359810549503664,81.75351755624106,-3.4359810549503726,81.75351755624115,-3.4359810549503162,81.75351755624115,-3.4359810549503162
670000000.0,81.75118827329639,-3.461709882686485,81.75118827329639,-3.461709882686485,81.75118827329662,-3.461709882686577,81.75118827329662,-3.461709882686577
675000000.0,81.74884168626376,-3.48743634358842,81.74884168626375,-3.4874363435884135,81.74884168626392,-3.48743634358856,81.74884168626392,-3.48743634358856
680000000.0,81.74647779834746,-3.513160420237592,81.74647779834746,-3.513160420237592,81.74647779834734,-3.513160420237423,81.74647779834734,-3.513160420237423
685000000.0,81.74409661277504,-3.538882095220841,81.74409661277504,-3.5388820952208473,81.74409661277424,-3.5388820952204285,81.74409661277424,-3.5388820952204285
690000000.0,81.74169813279741,-3.564601351130462,81.7416981327974,-3.5646013511304617,81.74169813279738,-3.5646013511305163,81.74169813279738,-3.5646013511305163
695000000.0,81.73928236168878,-3.5903181705642497,81.73928236168878,-3.5903181705642497,81.73928236168855,-3.590318170564189,81.73928236168855,-3.590318170564189
700000000.0,81.73684930274663,-3.61603253612553,81.73684930274663,-3.61603253612553,81.73684930274669,-3.6160325361255485,81.73684930274669,-3.6160325361255485
705000000.0,81.73439895929177,-3.641744430423206,81.73439895929177,-3.641744430423206,81.7343989592917,-3.6417444304231985,81.7343989592917,-3.6417444304231985
710000000.0,81.73193133466819,-3.667453836071791,81.73193133466819,-3.667453836071791,81.73193133466812,-3.667453836071694,81.73193133466812,-3.667453836071694
715000000.0,81.72944643224324,-3.6931607356914515,81.72944643224325,-3.6931607356914467,81.72944643224332,-3.6931607356915754,81.72944643224332,-3.6931607356915754
720000000.0,81.72694425540745,-3.7188651119080447,81.72694425540743,-3.7188651119080443,81.72694425540752,-3.7188651119080425,81.72694425540752,-3.7188651119080425
725000000.0,81.72442480757458,-3.7445669473531558,81.72442480757458,-3.74456694735315,81.72442480757468,-3.744566947353154,81.72442480757468,-3.744566947353154
730000000.0,81.72188809218167,-3.770266224664139,81.72188809218167,-3.770266224664139,81.72188809218147,-3.7702662246639553,81.72188809218147,-3.7702662246639553
735000000.0,81.71933411268894,-3.7959629264841555,81.71933411268893,-3.795962926484155,81.7193341126893,-3.795962926484442,81.7193341126893,-3.795962926484442
740000000.0,81.71676287257979,-3.8216570354622084,81.71676287257978,-3.821657035462208,81.71676287257957,-3.8216570354622146,81.71676287257957,-3.8216570354622146
745000000.0,81.71417437536086,-3.84734853425319,81.71417437536084,-3.8473485342531895,81.71417437536095,-3.8473485342531837,81.71417437536095,-3.8473485342531837
750000000.0,81.71156862456186,-3.87303740551791,81.71156862456186,-3.87303740551791,81.71156862456192,-3.873037405517997,81.71156862456192,-3.873037405517997
755000000.0,81.70894562373583,-3.8987236319231444,81.70894562373581,-3.898723631923144,81.70894562373569,-3.8987236319231195,81.70894562373569,-3.8987236319231195
760000000.0,81.70630537645881,-3.9244071961416656,81.70630537645881,-3.9244071961416656,81.70630537645869,-3.9244071961416083,81.70630537645869,-3.9244071961416083
765000000.0,81.70364788633006,-3.9500880808522854,81.70364788633005,-3.950088080852285,81.70364788632973,-3.9500880808522107,81.70364788632973,-3.9500880808522107
770000000.0,81.70097315697195,-3.9757662687398914,81.70097315697194,-3.975766268739891,81.70097315697167,-3.9757662687398496,81.70097315697167,-3.9757662687398496
775000000.0,81.69828119202994,-4.001441742495487,81.69828119202994,-4.001441742495487,81.69828119202985,-4.001441742495494,81.69828119202985,-4.001441742495494
780000000.0,81.69557199517266,-4.027114484816233,81.69557199517264,-4.027114484816232,81.6955719951737,-4.027114484816621,81.6955719951737,-4.027114484816621
785000000.0,81.69284557009175,-4.052784478405474,81.69284557009175,-4.052784478405474,81.69284557009227,-4.052784478405639,81.69284557009227,-4.052784478405639
790000000.0,81.69010192050199,-4.078451705972795,81.69010192050199,-4.078451705972795,81.69010192050207,-4.07845170597283,81.69010192050207,-4.07845170597283
795000000.0,81.68734105014119,-4.104116150234043,81.68734105014119,-4.104116150234043,81.687341050142,-4.104116150234242,81.687341050142,-4.104116150234242
800000000.0,81.6845629627702,-4.129777793911376,81.6845629627702,-4.129777793911366,81.68456296277024,-4.129777793911404,81.68456296277024,-4.129777793911404
805000000.0,81.68176766217299,-4.155436619733295,81.68176766217299,-4.155436619733295,81.68176766217292,-4.155436619733376,81.68176766217292,-4.155436619733376
810000000.0,81.67895515215648,-4.181092610434686,81.67895515215648,-4.181092610434686,81.67895515215636,-4.181092610434765,81.67895515215636,-4.181092610434765
815000000.0,81.67612543655058,-4.206745748756858,81.67612543655059,-4.2067457487568545,81.67612543655083,-4.206745748756894,81.67612543655083,-4.206745748756894
820000000.0,81.67327851920831,-4.23239601744758,81.67327851920831,-4.23239601744758,81.67327851920852,-4.232396017447665,81.67327851920852,-4.232396017447665
825000000.0,81.67041440400558,-4.258043399261118,81.67041440400558,-4.258043399261118,81.6704144040058,-4.25804339926115,81.6704144040058,-4.25804339926115
830000000.0,81.66753309484133,-4.283687876958276,81.66753309484133,-4.283687876958276,81.66753309484187,-4.28368787695843,81.66753309484187,-4.28368787695843
835000000.0,81.66463459563742,-4.309329433306433,81.66463459563742,-4.309329433306433,81.66463459563738,-4.309329433306355,81.66463459563738,-4.309329433306355
840000000.0,81.66171891033872,-4.334968051079582,81.66171891033872,-4.334968051079582,81.66171891033832,-4.334968051079415,81.66171891033832,-4.334968051079415
845000000.0,81.65878604291296,-4.360603713058364,81.65878604291298,-4.360603713058356,81.65878604291315,-4.360603713058479,81.65878604291315,-4.360603713058479
850000000.0,81.65583599735088,-4.386236402030112,81.65583599735088,-4.386236402030112,81.65583599735082,-4.386236402030009,81.65583599735082,-4.386236402030009
855000000.0,81.652868777666,-4.411866100788883,81.65286877766599,-4.411866100788892,81.65286877766654,-4.411866100788998,81.65286877766654,-4.411866100788998
860000000.0,81.64988438789487,-4.437492792135502,81.64988438789487,-4.437492792135502,81.64988438789501,-4.437492792135576,81.64988438789501,-4.437492792135576
865000000.0,81.64688283209686,-4.463116458877594,81.64688283209686,-4.463116458877594,81.64688283209684,-4.46311645887761,81.64688283209684,-4.46311645887761
870000000.0,81.64386411435419,-4.488737083829626,81.64386411435419,-4.488737083829626,81.6438641143543,-4.488737083829591,81.6438641143543,-4.488737083829591
875000000.0,81.64082823877196,-4.514354649812948,81.64082823877196,-4.514354649812948,81.64082823877227,-4.514354649812974,81.64082823877227,-4.514354649812974
880000000.0,81.63777520947811,-4.539969139655818,81.63777520947811,-4.539969139655818,81.63777520947737,-4.539969139655702,81.63777520947737,-4.539969139655702
885000000.0,81.63470503062338,-4.565580536193455,81.63470503062338,-4.565580536193455,81.63470503062332,-4.565580536193378,81.63470503062332,-4.565580536193378
890000000.0,81.63161770638138,-4.591188822268068,81.63161770638138,-4.591188822268068,81.63161770638155,-4.591188822268235,81.63161770638155,-4.591188822268235
895000000.0,81.62851324094845,-4.616793980728895,81.62851324094845,-4.616793980728895,81.62851324094878,-4.616793980728958,81.62851324094878,-4.616793980728958
900000000.0,81.62539163854376,-4.642395994432245,81.62539163854376,-4.642395994432245,81.6253916385434,-4.642395994432171,81.6253916385434,-4.642395994432171
905000000.0,81.62225290340922,-4.667994846241525,81.62225290340922,-4.667994846241525,81.62225290340879,-4.667994846241443,81.62225290340879,-4.667994846241443
910000000.0,81.61909703980952,-4.6935905190272935,81.61909703980952,-4.6935905190272935,81.61909703980926,-4.6935905190271745,81.61909703980926,-4.6935905190271745
915000000.0,81.61592405203206,-4.7191829956672855,81.61592405203206,-4.7191829956672855,81.61592405203189,-4.719182995667204,81.61592405203189,-4.719182995667204
920000000.0,81.61273394438697,-4.744772259046451,81.61273394438697,-4.744772259046451,81.61273394438703,-4.74477225904655,81.61273394438703,-4.74477225904655
925000000.0,81.60952672120715,-4.770358292057001,81.60952672120713,-4.770358292057009,81.60952672120771,-4.770358292057091,81.60952672120771,-4.770358292057091
930000000.0,81.60630238684813,-4.795941077598439,81.60630238684813,-4.795941077598439,81.60630238684836,-4.79594107759843,81.60630238684836,-4.79594107759843
935000000.0,81.60306094568811,-4.8215205985775915,81.60306094568811,-4.8215205985775915,81.60306094568814,-4.821520598577603,81.60306094568814,-4.821520598577603
940000000.0,81.59980240212803,-4.847096837908663,81.59980240212803,-4.847096837908663,81.59980240212774,-4.847096837908576,81.59980240212774,-4.847096837908576
945000000.0,81.59652676059144,-4.872669778513259,81.59652676059144,-4.872669778513259,81.59652676059085,-4.872669778513107,81.59652676059085,-4.872669778513107
950000000.0,81.59323402552451,-4.898239403320427,81.59323402552451,-4.898239403320427,81.59323402552405,-4.898239403320278,81.59323402552405,-4.898239403320278
955000000.0,81.58992420139604,-4.9238056952666955,81.58992420139604,-4.9238056952666955,81.58992420139589,-4.923805695266593,81.58992420139589,-4.923805695266593
960000000.0,81.5865972926975,-4.949368637296112,81.5865972926975,-4.9493686372961205,81.58659729269716,-4.949368637296009,81.58659729269716,-4.949368637296009
965000000.0,81.58325330394287,-4.974928212360274,81.58325330394287,-4.974928212360274,81.58325330394287,-4.974928212360316,81.58325330394287,-4.974928212360316
970000000.0,81.57989223966874,-5.000484403418376,81.57989223966874,-5.000484403418376,81.57989223966912,-5.000484403418531,81.57989223966912,-5.000484403418531
975000000.0,81.57651410443422,-5.026037193437239,81.57651410443422,-5.026037193437239,81.57651410443393,-5.026037193437182,81.57651410443393,-5.026037193437182
980000000.0,81.5731189028211,-5.051586565391352,81.5731189028211,-5.051586565391352,81.57311890282087,-5.051586565391285,81.57311890282087,-5.051586565391285
985000000.0,81.56970663943353,-5.077132502262904,81.56970663943353,-5.077132502262904,81.56970663943329,-5.077132502262883,81.56970663943329,-5.077132502262883
990000000.0,81.56627731889829,-5.102674987041828,81.56627731889829,-5.102674987041833,81.56627731889851,-5.102674987041921,81.56627731889851,-5.102674987041921
995000000.0,81.5628309458646,-5.128214002725832,81.56283094586462,-5.128214002725828,81.56283094586469,-5.128214002725856,81.56283094586469,-5.128214002725856
1000000000.0,81.55936752500419,-5.153749532320438,81.55936752500419,-5.153749532320433,81.55936752500412,-5.153749532320352,81.55936752500412,-5.153749532320352
1005000000.0,81.55588706101125,-5.1792815588390235,81.55588706101125,-5.1792815588390235,81.55588706101148,-5.179281558839092,81.55588706101148,-5.179281558839092
1010000000.0,81.55238955860246,-5.2048100653028495,81.55238955860246,-5.2048100653028495,81.55238955860251,-5.204810065302893,81.55238955860251,-5.204810065302893
1015000000.0,81.54887502251685,-5.230335034741104,81.54887502251685,-5.230335034741109,81.5488750225169,-5.230335034741138,81.5488750225169,-5.230335034741138
1020000000.0,81.54534345751598,-5.255856450190942,81.54534345751598,-5.255856450190942,81.545343457516,-5.2558564501908975,81.545343457516,-5.2558564501908975
1025000000.0,81.54179486838372,-5.281374294697507,81.54179486838372,-5.281374294697507,81.5417948683839,-5.281374294697563,81.5417948683839,-5.281374294697563
1030000000.0,81.5382292599264,-5.306888551313988,81.5382292599264,-5.306888551313984,81.53822925992634,-5.30688855131394,81.53822925992634,-5.30688855131394
1035000000.0,81.53464663697265,-5.332399203101641,81.53464663697265,-5.3323992031016365,81.53464663697227,-5.332399203101571,81.53464663697227,-5.332399203101571
1040000000.0,81.53104700437352,-5.357906233129833,81.5310470043735,-5.357906233129836,81.53104700437387,-5.357906233129874,81.53104700437387,-5.357906233129874
1045000000.0,81.52743036700237,-5.383409624476076,81.52743036700237,-5.383409624476076,81.52743036700207,-5.383409624475987,81.52743036700207,-5.383409624475987
1050000000.0,81.52379672975489,-5.408909360226068,81.52379672975489,-5.408909360226064,81.52379672975506,-5.408909360226208,81.52379672975506,-5.408909360226208
1055000000.0,81.52014609754907,-5.434405423473718,81.52014609754907,-5.434405423473718,81.52014609754954,-5.434405423473831,81.52014609754954,-5.434405423473831
1060000000.0,81.51647847532523,-5.459897797321201,81.51647847532523,-5.459897797321196,81.51647847532513,-5.459897797321244,81.51647847532513,-5.459897797321244
1065000000.0,81.51279386804589,-5.485386464878977,81.51279386804589,-5.485386464878977,81.51279386804595,-5.485386464878985,81.51279386804595,-5.485386464878985
1070000000.0,81.5090922806959,-5.510871409265837,81.5090922806959,-5.510871409265837,81.50909228069608,-5.510871409265878,81.50909228069608,-5.510871409265878
1075000000.0,81.50537371828227,-5.536352613608934,81.50537371828227,-5.536352613608934,81.50537371828274,-5.536352613608973,81.50537371828274,-5.536352613608973
1080000000.0,81.50163818583434,-5.56183006104383,81.50163818583434,-5.56183006104383,81.50163818583407,-5.561830061043799,81.50163818583407,-5.561830061043799
1085000000.0,81.49788568840354,-5.587303734714515,81.49788568840354,-5.587303734714515,81.49788568840394,-5.587303734714589,81.49788568840394,-5.587303734714589
1090000000.0,81.4941162310636,-5.612773617773461,81.4941162310636,-5.6127736177734695,81.49411623106366,-5.6127736177734375,81.49411623106366,-5.6127736177734375
1095000000.0,81.49032981891035,-5.638239693381648,81.49032981891035,-5.638239693381639,81.49032981891007,-5.638239693381638,81.49032981891007,-5.638239693381638
1100000000.0,81.48652645706179,-5.663701944708599,81.48652645706179,-5.663701944708599,81.4865264570622,-5.663701944708669,81.4865264570622,-5.663701944708669
1105000000.0,81.48270615065807,-5.689160354932427,81.48270615065807,-5.689160354932431,81.48270615065839,-5.689160354932473,81.48270615065839,-5.689160354932473
1110000000.0,81.47886890486147,-5.714614907239859,81.47886890486147,-5.714614907239859,81.47886890486119,-5.714614907239785,81.47886890486119,-5.714614907239785
1115000000.0,81.47501472485635,-5.740065584826277,81.47501472485635,-5.740065584826281,81.4750147248562,-5.740065584826242,81.4750147248562,-5.740065584826242
1120000000.0,81.47114361584917,-5.765512370895755,81.47114361584917,-5.765512370895751,81.47114361584953,-5.765512370895777,81.47114361584953,-5.765512370895777
1125000000.0,81.46725558306844,-5.7909552486610965,81.46725558306844,-5.790955248661101,81.46725558306818,-5.790955248661073,81.46725558306818,-5.790955248661073
1130000000.0,81.46335063176474,-5.816394201343865,81.46335063176473,-5.8163942013438685,81.46335063176457,-5.816394201343823,81.46335063176457,-5.816394201343823
1135000000.0,81.45942876721071,-5.841829212174425,81.45942876721071,-5.841829212174425,81.45942876721055,-5.841829212174401,81.45942876721055,-5.841829212174401
1140000000.0,81.45548999470097,-5.8672602643919785,81.45548999470097,-5.8672602643919785,81.45548999470063,-5.867260264391997,81.45548999470063,-5.867260264391997
1145000000.0,81.45153431955211,-5.892687341244592,81.45153431955211,-5.892687341244592,81.45153431955183,-5.892687341244486,81.45153431955183,-5.892687341244486
1150000000.0,81.44756174710278,-5.918110425989244,81.44756174710278,-5.91811042598924,81.44756174710238,-5.918110425989166,81.44756174710238,-5.918110425989166
1155000000.0,81.44357228271352,-5.943529501891857,81.4435722827135,-5.94352950189186,81.44357228271397,-5.943529501891914,81.44357228271397,-5.943529501891914
1160000000.0,81.4395659317669,-5.9689445522273274,81.4395659317669,-5.968944552227323,81.43956593176637,-5.9689445522272795,81.43956593176637,-5.9689445522272795
1165000000.0,81.43554269966728,-5.9943555602795655,81.43554269966728,-5.9943555602795655,81.43554269966782,-5.994355560279637,81.43554269966782,-5.994355560279637
1170000000.0,81.43150259184105,-6.019762509341537,81.43150259184105,-6.019762509341537,81.43150259184112,-6.019762509341544,81.43150259184112,-6.019762509341544
1175000000.0,81.4274456137365,-6.045165382715288,81.42744561373648,-6.045165382715291,81.42744561373651,-6.045165382715262,81.42744561373651,-6.045165382715262
1180000000.0,81.42337177082366,-6.070564163711986,81.42337177082366,-6.070564163711977,81.42337177082344,-6.070564163711963,81.42337177082344,-6.070564163711963
1185000000.0,81.41928106859456,-6.095958835651958,81.41928106859456,-6.095958835651958,81.41928106859501,-6.095958835652008,81.41928106859501,-6.095958835652008
1190000000.0,81.415173512563,-6.12134938186472,81.415173512563,-6.12134938186472,81.41517351256323,-6.1213493818646985,81.41517351256323,-6.1213493818646985
1195000000.0,81.41104910826456,-6.146735785689015,81.41104910826456,-6.146735785689024,81.41104910826479,-6.146735785689053,81.41104910826479,-6.146735785689053
1200000000.0,81.40690786125671,-6.172118030472856,81.40690786125671,-6.17211803047286,81.40690786125668,-6.172118030472855,81.40690786125668,-6.172118030472855
1205000000.0,81.40274977711863,-6.197496099573542,81.40274977711863,-6.197496099573542,81.40274977711861,-6.197496099573526,81.40274977711861,-6.197496099573526
1210000000.0,81.39857486145128,-6.222869976357715,81.39857486145128,-6.222869976357719,81.39857486145118,-6.222869976357677,81.39857486145118,-6.222869976357677
1215000000.0,81.39438311987738,-6.2482396442013854,81.39438311987738,-6.2482396442013854,81.39438311987742,-6.2482396442014245,81.39438311987742,-6.2482396442014245
1220000000.0,81.39017455804135,-6.273605086489963,81.39017455804137,-6.273605086489959,81.39017455804168,-6.273605086490028,81.39017455804168,-6.273605086490028
1225000000.0,81.38594918160935,-6.2989662866183,81.38594918160935,-6.298966286618304,81.38594918160958,-6.298966286618295,81.38594918160958,-6.298966286618295
1230000000.0,81.38170699626917,-6.324323227990723,81.38170699626916,-6.324323227990722,81.38170699626939,-6.324323227990772,81.38170699626939,-6.324323227990772
1235000000.0,81.37744800773034,-6.349675894021066,81.37744800773034,-6.349675894021061,81.37744800773015,-6.349675894021083,81.37744800773015,-6.349675894021083
1240000000.0,81.37317222172396,-6.37502426813271,81.37317222172396,-6.375024268132705,81.37317222172446,-6.375024268132762,81.37317222172446,-6.375024268132762
1245000000.0,81.36887964400282,-6.400368333758614,81.36887964400282,-6.4003683337586095,81.36887964400319,-6.400368333758653,81.36887964400319,-6.400368333758653
1250000000.0,81.36457028034131,-6.425708074341354,81.3645702803413,-6.425708074341353,81.3645702803411,-6.425708074341311,81.3645702803411,-6.425708074341311
1255000000.0,81.36024413653539,-6.451043473333152,81.36024413653537,-6.451043473333151,81.3602441365357,-6.4510434733331525,81.3602441365357,-6.4510434733331525
1260000000.0,81.3559012184026,-6.476374514195918,81.3559012184026,-6.476374514195922,81.35590121840248,-6.47637451419589,81.35590121840248,-6.47637451419589
1265000000.0,81.35154153178203,-6.501701180401279,81.35154153178203,-6.50170118040127,81.35154153178199,-6.5017011804012865,81.35154153178199,-6.5017011804012865
1270000000.0,81.34716508253435,-6.5270234554306175,81.34716508253435,-6.527023455430622,81.34716508253508,-6.527023455430697,81.34716508253508,-6.527023455430697
1275000000.0,81.34277187654166,-6.552341322775103,81.34277187654166,-6.552341322775103,81.34277187654254,-6.552341322775172,81.34277187654254,-6.552341322775172
1280000000.0,81.33836191970761,-6.57765476593573,81.33836191970761,-6.577654765935725,81.33836191970798,-6.577654765935772,81.33836191970798,-6.577654765935772
1285000000.0,81.33393521795729,-6.602963768423349,81.33393521795729,-6.602963768423353,81.33393521795749,-6.602963768423345,81.33393521795749,-6.602963768423345
1290000000.0,81.32949177723731,-6.628268313758707,81.32949177723731,-6.628268313758707,81.32949177723708,-6.628268313758695,81.32949177723708,-6.628268313758695
1295000000.0,81.32503160351565,-6.653568385472477,81.32503160351565,-6.653568385472467,81.32503160351534,-6.653568385472461,81.32503160351534,-6.653568385472461
1300000000.0,81.32055470278172,-6.67886396710529,81.32055470278172,-6.67886396710529,81.32055470278169,-6.678863967105291,81.32055470278169,-6.678863967105291
1305000000.0,81.31606108104634,-6.704155042207778,81.31606108104634,-6.704155042207773,81.31606108104565,-6.70415504220774,81.31606108104565,-6.70415504220774
1310000000.0,81.31155074434169,-6.729441594340602,81.31155074434169,-6.729441594340602,81.31155074434193,-6.729441594340636,81.31155074434193,-6.729441594340636
1315000000.0,81.3070236987213,-6.754723607074489,81.3070236987213,-6.754723607074493,81.30702369872084,-6.754723607074461,81.30702369872084,-6.754723607074461
1320000000.0,81.30247995026006,-6.780001063990263,81.30247995026006,-6.780001063990263,81.30247995025984,-6.780001063990232,81.30247995025984,-6.780001063990232
1325000000.0,81.29791950505417,-6.805273948678886,81.29791950505417,-6.805273948678882,81.29791950505428,-6.80527394867892,81.29791950505428,-6.80527394867892
1330000000.0,81.29334236922112,-6.830542244741486,81.29334236922111,-6.830542244741495,81.29334236922105,-6.830542244741463,81.29334236922105,-6.830542244741463
1335000000.0,81.28874854889963,-6.855805935789389,81.28874854889963,-6.855805935789385,81.28874854889997,-6.8558059357894106,81.28874854889997,-6.8558059357894106
1340000000.0,81.28413805024978,-6.881065005444167,81.28413805024978,-6.881065005444167,81.28413805025004,-6.881065005444161,81.28413805025004,-6.881065005444161
1345000000.0,81.27951087945274,-6.906319437337652,81.27951087945274,-6.906319437337652,81.27951087945192,-6.906319437337604,81.27951087945192,-6.906319437337604
1350000000.0,81.27486704271105,-6.931569215111987,81.27486704271105,-6.931569215111992,81.2748670427119,-6.9315692151120185,81.2748670427119,-6.9315692151120185
1355000000.0,81.27020654624832,-6.9568143224196515,81.27020654624832,-6.9568143224196515,81.27020654624836,-6.956814322419646,81.27020654624836,-6.956814322419646
1360000000.0,81.26552939630936,-6.982054742923497,81.26552939630936,-6.982054742923497,81.26552939630959,-6.982054742923491,81.26552939630959,-6.982054742923491
1365000000.0,81.26083559916019,-7.007290460296781,81.26083559916017,-7.007290460296786,81.26083559915953,-7.0072904602967325,81.26083559915953,-7.0072904602967325
1370000000.0,81.25612516108788,-7.032521458223204,81.25612516108787,-7.032521458223208,81.25612516108788,-7.032521458223217,81.25612516108788,-7.032521458223217
1375000000.0,81.25139808840069,-7.057747720396941,81.2513980884007,-7.057747720396938,81.25139808840039,-7.05774772039695,81.25139808840039,-7.05774772039695
1380000000.0,81.24665438742788,-7.08296923052267,81.24665438742788,-7.08296923052267,81.24665438742794,-7.082969230522698,81.24665438742794,-7.082969230522698
1385000000.0,81.24189406451985,-7.108185972315611,81.24189406451985,-7.1081859723156064,81.24189406451976,-7.108185972315603,81.24189406451976,-7.108185972315603
1390000000.0,81.23711712604803,-7.133397929501565,81.23711712604803,-7.133397929501565,81.23711712604766,-7.133397929501563,81.23711712604766,-7.133397929501563
1395000000.0,81.23232357840486,-7.158605085816938,81.23232357840486,-7.158605085816938,81.23232357840456,-7.158605085816927,81.23232357840456,-7.158605085816927
1400000000.0,81.22751342800377,-7.183807425008778,81.22751342800377,-7.183807425008778,81.22751342800396,-7.183807425008787,81.22751342800396,-7.183807425008787
1405000000.0,81.22268668127924,-7.209004930834811,81.22268668127924,-7.209004930834807,81.22268668127916,-7.209004930834806,81.22268668127916,-7.209004930834806
1410000000.0,81.21784334468661,-7.23419758706347,81.21784334468661,-7.23419758706347,81.21784334468677,-7.234197587063461,81.21784334468677,-7.234197587063461
1415000000.0,81.21298342470227,-7.2593853774739285,81.21298342470227,-7.259385377473933,81.21298342470234,-7.259385377473927,81.21298342470234,-7.259385377473927
1420000000.0,81.20810692782345,-7.284568285856144,81.20810692782345,-7.284568285856144,81.20810692782379,-7.284568285856131,81.20810692782379,-7.284568285856131
1425000000.0,81.20321386056831,-7.309746296010878,81.20321386056831,-7.309746296010878,81.20321386056865,-7.309746296010906,81.20321386056865,-7.309746296010906
1430000000.0,81.19830422947591,-7.334919391749735,81.19830422947591,-7.334919391749731,81.19830422947533,-7.334919391749726,81.19830422947533,-7.334919391749726
1435000000.0,81.19337804110609,-7.360087556895198,81.19337804110607,-7.360087556895197,81.19337804110626,-7.360087556895187,81.19337804110626,-7.360087556895187
1440000000.0,81.1884353020396,-7.385250775280653,81.1884353020396,-7.385250775280653,81.18843530203957,-7.3852507752806416,81.18843530203957,-7.3852507752806416
1445000000.0,81.18347601887798,-7.410409030750441,81.18347601887797,-7.410409030750445,81.18347601887784,-7.41040903075043,81.18347601887784,-7.41040903075043
1450000000.0,81.17850019824354,-7.435562307159864,81.17850019824353,-7.435562307159868,81.17850019824338,-7.435562307159818,81.17850019824338,-7.435562307159818
1455000000.0,81.17350784677937,-7.460710588375241,81.17350784677937,-7.460710588375241,81.17350784677936,-7.4607105883752505,81.17350784677936,-7.4607105883752505
1460000000.0,81.16849897114932,-7.48585385827393,81.16849897114932,-7.48585385827393,81.16849897114938,-7.485853858273931,81.16849897114938,-7.485853858273931
1465000000.0,81.16347357803795,-7.510992100744365,81.16347357803795,-7.510992100744359,81.16347357803771,-7.510992100744342,81.16347357803771,-7.510992100744342
1470000000.0,81.15843167415052,-7.536125299686084,81.1584316741505,-7.536125299686089,81.1584316741497,-7.5361252996860415,81.1584316741497,-7.5361252996860415
1475000000.0,81.15337326621295,-7.561253439009764,81.15337326621295,-7.56125343900977,81.15337326621248,-7.561253439009766,81.15337326621248,-7.561253439009766
1480000000.0,81.14829836097189,-7.586376502637264,81.14829836097188,-7.586376502637263,81.14829836097171,-7.586376502637287,81.14829836097171,-7.586376502637287
1485000000.0,81.14320696519455,-7.6114944745016375,81.14320696519454,-7.611494474501637,81.14320696519455,-7.611494474501638,81.14320696519455,-7.611494474501638
1490000000.0,81.1380990856688,-7.636607338547183,81.1380990856688,-7.636607338547183,81.13809908566887,-7.636607338547205,81.13809908566887,-7.636607338547205
1495000000.0,81.13297472920304,-7.661715078729465,81.13297472920304,-7.6617150787294594,81.13297472920286,-7.6617150787294745,81.13297472920286,-7.6617150787294745
1500000000.0,81.12783390262634,-7.6868176790153555,81.12783390262634,-7.686817679015361,81.12783390262675,-7.686817679015341,81.12783390262675,-7.686817679015341
1505000000.0,81.12267661278821,-7.711915123383064,81.1226766127882,-7.711915123383068,81.12267661278757,-7.711915123383051,81.12267661278757,-7.711915123383051
1510000000.0,81.11750286655877,-7.73700739582216,81.11750286655877,-7.73700739582216,81.1175028665592,-7.73700739582217,81.1175028665592,-7.73700739582217
1515000000.0,81.11231267082857,-7.762094480333622,81.11231267082856,-7.7620944803336265,81.11231267082796,-7.762094480333588,81.11231267082796,-7.762094480333588
1520000000.0,81.10710603250871,-7.787176360929859,81.10710603250871,-7.787176360929854,81.10710603250828,-7.7871763609298235,81.10710603250828,-7.7871763609298235
1525000000.0,81.10188295853068,-7.812253021634744,81.10188295853068,-7.812253021634744,81.10188295853065,-7.812253021634764,81.10188295853065,-7.812253021634764
1530000000.0,81.09664345584646,-7.837324446483649,81.09664345584646,-7.837324446483654,81.09664345584592,-7.837324446483646,81.09664345584592,-7.837324446483646
1535000000.0,81.0913875314284,-7.8623906195234765,81.0913875314284,-7.8623906195234765,81.09138753142888,-7.862390619523488,81.09138753142888,-7.862390619523488
1540000000.0,81.08611519226922,-7.887451524812686,81.08611519226922,-7.8874515248126915,81.0861151922699,-7.8874515248126995,81.0861151922699,-7.8874515248126995
1545000000.0,81.08082644538212,-7.912507146421343,81.0808264453821,-7.912507146421337,81.0808264453827,-7.912507146421333,81.0808264453827,-7.912507146421333
1550000000.0,81.07552129780045,-7.937557468431124,81.07552129780045,-7.937557468431129,81.07552129780048,-7.937557468431179,81.07552129780048,-7.937557468431179
1555000000.0,81.07019975657806,-7.962602474935378,81.07019975657806,-7.962602474935378,81.0701997565773,-7.962602474935371,81.0701997565773,-7.962602474935371
1560000000.0,81.064861828789,-7.987642150039132,81.064861828789,-7.987642150039138,81.06486182878926,-7.987642150039142,81.06486182878926,-7.987642150039142
1565000000.0,81.05950752152765,-8.012676477859143,81.05950752152765,-8.012676477859149,81.05950752152798,-8.012676477859115,81.05950752152798,-8.012676477859115
1570000000.0,81.05413684190856,-8.03770544252392,81.05413684190856,-8.037705442523915,81.05413684190852,-8.037705442523956,81.05413684190852,-8.037705442523956
1575000000.0,81.04874979706655,-8.062729028173756,81.04874979706653,-8.06272902817375,81.04874979706662,-8.062729028173786,81.04874979706662,-8.062729028173786
1580000000.0,81.04334639415667,-8.087747218960757,81.04334639415667,-8.087747218960757,81.04334639415646,-8.087747218960757,81.04334639415646,-8.087747218960757
1585000000.0,81.03792664035412,-8.112759999048896,81.03792664035412,-8.112759999048896,81.03792664035356,-8.112759999048876,81.03792664035356,-8.112759999048876
1590000000.0,81.03249054285425,-8.137767352614,81.03249054285425,-8.137767352614006,81.03249054285375,-8.137767352613995,81.03249054285375,-8.137767352613995
1595000000.0,81.02703810887255,-8.162769263843831,81.02703810887255,-8.162769263843826,81.02703810887269,-8.162769263843778,81.02703810887269,-8.162769263843778
1600000000.0,81.02156934564462,-8.187765716938081,81.02156934564462,-8.18776571693808,81.02156934564438,-8.187765716938104,81.02156934564438,-8.187765716938104
1605000000.0,81.01608426042614,-8.212756696108423,81.01608426042614,-8.212756696108425,81.01608426042633,-8.212756696108393,81.01608426042633,-8.212756696108393
1610000000.0,81.01058286049287,-8.237742185578538,81.01058286049286,-8.237742185578542,81.0105828604927,-8.237742185578522,81.0105828604927,-8.237742185578522
1615000000.0,81.0050651531406,-8.26272216958414,81.0050651531406,-8.262722169584139,81.00506515314063,-8.262722169584109,81.00506515314063,-8.262722169584109
1620000000.0,80.99953114568511,-8.287696632373013,80.99953114568511,-8.287696632373018,80.9995311456849,-8.287696632372983,80.9995311456849,-8.287696632372983
1625000000.0,80.99398084546222,-8.31266555820505,80.99398084546222,-8.31266555820505,80.99398084546243,-8.312665558205143,80.99398084546243,-8.312665558205143
1630000000.0,80.98841425982765,-8.33762893135226,80.98841425982764,-8.337628931352258,80.98841425982742,-8.337628931352246,80.98841425982742,-8.337628931352246
1635000000.0,80.98283139615711,-8.362586736098828,80.9828313961571,-8.362586736098825,80.98283139615711,-8.362586736098852,80.98283139615711,-8.362586736098852
1640000000.0,80.97723226184623,-8.387538956741128,80.97723226184621,-8.38753895674112,80.97723226184613,-8.387538956741125,80.97723226184613,-8.387538956741125
1645000000.0,80.97161686431049,-8.41248557758776,80.97161686431048,-8.412485577587761,80.97161686431053,-8.412485577587756,80.97161686431053,-8.412485577587756
1650000000.0,80.96598521098531,-8.437426582959578,80.9659852109853,-8.437426582959581,80.96598521098534,-8.437426582959546,80.96598521098534,-8.437426582959546
1655000000.0,80.96033730932591,-8.462361957189723,80.96033730932591,-8.462361957189723,80.9603373093256,-8.462361957189753,80.9603373093256,-8.462361957189753
1660000000.0,80.95467316680727,-8.487291684623653,80.95467316680727,-8.487291684623658,80.95467316680697,-8.487291684623688,80.95467316680697,-8.487291684623688
1665000000.0,80.94899279092432,-8.512215749619179,80.94899279092432,-8.512215749619177,80.9489927909246,-8.512215749619209,80.9489927909246,-8.512215749619209
1670000000.0,80.94329618919166,-8.537134136546484,80.94329618919166,-8.53713413654649,80.94329618919122,-8.537134136546442,80.94329618919122,-8.537134136546442
1675000000.0,80.93758336914362,-8.56204682978817,80.93758336914362,-8.56204682978817,80.93758336914412,-8.562046829788137,80.93758336914412,-8.562046829788137
1680000000.0,80.9318543383343,-8.586953813739267,80.9318543383343,-8.586953813739273,80.93185433833425,-8.58695381373919,80.93185433833425,-8.58695381373919
1685000000.0,80.92610910433753,-8.611855072807288,80.92610910433753,-8.611855072807286,80.9261091043371,-8.611855072807293,80.9261091043371,-8.611855072807293
1690000000.0,80.92034767474674,-8.636750591412241,80.92034767474674,-8.636750591412246,80.92034767474634,-8.636750591412227,80.92034767474634,-8.636750591412227
1695000000.0,80.91457005717503,-8.661640353986666,80.91457005717503,-8.661640353986668,80.91457005717531,-8.66164035398665,80.91457005717531,-8.66164035398665
1700000000.0,80.90877625925519,-8.68652434497567,80.90877625925518,-8.686524344975671,80.90877625925486,-8.68652434497575,80.90877625925486,-8.68652434497575
1705000000.0,80.90296628863953,-8.711402548836949,80.90296628863952,-8.711402548836947,80.90296628864016,-8.711402548836883,80.90296628864016,-8.711402548836883
1710000000.0,80.89714015299995,-8.736274950040817,80.89714015299997,-8.736274950040814,80.89714015300017,-8.73627495004081,80.89714015300017,-8.73627495004081
1715000000.0,80.89129786002796,-8.761141533070255,80.89129786002796,-8.76114153307025,80.89129786002792,-8.7611415330703,80.89129786002792,-8.7611415330703
1720000000.0,80.88543941743453,-8.786002282420915,80.88543941743453,-8.786002282420915,80.88543941743507,-8.786002282420897,80.88543941743507,-8.786002282420897
1725000000.0,80.87956483295014,-8.810857182601163,80.87956483295014,-8.810857182601163,80.87956483294997,-8.81085718260121,80.87956483294997,-8.81085718260121
1730000000.0,80.87367411432479,-8.83570621813212,80.87367411432479,-8.83570621813212,80.87367411432483,-8.835706218132085,80.87367411432483,-8.835706218132085
1735000000.0,80.8677672693279,-8.86054937354767,80.8677672693279,-8.860549373547672,80.86776726932817,-8.860549373547602,80.86776726932817,-8.860549373547602
1740000000.0,80.8618443057483,-8.8853866333945,80.8618443057483,-8.8853866333945,80.86184430574873,-8.885386633394434,80.86184430574873,-8.885386633394434
1745000000.0,80.85590523139426,-8.91021798223214,80.85590523139425,-8.910217982232142,80.85590523139457,-8.910217982232142,80.85590523139457,-8.910217982232142
1750000000.0,80.8499500540934,-8.935043404632976,80.8499500540934,-8.935043404632976,80.84995005409363,-8.93504340463299,80.84995005409363,-8.93504340463299
1755000000.0,80.8439787816927,-8.959862885182286,80.8439787816927,-8.959862885182286,80.84397878169207,-8.959862885182377,80.84397878169207,-8.959862885182377
1760000000.0,80.83799142205842,-8.984676408478272,80.83799142205842,-8.98467640847827,80.83799142205878,-8.984676408478233,80.83799142205878,-8.984676408478233
1765000000.0,80.83198798307623,-9.009483959132096,80.83198798307623,-9.009483959132098,80.83198798307677,-9.009483959132039,80.83198798307677,-9.009483959132039
1770000000.0,80.82596847265096,-9.03428552176789,80.82596847265096,-9.034285521767892,80.825968472651,-9.034285521767925,80.825968472651,-9.034285521767925
1775000000.0,80.81993289870672,-9.059081081022804,80.81993289870672,-9.059081081022804,80.81993289870724,-9.059081081022724,80.81993289870724,-9.059081081022724
1780000000.0,80.81388126918688,-9.08387062154703,80.81388126918688,-9.083870621547032,80.81388126918698,-9.083870621547018,80.81388126918698,-9.083870621547018
1785000000.0,80.80781359205398,-9.10865412800383,80.80781359205398,-9.10865412800383,80.80781359205392,-9.108654128003813,80.80781359205392,-9.108654128003813
1790000000.0,80.80172987528974,-9.133431585069562,80.80172987528974,-9.133431585069564,80.80172987528928,-9.133431585069612,80.80172987528928,-9.133431585069612
1795000000.0,80.795630126895,-9.15820297743372,80.795630126895,-9.158202977433719,80.79563012689489,-9.158202977433701,80.79563012689489,-9.158202977433701
1800000000.0,80.78951435488976,-9.18296828979895,80.78951435488976,-9.182968289798948,80.78951435488955,-9.182968289799037,80.78951435488955,-9.182968289799037
1805000000.0,80.78338256731307,-9.207727506881085,80.78338256731307,-9.207727506881085,80.78338256731294,-9.207727506881081,80.78338256731294,-9.207727506881081
1810000000.0,80.7772347722231,-9.232480613409184,80.7772347722231,-9.232480613409189,80.77723477222312,-9.2324806134091,80.77723477222312,-9.2324806134091
1815000000.0,80.77107097769701,-9.257227594125542,80.77107097769701,-9.257227594125544,80.77107097769739,-9.25722759412551,80.77107097769739,-9.25722759412551
1820000000.0,80.76489119183101,-9.281968433785732,80.76489119183101,-9.28196843378573,80.7648911918313,-9.281968433785687,80.7648911918313,-9.281968433785687
1825000000.0,80.7586954227403,-9.306703117158635,80.7586954227403,-9.306703117158634,80.75869542274023,-9.306703117158657,80.75869542274023,-9.306703117158657
1830000000.0,80.75248367855905,-9.331431629026458,80.75248367855905,-9.33143162902646,80.75248367855906,-9.331431629026362,80.75248367855906,-9.331431629026362
1835000000.0,80.74625596744032,-9.356153954184775,80.74625596744032,-9.356153954184773,80.7462559674407,-9.356153954184645,80.7462559674407,-9.356153954184645
1840000000.0,80.74001229755615,-9.38087007744255,80.74001229755613,-9.380870077442548,80.74001229755616,-9.380870077442601,80.74001229755616,-9.380870077442601
1845000000.0,80.73375267709741,-9.405579983622157,80.73375267709741,-9.405579983622157,80.73375267709712,-9.40557998362217,80.73375267709712,-9.40557998362217
1850000000.0,80.72747711427385,-9.430283657559428,80.72747711427385,-9.430283657559427,80.72747711427358,-9.430283657559567,80.72747711427358,-9.430283657559567
1855000000.0,80.72118561731408,-9.454981084103675,80.72118561731406,-9.454981084103673,80.7211856173148,-9.454981084103597,80.7211856173148,-9.454981084103597
1860000000.0,80.71487819446547,-9.479672248117701,80.71487819446547,-9.4796722481177,80.71487819446547,-9.479672248117657,80.71487819446547,-9.479672248117657
1865000000.0,80.7085548539942,-9.50435713447785,80.7085548539942,-9.504357134477848,80.70855485399395,-9.50435713447784,80.70855485399395,-9.50435713447784
1870000000.0,80.7022156041852,-9.52903572807403,80.7022156041852,-9.529035728074025,80.70221560418523,-9.529035728074016,80.70221560418523,-9.529035728074016
1875000000.0,80.6958604533421,-9.553708013809732,80.6958604533421,-9.553708013809736,80.69586045334192,-9.55370801380982,80.69586045334192,-9.55370801380982
1880000000.0,80.6894894097873,-9.578373976602077,80.68948940978729,-9.578373976602077,80.68948940978731,-9.578373976602096,80.68948940978731,-9.578373976602096
1885000000.0,80.6831024818618,-9.603033601381819,80.6831024818618,-9.60303360138182,80.68310248186182,-9.603033601381751,80.68310248186182,-9.603033601381751
1890000000.0,80.67669967792526,-9.627686873093397,80.67669967792526,-9.627686873093399,80.67669967792577,-9.627686873093356,80.67669967792577,-9.627686873093356
1895000000.0,80.67028100635599,-9.652333776694947,80.67028100635599,-9.652333776694947,80.67028100635531,-9.652333776695064,80.67028100635531,-9.652333776695064
1900000000.0,80.66384647555091,-9.676974297158344,80.66384647555091,-9.676974297158344,80.66384647555127,-9.676974297158194,80.66384647555127,-9.676974297158194
1905000000.0,80.65739609392544,-9.701608419469208,80.65739609392544,-9.701608419469212,80.6573960939255,-9.701608419469142,80.6573960939255,-9.701608419469142
1910000000.0,80.65092986991358,-9.72623612862696,80.65092986991358,-9.726236128626958,80.65092986991343,-9.726236128626919,80.65092986991343,-9.726236128626919
1915000000.0,80.64444781196786,-9.750857409644832,80.64444781196785,-9.750857409644832,80.6444478119675,-9.750857409645015,80.6444478119675,-9.750857409645015
1920000000.0,80.63794992855925,-9.775472247549889,80.63794992855925,-9.775472247549887,80.63794992855892,-9.775472247549928,80.63794992855892,-9.775472247549928
1925000000.0,80.63143622817725,-9.800080627383082,80.63143622817725,-9.800080627383085,80.63143622817704,-9.800080627383155,80.63143622817704,-9.800080627383155
1930000000.0,80.6249067193297,-9.824682534199248,80.6249067193297,-9.824682534199246,80.62490671932945,-9.824682534199148,80.62490671932945,-9.824682534199148
1935000000.0,80.6183614105429,-9.849277953067157,80.6183614105429,-9.849277953067158,80.61836141054222,-9.849277953067164,80.61836141054222,-9.849277953067164
1940000000.0,80.61180031036155,-9.873866869069529,80.61180031036155,-9.873866869069527,80.61180031036156,-9.873866869069492,80.61180031036156,-9.873866869069492
1945000000.0,80.60522342734863,-9.898449267303066,80.60522342734863,-9.898449267303068,80.60522342734849,-9.898449267303066,80.60522342734849,-9.898449267303066
1950000000.0,80.59863077008553,-9.923025132878475,80.59863077008553,-9.923025132878479,80.59863077008528,-9.923025132878617,80.59863077008528,-9.923025132878617
1955000000.0,80.59202234717186,-9.947594450920507,80.59202234717186,-9.947594450920507,80.59202234717162,-9.947594450920636,80.59202234717162,-9.947594450920636
1960000000.0,80.58539816722555,-9.972157206567964,80.58539816722553,-9.972157206567964,80.58539816722566,-9.97215720656801,80.58539816722566,-9.97215720656801
1965000000.0,80.5787582388827,-9.996713384973745,80.5787582388827,-9.996713384973747,80.57875823888311,-9.996713384973688,80.57875823888311,-9.996713384973688
1970000000.0,80.57210257079774,-10.021262971304871,80.57210257079774,-10.021262971304875,80.57210257079767,-10.021262971304829,80.57210257079767,-10.021262971304829
1975000000.0,80.56543117164316,-10.045805950742498,80.56543117164314,-10.045805950742496,80.56543117164286,-10.04580595074256,80.56543117164286,-10.04580595074256
1980000000.0,80.55874405010972,-10.070342308481967,80.55874405010972,-10.070342308481969,80.55874405010942,-10.070342308482013,80.55874405010942,-10.070342308482013
1985000000.0,80.55204121490623,-10.094872029732795,80.55204121490623,-10.094872029732795,80.55204121490658,-10.094872029732686,80.55204121490658,-10.094872029732686
1990000000.0,80.54532267475963,-10.119395099718748,80.54532267475962,-10.119395099718746,80.54532267475969,-10.119395099718794,80.54532267475969,-10.119395099718794
1995000000.0,80.53858843841496,-10.143911503677833,80.53858843841495,-10.14391150367783,80.53858843841536,-10.14391150367782,80.53858843841536,-10.14391150367782
2000000000.0,80.53183851463524,-10.168421226862336,80.53183851463524,-10.168421226862336,80.53183851463558,-10.16842122686225,80.53183851463558,-10.16842122686225
2005000000.0,80.52507291220161,-10.192924254538857,80.52507291220161,-10.192924254538857,80.52507291220141,-10.192924254538806,80.52507291220141,-10.192924254538806
2010000000.0,80.51829163991312,-10.21742057198832,80.51829163991312,-10.217420571988317,80.5182916399127,-10.21742057198848,80.5182916399127,-10.21742057198848
2015000000.0,80.51149470658682,-10.241910164506011,80.5114947065868,-10.241910164506013,80.51149470658657,-10.241910164506,80.51149470658657,-10.241910164506
2020000000.0,80.50468212105768,-10.266393017401606,80.50468212105768,-10.266393017401604,80.50468212105825,-10.266393017401612,80.50468212105825,-10.266393017401612
2025000000.0,80.49785389217861,-10.290869115999186,80.49785389217861,-10.290869115999183,80.49785389217794,-10.290869115999202,80.49785389217794,-10.290869115999202
2030000000.0,80.49101002882034,-10.315338445637279,80.49101002882033,-10.315338445637279,80.49101002882041,-10.315338445637144,80.49101002882041,-10.315338445637144
2035000000.0,80.48415053987154,-10.339800991668877,80.48415053987154,-10.339800991668875,80.48415053987098,-10.339800991669025,80.48415053987098,-10.339800991669025
2040000000.0,80.47727543423859,-10.364256739461453,80.47727543423859,-10.364256739461451,80.47727543423868,-10.364256739461439,80.47727543423868,-10.364256739461439
2045000000.0,80.47038472084579,-10.388705674397013,80.47038472084579,-10.388705674397016,80.47038472084628,-10.38870567439675,80.47038472084628,-10.38870567439675
2050000000.0,80.46347840863511,-10.413147781872098,80.46347840863511,-10.413147781872098,80.46347840863528,-10.413147781872,80.46347840863528,-10.413147781872
2055000000.0,80.45655650656633,-10.437583047297826,80.45655650656634,-10.437583047297831,80.45655650656673,-10.437583047297764,80.45655650656673,-10.437583047297764
2060000000.0,80.44961902361689,-10.4620114560999,80.44961902361689,-10.4620114560999,80.44961902361717,-10.46201145609987,80.44961902361717,-10.46201145609987
2065000000.0,80.44266596878192,-10.48643299371866,80.44266596878192,-10.486432993718662,80.442665968782,-10.486432993718667,80.442665968782,-10.486432993718667
2070000000.0,80.43569735107427,-10.510847645609083,80.43569735107427,-10.510847645609083,80.43569735107421,-10.510847645609017,80.43569735107421,-10.510847645609017
2075000000.0,80.42871317952431,-10.535255397240826,80.4287131795243,-10.535255397240824,80.42871317952441,-10.535255397240716,80.42871317952441,-10.535255397240716
2080000000.0,80.42171346318008,-10.559656234098243,80.42171346318008,-10.559656234098245,80.42171346318064,-10.559656234098135,80.42171346318064,-10.559656234098135
2085000000.0,80.41469821110715,-10.584050141680411,80.41469821110714,-10.584050141680407,80.41469821110762,-10.584050141680335,80.41469821110762,-10.584050141680335
2090000000.0,80.4076674323887,-10.60843710550117,80.4076674323887,-10.608437105501169,80.40766743238892,-10.608437105501148,80.40766743238892,-10.608437105501148
2095000000.0,80.40062113612532,-10.632817111089125,80.40062113612532,-10.632817111089127,80.40062113612503,-10.632817111089198,80.40062113612503,-10.632817111089198
2100000000.0,80.39355933143518,-10.65719014398769,80.39355933143518,-10.657190143987687,80.39355933143499,-10.657190143987753,80.39355933143499,-10.657190143987753
2105000000.0,80.38648202745385,-10.681556189755101,80.38648202745385,-10.681556189755097,80.38648202745388,-10.681556189755005,80.38648202745388,-10.681556189755005
2110000000.0,80.37938923333432,-10.705915233964456,80.37938923333432,-10.705915233964458,80.37938923333485,-10.705915233964376,80.37938923333485,-10.705915233964376
2115000000.0,80.37228095824702,-10.730267262203723,80.37228095824702,-10.730267262203725,80.3722809582467,-10.730267262203803,80.3722809582467,-10.730267262203803
2120000000.0,80.36515721137971,-10.754612260075785,80.36515721137971,-10.754612260075787,80.36515721137997,-10.754612260075783,80.36515721137997,-10.754612260075783
2125000000.0,80.35801800193751,-10.778950213198444,80.3580180019375,-10.778950213198442,80.35801800193728,-10.778950213198543,80.35801800193728,-10.778950213198543
2130000000.0,80.35086333914283,-10.803281107204466,80.35086333914283,-10.80328110720447,80.35086333914269,-10.803281107204478,80.35086333914269,-10.803281107204478
2135000000.0,80.3436932322354,-10.827604927741582,80.3436932322354,-10.827604927741586,80.34369323223606,-10.827604927741586,80.34369323223606,-10.827604927741586
2140000000.0,80.33650769047216,-10.851921660472545,80.33650769047216,-10.851921660472543,80.33650769047232,-10.851921660472478,80.33650769047232,-10.851921660472478
2145000000.0,80.32930672312732,-10.876231291075129,80.32930672312732,-10.87623129107513,80.32930672312717,-10.876231291075253,80.32930672312717,-10.876231291075253
2150000000.0,80.3220903394922,-10.900533805242162,80.32209033949219,-10.90053380524216,80.3220903394922,-10.90053380524221,80.3220903394922,-10.90053380524221
2155000000.0,80.31485854887543,-10.92482918868156,80.31485854887543,-10.924829188681562,80.31485854887528,-10.924829188681588,80.31485854887528,-10.924829188681588
2160000000.0,80.30761136060264,-10.949117427116326,80.30761136060262,-10.949117427116327,80.30761136060246,-10.949117427116354,80.30761136060246,-10.949117427116354
2165000000.0,80.3003487840166,-10.97339850628461,80.3003487840166,-10.973398506284612,80.30034878401682,-10.973398506284617,80.30034878401682,-10.973398506284617
2170000000.0,80.29307082847721,-10.997672411939705,80.29307082847721,-10.997672411939707,80.29307082847771,-10.99767241193965,80.29307082847771,-10.99767241193965
2175000000.0,80.28577750336139,-11.02193912985009,80.28577750336139,-11.021939129850093,80.28577750336169,-11.021939129850054,80.28577750336169,-11.021939129850054
2180000000.0,80.27846881806305,-11.046198645799437,80.27846881806305,-11.046198645799436,80.27846881806269,-11.046198645799423,80.27846881806269,-11.046198645799423
2185000000.0,80.27114478199313,-11.070450945586657,80.27114478199313,-11.070450945586659,80.27114478199276,-11.070450945586757,80.27114478199276,-11.070450945586757
2190000000.0,80.26380540457953,-11.094696015025903,80.26380540457953,-11.094696015025901,80.2638054045798,-11.094696015025898,80.2638054045798,-11.094696015025898
2195000000.0,80.25645069526703,-11.118933839946605,80.25645069526703,-11.118933839946603,80.25645069526728,-11.118933839946557,80.25645069526728,-11.118933839946557
2200000000.0,80.2490806635174,-11.1431644061935,80.2490806635174,-11.143164406193497,80.24908066351759,-11.143164406193412,80.24908066351759,-11.143164406193412
2205000000.0,80.24169531880919,-11.167387699626643,80.24169531880919,-11.16738769962664,80.2416953188088,-11.167387699626644,80.2416953188088,-11.167387699626644
2210000000.0,80.23429467063785,-11.191603706121438,80.23429467063785,-11.191603706121436,80.23429467063754,-11.191603706121505,80.23429467063754,-11.191603706121505
2215000000.0,80.22687872851563,-11.215812411568665,80.22687872851563,-11.215812411568663,80.22687872851499,-11.215812411568779,80.22687872851499,-11.215812411568779
2220000000.0,80.21944750197157,-11.2400138018745,80.21944750197159,-11.240013801874502,80.21944750197096,-11.24001380187471,80.21944750197096,-11.24001380187471
2225000000.0,80.21200100055147,-11.264207862960538,80.21200100055147,-11.264207862960538,80.21200100055144,-11.264207862960568,80.21200100055144,-11.264207862960568
2230000000.0,80.2045392338178,-11.288394580763816,80.20453923381778,-11.28839458076382,80.20453923381798,-11.288394580763633,80.20453923381798,-11.288394580763633
2235000000.0,80.19706221134982,-11.312573941236844,80.19706221134982,-11.312573941236844,80.19706221135046,-11.312573941236666,80.19706221135046,-11.312573941236666
2240000000.0,80.18956994274335,-11.336745930347622,80.18956994274335,-11.336745930347623,80.18956994274382,-11.336745930347558,80.18956994274382,-11.336745930347558
2245000000.0,80.18206243761094,-11.360910534079665,80.18206243761094,-11.360910534079663,80.1820624376114,-11.3609105340795,80.1820624376114,-11.3609105340795
2250000000.0,80.17453970558165,-11.385067738432028,80.17453970558164,-11.385067738432026,80.17453970558199,-11.385067738432012,80.17453970558199,-11.385067738432012
2255000000.0,80.16700175630123,-11.409217529419324,80.16700175630123,-11.40921752941933,80.16700175630133,-11.409217529419248,80.16700175630133,-11.409217529419248
2260000000.0,80.15944859943188,-11.433359893071765,80.15944859943188,-11.433359893071767,80.15944859943215,-11.433359893071612,80.15944859943215,-11.433359893071612
2265000000.0,80.15188024465238,-11.45749481543516,80.15188024465238,-11.45749481543516,80.1518802446522,-11.457494815435297,80.1518802446522,-11.457494815435297
2270000000.0,80.14429670165791,-11.481622282570955,80.1442967016579,-11.481622282570957,80.14429670165818,-11.4816222825708,80.14429670165818,-11.4816222825708
2275000000.0,80.1366979801602,-11.505742280556257,80.13669798016022,-11.505742280556262,80.13669798016018,-11.5057422805562,80.13669798016018,-11.5057422805562
2280000000.0,80.12908408988737,-11.529854795483839,80.12908408988736,-11.529854795483836,80.12908408988733,-11.529854795483805,80.12908408988733,-11.529854795483805
2285000000.0,80.12145504058391,-11.55395981346219,80.1214550405839,-11.553959813462189,80.12145504058431,-11.553959813462107,80.12145504058431,-11.553959813462107
2290000000.0,80.11381084201071,-11.578057320615523,80.11381084201071,-11.578057320615525,80.11381084201027,-11.578057320615647,80.11381084201027,-11.578057320615647
2295000000.0,80.10615150394496,-11.602147303083791,80.10615150394496,-11.602147303083793,80.10615150394526,-11.602147303083669,80.10615150394526,-11.602147303083669
2300000000.0,80.09847703618023,-11.626229747022728,80.09847703618023,-11.62622974702273,80.09847703617967,-11.626229747022943,80.09847703617967,-11.626229747022943
2305000000.0,80.09078744852624,-11.65030463860386,80.09078744852623,-11.650304638603858,80.09078744852594,-11.650304638603894,80.09078744852594,-11.650304638603894
2310000000.0,80.08308275080908,-11.674371964014524,80.08308275080908,-11.674371964014524,80.0830827508093,-11.674371964014458,80.0830827508093,-11.674371964014458
2315000000.0,80.07536295287099,-11.698431709457907,80.07536295287099,-11.698431709457909,80.07536295287039,-11.698431709458076,80.07536295287039,-11.698431709458076
2320000000.0,80.06762806457041,-11.722483861153052,80.06762806457041,-11.722483861153052,80.06762806457034,-11.72248386115304,80.06762806457034,-11.72248386115304
2325000000.0,80.05987809578188,-11.746528405334884,80.05987809578187,-11.746528405334882,80.05987809578181,-11.746528405334812,80.05987809578181,-11.746528405334812
2330000000.0,80.05211305639615,-11.770565328254243,80.05211305639615,-11.770565328254245,80.05211305639588,-11.770565328254364,80.05211305639588,-11.770565328254364
2335000000.0,80.04433295632003,-11.794594616177902,80.04433295632003,-11.7945946161779,80.04433295631976,-11.794594616177955,80.04433295631976,-11.794594616177955
2340000000.0,80.03653780547637,-11.818616255388578,80.03653780547637,-11.818616255388584,80.03653780547654,-11.818616255388552,80.03653780547654,-11.818616255388552
2345000000.0,80.02872761380405,-11.84263023218496,80.02872761380405,-11.842630232184963,80.02872761380411,-11.842630232184844,80.02872761380411,-11.842630232184844
2350000000.0,80.02090239125798,-11.866636532881751,80.02090239125798,-11.866636532881746,80.02090239125818,-11.866636532881564,80.02090239125818,-11.866636532881564
2355000000.0,80.01306214780904,-11.890635143809654,80.01306214780904,-11.890635143809655,80.01306214780863,-11.890635143809721,80.01306214780863,-11.890635143809721
2360000000.0,80.00520689344403,-11.914626051315427,80.00520689344403,-11.914626051315432,80.00520689344387,-11.914626051315398,80.00520689344387,-11.914626051315398
2365000000.0,79.99733663816563,-11.938609241761885,79.99733663816563,-11.93860924176189,79.9973366381655,-11.938609241761991,79.9973366381655,-11.938609241761991
2370000000.0,79.98945139199247,-11.962584701527932,79.98945139199246,-11.962584701527925,79.98945139199196,-11.962584701528197,79.98945139199196,-11.962584701528197
2375000000.0,79.98155116495899,-11.986552417008575,79.98155116495899,-11.986552417008575,79.98155116495852,-11.986552417008724,79.98155116495852,-11.986552417008724
2380000000.0,79.97363596711543,-12.010512374614958,79.97363596711543,-12.010512374614953,79.97363596711531,-12.010512374615018,79.97363596711531,-12.010512374615018
2385000000.0,79.96570580852786,-12.034464560774367,79.96570580852786,-12.034464560774365,79.9657058085281,-12.034464560774156,79.9657058085281,-12.034464560774156
2390000000.0,79.95776069927804,-12.05840896193027,79.95776069927804,-12.05840896193027,79.95776069927781,-12.058408961930208,79.95776069927781,-12.058408961930208
2395000000.0,79.9498006494635,-12.08234556454232,79.9498006494635,-12.082345564542322,79.94980064946343,-12.082345564542278,79.94980064946343,-12.082345564542278
2400000000.0,79.94182566919748,-12.106274355086393,79.94182566919747,-12.106274355086397,79.94182566919777,-12.106274355086345,79.94182566919777,-12.106274355086345
2405000000.0,79.93383576860886,-12.130195320054606,79.93383576860886,-12.130195320054604,79.93383576860853,-12.130195320054648,79.93383576860853,-12.130195320054648
2410000000.0,79.92583095784211,-12.154108445955318,79.92583095784212,-12.154108445955329,79.92583095784259,-12.154108445955075,79.92583095784259,-12.154108445955075
2415000000.0,79.91781124705737,-12.178013719313192,79.91781124705737,-12.178013719313197,79.91781124705736,-12.178013719313265,79.91781124705736,-12.178013719313265
2420000000.0,79.9097766464303,-12.20191112666917,79.9097766464303,-12.20191112666917,79.90977664643047,-12.201911126669128,79.90977664643047,-12.201911126669128
2425000000.0,79.90172716615214,-12.225800654580535,79.90172716615214,-12.225800654580533,79.90172716615182,-12.225800654580635,79.90172716615182,-12.225800654580635
2430000000.0,79.89366281642961,-12.249682289620909,79.89366281642961,-12.24968228962091,79.89366281642958,-12.249682289620784,79.89366281642958,-12.249682289620784
2435000000.0,79.88558360748488,-12.273556018380269,79.88558360748486,-12.273556018380265,79.8855836074851,-12.27355601838022,79.8855836074851,-12.27355601838022
2440000000.0,79.87748954955562,-12.297421827464994,79.87748954955562,-12.297421827464992,79.87748954955546,-12.297421827465202,79.87748954955546,-12.297421827465202
2445000000.0,79.86938065289489,-12.32127970349786,79.86938065289489,-12.321279703497865,79.86938065289547,-12.321279703497588,79.86938065289547,-12.321279703497588
2450000000.0,79.86125692777111,-12.345129633118072,79.86125692777111,-12.345129633118074,79.86125692777088,-12.345129633118185,79.86125692777088,-12.345129633118185
2455000000.0,79.8531183844681,-12.368971602981292,79.85311838446812,-12.368971602981302,79.85311838446798,-12.368971602981283,79.85311838446798,-12.368971602981283
2460000000.0,79.84496503328496,-12.392805599759642,79.84496503328496,-12.392805599759642,79.8449650332849,-12.392805599759598,79.8449650332849,-12.392805599759598
2465000000.0,79.83679688453608,-12.416631610141735,79.83679688453608,-12.416631610141735,79.83679688453614,-12.416631610141676,79.83679688453614,-12.416631610141676
2470000000.0,79.82861394855114,-12.440449620832705,79.82861394855114,-12.440449620832716,79.82861394855094,-12.440449620832855,79.82861394855094,-12.440449620832855
2475000000.0,79.82041623567498,-12.464259618554207,79.82041623567497,-12.464259618554204,79.82041623567464,-12.464259618554246,79.82041623567464,-12.464259618554246
2480000000.0,79.81220375626772,-12.488061590044452,79.81220375626772,-12.488061590044458,79.81220375626691,-12.4880615900446,79.81220375626691,-12.4880615900446
2485000000.0,79.80397652070461,-12.511855522058228,79.80397652070461,-12.511855522058227,79.8039765207041,-12.511855522058394,79.8039765207041,-12.511855522058394
2490000000.0,79.79573453937599,-12.535641401366911,79.79573453937599,-12.535641401366911,79.79573453937566,-12.535641401366979,79.79573453937566,-12.535641401366979
2495000000.0,79.78747782268732,-12.559419214758485,79.78747782268732,-12.559419214758485,79.7874778226877,-12.559419214758309,79.7874778226877,-12.559419214758309
2500000000.0,79.77920638105917,-12.583188949037577,79.77920638105917,-12.583188949037583,79.77920638105853,-12.583188949037758,79.77920638105853,-12.583188949037758
2505000000.0,79.77092022492712,-12.606950591025468,79.77092022492712,-12.606950591025468,79.77092022492718,-12.6069505910256,79.77092022492718,-12.6069505910256
2510000000.0,79.76261936474174,-12.630704127560104,79.76261936474172,-12.630704127560106,79.76261936474195,-12.630704127560156,79.76261936474195,-12.630704127560156
2515000000.0,79.75430381096858,-12.65444954549613,79.75430381096858,-12.654449545496135,79.75430381096851,-12.65444954549621,79.75430381096851,-12.65444954549621
2520000000.0,79.74597357408817,-12.678186831704904,79.74597357408815,-12.678186831704902,79.74597357408798,-12.678186831704892,79.74597357408798,-12.678186831704892
2525000000.0,79.7376286645959,-12.701915973074522,79.73762866459589,-12.70191597307452,79.73762866459602,-12.701915973074513,79.73762866459602,-12.701915973074513
2530000000.0,79.72926909300203,-12.725636956509817,79.72926909300203,-12.725636956509817,79.7292690930017,-12.72563695651002,79.7292690930017,-12.72563695651002
2535000000.0,79.72089486983172,-12.749349768932417,79.72089486983174,-12.749349768932424,79.72089486983215,-12.749349768932335,79.72089486983215,-12.749349768932335
2540000000.0,79.71250600562496,-12.77305439728073,79.71250600562496,-12.773054397280735,79.71250600562466,-12.773054397280774,79.71250600562466,-12.773054397280774
2545000000.0,79.70410251093642,-12.796750828509976,79.70410251093642,-12.796750828509971,79.70410251093631,-12.796750828510056,79.70410251093631,-12.796750828510056
2550000000.0,79.6956843963356,-12.820439049592208,79.69568439633558,-12.820439049592206,79.69568439633547,-12.820439049592292,79.69568439633547,-12.820439049592292
2555000000.0,79.68725167240672,-12.844119047516338,79.68725167240672,-12.844119047516338,79.68725167240657,-12.84411904751642,79.68725167240657,-12.84411904751642
2560000000.0,79.67880434974867,-12.867790809288135,79.67880434974867,-12.867790809288135,79.67880434974836,-12.867790809288278,79.67880434974836,-12.867790809288278
2565000000.0,79.67034243897498,-12.891454321930267,79.67034243897498,-12.891454321930272,79.67034243897484,-12.891454321930215,79.67034243897484,-12.891454321930215
2570000000.0,79.66186595071386,-12.915109572482312,79.66186595071385,-12.91510957248231,79.66186595071402,-12.915109572482276,79.66186595071402,-12.915109572482276
2575000000.0,79.65337489560805,-12.938756548000768,79.65337489560804,-12.938756548000761,79.65337489560841,-12.938756548000661,79.65337489560841,-12.938756548000661
2580000000.0,79.6448692843149,-12.962395235559095,79.6448692843149,-12.9623952355591,79.64486928431529,-12.962395235558956,79.64486928431529,-12.962395235558956
2585000000.0,79.63634912750621,-12.986025622247695,79.63634912750621,-12.986025622247695,79.63634912750643,-12.98602562224749,79.63634912750643,-12.98602562224749
2590000000.0,79.62781443586836,-13.009647695173982,79.62781443586834,-13.00964769517398,79.6278144358683,-13.009647695173944,79.6278144358683,-13.009647695173944
2595000000.0,79.61926522010219,-13.033261441462363,79.61926522010219,-13.033261441462363,79.61926522010195,-13.033261441462379,79.61926522010195,-13.033261441462379
2600000000.0,79.6107014909229,-13.056866848254263,79.6107014909229,-13.056866848254257,79.61070149092271,-13.0568668482546,79.61070149092271,-13.0568668482546
2605000000.0,79.60212325906018,-13.080463902708157,79.60212325906018,-13.080463902708162,79.60212325906059,-13.080463902707983,79.60212325906059,-13.080463902707983
2610000000.0,79.593530535258,-13.104052591999578,79.59353053525801,-13.104052591999585,79.59353053525746,-13.104052591999622,79.59353053525746,-13.104052591999622
2615000000.0,79.58492333027475,-13.127632903321135,79.58492333027473,-13.127632903321134,79.58492333027459,-13.127632903321196,79.58492333027459,-13.127632903321196
2620000000.0,79.57630165488304,-13.15120482388254,79.57630165488304,-13.151204823882535,79.57630165488396,-13.15120482388224,79.57630165488396,-13.15120482388224
2625000000.0,79.56766551986982,-13.174768340910619,79.5676655198698,-13.174768340910617,79.56766551986998,-13.174768340910477,79.56766551986998,-13.174768340910477
2630000000.0,79.55901493603623,-13.198323441649329,79.55901493603623,-13.198323441649329,79.55901493603636,-13.198323441649347,79.55901493603636,-13.198323441649347
2635000000.0,79.5503499141977,-13.221870113359792,79.55034991419768,-13.221870113359795,79.5503499141977,-13.221870113359751,79.5503499141977,-13.221870113359751
2640000000.0,79.54167046518371,-13.245408343320285,79.54167046518371,-13.245408343320285,79.54167046518309,-13.245408343320701,79.54167046518309,-13.245408343320701
2645000000.0,79.53297659983795,-13.268938118826282,79.53297659983795,-13.268938118826288,79.53297659983843,-13.268938118825972,79.53297659983843,-13.268938118825972
2650000000.0,79.52426832901823,-13.292459427190463,79.52426832901821,-13.292459427190462,79.52426832901838,-13.29245942719035,79.52426832901838,-13.29245942719035
2655000000.0,79.51554566359644,-13.315972255742746,79.51554566359646,-13.315972255742754,79.51554566359655,-13.315972255742832,79.51554566359655,-13.315972255742832
2660000000.0,79.50680861445848,-13.339476591830273,79.50680861445848,-13.339476591830273,79.50680861445862,-13.3394765918302,79.50680861445862,-13.3394765918302
2665000000.0,79.49805719250428,-13.362972422817458,79.49805719250426,-13.362972422817453,79.4980571925041,-13.362972422817425,79.4980571925041,-13.362972422817425
2670000000.0,79.48929140864774,-13.38645973608599,79.48929140864774,-13.38645973608599,79.48929140864803,-13.38645973608593,79.48929140864803,-13.38645973608593
2675000000.0,79.48051127381675,-13.40993851903487,79.48051127381675,-13.409938519034876,79.48051127381675,-13.409938519034787,79.48051127381675,-13.409938519034787
2680000000.0,79.47171679895304,-13.433408759080388,79.47171679895304,-13.433408759080383,79.47171679895288,-13.433408759080221,79.47171679895288,-13.433408759080221
2685000000.0,79.4629079950123,-13.456870443656186,79.4629079950123,-13.456870443656191,79.46290799501232,-13.456870443656202,79.46290799501232,-13.456870443656202
2690000000.0,79.45408487296403,-13.480323560213252,79.45408487296403,-13.480323560213252,79.45408487296426,-13.480323560213163,79.45408487296426,-13.480323560213163
2695000000.0,79.44524744379154,-13.503768096219936,79.44524744379154,-13.503768096219941,79.44524744379152,-13.503768096219884,79.44524744379152,-13.503768096219884
2700000000.0,79.43639571849198,-13.527204039161987,79.43639571849198,-13.527204039161992,79.43639571849185,-13.52720403916214,79.43639571849185,-13.52720403916214
2705000000.0,79.42752970807616,-13.550631376542533,79.42752970807615,-13.550631376542531,79.42752970807611,-13.550631376542638,79.42752970807611,-13.550631376542638
2710000000.0,79.4186494235687,-13.574050095882146,79.4186494235687,-13.574050095882141,79.41864942356852,-13.574050095882221,79.41864942356852,-13.574050095882221
2715000000.0,79.40975487600784,-13.597460184718816,79.40975487600782,-13.59746018471881,79.40975487600765,-13.597460184719056,79.40975487600765,-13.597460184719056
2720000000.0,79.40084607644552,-13.620861630608,79.40084607644552,-13.620861630608,79.4008460764458,-13.620861630607903,79.4008460764458,-13.620861630607903
2725000000.0,79.39192303594729,-13.644254421122618,79.39192303594729,-13.644254421122623,79.39192303594744,-13.64425442112254,79.39192303594744,-13.64425442112254
2730000000.0,79.38298576559228,-13.667638543853087,79.38298576559227,-13.66763854385309,79.38298576559261,-13.667638543853005,79.38298576559261,-13.667638543853005
2735000000.0,79.37403427647317,-13.691013986407315,79.37403427647317,-13.691013986407315,79.37403427647311,-13.691013986407391,79.37403427647311,-13.691013986407391
2740000000.0,79.3650685796962,-13.714380736410748,79.36506857969619,-13.714380736410742,79.36506857969657,-13.71438073641055,79.36506857969657,-13.71438073641055
2745000000.0,79.35608868638104,-13.737738781506355,79.35608868638104,-13.73773878150635,79.35608868638113,-13.737738781506293,79.35608868638113,-13.737738781506293
2750000000.0,79.3470946076609,-13.761088109354677,79.3470946076609,-13.761088109354672,79.34709460766125,-13.761088109354503,79.34709460766125,-13.761088109354503
2755000000.0,79.33808635468233,-13.784428707633811,79.33808635468233,-13.784428707633817,79.33808635468259,-13.784428707633682,79.33808635468259,-13.784428707633682
2760000000.0,79.32906393860534,-13.807760564039453,79.32906393860534,-13.807760564039448,79.32906393860502,-13.807760564039686,79.32906393860502,-13.807760564039686
2765000000.0,79.32002737060326,-13.831083666284902,79.32002737060324,-13.8310836662849,79.32002737060272,-13.831083666285137,79.32002737060272,-13.831083666285137
2770000000.0,79.31097666186277,-13.854398002101078,79.31097666186277,-13.854398002101078,79.31097666186287,-13.854398002101073,79.31097666186287,-13.854398002101073
2775000000.0,79.30191182358381,-13.877703559236535,79.30191182358381,-13.87770355923653,79.30191182358384,-13.877703559236707,79.30191182358384,-13.877703559236707
2780000000.0,79.29283286697962,-13.901000325457485,79.29283286697962,-13.901000325457485,79.29283286697888,-13.901000325457863,79.29283286697888,-13.901000325457863
2785000000.0,79.28373980327666,-13.924288288547816,79.28373980327666,-13.924288288547821,79.2837398032769,-13.924288288547602,79.2837398032769,-13.924288288547602
2790000000.0,79.27463264371457,-13.94756743630909,79.27463264371457,-13.947567436309095,79.2746326437147,-13.947567436308983,79.2746326437147,-13.947567436308983
2795000000.0,79.26551139954616,-13.970837756560588,79.26551139954614,-13.970837756560591,79.2655113995457,-13.970837756560728,79.2655113995457,-13.970837756560728
2800000000.0,79.25637608203735,-13.994099237139292,79.25637608203735,-13.994099237139297,79.25637608203729,-13.994099237139276,79.25637608203729,-13.994099237139276
2805000000.0,79.2472267024672,-14.01735186589993,79.24722670246719,-14.017351865899924,79.24722670246744,-14.0173518658997,79.24722670246744,-14.0173518658997
2810000000.0,79.2380632721278,-14.040595630714977,79.23806327212779,-14.040595630714975,79.23806327212807,-14.0405956307147,79.23806327212807,-14.0405956307147
2815000000.0,79.2288858023243,-14.063830519474678,79.2288858023243,-14.063830519474678,79.22888580232392,-14.063830519474697,79.22888580232392,-14.063830519474697
2820000000.0,79.2196943043748,-14.087056520087058,79.21969430437478,-14.087056520087057,79.21969430437531,-14.087056520086751,79.21969430437531,-14.087056520086751
2825000000.0,79.21048878961038,-14.110273620477935,79.21048878961038,-14.11027362047794,79.2104887896106,-14.11027362047773,79.2104887896106,-14.11027362047773
2830000000.0,79.20126926937509,-14.133481808590947,79.20126926937509,-14.133481808590941,79.20126926937529,-14.133481808591043,79.20126926937529,-14.133481808591043
2835000000.0,79.19203575502584,-14.156681072387558,79.19203575502584,-14.156681072387558,79.192035755025,-14.156681072388096,79.192035755025,-14.156681072388096
2840000000.0,79.18278825793242,-14.17987139984708,79.18278825793242,-14.17987139984708,79.18278825793276,-14.17987139984692,79.18278825793276,-14.17987139984692
2845000000.0,79.1735267894774,-14.203052778966676,79.17352678947739,-14.203052778966674,79.17352678947704,-14.203052778966791,79.17352678947704,-14.203052778966791
2850000000.0,79.16425136105626,-14.226225197761396,79.16425136105626,-14.22622519776139,79.16425136105624,-14.226225197761403,79.16425136105624,-14.226225197761403
2855000000.0,79.15496198407715,-14.24938864426417,79.15496198407715,-14.249388644264165,79.15496198407693,-14.249388644264274,79.15496198407693,-14.249388644264274
2860000000.0,79.14565866996097,-14.27254310652584,79.14565866996097,-14.272543106525834,79.1456586699607,-14.272543106525928,79.1456586699607,-14.272543106525928
2865000000.0,79.13634143014131,-14.29568857261516,79.13634143014131,-14.295688572615155,79.13634143014177,-14.295688572615084,79.13634143014177,-14.295688572615084
2870000000.0,79.12701027606451,-14.318825030618838,79.12701027606451,-14.318825030618843,79.12701027606377,-14.318825030619104,79.12701027606377,-14.318825030619104
2875000000.0,79.11766521918942,-14.341952468641509,79.11766521918942,-14.341952468641509,79.11766521918979,-14.341952468641459,79.11766521918979,-14.341952468641459
2880000000.0,79.10830627098758,-14.365070874805788,79.10830627098758,-14.365070874805793,79.10830627098748,-14.365070874805726,79.10830627098748,-14.365070874805726
2885000000.0,79.09893344294304,-14.388180237252271,79.09893344294304,-14.388180237252277,79.09893344294255,-14.388180237252614,79.09893344294255,-14.388180237252614
2890000000.0,79.08954674655241,-14.41128054413954,79.08954674655241,-14.411280544139546,79.08954674655232,-14.41128054413962,79.08954674655232,-14.41128054413962
2895000000.0,79.08014619332477,-14.43437178364419,79.08014619332477,-14.43437178364419,79.08014619332488,-14.434371783644181,79.08014619332488,-14.434371783644181
2900000000.0,79.07073179478175,-14.45745394396085,79.07073179478175,-14.45745394396085,79.07073179478168,-14.457453943960848,79.07073179478168,-14.457453943960848
2905000000.0,79.06130356245728,-14.480527013302172,79.06130356245727,-14.48052701330217,79.06130356245761,-14.480527013302032,79.06130356245761,-14.480527013302032
2910000000.0,79.05186150789783,-14.503590979898876,79.05186150789781,-14.50359097989887,79.0518615078981,-14.503590979898755,79.0518615078981,-14.503590979898755
2915000000.0,79.0424056426621,-14.526645831999739,79.0424056426621,-14.526645831999739,79.04240564266229,-14.52664583199978,79.04240564266229,-14.52664583199978
2920000000.0,79.03293597832125,-14.549691557871622,79.03293597832125,-14.549691557871627,79.03293597832149,-14.549691557871455,79.03293597832149,-14.549691557871455
2925000000.0,79.02345252645861,-14.572728145799486,79.02345252645861,-14.572728145799486,79.02345252645863,-14.572728145799518,79.02345252645863,-14.572728145799518
2930000000.0,79.0139552986699,-14.595755584086405,79.0139552986699,-14.595755584086405,79.01395529867021,-14.595755584086163,79.01395529867021,-14.595755584086163
2935000000.0,79.00444430656299,-14.618773861053564,79.00444430656297,-14.618773861053567,79.00444430656287,-14.618773861053668,79.00444430656287,-14.618773861053668
2940000000.0,78.99491956175797,-14.641782965040308,78.99491956175797,-14.641782965040314,78.99491956175846,-14.641782965040008,78.99491956175846,-14.641782965040008
2945000000.0,78.9853810758871,-14.664782884404108,78.9853810758871,-14.664782884404108,78.98538107588683,-14.664782884404376,78.98538107588683,-14.664782884404376
2950000000.0,78.97582886059477,-14.687773607520624,78.97582886059477,-14.68777360752063,78.97582886059435,-14.687773607520768,78.97582886059435,-14.687773607520768
2955000000.0,78.96626292753749,-14.710755122783688,78.96626292753747,-14.710755122783686,78.96626292753776,-14.710755122783686,78.96626292753776,-14.710755122783686
2960000000.0,78.95668328838377,-14.733727418605323,78.95668328838377,-14.733727418605318,78.95668328838424,-14.733727418605014,78.95668328838424,-14.733727418605014
2965000000.0,78.94708995481423,-14.756690483415767,78.94708995481423,-14.756690483415772,78.94708995481409,-14.75669048341579,78.94708995481409,-14.75669048341579
2970000000.0,78.93748293852143,-14.779644305663473,78.93748293852143,-14.779644305663473,78.93748293852175,-14.779644305663123,78.93748293852175,-14.779644305663123
2975000000.0,78.92786225120992,-14.802588873815127,78.92786225120992,-14.802588873815127,78.92786225120945,-14.80258887381533,78.92786225120945,-14.80258887381533
2980000000.0,78.91822790459616,-14.825524176355673,78.91822790459616,-14.825524176355673,78.91822790459622,-14.825524176355623,78.91822790459622,-14.825524176355623
2985000000.0,78.90857991040855,-14.848450201788305,78.90857991040853,-14.848450201788303,78.90857991040852,-14.848450201788213,78.90857991040852,-14.848450201788213
2990000000.0,78.89891828038729,-14.871366938634504,78.89891828038729,-14.871366938634509,78.89891828038785,-14.871366938634083,78.89891828038785,-14.871366938634083
2995000000.0,78.88924302628449,-14.89427437543403,78.88924302628449,-14.894274375434035,78.88924302628408,-14.89427437543447,78.88924302628408,-14.89427437543447
3000000000.0,78.87955415986396,-14.917172500744947,78.87955415986396,-14.917172500744952,78.87955415986423,-14.917172500744973,78.87955415986423,-14.917172500744973
3005000000.0,78.86985169290135,-14.94006130314364,78.86985169290134,-14.940061303143638,78.86985169290077,-14.940061303144,78.86985169290077,-14.940061303144
3010000000.0,78.86013563718402,-14.962940771224812,78.86013563718402,-14.962940771224806,78.86013563718429,-14.962940771224645,78.86013563718429,-14.962940771224645
3015000000.0,78.85040600451097,-14.985810893601506,78.85040600451099,-14.985810893601514,78.85040600451052,-14.985810893601963,78.85040600451052,-14.985810893601963
3020000000.0,78.84066280669298,-15.008671658905135,78.84066280669298,-15.00867165890514,78.84066280669275,-15.00867165890515,78.84066280669275,-15.00867165890515
3025000000.0,78.8309060555523,-15.031523055785456,78.83090605555229,-15.031523055785454,78.83090605555223,-15.03152305578551,78.83090605555223,-15.03152305578551
3030000000.0,78.82113576292292,-15.05436507291062,78.82113576292292,-15.05436507291062,78.82113576292298,-15.054365072910578,78.82113576292298,-15.054365072910578
3035000000.0,78.81135194065033,-15.077197698967174,78.81135194065033,-15.07719769896718,78.81135194065033,-15.077197698967296,78.81135194065033,-15.077197698967296
3040000000.0,78.8015546005915,-15.100020922660049,78.8015546005915,-15.100020922660049,78.80155460059154,-15.10002092266004,78.80155460059154,-15.10002092266004
3045000000.0,78.79174375461497,-15.12283473271261,78.79174375461496,-15.122834732712608,78.79174375461521,-15.122834732712459,78.79174375461521,-15.122834732712459
3050000000.0,78.78191941460072,-15.145639117866649,78.78191941460074,-15.145639117866656,78.78191941460108,-15.145639117866398,78.78191941460108,-15.145639117866398
3055000000.0,78.7720815924401,-15.168434066882392,78.7720815924401,-15.168434066882392,78.7720815924406,-15.16843406688209,78.7720815924406,-15.16843406688209
3060000000.0,78.76223030003592,-15.191219568538532,78.76223030003592,-15.191219568538529,78.76223030003565,-15.19121956853865,78.76223030003565,-15.19121956853865
3065000000.0,78.75236554930233,-15.213995611632216,78.75236554930233,-15.213995611632216,78.75236554930211,-15.213995611632424,78.75236554930211,-15.213995611632424
3070000000.0,78.7424873521648,-15.236762184979083,78.74248735216479,-15.236762184979082,78.74248735216514,-15.236762184978865,78.74248735216514,-15.236762184978865
3075000000.0,78.73259572056004,-15.259519277413244,78.73259572056006,-15.25951927741325,78.73259572056004,-15.259519277413178,78.73259572056004,-15.259519277413178
3080000000.0,78.72269066643612,-15.282266877787336,78.72269066643611,-15.28226687778733,78.72269066643602,-15.282266877787295,78.72269066643602,-15.282266877787295
3085000000.0,78.71277220175223,-15.305004974972485,78.71277220175223,-15.305004974972485,78.71277220175291,-15.305004974972084,78.71277220175291,-15.305004974972084
3090000000.0,78.70284033847884,-15.327733557858377,78.70284033847882,-15.327733557858371,78.70284033847896,-15.327733557858163,78.70284033847896,-15.327733557858163
3095000000.0,78.6928950885975,-15.3504526153532,78.6928950885975,-15.3504526153532,78.6928950885976,-15.350452615353252,78.6928950885976,-15.350452615353252
3100000000.0,78.68293646410088,-15.373162136383714,78.68293646410086,-15.373162136383712,78.68293646410108,-15.37316213638369,78.68293646410108,-15.37316213638369
3105000000.0,78.67296447699283,-15.395862109895244,78.67296447699283,-15.395862109895239,78.67296447699269,-15.395862109895509,78.67296447699269,-15.395862109895509
3110000000.0,78.66297913928815,-15.418552524851679,78.66297913928815,-15.418552524851679,78.66297913928776,-15.418552524852087,78.66297913928776,-15.418552524852087
3115000000.0,78.65298046301271,-15.441233370235492,78.6529804630127,-15.441233370235487,78.65298046301275,-15.441233370235315,78.65298046301275,-15.441233370235315
3120000000.0,78.64296846020338,-15.463904635047761,78.64296846020338,-15.463904635047761,78.64296846020339,-15.463904635047834,78.64296846020339,-15.463904635047834
3125000000.0,78.63294314290792,-15.486566308308166,78.63294314290792,-15.486566308308166,78.63294314290793,-15.486566308308094,78.63294314290793,-15.486566308308094
3130000000.0,78.62290452318507,-15.509218379055008,78.62290452318507,-15.509218379055008,78.6229045231854,-15.509218379054769,78.6229045231854,-15.509218379054769
3135000000.0,78.61285261310442,-15.531860836345228,78.61285261310442,-15.531860836345222,78.61285261310425,-15.531860836345336,78.61285261310425,-15.531860836345336
3140000000.0,78.60278742474642,-15.554493669254388,78.60278742474642,-15.554493669254388,78.60278742474642,-15.554493669254407,78.60278742474642,-15.554493669254407
3145000000.0,78.59270897020234,-15.577116866876729,78.59270897020232,-15.577116866876727,78.59270897020211,-15.57711686687714,78.59270897020211,-15.57711686687714
3150000000.0,78.58261726157423,-15.59973041832513,78.58261726157423,-15.599730418325125,78.58261726157426,-15.599730418325011,78.58261726157426,-15.599730418325011
3155000000.0,78.57251231097489,-15.622334312731168,78.57251231097489,-15.622334312731168,78.57251231097497,-15.622334312730782,78.57251231097497,-15.622334312730782
3160000000.0,78.56239413052782,-15.644928539245095,78.56239413052782,-15.644928539245095,78.56239413052793,-15.644928539245015,78.56239413052793,-15.644928539245015
3165000000.0,78.55226273236723,-15.667513087035864,78.55226273236723,-15.667513087035864,78.55226273236757,-15.667513087035536,78.55226273236757,-15.667513087035536
3170000000.0,78.54211812863792,-15.690087945291133,78.54211812863792,-15.690087945291133,78.54211812863836,-15.690087945290715,78.54211812863836,-15.690087945290715
3175000000.0,78.5319603314954,-15.712653103217274,78.5319603314954,-15.712653103217269,78.53196033149567,-15.71265310321702,78.53196033149567,-15.71265310321702
3180000000.0,78.52178935310565,-15.735208550039395,78.52178935310565,-15.7352085500394,78.52178935310525,-15.735208550039506,78.52178935310525,-15.735208550039506
3185000000.0,78.51160520564527,-15.757754275001348,78.51160520564527,-15.757754275001354,78.51160520564515,-15.757754275001314,78.51160520564515,-15.757754275001314
3190000000.0,78.50140790130133,-15.780290267365729,78.50140790130133,-15.780290267365729,78.50140790130091,-15.780290267366034,78.50140790130091,-15.780290267366034
3195000000.0,78.49119745227141,-15.802816516413893,78.49119745227141,-15.802816516413893,78.49119745227165,-15.802816516413449,78.49119745227165,-15.802816516413449
3200000000.0,78.4809738707635,-15.82533301144597,78.48097387076349,-15.825333011445963,78.48097387076372,-15.825333011445874,78.48097387076372,-15.825333011445874
3205000000.0,78.47073716899604,-15.84783974178087,78.47073716899602,-15.847839741780863,78.47073716899646,-15.847839741780593,78.47073716899646,-15.847839741780593
3210000000.0,78.46048735919778,-15.870336696756292,78.46048735919777,-15.870336696756295,78.46048735919732,-15.870336696756723,78.46048735919732,-15.870336696756723
3215000000.0,78.45022445360786,-15.892823865728742,78.45022445360786,-15.892823865728747,78.4502244536076,-15.892823865728746,78.4502244536076,-15.892823865728746
3220000000.0,78.43994846447573,-15.915301238073539,78.43994846447572,-15.915301238073532,78.4399484644761,-15.91530123807333,78.4399484644761,-15.91530123807333
3225000000.0,78.42965940406108,-15.937768803184811,78.42965940406108,-15.937768803184811,78.42965940406108,-15.937768803184575,78.42965940406108,-15.937768803184575
3230000000.0,78.41935728463388,-15.960226550475538,78.41935728463388,-15.960226550475532,78.41935728463399,-15.96022655047546,78.41935728463399,-15.96022655047546
3235000000.0,78.40904211847426,-15.982674469377523,78.40904211847426,-15.982674469377528,78.40904211847415,-15.982674469377605,78.40904211847415,-15.982674469377605
3240000000.0,78.39871391787258,-16.005112549341433,78.39871391787257,-16.005112549341426,78.39871391787202,-16.005112549341874,78.39871391787202,-16.005112549341874
3245000000.0,78.38837269512926,-16.027540779836794,78.38837269512925,-16.02754077983679,78.3883726951287,-16.02754077983719,78.3883726951287,-16.02754077983719
3250000000.0,78.37801846255486,-16.049959150351988,78.37801846255486,-16.049959150351985,78.3780184625548,-16.0499591503521,78.3780184625548,-16.0499591503521
3255000000.0,78.36765123247004,-16.072367650394305,78.36765123247004,-16.07236765039431,78.36765123247002,-16.072367650394288,78.36765123247002,-16.072367650394288
3260000000.0,78.35727101720543,-16.094766269489902,78.35727101720543,-16.094766269489902,78.35727101720565,-16.094766269489725,78.35727101720565,-16.094766269489725
3265000000.0,78.34687782910171,-16.117154997183846,78.34687782910171,-16.117154997183846,78.34687782910143,-16.11715499718412,78.34687782910143,-16.11715499718412
3270000000.0,78.33647168050953,-16.139533823040107,78.33647168050952,-16.13953382304011,78.3364716805098,-16.13953382304,78.3364716805098,-16.13953382304
3275000000.0,78.32605258378943,-16.161902736641583,78.32605258378942,-16.16190273664158,78.32605258378943,-16.161902736641768,78.32605258378943,-16.161902736641768
3280000000.0,78.3156205513119,-16.18426172759009,78.3156205513119,-16.184261727590087,78.31562055131202,-16.184261727590023,78.31562055131202,-16.184261727590023
3285000000.0,78.30517559545723,-16.20661078550638,78.30517559545724,-16.20661078550639,78.30517559545687,-16.20661078550662,78.30517559545687,-16.20661078550662
3290000000.0,78.29471772861561,-16.228949900030162,78.29471772861561,-16.228949900030162,78.29471772861623,-16.228949900029775,78.29471772861623,-16.228949900029775
3295000000.0,78.28424696318697,-16.25127906082009,78.28424696318697,-16.251279060820092,78.28424696318645,-16.251279060820632,78.28424696318645,-16.251279060820632
3300000000.0,78.27376331158104,-16.27359825755378,78.27376331158102,-16.273598257553775,78.27376331158149,-16.273598257553548,78.27376331158149,-16.273598257553548
3305000000.0,78.26326678621724,-16.295907479927823,78.26326678621724,-16.29590747992782,78.26326678621783,-16.295907479927422,78.26326678621783,-16.295907479927422
3310000000.0,78.25275739952474,-16.318206717657795,78.25275739952474,-16.318206717657798,78.25275739952473,-16.318206717657826,78.25275739952473,-16.318206717657826
3315000000.0,78.24223516394231,-16.340495960478265,78.2422351639423,-16.34049596047827,78.24223516394213,-16.340495960478165,78.24223516394213,-16.340495960478165
3320000000.0,78.23170009191837,-16.362775198142796,78.23170009191836,-16.362775198142792,78.23170009191833,-16.362775198142938,78.23170009191833,-16.362775198142938
3325000000.0,78.22115219591096,-16.38504442042395,78.22115219591095,-16.38504442042394,78.22115219591099,-16.385044420424045,78.22115219591099,-16.385044420424045
3330000000.0,78.21059148838762,-16.407303617113318,78.21059148838762,-16.407303617113318,78.21059148838769,-16.40730361711333,78.21059148838769,-16.40730361711333
3335000000.0,78.2000179818255,-16.429552778021517,78.20001798182548,-16.429552778021513,78.20001798182547,-16.4295527780216,78.20001798182547,-16.4295527780216
3340000000.0,78.1894316887111,-16.451791892978175,78.1894316887111,-16.451791892978175,78.18943168871124,-16.451791892978033,78.18943168871124,-16.451791892978033
3345000000.0,78.17883262154051,-16.474020951831992,78.17883262154051,-16.474020951831992,78.17883262154055,-16.47402095183207,78.17883262154055,-16.47402095183207
3350000000.0,78.16822079281921,-16.496239944450704,78.16822079281921,-16.4962399444507,78.16822079281931,-16.496239944450497,78.16822079281931,-16.496239944450497
3355000000.0,78.157596215062,-16.518448860721094,78.157596215062,-16.51844886072109,78.15759621506173,-16.518448860721325,78.15759621506173,-16.518448860721325
3360000000.0,78.14695890079311,-16.540647690549022,78.14695890079311,-16.540647690549022,78.14695890079321,-16.540647690548965,78.14695890079321,-16.540647690548965
3365000000.0,78.13630886254606,-16.56283642385942,78.13630886254606,-16.56283642385942,78.13630886254636,-16.562836423859018,78.13630886254636,-16.562836423859018
3370000000.0,78.12564611286363,-16.585015050596304,78.12564611286363,-16.585015050596308,78.1256461128635,-16.585015050596386,78.1256461128635,-16.585015050596386
3375000000.0,78.11497066429791,-16.60718356072278,78.1149706642979,-16.607183560722774,78.1149706642976,-16.60718356072292,78.1149706642976,-16.60718356072292
3380000000.0,78.10428252941014,-16.629341944221046,78.10428252941014,-16.62934194422105,78.10428252941001,-16.62934194422151,78.10428252941001,-16.62934194422151
3385000000.0,78.09358172077079,-16.651490191092414,78.09358172077079,-16.65149019109241,78.09358172077069,-16.651490191092343,78.09358172077069,-16.651490191092343
3390000000.0,78.08286825095946,-16.673628291357296,78.08286825095946,-16.673628291357296,78.08286825095975,-16.673628291357286,78.08286825095975,-16.673628291357286
3395000000.0,78.07214213256486,-16.695756235055235,78.07214213256486,-16.69575623505523,78.07214213256498,-16.69575623505527,78.07214213256498,-16.69575623505527
3400000000.0,78.0614033781848,-16.717874012244906,78.06140337818479,-16.7178740122449,78.06140337818513,-16.71787401224486,78.06140337818513,-16.71787401224486
3405000000.0,78.05065200042614,-16.739981613004115,78.05065200042613,-16.739981613004115,78.05065200042583,-16.73998161300439,78.05065200042583,-16.73998161300439
3410000000.0,78.03988801190468,-16.762079027429802,78.03988801190468,-16.762079027429806,78.03988801190488,-16.76207902742952,78.03988801190488,-16.76207902742952
3415000000.0,78.0291114252453,-16.784166245638072,78.02911142524529,-16.784166245638072,78.02911142524516,-16.78416624563817,78.02911142524516,-16.78416624563817
3420000000.0,78.01832225308178,-16.806243257764184,78.01832225308179,-16.806243257764194,78.0183222530817,-16.806243257764418,78.0183222530817,-16.806243257764418
3425000000.0,78.00752050805677,-16.82831005396255,78.00752050805677,-16.828310053962547,78.00752050805676,-16.8283100539628,78.00752050805676,-16.8283100539628
3430000000.0,77.99670620282187,-16.850366624406785,77.99670620282187,-16.85036662440679,77.99670620282167,-16.850366624406963,77.99670620282167,-16.850366624406963
3435000000.0,77.98587935003745,-16.87241295928964,77.98587935003744,-16.87241295928964,77.98587935003769,-16.872412959289253,77.98587935003769,-16.872412959289253
3440000000.0,77.97503996237276,-16.894449048823095,77.97503996237276,-16.894449048823095,77.97503996237272,-16.8944490488231,77.97503996237272,-16.8944490488231
3445000000.0,77.96418805250576,-16.916474883238294,77.96418805250576,-16.9164748832383,77.96418805250593,-16.91647488323807,77.96418805250593,-16.91647488323807
3450000000.0,77.95332363312318,-16.938490452785594,77.95332363312318,-16.938490452785597,77.9533236331232,-16.938490452785505,77.9533236331232,-16.938490452785505
3455000000.0,77.94244671692044,-16.96049574773456,77.94244671692043,-16.96049574773455,77.94244671692059,-16.960495747734438,77.94244671692059,-16.960495747734438
3460000000.0,77.93155731660168,-16.982490758373967,77.93155731660168,-16.982490758373963,77.93155731660117,-16.982490758374606,77.93155731660117,-16.982490758374606
3465000000.0,77.9206554448796,-17.00447547501181,77.9206554448796,-17.00447547501181,77.9206554448799,-17.004475475011485,77.9206554448799,-17.004475475011485
3470000000.0,77.90974111447555,-17.026449887975314,77.90974111447555,-17.026449887975318,77.90974111447564,-17.026449887975485,77.90974111447564,-17.026449887975485
3475000000.0,77.89881433811942,-17.048413987610928,77.89881433811942,-17.04841398761093,77.89881433811934,-17.04841398761088,77.89881433811934,-17.04841398761088
3480000000.0,77.88787512854972,-17.070367764284363,77.88787512854972,-17.070367764284352,77.8878751285499,-17.070367764283954,77.8878751285499,-17.070367764283954
3485000000.0,77.87692349851332,-17.092311208380554,77.8769234985133,-17.092311208380547,77.87692349851311,-17.092311208380824,77.87692349851311,-17.092311208380824
3490000000.0,77.86595946076571,-17.11424431030371,77.86595946076571,-17.114244310303707,77.86595946076616,-17.11424431030332,77.86595946076616,-17.11424431030332
3495000000.0,77.85498302807065,-17.13616706047727,77.85498302807065,-17.136167060477266,77.85498302807093,-17.136167060476755,77.85498302807093,-17.136167060476755
3500000000.0,77.84399421320045,-17.158079449343973,77.84399421320045,-17.158079449343973,77.84399421320026,-17.158079449344097,77.84399421320026,-17.158079449344097
3505000000.0,77.83299302893569,-17.1799814673658,77.83299302893568,-17.1799814673658,77.83299302893566,-17.179981467365828,77.83299302893566,-17.179981467365828
3510000000.0,77.82197948806532,-17.201873105024028,77.82197948806532,-17.201873105024024,77.82197948806517,-17.201873105024678,77.82197948806517,-17.201873105024678
3515000000.0,77.81095360338658,-17.223754352819213,77.81095360338658,-17.223754352819217,77.8109536033869,-17.223754352818975,77.8109536033869,-17.223754352818975
3520000000.0,77.79991538770496,-17.2456252012712,77.79991538770496,-17.245625201271203,77.7999153877048,-17.245625201271366,77.7999153877048,-17.245625201271366
3525000000.0,77.78886485383418,-17.267485640919123,77.78886485383418,-17.26748564091912,77.78886485383426,-17.267485640918782,77.78886485383426,-17.267485640918782
3530000000.0,77.77780201459618,-17.289335662321427,77.77780201459618,-17.289335662321424,77.77780201459615,-17.289335662321616,77.77780201459615,-17.289335662321616
3535000000.0,77.76672688282105,-17.311175256055865,77.76672688282105,-17.31117525605586,77.76672688282082,-17.31117525605589,77.76672688282082,-17.31117525605589
3540000000.0,77.75563947134697,-17.33300441271949,77.75563947134698,-17.333004412719497,77.75563947134711,-17.33300441271926,77.75563947134711,-17.33300441271926
3545000000.0,77.74453979302025,-17.354823122928682,77.74453979302025,-17.354823122928675,77.74453979302069,-17.35482312292851,77.74453979302069,-17.35482312292851
3550000000.0,77.73342786069524,-17.376631377319146,77.73342786069524,-17.37663137731915,77.73342786069526,-17.376631377319157,77.73342786069526,-17.376631377319157
3555000000.0,77.72230368723437,-17.398429166545913,77.72230368723437,-17.398429166545913,77.72230368723457,-17.398429166545647,77.72230368723457,-17.398429166545647
3560000000.0,77.71116728550797,-17.420216481283354,77.71116728550795,-17.42021648128335,77.71116728550832,-17.420216481283283,77.71116728550832,-17.420216481283283
3565000000.0,77.70001866839438,-17.44199331222516,77.70001866839436,-17.441993312225154,77.70001866839446,-17.441993312225126,77.70001866839446,-17.441993312225126
3570000000.0,77.68885784877986,-17.463759650084405,77.68885784877986,-17.4637596500844,77.68885784877996,-17.463759650084288,77.68885784877996,-17.463759650084288
3575000000.0,77.67768483955854,-17.485515485593474,77.67768483955854,-17.485515485593474,77.67768483955842,-17.48551548559346,77.67768483955842,-17.48551548559346
3580000000.0,77.66649965363241,-17.507260809504125,77.66649965363241,-17.507260809504125,77.66649965363258,-17.507260809503833,77.66649965363258,-17.507260809503833
3585000000.0,77.65530230391131,-17.52899561258748,77.6553023039113,-17.528995612587472,77.65530230391155,-17.528995612587508,77.65530230391155,-17.528995612587508
3590000000.0,77.64409280331284,-17.550719885634027,77.64409280331284,-17.55071988563402,77.64409280331326,-17.55071988563391,77.64409280331326,-17.55071988563391
3595000000.0,77.63287116476234,-17.57243361945361,77.63287116476234,-17.57243361945361,77.63287116476248,-17.572433619453083,77.63287116476248,-17.572433619453083
3600000000.0,77.62163740119291,-17.59413680487546,77.62163740119291,-17.594136804875465,77.62163740119277,-17.594136804875568,77.62163740119277,-17.594136804875568
3605000000.0,77.61039152554527,-17.615829432748182,77.61039152554527,-17.615829432748182,77.61039152554524,-17.615829432748296,77.61039152554524,-17.615829432748296
3610000000.0,77.59913355076785,-17.637511493939776,77.59913355076783,-17.637511493939773,77.59913355076785,-17.63751149393998,77.59913355076785,-17.63751149393998
3615000000.0,77.58786348981668,-17.659182979337626,77.58786348981668,-17.659182979337626,77.58786348981644,-17.65918297933805,77.58786348981644,-17.65918297933805
3620000000.0,77.57658135565536,-17.6808438798485,77.57658135565536,-17.6808438798485,77.57658135565511,-17.68084387984889,77.57658135565511,-17.68084387984889
3625000000.0,77.56528716125506,-17.702494186398578,77.56528716125506,-17.70249418639858,77.56528716125527,-17.702494186398432,77.56528716125527,-17.702494186398432
3630000000.0,77.55398091959444,-17.724133889933437,77.55398091959444,-17.724133889933434,77.5539809195947,-17.724133889933267,77.5539809195947,-17.724133889933267
3635000000.0,77.54266264365967,-17.74576298141806,77.54266264365965,-17.745762981418057,77.54266264365927,-17.745762981418295,77.54266264365927,-17.745762981418295
3640000000.0,77.53133234644432,-17.767381451836844,77.53133234644432,-17.767381451836847,77.53133234644415,-17.76738145183677,77.53133234644415,-17.76738145183677
3645000000.0,77.51999004094942,-17.788989292193605,77.51999004094941,-17.7889892921936,77.51999004094955,-17.788989292193165,77.51999004094955,-17.788989292193165
3650000000.0,77.5086357401834,-17.810586493511575,77.5086357401834,-17.810586493511572,77.50863574018366,-17.810586493511202,77.50863574018366,-17.810586493511202
3655000000.0,77.49726945716192,-17.832173046833397,77.49726945716192,-17.832173046833397,77.49726945716186,-17.8321730468335,77.49726945716186,-17.8321730468335
3660000000.0,77.48589120490811,-17.85374894322117,77.48589120490811,-17.853748943221174,77.48589120490797,-17.853748943221383,77.48589120490797,-17.853748943221383
3665000000.0,77.47450099645226,-17.875314173756404,77.47450099645225,-17.875314173756404,77.47450099645188,-17.87531417375692,77.47450099645188,-17.87531417375692
3670000000.0,77.46309884483196,-17.89686872954006,77.46309884483196,-17.896868729540067,77.46309884483215,-17.89686872953996,77.46309884483215,-17.89686872953996
3675000000.0,77.45168476309199,-17.91841260169252,77.45168476309198,-17.918412601692516,77.45168476309209,-17.918412601692292,77.45168476309209,-17.918412601692292
3680000000.0,77.44025876428428,-17.939945781353618,77.44025876428427,-17.939945781353615,77.44025876428383,-17.93994578135424,77.44025876428383,-17.93994578135424
3685000000.0,77.42882086146798,-17.961468259682647,77.42882086146797,-17.961468259682643,77.42882086146813,-17.96146825968246,77.42882086146813,-17.96146825968246
3690000000.0,77.41737106770925,-17.98298002785833,77.41737106770925,-17.98298002785833,77.41737106770906,-17.982980027858673,77.41737106770906,-17.982980027858673
3695000000.0,77.40590939608141,-18.004481077078864,77.4059093960814,-18.00448107707886,77.40590939608141,-18.004481077079024,77.40590939608141,-18.004481077079024
3700000000.0,77.3944358596648,-18.02597139856189,77.39443585966478,-18.025971398561893,77.39443585966458,-18.025971398562046,77.39443585966458,-18.025971398562046
3705000000.0,77.38295047154672,-18.047450983544525,77.3829504715467,-18.047450983544522,77.38295047154688,-18.047450983544334,77.38295047154688,-18.047450983544334
3710000000.0,77.37145324482148,-18.06891982328333,77.37145324482148,-18.068919823283334,77.37145324482184,-18.068919823282975,77.37145324482184,-18.068919823282975
3715000000.0,77.35994419259033,-18.09037790905435,77.35994419259033,-18.090377909054347,77.35994419259033,-18.09037790905447,77.35994419259033,-18.09037790905447
3720000000.0,77.34842332796146,-18.1118252321531,77.34842332796146,-18.111825232153105,77.34842332796136,-18.111825232153336,77.34842332796136,-18.111825232153336
3725000000.0,77.33689066404985,-18.133261783894564,77.33689066404983,-18.13326178389456,77.33689066404948,-18.133261783895055,77.33689066404948,-18.133261783895055
3730000000.0,77.32534621397738,-18.15468755561321,77.32534621397738,-18.154687555613215,77.32534621397758,-18.154687555612764,77.32534621397758,-18.154687555612764
3735000000.0,77.31378999087272,-18.176102538662974,77.31378999087272,-18.176102538662967,77.31378999087305,-18.17610253866297,77.31378999087305,-18.17610253866297
3740000000.0,77.30222200787131,-18.197506724417302,77.30222200787131,-18.197506724417302,77.30222200787122,-18.197506724417604,77.30222200787122,-18.197506724417604
3745000000.0,77.29064227811533,-18.21890010426909,77.29064227811533,-18.218900104269085,77.29064227811553,-18.218900104269473,77.29064227811553,-18.218900104269473
3750000000.0,77.27905081475366,-18.240282669630755,77.27905081475365,-18.24028266963075,77.2790508147537,-18.240282669630528,77.2790508147537,-18.240282669630528
3755000000.0,77.26744763094185,-18.26165441193419,77.26744763094185,-18.261654411934195,77.26744763094202,-18.261654411934018,77.26744763094202,-18.261654411934018
3760000000.0,77.25583273984208,-18.28301532263079,77.25583273984206,-18.283015322630785,77.25583273984206,-18.283015322630977,77.25583273984206,-18.283015322630977
3765000000.0,77.24420615462316,-18.304365393191446,77.24420615462316,-18.304365393191443,77.24420615462301,-18.304365393191347,77.24420615462301,-18.304365393191347
3770000000.0,77.23256788846042,-18.325704615106538,77.23256788846041,-18.325704615106535,77.23256788846058,-18.32570461510679,77.23256788846058,-18.32570461510679
3775000000.0,77.22091795453578,-18.347032979885974,77.22091795453576,-18.34703297988597,77.22091795453566,-18.34703297988618,77.22091795453566,-18.34703297988618
3780000000.0,77.20925636603764,-18.36835047905914,77.20925636603762,-18.36835047905914,77.20925636603766,-18.36835047905891,77.20925636603766,-18.36835047905891
3785000000.0,77.19758313616083,-18.389657104174944,77.19758313616083,-18.389657104174944,77.1975831361611,-18.389657104174667,77.1975831361611,-18.389657104174667
3790000000.0,77.1858982781067,-18.410952846801806,77.1858982781067,-18.4109528468018,77.1858982781069,-18.410952846801713,77.1858982781069,-18.410952846801713
3795000000.0,77.17420180508292,-18.432237698527647,77.17420180508292,-18.432237698527647,77.1742018050827,-18.432237698527832,77.1742018050827,-18.432237698527832
3800000000.0,77.16249373030355,-18.45351165095992,77.16249373030355,-18.45351165095992,77.16249373030357,-18.453511650959953,77.16249373030357,-18.453511650959953
3805000000.0,77.15077406698902,-18.47477469572557,77.15077406698902,-18.474774695725575,77.15077406698927,-18.474774695725234,77.15077406698927,-18.474774695725234
3810000000.0,77.13904282836599,-18.496026824471073,77.13904282836599,-18.496026824471077,77.13904282836616,-18.496026824470867,77.13904282836616,-18.496026824470867
3815000000.0,77.12730002766746,-18.517268028862446,77.12730002766746,-18.51726802886245,77.1273000276677,-18.517268028861984,77.1273000276677,-18.517268028861984
3820000000.0,77.11554567813265,-18.53849830058519,77.11554567813265,-18.53849830058519,77.11554567813313,-18.538498300584497,77.11554567813313,-18.538498300584497
3825000000.0,77.10377979300692,-18.55971763134436,77.10377979300692,-18.559717631344363,77.10377979300686,-18.55971763134468,77.10377979300686,-18.55971763134468
3830000000.0,77.09200238554185,-18.58092601286452,77.09200238554185,-18.580926012864516,77.09200238554183,-18.580926012864722,77.09200238554183,-18.580926012864722
3835000000.0,77.08021346899515,-18.602123436889762,77.08021346899515,-18.602123436889762,77.08021346899501,-18.60212343689026,77.08021346899501,-18.60212343689026
3840000000.0,77.06841305663062,-18.62330989518373,77.0684130566306,-18.623309895183723,77.06841305663059,-18.623309895183592,77.06841305663059,-18.623309895183592
3845000000.0,77.0566011617181,-18.644485379529574,77.0566011617181,-18.644485379529574,77.05660116171782,-18.644485379530305,77.05660116171782,-18.644485379530305
3850000000.0,77.04477779753354,-18.665649881729987,77.04477779753354,-18.665649881729987,77.04477779753321,-18.665649881730175,77.04477779753321,-18.665649881730175
3855000000.0,77.03294297735879,-18.68680339360719,77.03294297735879,-18.68680339360719,77.03294297735901,-18.686803393606834,77.03294297735901,-18.686803393606834
3860000000.0,77.02109671448174,-18.70794590700296,77.02109671448174,-18.707945907002955,77.02109671448173,-18.70794590700272,77.02109671448173,-18.70794590700272
3865000000.0,77.00923902219617,-18.72907741377858,77.00923902219617,-18.72907741377858,77.00923902219601,-18.72907741377828,77.00923902219601,-18.72907741377828
3870000000.0,76.99736991380178,-18.750197905814893,76.99736991380178,-18.750197905814893,76.99736991380175,-18.750197905814876,76.99736991380175,-18.750197905814876
3875000000.0,76.98548940260412,-18.77130737501227,76.9854894026041,-18.77130737501227,76.98548940260387,-18.771307375012526,76.98548940260387,-18.771307375012526
3880000000.0,76.97359750191457,-18.792405813290635,76.97359750191457,-18.792405813290635,76.97359750191434,-18.792405813291136,76.97359750191434,-18.792405813291136
3885000000.0,76.96169422505035,-18.813493212589453,76.96169422505035,-18.81349321258945,76.96169422504984,-18.813493212589982,76.96169422504984,-18.813493212589982
3890000000.0,76.9497795853344,-18.834569564867714,76.94977958533438,-18.834569564867714,76.94977958533434,-18.83456956486799,76.94977958533434,-18.83456956486799
3895000000.0,76.9378535960954,-18.855634862103962,76.9378535960954,-18.85563486210396,76.9378535960953,-18.85563486210399,76.9378535960953,-18.85563486210399
3900000000.0,76.92591627066774,-18.876689096296296,76.92591627066774,-18.876689096296296,76.92591627066751,-18.876689096296424,76.92591627066751,-18.876689096296424
3905000000.0,76.91396762239147,-18.897732259462344,76.91396762239147,-18.89773225946234,76.91396762239145,-18.897732259462526,76.91396762239145,-18.897732259462526
3910000000.0,76.90200766461227,-18.9187643436393,76.90200766461226,-18.918764343639296,76.90200766461255,-18.918764343639072,76.90200766461255,-18.918764343639072
3915000000.0,76.89003641068142,-18.939785340883876,76.89003641068142,-18.939785340883873,76.8900364106813,-18.939785340884242,76.8900364106813,-18.939785340884242
3920000000.0,76.87805387395578,-18.960795243272365,76.87805387395579,-18.960795243272372,76.87805387395598,-18.96079524327206,76.87805387395598,-18.96079524327206
3925000000.0,76.8660600677977,-18.98179404290058,76.86606006779769,-18.981794042900578,76.8660600677975,-18.98179404290094,76.8660600677975,-18.98179404290094
3930000000.0,76.8540550055751,-19.002781731883903,76.85405500557509,-19.002781731883903,76.85405500557505,-19.002781731884074,76.85405500557505,-19.002781731884074
3935000000.0,76.84203870066129,-19.023758302357255,76.84203870066129,-19.023758302357262,76.84203870066113,-19.02375830235752,76.84203870066113,-19.02375830235752
3940000000.0,76.83001116643506,-19.044723746475103,76.83001116643506,-19.044723746475103,76.83001116643483,-19.04472374647509,76.83001116643483,-19.04472374647509
3945000000.0,76.81797241628058,-19.065678056411475,76.81797241628058,-19.06567805641147,76.8179724162811,-19.065678056410903,76.8179724162811,-19.065678056410903
3950000000.0,76.8059224635874,-19.08662122435994,76.8059224635874,-19.08662122435994,76.80592246358752,-19.086621224359913,76.80592246358752,-19.086621224359913
3955000000.0,76.7938613217504,-19.107553242533633,76.7938613217504,-19.107553242533637,76.7938613217502,-19.1075532425338,76.7938613217502,-19.1075532425338
3960000000.0,76.78178900416972,-19.128474103165214,76.78178900416972,-19.12847410316521,76.78178900416943,-19.128474103165697,76.78178900416943,-19.128474103165697
3965000000.0,76.76970552425087,-19.14938379850691,76.76970552425085,-19.149383798506907,76.76970552425102,-19.149383798506665,76.76970552425102,-19.149383798506665
3970000000.0,76.75761089540447,-19.170282320830506,76.75761089540445,-19.1702823208305,76.75761089540494,-19.17028232082978,76.75761089540494,-19.17028232082978
3975000000.0,76.74550513104641,-19.191169662427317,76.7455051310464,-19.191169662427313,76.74550513104623,-19.19116966242739,76.74550513104623,-19.19116966242739
3980000000.0,76.73338824459776,-19.212045815608228,76.73338824459776,-19.212045815608228,76.73338824459786,-19.21204581560807,76.73338824459786,-19.21204581560807
3985000000.0,76.72126024948467,-19.232910772703654,76.72126024948467,-19.232910772703658,76.7212602494848,-19.232910772703384,76.7212602494848,-19.232910772703384
3990000000.0,76.70912115913843,-19.253764526063588,76.70912115913843,-19.253764526063584,76.70912115913822,-19.25376452606393,76.70912115913822,-19.25376452606393
3995000000.0,76.69697098699542,-19.274607068057556,76.69697098699541,-19.274607068057556,76.69697098699561,-19.274607068057378,76.69697098699561,-19.274607068057378
4000000000.0,76.684809746497,-19.295438391074615,76.684809746497,-19.295438391074615,76.68480974649681,-19.295438391074732,76.68480974649681,-19.295438391074732
4005000000.0,76.67263745108957,-19.31625848752342,76.67263745108957,-19.316258487523424,76.67263745109,-19.316258487522795,76.67263745109,-19.316258487522795
4010000000.0,76.66045411422448,-19.337067349832118,76.66045411422448,-19.337067349832118,76.66045411422462,-19.33706734983189,76.66045411422462,-19.33706734983189
4015000000.0,76.64825974935805,-19.357864970448453,76.64825974935805,-19.357864970448457,76.64825974935813,-19.35786497044837,76.64825974935813,-19.35786497044837
4020000000.0,76.63605436995145,-19.37865134183969,76.63605436995145,-19.37865134183969,76.63605436995121,-19.378651341839916,76.63605436995121,-19.378651341839916
4025000000.0,76.62383798947076,-19.39942645649263,76.62383798947074,-19.399426456492627,76.62383798947099,-19.399426456492197,76.62383798947099,-19.399426456492197
4030000000.0,76.6116106213869,-19.420190306913657,76.6116106213869,-19.420190306913653,76.61161062138686,-19.42019030691305,76.61161062138686,-19.42019030691305
4035000000.0,76.5993722791756,-19.440942885628672,76.5993722791756,-19.44094288562867,76.59937227917575,-19.44094288562841,76.59937227917575,-19.44094288562841
4040000000.0,76.58712297631733,-19.46168418518313,76.58712297631733,-19.46168418518313,76.58712297631725,-19.461684185183138,76.58712297631725,-19.461684185183138
4045000000.0,76.57486272629733,-19.482414198142028,76.57486272629733,-19.482414198142028,76.57486272629747,-19.48241419814204,76.57486272629747,-19.48241419814204
4050000000.0,76.5625915426055,-19.503132917089896,76.5625915426055,-19.5031329170899,76.56259154260547,-19.50313291709016,76.56259154260547,-19.50313291709016
4055000000.0,76.5503094387365,-19.523840334630826,76.5503094387365,-19.523840334630826,76.5503094387366,-19.52384033463077,76.5503094387366,-19.52384033463077
4060000000.0,76.53801642818958,-19.54453644338844,76.53801642818956,-19.544536443388434,76.53801642818975,-19.544536443388143,76.53801642818975,-19.544536443388143
4065000000.0,76.52571252446855,-19.565221236005893,76.52571252446855,-19.565221236005897,76.52571252446869,-19.565221236005634,76.52571252446869,-19.565221236005634
4070000000.0,76.51339774108187,-19.585894705145883,76.51339774108187,-19.585894705145886,76.51339774108146,-19.58589470514645,76.51339774108146,-19.58589470514645
4075000000.0,76.50107209154255,-19.606556843490647,76.50107209154255,-19.60655684349065,76.50107209154282,-19.606556843490225,76.50107209154282,-19.606556843490225
4080000000.0,76.48873558936805,-19.62720764374196,76.48873558936805,-19.627207643741965,76.4887355893682,-19.627207643741826,76.4887355893682,-19.627207643741826
4085000000.0,76.47638824808034,-19.647847098621128,76.47638824808034,-19.647847098621128,76.47638824808014,-19.64784709862126,76.47638824808014,-19.64784709862126
4090000000.0,76.46403008120585,-19.668475200868986,76.46403008120585,-19.668475200868983,76.46403008120608,-19.668475200868475,76.46403008120608,-19.668475200868475
4095000000.0,76.4516611022754,-19.6890919432459,76.4516611022754,-19.6890919432459,76.45166110227524,-19.689091943246364,76.45166110227524,-19.689091943246364
4100000000.0,76.43928132482417,-19.709697318531777,76.43928132482417,-19.709697318531777,76.43928132482412,-19.709697318532292,76.43928132482412,-19.709697318532292
4105000000.0,76.42689076239175,-19.73029131952604,76.42689076239175,-19.73029131952604,76.42689076239122,-19.730291319527,76.42689076239122,-19.730291319527
4110000000.0,76.41448942852197,-19.750873939047633,76.41448942852197,-19.75087393904763,76.41448942852206,-19.750873939047136,76.41448942852206,-19.750873939047136
4115000000.0,76.40207733676303,-19.77144516993505,76.40207733676303,-19.771445169935046,76.40207733676299,-19.771445169935163,76.40207733676299,-19.771445169935163
4120000000.0,76.38965450066729,-19.792005005046274,76.38965450066729,-19.79200500504627,76.3896545006673,-19.792005005046406,76.3896545006673,-19.792005005046406
4125000000.0,76.37722093379139,-19.812553437258842,76.37722093379139,-19.81255343725884,76.37722093379163,-19.812553437258416,76.37722093379163,-19.812553437258416
4130000000.0,76.36477664969613,-19.833090459469787,76.36477664969613,-19.833090459469783,76.364776649696,-19.833090459470423,76.364776649696,-19.833090459470423
4135000000.0,76.35232166194645,-19.853616064595656,76.35232166194645,-19.853616064595656,76.35232166194645,-19.85361606459602,76.35232166194645,-19.85361606459602
4140000000.0,76.33985598411144,-19.874130245572534,76.33985598411144,-19.874130245572534,76.33985598411122,-19.874130245572882,76.33985598411122,-19.874130245572882
4145000000.0,76.32737962976428,-19.894632995355998,76.32737962976428,-19.894632995355998,76.3273796297643,-19.89463299535594,76.3273796297643,-19.89463299535594
4150000000.0,76.31489261248214,-19.915124306921143,76.31489261248214,-19.915124306921143,76.31489261248198,-19.915124306921573,76.31489261248198,-19.915124306921573
4155000000.0,76.3023949458463,-19.93560417326257,76.3023949458463,-19.93560417326257,76.30239494584607,-19.93560417326284,76.30239494584607,-19.93560417326284
4160000000.0,76.28988664344199,-19.956072587394388,76.28988664344199,-19.956072587394388,76.28988664344185,-19.9560725873944,76.28988664344185,-19.9560725873944
4165000000.0,76.27736771885839,-19.97652954235021,76.27736771885839,-19.976529542350214,76.27736771885844,-19.976529542349628,76.27736771885844,-19.976529542349628
4170000000.0,76.26483818568862,-19.996975031183144,76.2648381856886,-19.996975031183148,76.26483818568887,-19.996975031182703,76.26483818568887,-19.996975031182703
4175000000.0,76.25229805752967,-20.01740904696581,76.25229805752967,-20.01740904696581,76.25229805753013,-20.017409046965,76.25229805753013,-20.017409046965
4180000000.0,76.23974734798243,-20.037831582790304,76.23974734798243,-20.037831582790304,76.23974734798243,-20.037831582789952,76.23974734798243,-20.037831582789952
4185000000.0,76.2271860706516,-20.05824263176824,76.2271860706516,-20.05824263176825,76.22718607065173,-20.058242631768316,76.22718607065173,-20.058242631768316
4190000000.0,76.21461423914566,-20.0786421870307,76.21461423914566,-20.0786421870307,76.21461423914555,-20.078642187030827,76.21461423914555,-20.078642187030827
4195000000.0,76.2020318670769,-20.099030241728272,76.2020318670769,-20.09903024172828,76.20203186707683,-20.099030241728407,76.20203186707683,-20.099030241728407
4200000000.0,76.18943896806125,-20.119406789031007,76.18943896806125,-20.119406789031014,76.18943896806105,-20.119406789030844,76.18943896806105,-20.119406789030844
4205000000.0,76.17683555571848,-20.139771822128463,76.17683555571848,-20.139771822128463,76.1768355557185,-20.139771822128584,76.1768355557185,-20.139771822128584
4210000000.0,76.1642216436719,-20.16012533422966,76.1642216436719,-20.16012533422966,76.16422164367157,-20.160125334230468,76.16422164367157,-20.160125334230468
4215000000.0,76.15159724554852,-20.180467318563114,76.15159724554852,-20.18046731856312,76.15159724554881,-20.180467318562687,76.15159724554881,-20.180467318562687
4220000000.0,76.13896237497895,-20.2007977683768,76.13896237497895,-20.2007977683768,76.13896237497907,-20.20079776837645,76.13896237497907,-20.20079776837645
4225000000.0,76.12631704559735,-20.221116676938145,76.12631704559735,-20.221116676938152,76.12631704559763,-20.22111667693753,76.12631704559763,-20.22111667693753
4230000000.0,76.11366127104142,-20.24142403753409,76.11366127104142,-20.24142403753409,76.11366127104151,-20.241424037534532,76.11366127104151,-20.241424037534532
4235000000.0,76.10099506495241,-20.261719843471006,76.10099506495241,-20.261719843471006,76.1009950649527,-20.261719843470566,76.1009950649527,-20.261719843470566
4240000000.0,76.088318440975,-20.28200408807473,76.088318440975,-20.28200408807473,76.08831844097494,-20.282004088074714,76.08831844097494,-20.282004088074714
4245000000.0,76.07563141275733,-20.302276764690564,76.07563141275733,-20.302276764690564,76.0756314127577,-20.30227676468978,76.0756314127577,-20.30227676468978
4250000000.0,76.06293399395095,-20.32253786668325,76.06293399395095,-20.32253786668325,76.06293399395095,-20.32253786668323,76.06293399395095,-20.32253786668323
4255000000.0,76.05022619821078,-20.342787387437003,76.05022619821078,-20.342787387437003,76.05022619821074,-20.34278738743713,76.05022619821074,-20.34278738743713
4260000000.0,76.03750803919512,-20.363025320355472,76.03750803919512,-20.363025320355472,76.03750803919498,-20.36302532035569,76.03750803919498,-20.36302532035569
4265000000.0,76.02477953056554,-20.38325165886175,76.02477953056554,-20.383251658861756,76.02477953056548,-20.383251658861916,76.02477953056548,-20.383251658861916
4270000000.0,76.01204068598695,-20.40346639639837,76.01204068598695,-20.40346639639837,76.01204068598683,-20.403466396398485,76.01204068598683,-20.403466396398485
4275000000.0,75.99929151912745,-20.4236695264273,75.99929151912744,-20.423669526427297,75.9992915191277,-20.423669526426583,75.9992915191277,-20.423669526426583
4280000000.0,75.98653204365841,-20.443861042429955,75.98653204365841,-20.443861042429955,75.98653204365841,-20.44386104242998,75.98653204365841,-20.44386104242998
4285000000.0,75.97376227325435,-20.46404093790716,75.97376227325435,-20.46404093790716,75.97376227325431,-20.464040937907036,75.97376227325431,-20.464040937907036
4290000000.0,75.960982221593,-20.484209206379173,75.960982221593,-20.48420920637918,75.96098222159317,-20.484209206378896,75.96098222159317,-20.484209206378896
4295000000.0,75.94819190235516,-20.504365841385678,75.94819190235516,-20.504365841385678,75.94819190235525,-20.504365841385233,75.94819190235525,-20.504365841385233
4300000000.0,75.93539132922474,-20.52451083648577,75.93539132922474,-20.52451083648577,75.9353913292247,-20.524510836485902,75.9353913292247,-20.524510836485902
4305000000.0,75.92258051588874,-20.544644185257965,75.92258051588873,-20.54464418525796,75.92258051588885,-20.54464418525773,75.92258051588885,-20.54464418525773
4310000000.0,75.90975947603715,-20.564765881300175,75.90975947603715,-20.564765881300175,75.90975947603712,-20.564765881300485,75.90975947603712,-20.564765881300485
4315000000.0,75.89692822336299,-20.58487591822973,75.89692822336299,-20.58487591822973,75.89692822336295,-20.584875918229624,75.89692822336295,-20.584875918229624
4320000000.0,75.88408677156222,-20.60497428968336,75.88408677156222,-20.60497428968336,75.88408677156221,-20.604974289683813,75.88408677156221,-20.604974289683813
4325000000.0,75.87123513433377,-20.625060989317184,75.87123513433377,-20.625060989317184,75.87123513433392,-20.625060989316662,75.87123513433392,-20.625060989316662
4330000000.0,75.85837332537943,-20.64513601080672,75.85837332537945,-20.64513601080673,75.85837332537953,-20.645136010806524,75.85837332537953,-20.645136010806524
4335000000.0,75.8455013584039,-20.66519934784687,75.8455013584039,-20.66519934784687,75.84550135840396,-20.665199347846706,75.84550135840396,-20.665199347846706
4340000000.0,75.83261924711469,-20.685250994151932,75.83261924711469,-20.685250994151932,75.8326192471147,-20.6852509941518,75.8326192471147,-20.6852509941518
4345000000.0,75.81972700522216,-20.70529094345557,75.81972700522216,-20.70529094345557,75.81972700522206,-20.70529094345605,75.81972700522206,-20.70529094345605
4350000000.0,75.80682464643938,-20.725319189510813,75.80682464643938,-20.725319189510813,75.80682464643932,-20.725319189510863,75.80682464643932,-20.725319189510863
4355000000.0,75.79391218448228,-20.745335726090094,75.79391218448228,-20.745335726090094,75.79391218448228,-20.745335726090474,75.79391218448228,-20.745335726090474
4360000000.0,75.78098963306935,-20.765340546985176,75.78098963306935,-20.765340546985176,75.78098963306955,-20.765340546984703,75.78098963306955,-20.765340546984703
4365000000.0,75.7680570059219,-20.78533364600721,75.7680570059219,-20.785333646007217,75.76805700592202,-20.7853336460066,75.76805700592202,-20.7853336460066
4370000000.0,75.75511431676385,-20.805315016986697,75.75511431676385,-20.805315016986686,75.75511431676394,-20.805315016986487,75.75511431676394,-20.805315016986487
4375000000.0,75.74216157932169,-20.825284653773465,75.74216157932169,-20.825284653773465,75.74216157932182,-20.825284653773622,75.74216157932182,-20.825284653773622
4380000000.0,75.72919880732458,-20.84524255023673,75.72919880732458,-20.84524255023673,75.72919880732465,-20.845242550236346,75.72919880732465,-20.845242550236346
4385000000.0,75.71622601450417,-20.865188700265016,75.71622601450417,-20.865188700265016,75.7162260145039,-20.865188700265573,75.7162260145039,-20.865188700265573
4390000000.0,75.70324321459468,-20.885123097766204,75.70324321459468,-20.88512309776621,75.70324321459485,-20.885123097766122,75.70324321459485,-20.885123097766122
4395000000.0,75.69025042133282,-20.905045736667493,75.69025042133282,-20.905045736667493,75.69025042133278,-20.905045736667443,75.69025042133278,-20.905045736667443
4400000000.0,75.67724764845774,-20.924956610915416,75.67724764845774,-20.924956610915416,75.6772476484577,-20.924956610915412,75.6772476484577,-20.924956610915412
4405000000.0,75.66423490971101,-20.94485571447583,75.66423490971101,-20.94485571447583,75.66423490971101,-20.944855714475626,75.66423490971101,-20.944855714475626
4410000000.0,75.6512122188367,-20.964743041333904,75.65121221883669,-20.964743041333893,75.65121221883669,-20.964743041333847,75.65121221883669,-20.964743041333847
4415000000.0,75.63817958958114,-20.98461858549411,75.63817958958114,-20.98461858549411,75.6381795895812,-20.984618585494257,75.6381795895812,-20.984618585494257
4420000000.0,75.62513703569304,-21.00448234098025,75.62513703569304,-21.00448234098025,75.62513703569287,-21.004482340980907,75.62513703569287,-21.004482340980907
4425000000.0,75.61208457092347,-21.02433430183541,75.61208457092347,-21.02433430183541,75.61208457092366,-21.024334301834653,75.61208457092366,-21.024334301834653
4430000000.0,75.59902220902568,-21.04417446212196,75.59902220902568,-21.04417446212196,75.59902220902583,-21.044174462121497,75.59902220902583,-21.044174462121497
4435000000.0,75.58594996375521,-21.064002815921583,75.58594996375521,-21.064002815921583,75.58594996375527,-21.06400281592143,75.58594996375527,-21.06400281592143
4440000000.0,75.57286784886988,-21.083819357335244,75.57286784886988,-21.083819357335244,75.57286784886985,-21.083819357334995,75.57286784886985,-21.083819357334995
4445000000.0,75.55977587812959,-21.103624080483154,75.55977587812959,-21.103624080483147,75.55977587812946,-21.103624080482692,75.55977587812946,-21.103624080482692
4450000000.0,75.54667406529644,-21.123416979504846,75.54667406529644,-21.123416979504846,75.54667406529636,-21.123416979505038,75.54667406529636,-21.123416979505038
4455000000.0,75.5335624241347,-21.143198048559082,75.5335624241347,-21.143198048559082,75.53356242413467,-21.14319804855907,75.53356242413467,-21.14319804855907
4460000000.0,75.52044096841065,-21.162967281823914,75.52044096841065,-21.162967281823914,75.52044096841064,-21.16296728182401,75.52044096841064,-21.16296728182401
4465000000.0,75.5073097118927,-21.18272467349662,75.5073097118927,-21.18272467349661,75.50730971189289,-21.182724673497138,75.50730971189289,-21.182724673497138
4470000000.0,75.49416866835122,-21.20247021779375,75.49416866835122,-21.20247021779375,75.49416866835122,-21.202470217793817,75.49416866835122,-21.202470217793817
4475000000.0,75.48101785155865,-21.222203908951094,75.48101785155865,-21.222203908951094,75.48101785155842,-21.22220390895169,75.48101785155842,-21.22220390895169
4480000000.0,75.46785727528936,-21.241925741223675,75.46785727528936,-21.241925741223675,75.46785727528922,-21.241925741223803,75.46785727528922,-21.241925741223803
4485000000.0,75.45468695331968,-21.26163570888576,75.45468695331968,-21.26163570888576,75.45468695331968,-21.261635708886168,75.45468695331968,-21.261635708886168
4490000000.0,75.44150689942782,-21.281333806230815,75.44150689942782,-21.281333806230815,75.44150689942799,-21.281333806230542,75.44150689942799,-21.281333806230542
4495000000.0,75.4283171273939,-21.301020027571564,75.4283171273939,-21.301020027571564,75.42831712739394,-21.30102002757136,75.42831712739394,-21.30102002757136
4500000000.0,75.41511765099985,-21.320694367239923,75.41511765099985,-21.320694367239923,75.41511765099976,-21.320694367240034,75.41511765099976,-21.320694367240034
4505000000.0,75.40190848402943,-21.340356819587004,75.40190848402943,-21.340356819587004,75.40190848402926,-21.340356819587786,75.40190848402926,-21.340356819587786
4510000000.0,75.38868964026821,-21.360007378983145,75.38868964026821,-21.360007378983145,75.38868964026821,-21.36000737898303,75.38868964026821,-21.36000737898303
4515000000.0,75.37546113350349,-21.379646039817867,75.37546113350349,-21.379646039817867,75.37546113350322,-21.379646039818233,75.37546113350322,-21.379646039818233
4520000000.0,75.36222297752431,-21.39927279649989,75.36222297752431,-21.39927279649989,75.36222297752424,-21.399272796499734,75.36222297752424,-21.399272796499734
4525000000.0,75.34897518612136,-21.418887643457097,75.34897518612136,-21.418887643457097,75.34897518612121,-21.418887643457477,75.34897518612121,-21.418887643457477
4530000000.0,75.33571777308707,-21.43849057513656,75.33571777308707,-21.43849057513656,75.33571777308694,-21.438490575136413,75.33571777308694,-21.438490575136413
4535000000.0,75.32245075221542,-21.45808158600452,75.32245075221542,-21.45808158600452,75.32245075221527,-21.458081586004315,75.32245075221527,-21.458081586004315
4540000000.0,75.30917413730204,-21.477660670546378,75.30917413730202,-21.477660670546374,75.30917413730198,-21.477660670546253,75.30917413730198,-21.477660670546253
4545000000.0,75.29588794214415,-21.497227823266698,75.29588794214415,-21.497227823266698,75.29588794214419,-21.497227823266783,75.29588794214419,-21.497227823266783
4550000000.0,75.28259218054042,-21.516783038689173,75.28259218054042,-21.516783038689166,75.28259218054039,-21.516783038688196,75.28259218054039,-21.516783038688196
4555000000.0,75.26928686629118,-21.536326311356667,75.26928686629118,-21.53632631135666,75.26928686629124,-21.536326311356575,75.26928686629124,-21.536326311356575
4560000000.0,75.25597201319809,-21.55585763583116,75.25597201319809,-21.55585763583116,75.25597201319823,-21.555857635831323,75.25597201319823,-21.555857635831323
4565000000.0,75.24264763506436,-21.575377006693767,75.24264763506436,-21.575377006693767,75.24264763506427,-21.575377006693454,75.24264763506427,-21.575377006693454
4570000000.0,75.22931374569458,-21.594884418544734,75.22931374569458,-21.594884418544734,75.22931374569445,-21.594884418544794,75.22931374569445,-21.594884418544794
4575000000.0,75.21597035889475,-21.614379866003397,75.21597035889475,-21.614379866003397,75.2159703588948,-21.61437986600281,75.2159703588948,-21.61437986600281
4580000000.0,75.2026174884722,-21.63386334370823,75.2026174884722,-21.63386334370823,75.20261748847213,-21.63386334370888,75.20261748847213,-21.63386334370888
4585000000.0,75.18925514823562,-21.653334846316795,75.18925514823562,-21.653334846316795,75.18925514823569,-21.653334846315992,75.18925514823569,-21.653334846315992
4590000000.0,75.17588335199495,-21.672794368505738,75.17588335199495,-21.672794368505738,75.17588335199501,-21.672794368505404,75.17588335199501,-21.672794368505404
4595000000.0,75.16250211356152,-21.69224190497081,75.16250211356152,-21.69224190497081,75.16250211356135,-21.69224190497148,75.16250211356135,-21.69224190497148
4600000000.0,75.14911144674772,-21.71167745042683,75.14911144674772,-21.71167745042683,75.14911144674767,-21.711677450427064,75.14911144674767,-21.711677450427064
4605000000.0,75.13571136536733,-21.731100999607694,75.13571136536733,-21.7311009996077,75.13571136536714,-21.731100999607136,75.13571136536714,-21.731100999607136
4610000000.0,75.12230188323518,-21.750512547266364,75.12230188323517,-21.75051254726636,75.12230188323498,-21.75051254726644,75.12230188323498,-21.75051254726644
4615000000.0,75.1088830141673,-21.769912088174856,75.1088830141673,-21.769912088174856,75.10888301416729,-21.76991208817497,75.10888301416729,-21.76991208817497
4620000000.0,75.09545477198085,-21.78929961712424,75.09545477198085,-21.78929961712424,75.09545477198101,-21.789299617124414,75.09545477198101,-21.789299617124414
4625000000.0,75.08201717049407,-21.80867512892462,75.08201717049407,-21.80867512892462,75.08201717049401,-21.80867512892402,75.08201717049401,-21.80867512892402
4630000000.0,75.06857022352624,-21.828038618405156,75.06857022352624,-21.828038618405156,75.06857022352615,-21.82803861840506,75.06857022352615,-21.82803861840506
4635000000.0,75.0551139448977,-21.84739008041401,75.0551139448977,-21.84739008041401,75.05511394489757,-21.847390080413646,75.05511394489757,-21.847390080413646
4640000000.0,75.04164834842976,-21.86672950981838,75.04164834842976,-21.866729509818374,75.04164834842987,-21.8667295098177,75.04164834842987,-21.8667295098177
4645000000.0,75.02817344794475,-21.886056901504478,75.02817344794475,-21.886056901504478,75.02817344794474,-21.886056901505203,75.02817344794474,-21.886056901505203
4650000000.0,75.01468925726587,-21.90537225037751,75.01468925726587,-21.90537225037751,75.0146892572659,-21.905372250377518,75.0146892572659,-21.905372250377518
4655000000.0,75.0011957902173,-21.92467555136169,75.0011957902173,-21.924675551361698,75.00119579021731,-21.924675551361368,75.00119579021731,-21.924675551361368
4660000000.0,74.98769306062407,-21.94396679940021,74.98769306062405,-21.943966799400208,74.98769306062403,-21.943966799400428,74.98769306062403,-21.943966799400428
4665000000.0,74.97418108231203,-21.96324598945526,74.97418108231203,-21.96324598945526,74.97418108231193,-21.96324598945544,74.97418108231193,-21.96324598945544
4670000000.0,74.96065986910793,-21.98251311650798,74.96065986910793,-21.98251311650798,74.9606598691079,-21.98251311650803,74.9606598691079,-21.98251311650803
4675000000.0,74.94712943483923,-22.0017681755585,74.94712943483923,-22.001768175558507,74.94712943483923,-22.001768175558936,74.94712943483923,-22.001768175558936
4680000000.0,74.9335897933342,-22.021011161625886,74.93358979333419,-22.021011161625882,74.9335897933342,-22.021011161625847,74.9335897933342,-22.021011161625847
4685000000.0,74.92004095842186,-22.040242069748167,74.92004095842186,-22.04024206974816,74.92004095842196,-22.040242069748558,74.92004095842196,-22.040242069748558
4690000000.0,74.90648294393192,-22.05946089498232,74.9064829439319,-22.059460894982315,74.90648294393186,-22.05946089498229,74.90648294393186,-22.05946089498229
4695000000.0,74.8929157636947,-22.07866763240423,74.8929157636947,-22.07866763240423,74.89291576369482,-22.078667632403903,74.89291576369482,-22.078667632403903
4700000000.0,74.87933943154125,-22.097862277108728,74.87933943154125,-22.097862277108728,74.87933943154135,-22.09786227710869,74.87933943154135,-22.09786227710869
4705000000.0,74.86575396130321,-22.11704482420955,74.8657539613032,-22.117044824209547,74.86575396130324,-22.11704482420923,74.86575396130324,-22.11704482420923
4710000000.0,74.85215936681278,-22.136215268839358,74.85215936681278,-22.136215268839358,74.85215936681286,-22.136215268838942,74.85215936681286,-22.136215268838942
4715000000.0,74.83855566190277,-22.155373606149695,74.83855566190277,-22.155373606149695,74.83855566190279,-22.155373606149276,74.83855566190279,-22.155373606149276
4720000000.0,74.82494286040645,-22.174519831310995,74.82494286040645,-22.174519831310995,74.82494286040641,-22.174519831310587,74.82494286040641,-22.174519831310587
4725000000.0,74.81132097615767,-22.193653939512593,74.81132097615769,-22.193653939512604,74.81132097615765,-22.19365393951321,74.81132097615765,-22.19365393951321
4730000000.0,74.79769002299068,-22.21277592596268,74.79769002299068,-22.21277592596268,74.79769002299055,-22.21277592596252,74.79769002299055,-22.21277592596252
4735000000.0,74.78405001474017,-22.23188578588833,74.78405001474016,-22.231885785888327,74.78405001474013,-22.231885785888682,74.78405001474013,-22.231885785888682
4740000000.0,74.77040096524134,-22.250983514535463,74.77040096524134,-22.250983514535456,74.77040096524128,-22.250983514535346,74.77040096524128,-22.250983514535346
4745000000.0,74.75674288832961,-22.270069107168837,74.7567428883296,-22.270069107168833,74.75674288832964,-22.270069107169093,74.75674288832964,-22.270069107169093
4750000000.0,74.7430757978409,-22.28914255907208,74.7430757978409,-22.28914255907208,74.743075797841,-22.28914255907155,74.743075797841,-22.28914255907155
4755000000.0,74.72939970761138,-22.308203865547622,74.72939970761138,-22.30820386554763,74.72939970761122,-22.30820386554747,74.72939970761122,-22.30820386554747
4760000000.0,74.71571463147752,-22.327253021916736,74.71571463147752,-22.327253021916743,74.71571463147752,-22.32725302191621,74.71571463147752,-22.32725302191621
4765000000.0,74.70202058327608,-22.3462900235195,74.70202058327608,-22.3462900235195,74.70202058327617,-22.346290023519476,74.70202058327617,-22.346290023519476
4770000000.0,74.68831757684404,-22.36531486571479,74.68831757684404,-22.36531486571479,74.68831757684407,-22.3653148657147,74.68831757684407,-22.3653148657147
4775000000.0,74.67460562601858,-22.384327543880293,74.67460562601858,-22.384327543880293,74.67460562601865,-22.384327543879728,74.67460562601865,-22.384327543879728
4780000000.0,74.66088474463707,-22.403328053412466,74.66088474463707,-22.403328053412473,74.66088474463716,-22.403328053412135,74.66088474463716,-22.403328053412135
4785000000.0,74.64715494653706,-22.422316389726568,74.64715494653706,-22.422316389726568,74.64715494653701,-22.422316389726163,74.64715494653701,-22.422316389726163
4790000000.0,74.63341624555616,-22.441292548256598,74.63341624555616,-22.441292548256598,74.63341624555606,-22.4412925482558,74.63341624555606,-22.4412925482558
4795000000.0,74.6196686555321,-22.46025652445532,74.6196686555321,-22.46025652445532,74.61966865553198,-22.46025652445531,74.61966865553198,-22.46025652445531
4800000000.0,74.6059121903027,-22.479208313794285,74.60591219030272,-22.479208313794295,74.60591219030255,-22.47920831379314,74.60591219030255,-22.47920831379314
4805000000.0,74.59214686370579,-22.498147911763727,74.59214686370579,-22.498147911763727,74.59214686370599,-22.498147911763496,74.59214686370599,-22.498147911763496
4810000000.0,74.57837268957918,-22.517075313872652,74.57837268957918,-22.517075313872652,74.57837268957927,-22.51707531387277,74.57837268957927,-22.51707531387277
4815000000.0,74.56458968176072,-22.53599051564878,74.56458968176072,-22.53599051564878,74.5645896817607,-22.53599051564806,74.5645896817607,-22.53599051564806
4820000000.0,74.55079785408817,-22.55489351263854,74.55079785408816,-22.554893512638536,74.55079785408819,-22.55489351263853,74.55079785408819,-22.55489351263853
4825000000.0,74.53699722039919,-22.573784300407063,74.53699722039917,-22.57378430040706,74.53699722039917,-22.573784300406462,74.53699722039917,-22.573784300406462
4830000000.0,74.5231877945314,-22.592662874538185,74.5231877945314,-22.592662874538185,74.52318779453137,-22.592662874537414,74.52318779453137,-22.592662874537414
4835000000.0,74.50936959032221,-22.611529230634414,74.50936959032221,-22.611529230634407,74.50936959032225,-22.61152923063474,74.50936959032225,-22.61152923063474
4840000000.0,74.49554262160892,-22.630383364316938,74.49554262160892,-22.630383364316938,74.4955426216089,-22.63038336431676,74.4955426216089,-22.63038336431676
4845000000.0,74.48170690222858,-22.64922527122561,74.48170690222858,-22.64922527122561,74.4817069022287,-22.649225271225532,74.4817069022287,-22.649225271225532
4850000000.0,74.4678624460181,-22.668054947018945,74.4678624460181,-22.668054947018945,74.46786244601803,-22.6680549470186,74.46786244601803,-22.6680549470186
4855000000.0,74.45400926681404,-22.6868723873741,74.45400926681404,-22.6868723873741,74.45400926681418,-22.68687238737435,74.45400926681418,-22.68687238737435
4860000000.0,74.44014737845276,-22.705677587986855,74.44014737845275,-22.70567758798685,74.44014737845261,-22.705677587986727,74.44014737845261,-22.705677587986727
4865000000.0,74.42627679477029,-22.72447054457164,74.42627679477029,-22.72447054457165,74.42627679477022,-22.724470544571997,74.42627679477022,-22.724470544571997
4870000000.0,74.4123975296023,-22.743251252861494,74.4123975296023,-22.7432512528615,74.41239752960233,-22.743251252861537,74.41239752960233,-22.743251252861537
4875000000.0,74.39850959678415,-22.762019708608058,74.39850959678415,-22.762019708608058,74.39850959678394,-22.762019708607454,74.39850959678394,-22.762019708607454
4880000000.0,74.38461301015076,-22.780775907581564,74.38461301015076,-22.780775907581564,74.38461301015063,-22.780775907581244,74.38461301015063,-22.780775907581244
4885000000.0,74.37070778353663,-22.79951984557085,74.37070778353663,-22.79951984557085,74.37070778353656,-22.799519845570742,74.37070778353656,-22.799519845570742
4890000000.0,74.35679393077585,-22.818251518383317,74.35679393077585,-22.818251518383317,74.35679393077606,-22.81825151838343,74.35679393077606,-22.81825151838343
4895000000.0,74.34287146570199,-22.83697092184493,74.34287146570199,-22.83697092184493,74.34287146570196,-22.836970921845236,74.34287146570196,-22.836970921845236
4900000000.0,74.32894040214816,-22.855678051800222,74.32894040214815,-22.85567805180022,74.32894040214819,-22.855678051800158,74.32894040214819,-22.855678051800158
4905000000.0,74.3150007539469,-22.87437290411227,74.3150007539469,-22.87437290411227,74.31500075394707,-22.87437290411255,74.31500075394707,-22.87437290411255
4910000000.0,74.30105253493024,-22.893055474662685,74.30105253493024,-22.893055474662685,74.30105253493014,-22.893055474662468,74.30105253493014,-22.893055474662468
4915000000.0,74.28709575892954,-22.9117257593516,74.28709575892952,-22.911725759351597,74.28709575892948,-22.91172575935208,74.28709575892948,-22.91172575935208
4920000000.0,74.27313043977561,-22.930383754097672,74.27313043977561,-22.930383754097672,74.27313043977554,-22.930383754097896,74.27313043977554,-22.930383754097896
4925000000.0,74.2591565912986,-22.949029454838055,74.25915659129862,-22.949029454838065,74.25915659129844,-22.949029454837763,74.25915659129844,-22.949029454837763
4930000000.0,74.245174227328,-22.96766285752841,74.24517422732798,-22.9676628575284,74.24517422732806,-22.96766285752826,74.24517422732806,-22.96766285752826
4935000000.0,74.23118336169257,-22.986283958142877,74.23118336169257,-22.986283958142877,74.23118336169252,-22.986283958142224,74.23118336169252,-22.986283958142224
4940000000.0,74.21718400822036,-23.004892752674063,74.21718400822034,-23.00489275267406,74.21718400822023,-23.004892752673314,74.21718400822023,-23.004892752673314
4945000000.0,74.2031761807387,-23.02348923713305,74.2031761807387,-23.02348923713305,74.20317618073847,-23.023489237132758,74.20317618073847,-23.023489237132758
4950000000.0,74.18915989307403,-23.042073407549367,74.18915989307402,-23.042073407549363,74.18915989307375,-23.042073407548738,74.18915989307375,-23.042073407548738
4955000000.0,74.17513515905212,-23.06064525997099,74.1751351590521,-23.060645259970986,74.17513515905203,-23.060645259970823,74.17513515905203,-23.060645259970823
4960000000.0,74.16110199249779,-23.079204790464317,74.16110199249778,-23.079204790464313,74.16110199249762,-23.079204790464225,74.16110199249762,-23.079204790464225
4965000000.0,74.14706040723506,-23.097751995114187,74.14706040723505,-23.09775199511419,74.14706040723499,-23.0977519951144,74.14706040723499,-23.0977519951144
4970000000.0,74.13301041708705,-23.116286870023824,74.13301041708705,-23.116286870023824,74.13301041708696,-23.11628687002339,74.13301041708696,-23.11628687002339
4975000000.0,74.11895203587589,-23.134809411314876,74.11895203587589,-23.134809411314876,74.11895203587564,-23.13480941131424,74.11895203587564,-23.13480941131424
4980000000.0,74.10488527742288,-23.153319615127366,74.10488527742288,-23.153319615127366,74.1048852774227,-23.15331961512739,74.1048852774227,-23.15331961512739
4985000000.0,74.09081015554823,-23.17181747761969,74.09081015554823,-23.171817477619687,74.09081015554801,-23.171817477619257,74.09081015554801,-23.171817477619257
4990000000.0,74.07672668407123,-23.19030299496863,74.07672668407123,-23.190302994968626,74.07672668407126,-23.19030299496849,74.07672668407126,-23.19030299496849
4995000000.0,74.0626348768101,-23.20877616336931,74.06263487681008,-23.208776163369308,74.0626348768104,-23.20877616336986,74.0626348768104,-23.20877616336986
5000000000.0,74.048534747582,-23.22723697903521,74.048534747582,-23.227236979035204,74.04853474758202,-23.227236979034817,74.04853474758202,-23.227236979034817
5005000000.0,74.03442631020302,-23.245685438198127,74.03442631020302,-23.245685438198127,74.03442631020306,-23.245685438198258,74.03442631020306,-23.245685438198258
5010000000.0,74.02030957848814,-23.264121537108196,74.02030957848814,-23.264121537108196,74.02030957848811,-23.26412153710784,74.02030957848811,-23.26412153710784
5015000000.0,74.00618456625119,-23.282545272033868,74.00618456625119,-23.282545272033865,74.00618456625102,-23.28254527203362,74.00618456625102,-23.28254527203362
5020000000.0,73.9920512873048,-23.300956639261866,73.9920512873048,-23.30095663926186,73.99205128730466,-23.30095663926086,73.99205128730466,-23.30095663926086
5025000000.0,73.9779097554605,-23.319355635097242,73.9779097554605,-23.319355635097246,73.97790975546047,-23.31935563509691,73.97790975546047,-23.31935563509691
5030000000.0,73.96375998452852,-23.337742255863304,73.96375998452854,-23.337742255863315,73.96375998452844,-23.33774225586349,73.96375998452844,-23.33774225586349
5035000000.0,73.94960198831785,-23.356116497901628,73.94960198831785,-23.356116497901628,73.94960198831784,-23.3561164979018,73.94960198831784,-23.3561164979018
5040000000.0,73.93543578063623,-23.37447835757205,73.93543578063623,-23.37447835757205,73.93543578063644,-23.37447835757279,73.93543578063644,-23.37447835757279
5045000000.0,73.92126137529009,-23.39282783125265,73.9212613752901,-23.39282783125266,73.92126137529034,-23.39282783125306,73.92126137529034,-23.39282783125306
5050000000.0,73.9070787860845,-23.411164915339732,73.9070787860845,-23.41116491533973,73.90707878608434,-23.4111649153395,73.90707878608434,-23.4111649153395
5055000000.0,73.89288802682323,-23.42948960624784,73.89288802682323,-23.42948960624784,73.89288802682306,-23.429489606247152,73.89288802682306,-23.429489606247152
5060000000.0,73.87868911130863,-23.447801900409722,73.87868911130863,-23.447801900409722,73.87868911130862,-23.447801900409853,73.87868911130862,-23.447801900409853
5065000000.0,73.86448205334165,-23.4661017942763,73.86448205334165,-23.466101794276295,73.86448205334183,-23.466101794277105,73.86448205334183,-23.466101794277105
5070000000.0,73.8502668667218,-23.48438928431673,73.85026686672178,-23.48438928431672,73.8502668667219,-23.4843892843166,73.8502668667219,-23.4843892843166
5075000000.0,73.83604356524712,-23.502664367018298,73.83604356524714,-23.50266436701831,73.83604356524673,-23.502664367017598,73.83604356524673,-23.502664367017598
5080000000.0,73.82181216271418,-23.520927038886473,73.82181216271418,-23.520927038886473,73.8218121627143,-23.520927038886427,73.8218121627143,-23.520927038886427
5085000000.0,73.80757267291801,-23.539177296444883,73.807572672918,-23.53917729644488,73.80757267291794,-23.53917729644483,73.80757267291794,-23.53917729644483
5090000000.0,73.79332510965214,-23.557415136235285,73.79332510965213,-23.557415136235274,73.79332510965207,-23.55741513623542,73.79332510965207,-23.55741513623542
5095000000.0,73.77906948670847,-23.575640554817568,73.77906948670847,-23.57564055481756,73.77906948670828,-23.57564055481695,73.77906948670828,-23.57564055481695
5100000000.0,73.76480581787733,-23.59385354876973,73.76480581787733,-23.593853548769733,73.76480581787723,-23.593853548769697,73.76480581787723,-23.593853548769697
5105000000.0,73.75053411694743,-23.612054114687894,73.75053411694743,-23.612054114687886,73.75053411694752,-23.612054114688846,73.75053411694752,-23.612054114688846
5110000000.0,73.73625439770585,-23.630242249186256,73.73625439770585,-23.630242249186256,73.73625439770615,-23.630242249187063,73.73625439770615,-23.630242249187063
5115000000.0,73.72196667393796,-23.648417948897098,73.72196667393796,-23.648417948897098,73.72196667393831,-23.648417948897848,73.72196667393831,-23.648417948897848
5120000000.0,73.70767095942743,-23.666581210470774,73.70767095942743,-23.666581210470778,73.70767095942723,-23.66658121047059,73.70767095942723,-23.66658121047059
5125000000.0,73.69336726795622,-23.684732030575688,73.6933672679562,-23.684732030575685,73.69336726795615,-23.68473203057545,73.69336726795615,-23.68473203057545
5130000000.0,73.67905561330451,-23.702870405898306,73.6790556133045,-23.702870405898302,73.67905561330453,-23.702870405898285,73.67905561330453,-23.702870405898285
5135000000.0,73.66473600925076,-23.720996333143106,73.66473600925075,-23.720996333143095,73.66473600925067,-23.720996333142768,73.66473600925067,-23.720996333142768
5140000000.0,73.65040846957153,-23.739109809032595,73.65040846957152,-23.73910980903259,73.65040846957135,-23.739109809032243,73.65040846957135,-23.739109809032243
5145000000.0,73.6360730080416,-23.757210830307283,73.63607300804159,-23.75721083030728,73.63607300804145,-23.757210830307258,73.63607300804145,-23.757210830307258
5150000000.0,73.62172963843389,-23.77529939372569,73.62172963843389,-23.77529939372569,73.62172963843376,-23.775299393725486,73.62172963843376,-23.775299393725486
5155000000.0,73.60737837451944,-23.79337549606431,73.60737837451943,-23.793375496064307,73.60737837451936,-23.79337549606396,73.60737837451936,-23.79337549606396
5160000000.0,73.59301923006736,-23.811439134117613,73.59301923006734,-23.811439134117617,73.59301923006704,-23.811439134117514,73.59301923006704,-23.811439134117514
5165000000.0,73.57865221884478,-23.829490304698002,73.57865221884477,-23.829490304698,73.57865221884471,-23.829490304697707,73.57865221884471,-23.829490304697707
5170000000.0,73.56427735461696,-23.847529004635874,73.56427735461696,-23.847529004635874,73.56427735461682,-23.84752900463535,73.56427735461682,-23.84752900463535
5175000000.0,73.54989465114708,-23.86555523077952,73.54989465114708,-23.865555230779513,73.54989465114734,-23.865555230779695,73.54989465114734,-23.865555230779695
5180000000.0,73.53550412219639,-23.88356897999518,73.53550412219639,-23.88356897999517,73.53550412219639,-23.883568979994575,73.53550412219639,-23.883568979994575
5185000000.0,73.52110578152399,-23.901570249166973,73.521105781524,-23.901570249166983,73.52110578152401,-23.901570249167364,73.52110578152401,-23.901570249167364
5190000000.0,73.506699642887,-23.919559035196954,73.50669964288699,-23.919559035196944,73.506699642887,-23.91955903519696,73.506699642887,-23.91955903519696
5195000000.0,73.49228572004043,-23.93753533500503,73.49228572004043,-23.93753533500503,73.49228572004043,-23.937535335004906,73.49228572004043,-23.937535335004906
5200000000.0,73.47786402673714,-23.95549914552899,73.47786402673714,-23.95549914552899,73.47786402673711,-23.955499145528957,73.47786402673711,-23.955499145528957
5205000000.0,73.46343457672785,-23.973450463724483,73.46343457672785,-23.973450463724483,73.46343457672766,-23.973450463724156,73.46343457672766,-23.973450463724156
5210000000.0,73.44899738376112,-23.991389286565,73.44899738376114,-23.99138928656501,73.44899738376114,-23.99138928656504,73.44899738376114,-23.99138928656504
5215000000.0,73.43455246158332,-24.00931561104187,73.43455246158332,-24.009315611041867,73.43455246158311,-24.009315611041266,73.43455246158311,-24.009315611041266
5220000000.0,73.42009982393859,-24.027229434164248,73.42009982393857,-24.027229434164244,73.42009982393834,-24.027229434164052,73.42009982393834,-24.027229434164052
5225000000.0,73.4056394845688,-24.04513075295908,73.4056394845688,-24.04513075295908,73.40563948456864,-24.04513075295888,73.40563948456864,-24.04513075295888
5230000000.0,73.39117145721359,-24.063019564471123,73.39117145721359,-24.06301956447112,73.3911714572136,-24.06301956447136,73.3911714572136,-24.06301956447136
5235000000.0,73.37669575561024,-24.0808958657629,73.37669575561024,-24.0808958657629,73.37669575561041,-24.08089586576271,73.37669575561041,-24.08089586576271
5240000000.0,73.36221239349376,-24.098759653914733,73.36221239349376,-24.09875965391473,73.3622123934938,-24.098759653914627,73.3622123934938,-24.098759653914627
5245000000.0,73.34772138459678,-24.116610926024663,73.34772138459677,-24.11661092602466,73.34772138459661,-24.11661092602439,73.34772138459661,-24.11661092602439
5250000000.0,73.33322274264958,-24.134449679208487,73.33322274264958,-24.134449679208483,73.33322274264977,-24.134449679208874,73.33322274264977,-24.134449679208874
5255000000.0,73.31871648138,-24.15227591059975,73.31871648138,-24.152275910599748,73.31871648137997,-24.152275910599663,73.31871648137997,-24.152275910599663
5260000000.0,73.30420261451347,-24.170089617349696,73.30420261451346,-24.1700896173497,73.30420261451341,-24.1700896173497,73.30420261451341,-24.1700896173497
5265000000.0,73.28968115577298,-24.187890796627276,73.28968115577298,-24.18789079662728,73.28968115577293,-24.18789079662719,73.28968115577293,-24.18789079662719
5270000000.0,73.27515211887903,-24.205679445619126,73.27515211887903,-24.205679445619126,73.27515211887896,-24.205679445619065,73.27515211887896,-24.205679445619065
5275000000.0,73.26061551754962,-24.223455561529573,73.26061551754964,-24.223455561529583,73.26061551754954,-24.223455561529722,73.26061551754954,-24.223455561529722
5280000000.0,73.24607136550023,-24.2412191415806,73.24607136550021,-24.241219141580604,73.24607136550054,-24.241219141581183,73.24607136550054,-24.241219141581183
5285000000.0,73.23151967644377,-24.25897018301184,73.23151967644377,-24.25897018301184,73.23151967644375,-24.258970183011897,73.23151967644375,-24.258970183011897
5290000000.0,73.21696046409058,-24.27670868308057,73.21696046409058,-24.27670868308057,73.21696046409043,-24.276708683080205,73.21696046409043,-24.276708683080205
5295000000.0,73.2023937421484,-24.29443463906168,73.2023937421484,-24.29443463906168,73.20239374214846,-24.294434639061787,73.20239374214846,-24.294434639061787
5300000000.0,73.18781952432232,-24.312148048247682,73.18781952432232,-24.312148048247675,73.18781952432246,-24.312148048248048,73.18781952432246,-24.312148048248048
5305000000.0,73.17323782431485,-24.329848907948687,73.17323782431487,-24.329848907948698,73.17323782431461,-24.32984890794823,73.17323782431461,-24.32984890794823
5310000000.0,73.15864865582571,-24.347537215492373,73.15864865582571,-24.34753721549237,73.15864865582594,-24.347537215492693,73.15864865582594,-24.347537215492693
5315000000.0,73.14405203255203,-24.365212968224014,73.14405203255203,-24.365212968224014,73.14405203255222,-24.365212968224302,73.14405203255222,-24.365212968224302
5320000000.0,73.12944796818809,-24.382876163506413,73.1294479681881,-24.382876163506424,73.12944796818797,-24.38287616350638,73.12944796818797,-24.38287616350638
5325000000.0,73.11483647642554,-24.400526798719948,73.11483647642554,-24.40052679871994,73.11483647642551,-24.400526798720136,73.11483647642551,-24.400526798720136
5330000000.0,73.10021757095316,-24.41816487126249,73.10021757095316,-24.41816487126249,73.10021757095323,-24.418164871262583,73.10021757095323,-24.418164871262583
5335000000.0,73.085591265457,-24.435790378549463,73.085591265457,-24.435790378549463,73.0855912654571,-24.43579037854978,73.0855912654571,-24.43579037854978
5340000000.0,73.07095757362022,-24.45340331801377,73.07095757362022,-24.45340331801377,73.07095757362028,-24.453403318013706,73.07095757362028,-24.453403318013706
5345000000.0,73.05631650912316,-24.471003687105803,73.05631650912316,-24.471003687105807,73.05631650912304,-24.471003687105643,73.05631650912304,-24.471003687105643
5350000000.0,73.0416680856433,-24.488591483293447,73.0416680856433,-24.488591483293447,73.04166808564302,-24.48859148329325,73.04166808564302,-24.48859148329325
5355000000.0,73.02701231685516,-24.506166704062036,73.02701231685516,-24.50616670406203,73.02701231685529,-24.506166704061904,73.02701231685529,-24.506166704061904
5360000000.0,73.01234921643041,-24.52372934691434,73.01234921643041,-24.52372934691434,73.01234921643064,-24.52372934691467,73.01234921643064,-24.52372934691467
5365000000.0,72.99767879803773,-24.541279409370592,72.99767879803773,-24.541279409370592,72.99767879803744,-24.54127940937038,72.99767879803744,-24.54127940937038
5370000000.0,72.98300107534278,-24.558816888968416,72.98300107534277,-24.5588168889684,72.98300107534277,-24.55881688896814,72.98300107534277,-24.55881688896814
5375000000.0,72.96831606200836,-24.576341783262873,72.96831606200836,-24.576341783262873,72.96831606200867,-24.576341783263526,72.96831606200867,-24.576341783263526
5380000000.0,72.95362377169407,-24.59385408982637,72.95362377169407,-24.59385408982637,72.95362377169437,-24.593854089826813,72.95362377169437,-24.593854089826813
5385000000.0,72.9389242180566,-24.611353806248736,72.9389242180566,-24.61135380624874,72.93892421805663,-24.611353806248477,72.93892421805663,-24.611353806248477
5390000000.0,72.92421741474949,-24.628840930137148,72.92421741474949,-24.62884093013715,72.92421741474928,-24.628840930136683,72.92421741474928,-24.628840930136683
5395000000.0,72.90950337542326,-24.64631545911613,72.90950337542326,-24.64631545911613,72.90950337542277,-24.646315459115304,72.90950337542277,-24.646315459115304
5400000000.0,72.8947821137252,-24.663777390827548,72.8947821137252,-24.663777390827548,72.89478211372494,-24.663777390827377,72.89478211372494,-24.663777390827377
5405000000.0,72.88005364329958,-24.681226722930578,72.88005364329956,-24.681226722930575,72.88005364329956,-24.681226722930678,72.88005364329956,-24.681226722930678
5410000000.0,72.86531797778737,-24.69866345310172,72.86531797778737,-24.69866345310172,72.86531797778693,-24.698663453100956,72.86531797778693,-24.698663453100956
5415000000.0,72.85057513082647,-24.71608757903475,72.85057513082647,-24.71608757903475,72.85057513082656,-24.716087579034863,72.85057513082656,-24.716087579034863
5420000000.0,72.83582511605151,-24.733499098440745,72.83582511605151,-24.733499098440745,72.8358251160513,-24.733499098440355,72.8358251160513,-24.733499098440355
5425000000.0,72.82106794709385,-24.75089800904802,72.82106794709385,-24.75089800904802,72.82106794709388,-24.750898009047962,72.82106794709388,-24.750898009047962
5430000000.0,72.80630363758164,-24.768284308602173,72.80630363758164,-24.768284308602173,72.80630363758175,-24.768284308602325,72.80630363758175,-24.768284308602325
5435000000.0,72.7915322011397,-24.785657994866007,72.7915322011397,-24.785657994866007,72.79153220113992,-24.78565799486622,72.79153220113992,-24.78565799486622
5440000000.0,72.77675365138955,-24.803019065619555,72.77675365138957,-24.803019065619566,72.77675365138951,-24.80301906561941,72.77675365138951,-24.80301906561941
5445000000.0,72.76196800194941,-24.820367518660085,72.76196800194941,-24.820367518660085,72.76196800194963,-24.820367518660547,72.76196800194963,-24.820367518660547
5450000000.0,72.74717526643408,-24.837703351802013,72.74717526643408,-24.837703351802006,72.74717526643403,-24.837703351801924,72.74717526643403,-24.837703351801924
5455000000.0,72.73237545845504,-24.855026562876976,72.73237545845502,-24.855026562876972,72.73237545845538,-24.855026562877313,72.73237545845538,-24.855026562877313
5460000000.0,72.71756859162026,-24.872337149733745,72.71756859162026,-24.872337149733752,72.71756859161997,-24.8723371497334,72.71756859161997,-24.8723371497334
5465000000.0,72.70275467953441,-24.889635110238245,72.70275467953441,-24.88963511023824,72.70275467953411,-24.889635110237823,72.70275467953411,-24.889635110237823
5470000000.0,72.68793373579861,-24.90692044227356,72.68793373579861,-24.90692044227356,72.68793373579886,-24.906920442273858,72.68793373579886,-24.906920442273858
5475000000.0,72.67310577401055,-24.92419314373987,72.67310577401055,-24.924193143739863,72.67310577401058,-24.92419314373988,72.67310577401058,-24.92419314373988
5480000000.0,72.65827080776437,-24.941453212554467,72.65827080776437,-24.941453212554467,72.65827080776442,-24.941453212554467,72.65827080776442,-24.941453212554467
5485000000.0,72.64342885065076,-24.958700646651742,72.64342885065075,-24.958700646651746,72.64342885065078,-24.958700646652034,72.64342885065078,-24.958700646652034
5490000000.0,72.6285799162568,-24.975935443983147,72.6285799162568,-24.975935443983154,72.62857991625681,-24.975935443982987,72.62857991625681,-24.975935443982987
5495000000.0,72.613724018166,-24.993157602517215,72.613724018166,-24.993157602517208,72.61372401816575,-24.99315760251683,72.61372401816575,-24.99315760251683
5500000000.0,72.5988611699583,-25.010367120239515,72.59886116995828,-25.01036712023952,72.59886116995827,-25.01036712023934,72.59886116995827,-25.01036712023934
5505000000.0,72.58399138521,-25.027563995152644,72.58399138520998,-25.02756399515264,72.58399138520981,-25.027563995152473,72.58399138520981,-25.027563995152473
5510000000.0,72.5691146774938,-25.044748225276226,72.5691146774938,-25.044748225276226,72.56911467749369,-25.04474822527603,72.56911467749369,-25.04474822527603
5515000000.0,72.55423106037868,-25.06191980864689,72.55423106037868,-25.061919808646884,72.55423106037843,-25.061919808646564,72.55423106037843,-25.061919808646564
5520000000.0,72.53934054742994,-25.079078743318245,72.53934054742994,-25.079078743318245,72.53934054742996,-25.07907874331832,72.53934054742996,-25.07907874331832
5525000000.0,72.5244431522092,-25.09622502736087,72.5244431522092,-25.096225027360877,72.52444315220909,-25.09622502736079,72.52444315220909,-25.09622502736079
5530000000.0,72.50953888827434,-25.11335865886231,72.50953888827434,-25.11335865886231,72.50953888827438,-25.11335865886232,72.50953888827438,-25.11335865886232
5535000000.0,72.49462776917944,-25.130479635927053,72.49462776917944,-25.130479635927053,72.49462776917935,-25.13047963592687,72.49462776917935,-25.13047963592687
5540000000.0,72.47970980847484,-25.147587956676514,72.47970980847484,-25.147587956676514,72.47970980847448,-25.14758795667611,72.47970980847448,-25.14758795667611
5545000000.0,72.46478501970707,-25.16468361924901,72.46478501970707,-25.16468361924901,72.46478501970718,-25.1646836192492,72.46478501970718,-25.1646836192492
5550000000.0,72.4498534164188,-25.18176662179978,72.4498534164188,-25.18176662179978,72.44985341641905,-25.18176662180012,72.44985341641905,-25.18176662180012
5555000000.0,72.43491501214892,-25.198836962500923,72.43491501214892,-25.198836962500923,72.43491501214834,-25.19883696250018,72.43491501214834,-25.19883696250018
5560000000.0,72.41996982043237,-25.21589463954141,72.41996982043236,-25.215894639541407,72.41996982043224,-25.215894639541247,72.41996982043224,-25.215894639541247
5565000000.0,72.40501785480025,-25.232939651127083,72.40501785480025,-25.232939651127076,72.40501785480043,-25.232939651127325,72.40501785480043,-25.232939651127325
5570000000.0,72.3900591287797,-25.249971995480593,72.3900591287797,-25.2499719954806,72.39005912877985,-25.249971995480713,72.39005912877985,-25.249971995480713
5575000000.0,72.37509365589395,-25.266991670841442,72.37509365589396,-25.266991670841453,72.37509365589365,-25.266991670841144,72.37509365589365,-25.266991670841144
5580000000.0,72.36012144966224,-25.283998675465906,72.36012144966224,-25.283998675465906,72.36012144966217,-25.283998675465824,72.36012144966217,-25.283998675465824
5585000000.0,72.34514252359988,-25.300993007627092,72.34514252359988,-25.3009930076271,72.34514252359966,-25.300993007626932,72.34514252359966,-25.300993007626932
5590000000.0,72.33015689121805,-25.317974665614845,72.33015689121805,-25.317974665614845,72.33015689121818,-25.31797466561521,72.33015689121818,-25.31797466561521
5595000000.0,72.31516456602405,-25.334943647735802,72.31516456602405,-25.334943647735802,72.31516456602404,-25.334943647735685,72.31516456602404,-25.334943647735685
5600000000.0,72.30016556152104,-25.351899952313328,72.30016556152104,-25.351899952313328,72.30016556152093,-25.35189995231318,72.30016556152093,-25.35189995231318
5605000000.0,72.28515989120807,-25.368843577687517,72.28515989120807,-25.36884357768751,72.28515989120795,-25.368843577687354,72.28515989120795,-25.368843577687354
5610000000.0,72.27014756858017,-25.38577452221519,72.27014756858017,-25.385774522215183,72.27014756857962,-25.3857745222145,72.27014756857962,-25.3857745222145
5615000000.0,72.25512860712821,-25.402692784269863,72.25512860712821,-25.402692784269856,72.2551286071281,-25.402692784269714,72.2551286071281,-25.402692784269714
5620000000.0,72.24010302033894,-25.41959836224174,72.24010302033892,-25.419598362241736,72.24010302033899,-25.41959836224178,72.24010302033899,-25.41959836224178
5625000000.0,72.22507082169489,-25.436491254537668,72.22507082169489,-25.436491254537668,72.22507082169497,-25.436491254537714,72.22507082169497,-25.436491254537714
5630000000.0,72.21003202467445,-25.45337145958118,72.21003202467445,-25.45337145958118,72.2100320246743,-25.453371459581007,72.2100320246743,-25.453371459581007
5635000000.0,72.19498664275177,-25.470238975812432,72.19498664275177,-25.470238975812432,72.19498664275196,-25.470238975812705,72.19498664275196,-25.470238975812705
5640000000.0,72.1799346893968,-25.487093801688204,72.1799346893968,-25.48709380168821,72.17993468939677,-25.48709380168815,72.17993468939677,-25.48709380168815
5645000000.0,72.16487617807522,-25.503935935681877,72.1648761780752,-25.503935935681874,72.16487617807496,-25.50393593568175,72.16487617807496,-25.50393593568175
5650000000.0,72.14981112224842,-25.520765376283435,72.14981112224842,-25.520765376283435,72.14981112224851,-25.52076537628343,72.14981112224851,-25.52076537628343
5655000000.0,72.13473953537348,-25.53758212199942,72.13473953537348,-25.53758212199942,72.13473953537384,-25.53758212199983,72.13473953537384,-25.53758212199983
5660000000.0,72.11966143090322,-25.554386171352945,72.11966143090321,-25.55438617135294,72.11966143090346,-25.55438617135314,72.11966143090346,-25.55438617135314
5665000000.0,72.10457682228603,-25.57117752288365,72.10457682228605,-25.571177522883662,72.10457682228602,-25.57117752288353,72.10457682228602,-25.57117752288353
5670000000.0,72.08948572296599,-25.58795617514774,72.08948572296599,-25.58795617514773,72.08948572296553,-25.587956175147358,72.08948572296553,-25.587956175147358
5675000000.0,72.0743881463828,-25.60472212671789,72.0743881463828,-25.604722126717895,72.07438814638299,-25.60472212671811,72.07438814638299,-25.60472212671811
5680000000.0,72.05928410597171,-25.621475376183284,72.05928410597171,-25.621475376183284,72.05928410597132,-25.621475376182826,72.05928410597132,-25.621475376182826
5685000000.0,72.04417361516357,-25.63821592214961,72.04417361516357,-25.6382159221496,72.04417361516339,-25.638215922149456,72.04417361516339,-25.638215922149456
5690000000.0,72.0290566873848,-25.654943763238983,72.0290566873848,-25.654943763238975,72.02905668738474,-25.65494376323898,72.02905668738474,-25.65494376323898
5695000000.0,72.01393333605725,-25.671658898089987,72.01393333605725,-25.671658898089987,72.01393333605722,-25.67165889809001,72.01393333605722,-25.67165889809001
5700000000.0,71.99880357459838,-25.688361325357643,71.99880357459838,-25.688361325357643,71.99880357459801,-25.6883613253572,71.99880357459801,-25.6883613253572
5705000000.0,71.9836674164211,-25.70505104371337,71.9836674164211,-25.70505104371337,71.98366741642052,-25.705051043712952,71.98366741642052,-25.705051043712952
5710000000.0,71.96852487493373,-25.72172805184501,71.96852487493373,-25.72172805184501,71.96852487493366,-25.72172805184503,71.96852487493366,-25.72172805184503
5715000000.0,71.95337596354011,-25.738392348456767,71.95337596354011,-25.738392348456767,71.95337596354048,-25.73839234845705,71.95337596354048,-25.73839234845705
5720000000.0,71.93822069563943,-25.755043932269228,71.93822069563943,-25.755043932269228,71.93822069563933,-25.755043932269224,71.93822069563933,-25.755043932269224
5725000000.0,71.9230590846263,-25.771682802019324,71.9230590846263,-25.77168280201933,71.92305908462598,-25.77168280201917,71.92305908462598,-25.77168280201917
5730000000.0,71.90789114389075,-25.788308956460334,71.90789114389075,-25.78830895646033,71.90789114389095,-25.788308956460614,71.90789114389095,-25.788308956460614
5735000000.0,71.89271688681808,-25.80492239436185,71.89271688681808,-25.80492239436185,71.89271688681815,-25.804922394361824,71.89271688681815,-25.804922394361824
5740000000.0,71.87753632678897,-25.821523114509755,71.87753632678897,-25.821523114509755,71.87753632678886,-25.82152311450974,71.87753632678886,-25.82152311450974
5745000000.0,71.86234947717941,-25.838111115706248,71.86234947717941,-25.838111115706244,71.86234947717966,-25.838111115706557,71.86234947717966,-25.838111115706557
5750000000.0,71.84715635136068,-25.85468639676977,71.84715635136068,-25.854686396769775,71.84715635136071,-25.854686396769807,71.84715635136071,-25.854686396769807
5755000000.0,71.8319569626993,-25.87124895653504,71.8319569626993,-25.87124895653504,71.8319569626989,-25.87124895653465,71.8319569626989,-25.87124895653465
5760000000.0,71.81675132455709,-25.887798793853005,71.81675132455709,-25.887798793853,71.81675132455743,-25.887798793853324,71.81675132455743,-25.887798793853324
5765000000.0,71.80153945029105,-25.90433590759084,71.80153945029105,-25.904335907590834,71.80153945029132,-25.90433590759112,71.80153945029132,-25.90433590759112
5770000000.0,71.78632135325338,-25.92086029663192,71.78632135325338,-25.920860296631915,71.78632135325334,-25.92086029663195,71.78632135325334,-25.92086029663195
5775000000.0,71.77109704679152,-25.93737195987581,71.77109704679152,-25.937371959875815,71.77109704679152,-25.937371959875897,71.77109704679152,-25.937371959875897
5780000000.0,71.75586654424801,-25.953870896238257,71.75586654424801,-25.953870896238254,71.75586654424762,-25.953870896237923,71.75586654424762,-25.953870896237923
5785000000.0,71.74062985896056,-25.970357104651164,71.74062985896056,-25.970357104651168,71.7406298589609,-25.970357104651487,71.7406298589609,-25.970357104651487
5790000000.0,71.725387004262,-25.986830584062567,71.725387004262,-25.986830584062563,71.72538700426176,-25.986830584062442,71.72538700426176,-25.986830584062442
5795000000.0,71.71013799348029,-26.003291333436632,71.71013799348029,-26.003291333436636,71.71013799348002,-26.0032913334364,71.71013799348002,-26.0032913334364
5800000000.0,71.69488283993839,-26.019739351753636,71.69488283993839,-26.019739351753636,71.69488283993843,-26.01973935175382,71.69488283993843,-26.01973935175382
5805000000.0,71.67962155695437,-26.03617463800994,71.67962155695437,-26.03617463800994,71.67962155695423,-26.036174638009687,71.67962155695423,-26.036174638009687
5810000000.0,71.66435415784139,-26.052597191217984,71.66435415784139,-26.052597191217988,71.66435415784161,-26.05259719121817,71.66435415784161,-26.05259719121817
5815000000.0,71.6490806559075,-26.069007010406267,71.6490806559075,-26.069007010406267,71.64908065590753,-26.069007010406214,71.64908065590753,-26.069007010406214
5820000000.0,71.63380106445587,-26.085404094619328,71.63380106445587,-26.085404094619324,71.63380106445562,-26.085404094618912,71.63380106445562,-26.085404094618912
5825000000.0,71.61851539678456,-26.101788442917744,71.61851539678456,-26.101788442917744,71.61851539678452,-26.101788442917798,71.61851539678452,-26.101788442917798
5830000000.0,71.60322366618665,-26.11816005437808,71.60322366618665,-26.11816005437808,71.60322366618637,-26.118160054377803,71.60322366618637,-26.118160054377803
5835000000.0,71.5879258859501,-26.134518928092906,71.58792588595009,-26.134518928092902,71.58792588594989,-26.13451892809258,71.58792588594989,-26.13451892809258
5840000000.0,71.57262206935782,-26.150865063170766,71.57262206935782,-26.150865063170762,71.57262206935768,-26.150865063170627,71.57262206935768,-26.150865063170627
5845000000.0,71.5573122296876,-26.167198458736156,71.55731222968758,-26.167198458736145,71.55731222968724,-26.16719845873573,71.55731222968724,-26.16719845873573
5850000000.0,71.54199638021211,-26.18351911392953,71.54199638021211,-26.18351911392953,71.54199638021235,-26.18351911392992,71.54199638021235,-26.18351911392992
5855000000.0,71.52667453419885,-26.199827027907244,71.52667453419885,-26.19982702790724,71.52667453419885,-26.19982702790718,71.52667453419885,-26.19982702790718
5860000000.0,71.51134670491017,-26.216122199841582,71.51134670491017,-26.216122199841585,71.51134670491027,-26.216122199841635,71.51134670491027,-26.216122199841635
5865000000.0,71.49601290560327,-26.232404628920715,71.49601290560327,-26.23240462892072,71.49601290560312,-26.232404628920655,71.49601290560312,-26.232404628920655
5870000000.0,71.48067314953008,-26.248674314348683,71.48067314953008,-26.24867431434868,71.48067314952988,-26.24867431434839,71.48067314952988,-26.24867431434839
5875000000.0,71.46532744993733,-26.2649312553454,71.46532744993733,-26.2649312553454,71.46532744993708,-26.264931255345143,71.46532744993708,-26.264931255345143
5880000000.0,71.4499758200665,-26.2811754511466,71.4499758200665,-26.2811754511466,71.44997582006621,-26.281175451146254,71.44997582006621,-26.281175451146254
5885000000.0,71.4346182731538,-26.297406901003843,71.4346182731538,-26.297406901003846,71.4346182731535,-26.297406901003512,71.4346182731535,-26.297406901003512
5890000000.0,71.41925482243018,-26.313625604184523,71.41925482243018,-26.313625604184523,71.41925482242998,-26.313625604184402,71.41925482242998,-26.313625604184402
5895000000.0,71.40388548112121,-26.32983155997179,71.40388548112121,-26.329831559971787,71.40388548112121,-26.329831559971797,71.40388548112121,-26.329831559971797
5900000000.0,71.3885102624472,-26.346024767664602,71.3885102624472,-26.3460247676646,71.38851026244703,-26.346024767664343,71.38851026244703,-26.346024767664343
5905000000.0,71.3731291796231,-26.362205226577636,71.3731291796231,-26.362205226577636,71.37312917962254,-26.36220522657707,71.37312917962254,-26.36220522657707
5910000000.0,71.3577422458585,-26.378372936041355,71.3577422458585,-26.37837293604136,71.35774224585889,-26.37837293604178,71.35774224585889,-26.37837293604178
5915000000.0,71.34234947435753,-26.394527895401893,71.34234947435753,-26.394527895401897,71.34234947435733,-26.39452789540169,71.34234947435733,-26.39452789540169
5920000000.0,71.32695087831904,-26.410670104021133,71.32695087831904,-26.410670104021133,71.32695087831848,-26.410670104020667,71.32695087831848,-26.410670104020667
5925000000.0,71.3115464709363,-26.426799561276617,71.3115464709363,-26.426799561276614,71.3115464709367,-26.426799561277136,71.3115464709367,-26.426799561277136
5930000000.0,71.29613626539728,-26.442916266561568,71.29613626539728,-26.442916266561568,71.29613626539704,-26.442916266561237,71.29613626539704,-26.442916266561237
5935000000.0,71.28072027488439,-26.459020219284884,71.28072027488439,-26.459020219284884,71.28072027488501,-26.459020219285684,71.28072027488501,-26.459020219285684
5940000000.0,71.26529851257457,-26.47511141887107,71.26529851257457,-26.475111418871073,71.26529851257463,-26.475111418871172,71.26529851257463,-26.475111418871172
5945000000.0,71.24987099163928,-26.49118986476026,71.24987099163928,-26.49118986476026,71.24987099163918,-26.49118986476016,71.24987099163918,-26.49118986476016
5950000000.0,71.23443772524446,-26.507255556408197,71.23443772524446,-26.507255556408193,71.23443772524494,-26.507255556408772,71.23443772524494,-26.507255556408772
5955000000.0,71.21899872655045,-26.52330849328621,71.21899872655045,-26.523308493286212,71.21899872655062,-26.523308493286514,71.21899872655062,-26.523308493286514
5960000000.0,71.20355400871208,-26.53934867488119,71.20355400871208,-26.53934867488119,71.20355400871173,-26.539348674880994,71.20355400871173,-26.539348674880994
5965000000.0,71.18810358487856,-26.555376100695582,71.18810358487856,-26.555376100695582,71.18810358487839,-26.555376100695465,71.18810358487839,-26.555376100695465
5970000000.0,71.17264746819356,-26.571390770247376,71.17264746819356,-26.57139077024738,71.17264746819349,-26.57139077024734,71.17264746819349,-26.57139077024734
5975000000.0,71.15718567179505,-26.58739268307006,71.15718567179505,-26.587392683070064,71.15718567179513,-26.587392683070103,71.15718567179513,-26.587392683070103
5980000000.0,71.14171820881539,-26.603381838712632,71.14171820881538,-26.60338183871262,71.14171820881538,-26.60338183871262,71.14171820881538,-26.60338183871262
5985000000.0,71.12624509238131,-26.619358236739572,71.12624509238131,-26.619358236739576,71.12624509238154,-26.61935823673977,71.12624509238154,-26.61935823673977
5990000000.0,71.1107663356138,-26.63532187673082,71.1107663356138,-26.635321876730817,71.11076633561383,-26.635321876730988,71.11076633561383,-26.635321876730988
5995000000.0,71.09528195162822,-26.65127275828177,71.09528195162822,-26.65127275828177,71.09528195162802,-26.651272758281532,71.09528195162802,-26.651272758281532
6000000000.0,71.07979195353413,-26.66721088100324,71.07979195353413,-26.66721088100324,71.07979195353438,-26.667210881003307,71.07979195353438,-26.667210881003307
