f_Hz,teorico_re,teorico_im,"Medido (simplificado, 3 patrones)_re","Medido (simplificado, 3 patrones)_im","Medido (completo, 4 patrones, Automático)_re","Medido (completo, 4 patrones, Automático)_im","Medido (completo, 4 patrones, Clásico)_re","Medido (completo, 4 patrones, Clásico)_im"
1000000.0,25.949956408252227,-0.030585223440360323,-30.88928391893808,-14.294608546320871,127.53225968054946,-28.861054297884387,127.53225968054946,-28.861054297884387
2000000.0,25.949825634076454,-0.06117007324021845,-2.038419319091389,-7.143784133671611,271.0139136035519,-7.5693962132033965,271.0139136035519,-7.5693962132033965
3000000.0,25.949607680675253,-0.09175417577432253,8.662374129941561,-5.163015202426845,9.113629484107488,-5.127102239502057,9.113629484107488,-5.127102239502057
4000000.0,25.949302553386012,-0.12233715744792006,12.390755750173206,-3.23743925540739,12.663374980692966,-3.471224219079667,12.663374980692966,-3.471224219079667
5000000.0,25.94891025968063,-0.15291864471200448,15.594111169221938,-2.5657936788199827,15.559457348919807,-2.56506552652023,15.559457348919807,-2.56506552652023
6000000.0,25.948430809165043,-0.18349826407855752,17.69288617168426,-2.1282316050837826,17.389434941400346,-2.222015095461301,17.4479318483183,-2.2144644328081697
7000000.0,25.94786421357864,-0.21407564213578642,19.14359375722795,-1.4724772985283379,18.397407802105292,-1.7481966984691777,18.549770921115226,-1.7145757280872067
8000000.0,25.947210486793566,-0.24465040556335502,20.29338672819384,-1.5802770637999615,19.39531366529544,-1.8128044992339,19.588137652886676,-1.7893337127264444
9000000.0,25.946469644813817,-0.2752221811476062,20.980036688538117,-1.094969949343433,19.902240111319575,-1.451961242703366,20.14096470250723,-1.4007883861385384
10000000.0,25.945641705774335,-0.30579059579677614,21.932894521164858,-1.280598495706228,20.682686134619175,-1.4083673588769192,20.965440527131157,-1.4063480343025874
11000000.0,25.94472668993983,-0.33635527655619735,21.912754895237846,-1.3331094056972577,20.758040361852657,-1.6243872443156169,21.026116975511723,-1.5880755746896305
12000000.0,25.943724619703598,-0.3669158506234903,22.580796591586168,-0.9810140214826923,21.27541033116866,-1.518200050176324,21.59253344847387,-1.4267636002711765
13000000.0,25.942635519586105,-0.397471945363742,23.463811954273442,-1.033819256900499,21.91736937612839,-1.4480766837839862,22.298957088960105,-1.3853304534447972
14000000.0,25.941459416233506,-0.4280231883246701,23.737418706206075,-1.1545853744784753,21.957108001100536,-1.5583985625774943,22.393752685375052,-1.506916257314153
15000000.0,25.940196338416033,-0.45856920725177214,24.192996985535984,-0.9389648329756186,22.212189192456304,-1.593691044612538,22.70975596454307,-1.489625221171832
16000000.0,25.938846317026204,-0.4891096301034561,24.330071338503277,-0.9232173844541389,22.550360061872894,-1.6991507023429624,23.015572269863902,-1.5594074736969075
17000000.0,25.937409385076965,-0.5196440850661549,24.63954431740159,-0.9506930064081622,22.49621527881652,-1.567568024893638,23.038740869522,-1.4737334133579325
18000000.0,25.935885577699644,-0.5501722005694195,24.911326820833548,-1.0037749517846182,22.820461703847364,-1.592621339161592,23.360334934222774,-1.5016081776890546
19000000.0,25.93427493214183,-0.5806936053009925,25.025218571937895,-0.999410249442981,22.92885693250856,-1.6047456725134193,23.474076334131468,-1.5093285224337696
20000000.0,25.932577487765087,-0.6112079282218595,25.106610488852763,-0.9774150519675221,22.92389950471438,-1.7401956635869518,23.496205768935603,-1.6143308801955243
21000000.0,25.93079328604256,-0.6417147985812769,25.30603406592441,-0.9253379264883775,23.07482573784471,-1.7535071443000654,23.666255085764462,-1.6122665557794191
22000000.0,25.92892237055643,-0.6722138459317735,25.356364936286212,-0.894471748851482,23.061706383353574,-1.823779712653114,23.672578889347857,-1.6631286422526537
23000000.0,25.92696478699526,-0.7027047001441299,25.21443801277841,-0.9997737452295269,23.038506313651805,-1.8479901310651037,23.617331882789788,-1.703411492427105
24000000.0,25.924920583151234,-0.7331869914223281,25.42203923719342,-0.8453834237696046,23.035044313061817,-1.7842391472249248,23.666802082712444,-1.6236601636841994
25000000.0,25.922789808917198,-0.7636603503184713,25.651475442317842,-0.8880804002576316,23.240265425157464,-1.9593826917791828,23.89319997693037,-1.7711942829586724
26000000.0,25.920572516283656,-0.7941244077476787,25.69638221404477,-0.9205892486091725,23.313505375209957,-1.9667628199745688,23.961313236272538,-1.7825055069187923
27000000.0,25.918268759335596,-0.8245787950029444,25.88925754487794,-0.9026588328193893,23.480683276148667,-2.045654755942774,24.14626761605004,-1.8389013700995227
28000000.0,25.9158785942492,-0.855023143769968,25.851504375748814,-0.9647820883404362,23.506007291074596,-2.2330834619987283,24.166215581964646,-1.9989333047729878
29000000.0,25.913402079288407,-0.8854570861419483,26.022546154577107,-1.0014964289540091,23.514643570797784,-2.23040255261599,24.213041881766692,-2.0133362158162478
30000000.0,25.910839274801386,-0.9158802546343451,26.0259684719532,-1.0704524613952564,23.48612048218385,-2.2022800355824814,24.186156652426746,-2.0097691103391897
31000000.0,25.908190243216872,-0.9462922821996044,26.271836439474203,-1.02328021195927,23.462323679901946,-2.3618305154503036,24.239619233516976,-2.139213769597025
32000000.0,25.90545504904037,-0.9766928022418455,26.252745062872886,-1.0384823153746412,23.51553007620906,-2.3504505349843696,24.27606143307429,-2.1289715625828616
33000000.0,25.90263375885023,-1.0070814486315107,26.280133523876177,-1.008254343144928,23.60957304433924,-2.4212728997700093,24.3644355439629,-2.1727126342607943
34000000.0,25.899726441293602,-1.037457855719975,26.34370511697912,-1.031137790552373,23.611996297007906,-2.5248221547089185,24.388488604887367,-2.2640307246081406
35000000.0,25.896733167082296,-1.067821658354115,26.37499630314705,-1.0937540441148248,23.626847324718685,-2.550988457043792,24.406546134624055,-2.300667568139876
36000000.0,25.893654008988467,-1.0981724918908355,26.406619330074452,-1.1484737023629723,23.523590843251675,-2.575440177906829,24.330339405697167,-2.3431210488651417
37000000.0,25.890489041840247,-1.128509992211556,26.404819485253086,-1.0548260946190313,23.55992671026019,-2.691357260290634,24.37370588964828,-2.4105459590269684
38000000.0,25.887238342517154,-1.1588337957366455,26.424330329918092,-1.1187450959255607,23.621480290095207,-2.6840807344495903,24.42338729868635,-2.4161416902008668
39000000.0,25.883901989945496,-1.1891435394398207,26.43245972654665,-1.1187777545550548,23.6001463945441,-2.7736193841989083,24.415777749270042,-2.490054385396655
40000000.0,25.880480065093572,-1.2194388608624895,26.44617871207535,-1.1730157834328887,23.5264977958621,-2.8035835882941234,24.359212347850136,-2.5342810420383826
41000000.0,25.876972650966785,-1.2497193981280548,26.500829207902783,-1.2121380614469877,23.435646239311733,-2.865336339233604,24.301815726911606,-2.604601817564963
42000000.0,25.87337983260263,-1.2799847899561578,26.571597075357218,-1.1890576074095973,23.564994389641605,-2.886906305032588,24.426557441914994,-2.60946271104211
43000000.0,25.86970169706556,-1.3102346756768846,26.660985164512063,-1.1863451120613169,23.5784217928998,-2.9849352170399346,24.4678645613762,-2.6923715680070384
44000000.0,25.86593833344175,-1.34046869524491,26.679461073603225,-1.2420920867528358,23.587914306726034,-3.0234955059633997,24.479886966275537,-2.7371282491481157
45000000.0,25.862089832833696,-1.370686489253595,26.58243641464598,-1.1945566479675087,23.546134975132126,-3.0832885066165368,24.43172937272191,-2.7715355566317967
46000000.0,25.85815628835478,-1.4008876989490282,26.5967841488102,-1.264302234255085,23.49656185237891,-3.1628893838253482,24.398034874082434,-2.8583130038020585
47000000.0,25.854137795123616,-1.431071966244014,26.57328309491489,-1.2710749566475819,23.484693368844905,-3.2016323362091015,24.386177875688333,-2.8907890323761776
48000000.0,25.850034450258377,-1.461238933732003,26.600247818070198,-1.2458337758490732,23.45984351316299,-3.262125451094107,24.38030719770685,-2.938232360268038
49000000.0,25.845846352870932,-1.4913882447009654,26.66900493666581,-1.2984720235221954,23.45413939321622,-3.259020267145738,24.387802366114585,-2.953540868749705
50000000.0,25.841573604060915,-1.5215195431472082,26.667091093036717,-1.2985362413917216,23.480874493444272,-3.3676612442677665,24.420355447860103,-3.0389561362189816
51000000.0,25.83721630690965,-1.5516324737891316,26.669540552561607,-1.3591515597748103,23.424807841925848,-3.4363857958332233,24.378076826230895,-3.1152989471999133
52000000.0,25.832774566473987,-1.581726682080925,26.733704481810204,-1.3505746272439656,23.461972929492376,-3.5221928821774298,24.433483818992148,-3.184015220207361
53000000.0,25.828248489780016,-1.6118018142262012,26.739532233085626,-1.3726731621683224,23.42693026093865,-3.51817003724592,24.40404744051289,-3.190171729948811
54000000.0,25.82363818581665,-1.64185751719157,26.768363700070143,-1.4027698597402734,23.384546154703678,-3.5953938423579386,24.382331583717534,-3.267327814996742
55000000.0,25.81894376552913,-1.671893438720146,26.799979258296123,-1.3973247173067416,23.437257888857335,-3.649072923748586,24.439433930062346,-3.3064472119518302
56000000.0,25.814165341812398,-1.701909227344992,26.825720764640824,-1.4166102112374879,23.411774906807885,-3.663707531028526,24.42465857155775,-3.3278648506178605
57000000.0,25.809303029504367,-1.7319045324024984,26.820948103286245,-1.4881797378034647,23.370904280497847,-3.7029000697491936,24.38871540293117,-3.380928345926799
58000000.0,25.80435694537907,-1.7618790040456944,26.83671574241444,-1.48422210350417,23.369577896166483,-3.8399666810810826,24.407785002128616,-3.494129951930487
59000000.0,25.799327208139722,-1.7918322932574908,26.869996345148564,-1.472969732482338,23.336507504734403,-3.8858132474120644,24.39474282830296,-3.5361021206534775
60000000.0,25.794213938411666,-1.821764051863857,26.885970346442384,-1.5270396973782825,23.29293430977051,-3.9295196127599312,24.36312722081172,-3.5913041470369857
61000000.0,25.789017258735196,-1.8516739325469243,26.894929046706235,-1.5347188864214687,23.30148206158683,-3.9944928939561057,24.37968448267771,-3.6464554714908473
62000000.0,25.78373729355829,-1.8815615888580202,26.90245201881754,-1.5844302462676787,23.274453068869693,-4.023537593873969,24.358284600811917,-3.685859243634084
63000000.0,25.778374169229245,-1.911426675230632,26.906606160912823,-1.57679902551913,23.253726720540975,-4.05160848538461,24.346240968017355,-3.7103160121074175
64000000.0,25.772928013989183,-1.941268846993297,26.90445843312132,-1.630250175796941,23.26249512013217,-4.110352723852097,24.35576225707075,-3.7698233914683774
65000000.0,25.767398957964488,-1.971087760382417,26.959667969376632,-1.646249487098217,23.21591841270876,-4.177735465736875,24.33683036843875,-3.8404448484415994
66000000.0,25.7617871331591,-2.000883072555001,26.943931877836732,-1.6796598220551866,23.18950578820853,-4.248962660779926,24.317573033226623,-3.9093192269954873
67000000.0,25.756092673446734,-2.03065444160133,26.945342879318865,-1.6877879472263786,23.195092764918453,-4.2622562643703965,24.323534697829295,-3.921526447114906
68000000.0,25.75031571456298,-2.0604015265575466,26.97895197378775,-1.6895640904725684,23.159593086173437,-4.320034469366717,24.309026927960538,-3.978036285517452
69000000.0,25.744456394097355,-2.090123987418168,26.972106939602586,-1.7195630790838172,23.147969338869764,-4.370919938174688,24.30184254733897,-4.028173753297148
70000000.0,25.73851485148515,-2.119821485148515,26.981965795250588,-1.7160918636818774,23.135095731091717,-4.40733782405868,24.298600091378923,-4.060526317036895
71000000.0,25.732491227999297,-2.149493681697072,27.029253630455955,-1.7791488206524444,23.067768360780864,-4.490201709255139,24.257968910479875,-4.158073953993921
72000000.0,25.72638566674206,-2.179140240007755,27.0281937957464,-1.8111156830346897,23.063432075108167,-4.501307455160545,24.252474705781083,-4.174890683840598
73000000.0,25.72019831263665,-2.208760824032108,27.008394935068512,-1.8352867145141174,23.059389639639736,-4.557959847453782,24.250291476567018,-4.226462545484123
74000000.0,25.713929312418767,-2.2383550987414127,27.0208528283347,-1.8312510571374696,23.027785743343372,-4.596325686650049,24.232251192526274,-4.263586826267328
75000000.0,25.707578814627993,-2.2679227301387135,27.019865621788774,-1.840975398042236,22.98327724473478,-4.664811867053493,24.203359608080664,-4.329862188646792
76000000.0,25.701146969599172,-2.297463385270767,27.030242143929108,-1.8909882912811744,22.986022304000212,-4.70797243540134,24.209139582453375,-4.377863824383871
77000000.0,25.694633929453612,-2.3269767322398973,27.01770713301509,-1.8785444094629764,22.94513204517681,-4.763417610064405,24.18125832084457,-4.426798429434085
78000000.0,25.688039848090238,-2.3564624402157697,27.045475398076608,-1.9165168374880568,22.899813401849343,-4.836125019603603,24.155730647057535,-4.506433475248289
79000000.0,25.681364881176684,-2.3859201794470835,27.035316873269082,-1.9273843297771351,22.88071462658764,-4.873171410986762,24.14174788587874,-4.542039808904955
80000000.0,25.67460918614021,-2.4153496212731667,27.060545277377425,-1.941810049620191,22.853055463790792,-4.926472048751344,24.130220051057684,-4.597443818995651
81000000.0,25.667772922158605,-2.4447504381354963,27.048380939695154,-1.9452845839310131,22.80976307072634,-4.979749498221292,24.098537148709344,-4.649048503042767
82000000.0,25.66085625015099,-2.4741223035891164,27.078970126113912,-1.9802240038547798,22.778744142708966,-5.02022365002255,24.0809841703663,-4.699268765626721
83000000.0,25.653859332768484,-2.5034648923139775,27.054208756505908,-1.9792134938689634,22.76158482954138,-5.079643675095385,24.07056727844873,-4.749912099612208
84000000.0,25.646782334384856,-2.5327778801261833,27.075363246261325,-2.0331374972251344,22.728903624188224,-5.113420198918317,24.046326280941905,-4.797800724624846
85000000.0,25.63962542108703,-2.562060943989139,27.065510342832784,-2.0705374122696947,22.699381815216725,-5.151756389676458,24.020790028714583,-4.842181297266199
86000000.0,25.632388760665545,-2.5913137620246243,27.10492574496187,-2.089000370919016,22.655336228702705,-5.199895018057921,23.996691064768683,-4.899033978160785
87000000.0,25.625072522604903,-2.6205360135237528,27.088944304702466,-2.1225056779448264,22.669321503807392,-5.2651129209141585,24.01226257021274,-4.958127408344604
88000000.0,25.61767687807387,-2.649727378957858,27.103545993928126,-2.125314769029407,22.604362155267143,-5.285025841021052,23.962011481170236,-4.988218032017352
89000000.0,25.61020199991565,-2.678887539989275,27.09957900707505,-2.1737276913034935,22.580010602790377,-5.337402164859529,23.94311568495593,-5.047090483501595
90000000.0,25.60264806263802,-2.7080161794820317,27.08968226686049,-2.184297190797805,22.576452963996932,-5.376075044014743,23.943178484485067,-5.082155336965256
91000000.0,25.595015242403385,-2.73711298151244,27.103972840733228,-2.2312644708964195,22.53506402837631,-5.438472116756052,23.91507487586885,-5.154551049875663
92000000.0,25.58730371701868,-2.766177631379598,27.111668966878593,-2.220347770410615,22.49881004696938,-5.494657462576951,23.89587759859835,-5.208262865391536
93000000.0,25.57951366592533,-2.7952098156157943,27.104182857273816,-2.2834663828345536,22.462784130131794,-5.5044151279819955,23.856990883670555,-5.234718455748922
94000000.0,25.571645270189002,-2.8242092219968082,27.1324370288167,-2.2928756775605406,22.43374557633235,-5.556640154192387,23.84505331070219,-5.290550184441155
95000000.0,25.563698712489355,-2.8531755395521268,27.123216211877768,-2.3233968622393655,22.397022434292786,-5.605917300611925,23.8157819219145,-5.3449929928624025
96000000.0,25.555674177109708,-2.882108458575046,27.12789379038588,-2.322613684445164,22.370766352126726,-5.651891768840926,23.80172372493911,-5.39025230783868
97000000.0,25.547571849926612,-2.9110076706326873,27.115579816271843,-2.3466627831938984,22.329665638191592,-5.662160287814238,23.761918315416533,-5.409629862522372
98000000.0,25.53939191839937,-2.9398728685759123,27.142386039476833,-2.3924854181009145,22.279745982804457,-5.706647954248822,23.725284722045846,-5.469840245437301
99000000.0,25.531134571559477,-2.9687037465491266,27.125081471146693,-2.4124667016133867,22.260616413810034,-5.759030422751739,23.711700799996446,-5.521186465374294
100000000.0,25.5228,-2.9974999999999996,27.146189699786746,-2.442564180362388,22.225243371487277,-5.794764919170338,23.68704834461788,-5.567497876248835
101000000.0,25.51438839586486,-3.026261325689073,27.138373551897256,-2.4555706157866117,22.18400286881119,-5.836735801046943,23.654738866137805,-5.6135351229472175
102000000.0,25.505899952838103,-3.0549874216992667,27.124065792648757,-2.5020678708247406,22.147290547953972,-5.8703076477263485,23.61944301947742,-5.657017451692487
103000000.0,25.497334866133052,-3.083677987445292,27.14462780109385,-2.511032300597079,22.125007039690793,-5.897331942562667,23.607228247208205,-5.689288498435873
104000000.0,25.48869333248139,-3.1123327236829494,27.151006108427477,-2.530143788280174,22.082639135259733,-5.939679372475137,23.57579522130025,-5.739084378444862
105000000.0,25.47997555012225,-3.1409513325183376,27.130701832623128,-2.536120984452927,22.04404134675662,-5.985451644408283,23.54493080918786,-5.785469815103435
106000000.0,25.471181718791147,-3.1695335174169452,27.14598681491376,-2.5800798697588316,22.00878778023897,-6.020756622608078,23.516967287463334,-5.833713270832804
107000000.0,25.46231203970892,-3.1980789832126493,27.147080579288744,-2.609478116666035,21.98772332151175,-6.062698428161321,23.502109421823718,-5.880786385773128
108000000.0,25.45336671557058,-3.2265874361166036,27.138036693196344,-2.62269603654985,21.938317289132748,-6.098681888017943,23.46083962201723,-5.923442243798569
109000000.0,25.444345950534093,-3.255058583726023,27.138145986752207,-2.6355252447885413,21.913229249072423,-6.1313158909735375,23.44257974451702,-5.959784612184006
110000000.0,25.435249950209123,-3.283492135032862,27.15885165665428,-2.6701985074166337,21.872628778878063,-6.163847580602074,23.411177559122702,-6.00572627318317
111000000.0,25.42607892164572,-3.311887800432393,27.1461611211903,-2.6781854626187984,21.840462610383685,-6.202832493345813,23.38591713324454,-6.046694972394027
112000000.0,25.41683307332293,-3.340245291731669,27.159756331051465,-2.7172431919433886,21.80146645626434,-6.22582524325663,23.352111653162474,-6.083656872101019
113000000.0,25.40751261513737,-3.36856432215789,27.143786998452367,-2.729259523233814,21.761818255236935,-6.260667604463355,23.318076810764833,-6.122698493697393
114000000.0,25.398117758391713,-3.396844606366651,27.146774161207393,-2.773364880862648,21.725211815061137,-6.289503847233162,23.284777329372414,-6.164065976201109
115000000.0,25.388648715783198,-3.425085860450096,27.138177810966553,-2.793445331567637,21.680820624326653,-6.343999454640512,23.25028145338949,-6.224509433959711
116000000.0,25.379105701391982,-3.453287801944957,27.16300581344213,-2.8024461378877445,21.642096304797214,-6.3644467618989,23.221888098143996,-6.255384902916167
117000000.0,25.369488930669522,-3.4814501498404775,27.159581513669718,-2.824600782491845,21.611973683143642,-6.380320534890635,23.19364890846567,-6.278975070261888
118000000.0,25.359798620426886,-3.5095726245862466,27.159451675078923,-2.874673641139107,21.570774142780266,-6.421460967006141,23.156778095298282,-6.333243601366912
119000000.0,25.350034988823015,-3.537654948099913,27.1454681098077,-2.883641352100138,21.55796374253109,-6.466041177065561,23.149815819790568,-6.376237853419208
120000000.0,25.340198255352895,-3.565696843774782,27.15900089448325,-2.9029875820112014,21.503360464084906,-6.474699534237519,23.1008136266695,-6.399743191196195
121000000.0,25.33028864083576,-3.593698036487324,27.15014246794449,-2.942983432437087,21.47474017574314,-6.499243848656796,23.07204722023766,-6.433438247030072
122000000.0,25.3203063674032,-3.6216582526045586,27.144748817179064,-2.9665972959427864,21.44625185872564,-6.527193533763603,23.046855264260916,-6.467917989483985
123000000.0,25.31025165848724,-3.6495772199913286,27.136664333475178,-2.9907267983385304,21.409144544557524,-6.572964489656288,23.016535197295948,-6.520326693777371
124000000.0,25.300124738808332,-3.677454668017476,27.124140261366115,-3.0162762448730955,21.393424869058016,-6.605441023831693,23.002534259790597,-6.555962036215624
125000000.0,25.28992583436341,-3.7052903275648945,27.117257607087012,-3.0281927393700263,21.34059724856021,-6.650141300147111,22.959262136343288,-6.6086682200218485
126000000.0,25.279655172413793,-3.7330839310344825,27.113231395960135,-3.040775250751929,21.297131880556655,-6.66041351760769,22.918312195557018,-6.628092280214042
127000000.0,25.2693129814731,-3.760835212352977,27.090970523578022,-3.066523687832014,21.258412143017527,-6.692617357344696,22.881116211370028,-6.666719155536656
128000000.0,25.258899491295143,-3.7885439069796836,27.10268543079162,-3.086295188225276,21.23590652750336,-6.71471049374013,22.863541794903753,-6.6965280977423856
129000000.0,25.248414932861728,-3.81620975191309,27.08899109706172,-3.1046827919334863,21.18428390828727,-6.763964572539255,22.819970231066225,-6.753723767031193
130000000.0,25.237859538370483,-3.843832485697376,27.10709116970174,-3.128572281006725,21.146985057248905,-6.793486745995519,22.790305492459186,-6.79508748996826
131000000.0,25.22723354122261,-3.8714118484288025,27.081166596756702,-3.1318246209211544,21.113179134974484,-6.8156029374897535,22.758179200861452,-6.819258104585471
132000000.0,25.216537176010593,-3.898947581761998,27.09720199621522,-3.1791503794842084,21.081240747235395,-6.85415171228644,22.731532311053126,-6.87164973116293
133000000.0,25.205770678505935,-3.9264394289161277,27.090656318247387,-3.202077860052505,21.04154468988947,-6.867060745736755,22.692268758008304,-6.894255960935323
134000000.0,25.19493428564679,-3.953887134680956,27.09359603276997,-3.203246022080772,20.998870398789343,-6.889219276951817,22.656547934645598,-6.924098346578085
135000000.0,25.184028235525606,-3.981290445422795,27.082083736063325,-3.2351238213260824,20.96060793769528,-6.93432649308912,22.622811296001974,-6.97767695292609
136000000.0,25.17305276737673,-4.008649109090337,27.07413400435257,-3.2601099342881343,20.928777595394774,-6.95443346073902,22.591725635695756,-7.005710490730854
137000000.0,25.16200812156401,-4.035962875220385,27.075242945353143,-3.2940024950766302,20.90247479961381,-6.970828523635389,22.565253738329414,-7.031802614601661
138000000.0,25.150894539568284,-4.063231494943462,27.060807857111836,-3.309910204625787,20.844879808971914,-7.013725109913157,22.514343199701944,-7.084345219640886
139000000.0,25.139712263974978,-4.090454720989317,27.067997329367323,-3.3255353274544173,20.83177982907329,-7.034146683197845,22.504739902864074,-7.10973491931184
140000000.0,25.128461538461536,-4.117632307692308,27.042248055055108,-3.3493096540057725,20.776080184527736,-7.069603034511612,22.45116231731361,-7.154500842093457
141000000.0,25.117142607784956,-4.144764010996684,27.049003198775093,-3.3962234124475006,20.745550578403734,-7.080830846477546,22.418359431781973,-7.179265303373053
142000000.0,25.105755717769185,-4.1718495884617495,27.059630712986653,-3.4044757413988593,20.70638266335703,-7.096250724653482,22.384214635028048,-7.204470668606624
143000000.0,25.094301115292616,-4.1988887992669195,27.036347615795872,-3.4129618824243413,20.67035343343624,-7.140583217436461,22.353684619461735,-7.252022656374113
144000000.0,25.08277904827543,-4.22588140421666,27.038339015499144,-3.452749208201721,20.62926113201173,-7.156942374351284,22.31184382271523,-7.28201712913352
145000000.0,25.07118976566704,-4.252827165745315,27.044038813566917,-3.454086462019664,20.60147765848779,-7.166603285654804,22.287588696713996,-7.29774831203957
146000000.0,25.059533517433447,-4.279725847921834,27.030227025411687,-3.4763054602501327,20.55471247042002,-7.200985738142169,22.243958316830025,-7.3414033870073325
147000000.0,25.047810554544583,-4.306577216454362,27.01267661905548,-3.504136331055042,20.53054891787476,-7.221776578497555,22.218090515451436,-7.367676502258537
148000000.0,25.03602112896168,-4.333381038694755,27.020054572460012,-3.527345398510844,20.48492644040837,-7.244571647479155,22.176045107985285,-7.403165947225457
149000000.0,25.024165493624572,-4.360137083642945,27.000279972756907,-3.547929077929423,20.45015723757224,-7.273625277337274,22.142210321546067,-7.438233497763476
150000000.0,25.012243902439025,-4.38684512195122,26.998125652683154,-3.5820031104119567,20.413394881434495,-7.295557470665459,22.10549343156273,-7.4712897993496385
151000000.0,25.00025661026402,-4.413504925928382,27.000179273880356,-3.5900466063542034,20.370483334413635,-7.306228811554206,22.064874860165144,-7.49153271993999
152000000.0,24.98820387289906,-4.440116269543796,26.97918732661585,-3.624342625690302,20.338418625859088,-7.338942411033921,22.03209902817913,-7.53143408084368
153000000.0,24.976085947071436,-4.466678928431327,26.986195067429943,-3.6443180603813086,20.305166551541774,-7.355531714131464,22.000906248637303,-7.557942907390451
154000000.0,24.963903090423504,-4.493192679893171,26.974590277164417,-3.6551748818027185,20.26849438510118,-7.3820685212614086,21.967062135215347,-7.5908962768293105
155000000.0,24.951655561499926,-4.519657302903555,26.978093705663166,-3.65058449022405,20.217601471608056,-7.402083748776602,21.92223018123215,-7.620469935441266
156000000.0,24.93934361973496,-4.546072578112362,26.95838901525278,-3.692616143113026,20.197031742893476,-7.423147813725135,21.897321648684308,-7.647922450862099
157000000.0,24.926967525439668,-4.572438287848612,26.950882147903744,-3.720976547494197,20.149526739211154,-7.432019829277557,21.847094780120788,-7.668677326543364
158000000.0,24.914527539789187,-4.598754216123846,26.96065209393742,-3.7378792290552534,20.113782669914148,-7.463850745082509,21.816957249348647,-7.710753103130284
159000000.0,24.902023924809956,-4.625020148635404,26.951160999506826,-3.759752866339514,20.079072270373114,-7.47905913540328,21.781171215874355,-7.7340295902790235
160000000.0,24.88945694336695,-4.651235872769589,26.932871189480984,-3.7841460409472614,20.04136033784765,-7.490319695829852,21.74005864034501,-7.7530065921057325
161000000.0,24.876826859150917,-4.677401177604711,26.926161872665713,-3.8110984402120054,20.002901737193067,-7.502828261174998,21.699548275103535,-7.775387346979846
162000000.0,24.864133936665606,-4.703515853914041,26.93763383210517,-3.8240657118839994,19.966808343349573,-7.53255613076135,21.669145924603217,-7.81527820212989
163000000.0,24.85137844121501,-4.729579694168639,26.918182732094785,-3.8579093313592034,19.938489701512168,-7.544172126316973,21.635768813813527,-7.833737353681507
164000000.0,24.838560638890606,-4.755592492540086,26.899383895204487,-3.869210213455325,19.8987870883119,-7.564149914802836,21.596105011978153,-7.8599731439779905
165000000.0,24.825680796558558,-4.781554044903088,26.90686871658072,-3.8863540862575294,19.87451408419156,-7.590114968741021,21.57544108709842,-7.893794303668542
166000000.0,24.81273918184699,-4.807464148838001,26.88339737510891,-3.9193965851545394,19.826252788474367,-7.603862665116164,21.52209311243694,-7.917563714805253
167000000.0,24.799736063133217,-4.833322603633211,26.884049723889085,-3.932533669850184,19.785074486263092,-7.631868421701607,21.484538047322065,-7.955285400700552
168000000.0,24.78667170953101,-4.859129210287443,26.87316102540572,-3.9599931912110016,19.749462815477496,-7.633392148268125,21.443727973689423,-7.96542510003299
169000000.0,24.77354639087783,-4.884883771511934,26.84710898396091,-3.988669126242048,19.72961132479319,-7.656504439839719,21.42091026049647,-7.992008253379001
170000000.0,24.760360377722105,-4.910586091732511,26.849959062525954,-4.004014149294123,19.684248452298785,-7.676933957662531,21.37742567489224,-8.023562934035821
171000000.0,24.747113941310488,-4.936235977091562,26.83507840272984,-4.025677058973546,19.650944140902233,-7.690480163306518,21.341563806822485,-8.043964521186199
172000000.0,24.733807353575166,-4.961833235449898,26.82575511505887,-4.037185387051223,19.61740541174031,-7.707295255972245,21.30824646618668,-8.067304202394164
173000000.0,24.72044088712113,-4.987377676388507,26.821361152316765,-4.047285770279842,19.591520027259513,-7.717800857212135,21.28217847743319,-8.083352204732286
174000000.0,24.707014815213466,-5.012869111210205,26.81326665813385,-4.078429948990758,19.55366041122671,-7.740262597596671,21.242749605666436,-8.115758191015802
175000000.0,24.693529411764704,-5.038307352941176,26.79878809125353,-4.100834884431826,19.52111923656403,-7.762015861673643,21.209060312078876,-8.144429602852375
176000000.0,24.679984951322133,-5.063692216332422,26.78841489341596,-4.12044058792955,19.488872186772642,-7.777546983469631,21.175318199571006,-8.167025096402948
177000000.0,24.666381709055127,-5.089023517861081,26.7832800930474,-4.142385827943294,19.452690170857135,-7.789767499478537,21.137159213208907,-8.188065352883704
178000000.0,24.652719960742516,-5.114301075731668,26.766680892882665,-4.1567132325183005,19.417741733184492,-7.815277146486269,21.102601221989058,-8.219781787396721
179000000.0,24.638999982759973,-5.139524709877193,26.755750706261118,-4.174111926589113,19.380614119959105,-7.825310267876431,21.062973575482065,-8.237383845711838
180000000.0,24.625222052067382,-5.164694241960185,26.747122009181258,-4.1951817713183095,19.34408887812167,-7.844259264954796,21.025355022377116,-8.264692423258266
181000000.0,24.611386446196256,-5.189809495373604,26.73337041365867,-4.22385181704499,19.31568585852918,-7.8588100552003555,20.993426199205217,-8.28602634403592
182000000.0,24.597493443237166,-5.214870295241663,26.731507453125563,-4.22552850421031,19.285832166653456,-7.870063565395261,20.964684497536087,-8.30302422895345
183000000.0,24.5835433218272,-5.23987646842054,26.70982325372837,-4.24803486729619,19.236435320291356,-7.890627017964262,20.912423735039972,-8.332673979537631
184000000.0,24.569536361137413,-5.264827843498976,26.715740304081034,-4.261857226085603,19.20722827012601,-7.9087425805737235,20.88461152242795,-8.35907776259701
185000000.0,24.555472840860315,-5.289724250798798,26.690994972678542,-4.275663250370274,19.172546588749864,-7.928278826590104,20.84809532721343,-8.383446574205083
186000000.0,24.541353041197418,-5.3145655223753145,26.67971765760525,-4.308364484736442,19.145881759942675,-7.940336825363145,20.816992836181125,-8.402625318349655
187000000.0,24.52717724284672,-5.339351492017624,26.66320577841235,-4.321628385581228,19.099081681605252,-7.957410505476728,20.76845147278248,-8.427946052476399
188000000.0,24.512945726990313,-5.364081995248827,26.658085925000183,-4.337191412125074,19.069165125035873,-7.960847379598531,20.735491375036755,-8.437920886643893
189000000.0,24.498658775281946,-5.388756869326126,26.64935778197314,-4.3570911777340315,19.029447181408326,-7.971794848906065,20.692804443428827,-8.457395566178873
190000000.0,24.48431666983463,-5.413375953240828,26.650799604743717,-4.374392104892218,18.997971096785445,-7.998945753602257,20.663089223964917,-8.493257269121875
191000000.0,24.4699196932083,-5.437939087718266,26.631238324742682,-4.390361611972542,18.96321908427694,-8.000730049363446,20.623159631559155,-8.50027820099832
192000000.0,24.455468128397463,-5.462446115217591,26.610528866805204,-4.416306005146568,18.93561796187394,-8.017940591876666,20.59194354139823,-8.522733473938105
193000000.0,24.440962258818885,-5.486896879931494,26.609887414185042,-4.439443245524902,18.895469079365977,-8.02648825551749,20.548522670278558,-8.541245049182995
194000000.0,24.426402368299357,-5.511291227785821,26.5959319416815,-4.4594555528458235,18.85556630101764,-8.041610008529634,20.505654321386054,-8.564214609224651
195000000.0,24.411788741063397,-5.5356290064390885,26.58570383663962,-4.4729802009235735,18.824741747491636,-8.052666652999806,20.47273763748678,-8.581149942745043
196000000.0,24.397121661721066,-5.559910065281899,26.57060895067723,-4.487662040910981,18.796368700558272,-8.070704707903644,20.442998668712278,-8.604279575175061
197000000.0,24.38240141525579,-5.584134255436273,26.553466213376833,-4.509719976838285,18.756221721600625,-8.075387232624522,20.397198753675138,-8.616121899910508
198000000.0,24.36762828701219,-5.608301429754879,26.542596075369314,-4.51777259491301,18.71674894311978,-8.092909457507094,20.357119960591902,-8.640752456802067
199000000.0,24.352802562683983,-5.63241144282016,26.531019622091076,-4.545456350652891,18.696452987002623,-8.100739844308402,20.332260482581336,-8.653492038719534
200000000.0,24.337924528301883,-5.656464150943395,26.525084117594563,-4.569039355768891,18.655432087514058,-8.119859308128849,20.28896970157409,-8.682273073083564
201000000.0,24.322994470221587,-5.680459412163628,26.513239644564926,-4.584269657885128,18.626413473959,-8.133696850450708,20.257865603427316,-8.701645014366155
202000000.0,24.30801267511172,-5.704397086246525,26.497081584787946,-4.61159705715296,18.599171669643052,-8.140122929536343,20.225058469740755,-8.713424794235658
203000000.0,24.292979429941887,-5.728277034683146,26.490096407034336,-4.62138626884968,18.55664082728009,-8.157198778322844,20.18158540053267,-8.738853019766015
204000000.0,24.277895021970746,-5.752099120688618,26.473000035249495,-4.638444040496414,18.52686964389215,-8.168442998370955,20.148381817303143,-8.755015694001743
205000000.0,24.262759738734083,-5.775863209200695,26.466392844810994,-4.672200203521483,18.490460114103524,-8.176185336741739,20.106067596559487,-8.771748493184559
206000000.0,24.247573868032966,-5.799569166878274,26.452119259298875,-4.682772933260616,18.455753051134206,-8.19117718589839,20.069507616421443,-8.79253456765204
207000000.0,24.232337697921928,-5.82321686209977,26.44357016055623,-4.707252418497861,18.42465904975579,-8.208274358204777,20.03558674112464,-8.816963243720048
208000000.0,24.21705151669717,-5.8468061649614445,26.425734866169506,-4.720329157194393,18.394672824869055,-8.207569719534613,20.0004203519635,-8.820047343646797
209000000.0,24.201715612884847,-5.87033694727562,26.40495330511828,-4.751300506567905,18.36666002027358,-8.218526564230398,19.966571372059303,-8.836205118051083
210000000.0,24.186330275229356,-5.893809082568807,26.410106589014465,-4.7638163721741345,18.330365719568267,-8.223018101556207,19.927761356654255,-8.849129090868983
211000000.0,24.170895792681673,-5.917222446079761,26.379352257153258,-4.7785858631613065,18.3006628088563,-8.237404356302928,19.894186431394193,-8.866308841626166
212000000.0,24.15541245438775,-5.940576914757433,26.36393105581021,-4.800311941410542,18.266739577842127,-8.24997220842762,19.85613686509629,-8.885130029110814
213000000.0,24.139880549676953,-5.963872367258845,26.359377884581924,-4.813936041774889,18.233327572035805,-8.254988173946854,19.81935852594444,-8.896719278036194
214000000.0,24.124300368050527,-5.987108683946875,26.339775239076914,-4.826828430154664,18.201421692466205,-8.258647627540089,19.782735091830013,-8.904348236858596
215000000.0,24.108672199170126,-6.010285746887967,26.329583051008456,-4.8656841772585855,18.176724670427756,-8.275866195594299,19.753191633391875,-8.928604094040479
216000000.0,24.092996332846365,-6.033403439849735,26.321294591695562,-4.873036024238407,18.13622599141613,-8.287703280358924,19.710591687463797,-8.947539724878473
217000000.0,24.07727305902746,-6.056461648298512,26.309381781470798,-4.897932753119651,18.103172206739966,-8.2945716441557,19.672169383423345,-8.960806580170615
218000000.0,24.061502667787856,-6.0794602593967895,26.29071022891577,-4.91148295410159,18.0757008397246,-8.306992630401611,19.64170290945407,-8.977081299963448
219000000.0,24.045685449316956,-6.102399162000591,26.274591868906626,-4.927722987786922,18.044548504002556,-8.313281395056928,19.606062866175158,-8.988045217687143
220000000.0,24.029821693907873,-6.125278246656761,26.26085118611737,-4.954183962702465,18.006109010926767,-8.319672308322199,19.561394099431688,-9.00151425516081
221000000.0,24.013911691946234,-6.1480974056001685,26.247249184534056,-4.974209846603476,17.98226637474981,-8.335670779061328,19.534847094912855,-9.022183673760848
222000000.0,23.997955733899023,-6.1708565327508325,26.23466701490355,-4.988010775287004,17.945164412379977,-8.335086809629823,19.49225572427902,-9.027073478272584
223000000.0,23.981954110303505,-6.193555523710973,26.222070296008283,-5.006781742774764,17.920447862721105,-8.346122190927986,19.464150755275806,-9.042612754138455
224000000.0,23.965907111756167,-6.216194275761974,26.209958654972056,-5.024305304229333,17.888809394478585,-8.358860373735915,19.429136225795578,-9.061110590341997
225000000.0,23.94981502890173,-6.238772687861272,26.192935042208646,-5.046102030935665,17.854907988828593,-8.368519634471792,19.390167371248552,-9.076316772413628
226000000.0,23.93367815242221,-6.261290660639171,26.176408989675977,-5.069504107397588,17.81966774777968,-8.37524525488795,19.34906192615189,-9.088772386761212
227000000.0,23.917496773026006,-6.283748096395576,26.16665432108978,-5.084783614345331,17.790939959516926,-8.376396424515052,19.315642407608788,-9.094463204224938
228000000.0,23.90127118143709,-6.306144899096652,26.15471216652386,-5.105371278342561,17.762080213351563,-8.382754634624622,19.282029642907077,-9.105824494616455
229000000.0,23.88500166838421,-6.328480974371405,26.137730970940105,-5.124404562772211,17.7361462126655,-8.391647941957023,19.251807257052224,-9.118572894584528
230000000.0,23.868688524590162,-6.350756229508196,26.124829887467037,-5.138417667072564,17.70795872177214,-8.406421493562314,19.22113782210484,-9.138196213344282
231000000.0,23.852332040761112,-6.372970573451168,26.113104548236468,-5.154440721863526,17.667842154858793,-8.414829562494946,19.17637030968262,-9.153257610288904
232000000.0,23.83593250757598,-6.395123916796611,26.09863777720232,-5.1682522720739845,17.63950006164839,-8.418191405723402,19.14351657077053,-9.160375492021178
233000000.0,23.819490215675863,-6.417216171789252,26.08870225202023,-5.192049041918482,17.613968306154355,-8.425928335327345,19.11333215505427,-9.173074196512706
234000000.0,23.80300545565354,-6.439247252318469,26.06534693248161,-5.218912133457216,17.57810277541099,-8.436652522146119,19.07110417034795,-9.189005407991678
235000000.0,23.786478518043012,-6.46121707391444,26.05467982932992,-5.236908408508413,17.547566209838457,-8.439612915614116,19.035479202073567,-9.19680190272719
236000000.0,23.769909693309092,-6.483125553744208,26.045742797037633,-5.238990559775333,17.514766001359586,-8.452281282814857,19.00128812329165,-9.214537050560983
237000000.0,23.753299271837104,-6.504972610607706,26.019595551524386,-5.266215224593782,17.480684782114036,-8.458118858566403,18.959905628319387,-9.224463528344451
238000000.0,23.736647543922555,-6.526758164933669,26.00874444434764,-5.281333635036818,17.454401142847125,-8.464231262736508,18.929718556018432,-9.234682153415667
239000000.0,23.71995479976093,-6.548482138775516,25.999741012646496,-5.297687380619385,17.429396864286435,-8.471814924493186,18.901093629993994,-9.246609622530174
240000000.0,23.703221329437543,-6.570144455807157,25.981726895296635,-5.329226662334812,17.398047785856956,-8.475490099276456,18.862271308376673,-9.255089201125084
241000000.0,23.686447422917414,-6.59174504131871,25.963266593141473,-5.329793626647083,17.367692774310985,-8.487048352071067,18.82998819196614,-9.26976641869145
242000000.0,23.669633370035218,-6.613283822212175,25.94775077808712,-5.3578161957841,17.330282972239605,-8.489959528797586,18.785111572981112,-9.278416941099813
243000000.0,23.65277946048531,-6.634760726997044,25.920103821256944,-5.365442662562194,17.30074222642383,-8.49339608720052,18.75082649095039,-9.283356826953536
244000000.0,23.635885983811797,-6.656175685785827,25.925169349194793,-5.381909979585891,17.27180105038929,-8.502160932757917,18.718955364302033,-9.299010586857705
245000000.0,23.618953229398663,-6.677528630289532,25.903256678058057,-5.412232619204155,17.24445211860617,-8.508387940384686,18.684755247894618,-9.308863557113217
246000000.0,23.601981486459977,-6.698819493813077,25.891278650268184,-5.426270720377461,17.21285846393471,-8.5174142609323,18.649226228679026,-9.322687185735342
247000000.0,23.584971044030134,-6.720048211250632,25.871596316057303,-5.44442198032443,17.18649149579667,-8.517269379019746,18.616902497215904,-9.324936155315077
248000000.0,23.56792219095419,-6.741214719080913,25.859041541740893,-5.458055082832582,17.159406533399256,-8.52889545401207,18.586665013087934,-9.340753988660419
249000000.0,23.55083521587823,-6.7623189553623995,25.836184728768547,-5.47377210508833,17.12781463866719,-8.528719007168885,18.548778504027347,-9.343144345550856
250000000.0,23.533710407239816,-6.783360859728506,25.829462924316807,-5.487256571814114,17.095636420506032,-8.545468700009817,18.514123792754198,-9.366066967222105
251000000.0,23.516548053258493,-6.804340373382688,25.80689558123974,-5.511935991389113,17.064279815868606,-8.545173334799564,18.47527564663292,-9.368832100145921
252000000.0,23.499348441926344,-6.825257439093484,25.793385696533587,-5.519287866136082,17.044677968132028,-8.550749677203202,18.45300988246082,-9.376358415572875
253000000.0,23.482111860998646,-6.846112001189511,25.779360880608408,-5.531423839803502,17.009950122087417,-8.546616417157749,18.412111817058683,-9.375773628855734
254000000.0,23.464838597984546,-6.866904005554393,25.76182274058517,-5.546329341691893,16.98172829778019,-8.559646426611215,18.38028553471899,-9.39261972586481
255000000.0,23.447528940137833,-6.887633399621638,25.75123459339143,-5.579236261809004,16.951699106350446,-8.563284754650809,18.343094924537922,-9.401457732077974
256000000.0,23.43018317444774,-6.908300132369459,25.735887414459523,-5.573887810247337,16.921950896604123,-8.568664800071907,18.31126087711849,-9.40923411779368
257000000.0,23.412801587629865,-6.9289041543155365,25.70947164645615,-5.600028456357954,16.895912748625772,-8.575146218033606,18.278810486335463,-9.418038632251562
258000000.0,23.395384466117104,-6.949445417511733,25.699531463309423,-5.6228192754164255,16.864905091596412,-8.58145431280897,18.242301489049296,-9.429344824583248
259000000.0,23.377932096050664,-6.969923875538746,25.690593423845584,-5.632438901175362,16.83901028425425,-8.581185054575256,18.21221491006439,-9.432051797080916
260000000.0,23.36044476327116,-6.990339483500717,25.669885111761545,-5.643910583782284,16.80456666553526,-8.593372260041265,18.173644200907034,-9.448179317425783
261000000.0,23.342922753309765,-7.010692198019784,25.65202707231486,-5.67256841491666,16.780387695159163,-8.590164517230496,18.14199495803791,-9.447281906117226
262000000.0,23.32536635137941,-7.030981977230579,25.63249228006346,-5.682111930723147,16.74625800749561,-8.59754625327817,18.103375155339464,-9.458101418055271
263000000.0,23.30777584236608,-7.051208780774685,25.61649617424285,-5.7009273972762475,16.723598635418494,-8.602278658635893,18.07593151822653,-9.46534002289069
264000000.0,23.29015151082016,-7.071372569795032,25.602760247362976,-5.712661217534401,16.69268693793984,-8.606668640394107,18.040429292021113,-9.473263283868338
265000000.0,23.272493640947832,-7.091473306930251,25.582606218507852,-5.736366248520874,16.66565350077594,-8.612738098457937,18.007505331515084,-9.482279078287172
266000000.0,23.254802516602584,-7.111510956308982,25.569093119299975,-5.742909729896149,16.635738528484815,-8.61446758144882,17.973391608077467,-9.486846224753256
267000000.0,23.23707842127674,-7.131485483544129,25.558334561434204,-5.772941166640224,16.612465824105552,-8.625681307755858,17.94499965200867,-9.502504158112163
268000000.0,23.219321638093067,-7.151396855727058,25.542321688789436,-5.7876433192568095,16.583871992100864,-8.627760278597762,17.911182336334196,-9.507342897482452
269000000.0,23.20153244979648,-7.17124504142179,25.517992411168382,-5.7999031356559305,16.56136759413953,-8.630371806928926,17.884012273337774,-9.510705445721628
270000000.0,23.183711138745778,-7.191030010659086,25.504773868532435,-5.818000246657503,16.52792259227983,-8.6389334700469,17.845455820456248,-9.52384717258669
271000000.0,23.16585798690546,-7.210751734930543,25.49111250893811,-5.8252635359590546,16.505429789027723,-8.64644353235935,17.820166221327316,-9.533690775719451
272000000.0,23.14797327583761,-7.230410187182615,25.473639873605688,-5.853657169613107,16.47828297251514,-8.653678006339693,17.786799338828466,-9.544453259901656
273000000.0,23.130057286693866,-7.250005341810609,25.47568977157156,-5.871287299203651,16.447963330582297,-8.656687118567662,17.751725671799292,-9.552910149368294
274000000.0,23.1121103002074,-7.269537174652611,25.441602472851,-5.882698349485381,16.422414167911764,-8.658623934122064,17.720730193464497,-9.554589421297827
275000000.0,23.094132596685082,-7.289005662983425,25.426666818422984,-5.903310851606314,16.395663270838458,-8.667088542209855,17.68907999971899,-9.566518956453676
276000000.0,23.076124455999548,-7.308410785508393,25.411932713221642,-5.9214840081404345,16.36441502698368,-8.667438848279382,17.651696031396813,-9.569978690592205
277000000.0,23.058086157581492,-7.327752522357248,25.40061279870664,-5.937842553248582,16.345350643776438,-8.672537518188962,17.628789059319892,-9.577378649446706
278000000.0,23.040017980411925,-7.347030855077879,25.380572661870225,-5.958553009036938,16.317972810436867,-8.678614533939832,17.595855265747517,-9.586055934851833
279000000.0,23.021920203014577,-7.3662457666300964,25.365993277144074,-5.9768437208708605,16.287894697409786,-8.680742881298723,17.559987550190513,-9.591276558321296
280000000.0,23.003793103448274,-7.38539724137931,25.355381647924837,-5.989187911181443,16.261697663471864,-8.682801914380885,17.52933355894687,-9.596101458702655
281000000.0,22.985636959299494,-7.4044852650902255,25.342151341125433,-6.018143138804733,16.231900281078726,-8.685469124845913,17.49256882751806,-9.6025008159591
282000000.0,22.9674520476749,-7.42350982492046,25.316591745194877,-6.028904177525104,16.209119738674765,-8.689346455920456,17.46541748193101,-9.60691041268903
283000000.0,22.949238645193994,-7.442470909414144,25.303456002631503,-6.040830251518085,16.184873061242264,-8.694518834320233,17.437247484868514,-9.614537785372045
284000000.0,22.93099702798183,-7.461368508495487,25.2877501130125,-6.054782800436375,16.161215416284413,-8.697366539696462,17.409056094512454,-9.619278214789727
285000000.0,22.912727471661782,-7.480202613462295,25.276655422739164,-6.080502514036376,16.128270313783304,-8.69914621229529,17.36919760547013,-9.625107970302745
286000000.0,22.894430251348382,-7.498973216979482,25.253911861075466,-6.099515584429021,16.103799818616896,-8.700237440206715,17.338940409083836,-9.627326081099548
287000000.0,22.876105641640272,-7.517680313072511,25.24803416179684,-6.113455788760293,16.07629134832015,-8.707088007656171,17.307429162380366,-9.638140116551156
288000000.0,22.85775391661314,-7.536323897120836,25.226523498720812,-6.126679048407936,16.050953370519913,-8.706993586724893,17.276837797845893,-9.639011134101384
289000000.0,22.839375349812823,-7.5549039658512935,25.206673625930033,-6.155782337025631,16.025542167665403,-8.710898012915536,17.24479294416219,-9.645216052251884
290000000.0,22.82097021424839,-7.573420517331476,25.189066980868628,-6.167450339149774,16.004465088264077,-8.713532398528,17.21963736096532,-9.648966878707682
291000000.0,22.80253878238536,-7.591873550963056,25.173642797955406,-6.184252219873794,15.974872017543298,-8.717800671684742,17.184706393719154,-9.65605251130573
292000000.0,22.784081326138953,-7.610263067475107,25.16275265254717,-6.208000907322952,15.952143612938835,-8.720455627835005,17.156542507744938,-9.661342245717895
293000000.0,22.76559811686744,-7.628589068917373,25.135831973846297,-6.222536894904027,15.9211803483316,-8.726051055531194,17.120029704989495,-9.668528129634755
294000000.0,22.747089425365523,-7.64685155865352,25.11980129270229,-6.238433259174918,15.904109029259946,-8.725850907664523,17.098540434774304,-9.668973110845346
295000000.0,22.728555521857803,-7.66505054135436,25.109122341340576,-6.2518253284486285,15.875135952101573,-8.729699222595327,17.064856360764967,-9.675867480762594
296000000.0,22.70999667599235,-7.683186022991053,25.08814495876467,-6.273564963776293,15.84845735612468,-8.735376415667085,17.032494162688916,-9.683605867405301
297000000.0,22.69141315683429,-7.701258010828264,25.072859794915153,-6.29170434319561,15.822878376731689,-8.743212149292425,17.00227906514233,-9.694130261440746
298000000.0,22.67280523285948,-7.719266513417322,25.053591550370257,-6.307946869477077,15.802344871221722,-8.74209787346794,16.97668037723677,-9.693543425830846
299000000.0,22.65417317194827,-7.737211540589333,25.037234977380052,-6.317222648428693,15.779778577121101,-8.745863343884357,16.950354416332893,-9.69867200241996
300000000.0,22.63551724137931,-7.755093103448276,25.010658211919374,-6.333206629993009,15.75028916412306,-8.743074947801826,16.914353793695373,-9.69636116185576
301000000.0,22.616837707823443,-7.772911214364081,25.00487878220411,-6.348004724110476,15.724507047863636,-8.750703282584332,16.884664975605943,-9.70761548509857
302000000.0,22.598134837337664,-7.790665886965678,24.975015694060943,-6.3688953541555176,15.70158413696204,-8.75376628903539,16.855941586382812,-9.710824467917032
303000000.0,22.57940889535913,-7.808357136134023,24.96843516085249,-6.382747591359833,15.676997818569735,-8.759439924763592,16.82742858057612,-9.719601671021726
304000000.0,22.560660146699266,-7.825984977995108,24.951716720316867,-6.394245284940395,15.648471233083297,-8.75640087713697,16.793413653591536,-9.71781934631518
305000000.0,22.541888855537927,-7.843549429912954,24.94370561554831,-6.411829236264218,15.630412708392747,-8.76140069786615,16.771584453448185,-9.725047370474869
306000000.0,22.52309528541762,-7.86105051048256,24.921212146255556,-6.4309630808156175,15.603921717495169,-8.765180355333996,16.739488426167348,-9.730206767333408
307000000.0,22.504279699237824,-7.878488239522874,24.898912547981055,-6.447502765030222,15.578572577614217,-8.764189771238488,16.708449744875765,-9.729833891181139
308000000.0,22.48544235924933,-7.895862638069705,24.887398831826626,-6.46831647040526,15.558507852714882,-8.769832457624458,16.68394970861226,-9.737672831526945
309000000.0,22.466583527048698,-7.913173728368641,24.864385435498615,-6.482805813644557,15.527960530436525,-8.770191628395446,16.64749593449985,-9.739186032929972
310000000.0,22.44770346357277,-7.93042153386794,24.85035687857604,-6.4959639456914235,15.503258762113392,-8.77262063082222,16.618276420550103,-9.743342953602067
311000000.0,22.428802429093214,-7.947606079211415,24.830407786669642,-6.517226158161224,15.48343890972826,-8.774641433669688,16.593295927741337,-9.746109923695162
312000000.0,22.409880683211203,-7.96472739023128,24.815251851012658,-6.528548844754633,15.45677323629847,-8.778732069006534,16.5622420906816,-9.752105461960712
313000000.0,22.390938484852093,-7.981785493941008,24.79187013795019,-6.546351154841116,15.435837327786912,-8.780639343667186,16.536293222213313,-9.754319667302324
314000000.0,22.371976092260226,-7.998780418528158,24.777618268944384,-6.554614384910612,15.40970186026001,-8.78378232968329,16.50611393417793,-9.759169251628961
315000000.0,22.352993762993762,-8.015712193347193,24.76003267479091,-6.5776777657481755,15.386257932813795,-8.784444627089467,16.476849191325933,-9.7610946272516
316000000.0,22.3339917539196,-8.032580848912279,24.740459924712784,-6.5933175202292835,15.368549974887047,-8.787020988093953,16.454976207055886,-9.76404205466525
317000000.0,22.314970321208353,-8.049386416890068,24.72732412536011,-6.6050167572147265,15.341286838314188,-8.79110266195693,16.423282954585634,-9.770265807624257
318000000.0,22.295929720329404,-8.0661289300925,24.707554947279494,-6.615387681519146,15.320593221546234,-8.793228333520597,16.398633931861426,-9.772799779382868
319000000.0,22.27687020604602,-8.082808422469544,24.690746528739886,-6.641447031375277,15.297318916378247,-8.796914539226082,16.369584731392727,-9.77821585951179
320000000.0,22.25779203241053,-8.099424929101957,24.675148746226963,-6.648813779494279,15.277845061652082,-8.796257230920535,16.34650224315356,-9.777869722649807
321000000.0,22.23869545275959,-8.11597848619404,24.649595508876672,-6.676659977076834,15.256927996688404,-8.799873873761394,16.31958976828383,-9.782005646994627
322000000.0,22.219580719709473,-8.132469131066358,24.63765312397471,-6.676820483353993,15.225607342674227,-8.802197965135864,16.2845327308163,-9.78635358529297
323000000.0,22.20044808515149,-8.148896902148474,24.62189475968061,-6.689737188780459,15.206925291789043,-8.801988476596117,16.261757031122713,-9.786567655238615
324000000.0,22.181297800247403,-8.165261838971656,24.601138541913222,-6.710045551898615,15.185137180597062,-8.807054562034743,16.23505246766933,-9.792663148740566
325000000.0,22.162130115424972,-8.181563982161594,24.57996814115389,-6.721493986192767,15.15673557411817,-8.80908424126916,16.201640638113034,-9.795681645313353
326000000.0,22.142945280373517,-8.197803373431096,24.561171635462255,-6.743450325911335,15.137926044659524,-8.808217659561977,16.17756094270886,-9.795100267370103
327000000.0,22.123743544039574,-8.213980055572774,24.552087956253118,-6.744848166838973,15.114437339886946,-8.806988057007224,16.150839453920256,-9.79498572825513
328000000.0,22.104525154622614,-8.23009407245174,24.523258835178243,-6.76256192240965,15.092677914311961,-8.813973133605353,16.12440596938743,-9.802194146598408
329000000.0,22.085290359570806,-8.24614546899828,24.5069413724078,-6.7749399633048295,15.069450990699728,-8.821308089939258,16.097364498166208,-9.811155008058703
330000000.0,22.066039405576888,-8.262134291200532,24.486066683346696,-6.786049418226129,15.046990237387716,-8.820350933138702,16.070362580850315,-9.810213508205837
331000000.0,22.046772538574054,-8.27806058609716,24.465413163158974,-6.799462391799265,15.02205980171461,-8.81951043333414,16.0403693136387,-9.809730426606466
332000000.0,22.027490003731938,-8.293924401770004,24.450875861121776,-6.8124562037300445,15.002450135498439,-8.821824022078289,16.01687443197411,-9.812910734267273
333000000.0,22.008192045452653,-8.309725787336761,24.42864591992268,-6.827009038788669,14.980227832679107,-8.822563817480498,15.989900039190173,-9.813772791038758
334000000.0,21.988878907366896,-8.325464792943633,24.412998398447435,-6.838880213724073,14.957985488661553,-8.825368927054294,15.963604122820701,-9.817580204498325
335000000.0,21.969550832330107,-8.34114146975798,24.39326924705593,-6.846996141749423,14.940153049338909,-8.825787381507412,15.942304327983763,-9.817726087720082
336000000.0,21.950208062418728,-8.35675586996099,24.36965918581399,-6.860417805297572,14.91460237672629,-8.82936031982478,15.911975109616822,-9.821863114672416
337000000.0,21.93085083892645,-8.372308046740306,24.34829482378077,-6.870389198863627,14.892487953058438,-8.832696253757478,15.885916889303314,-9.825543707168821
338000000.0,21.911479402360634,-8.387798054282706,24.336019489313948,-6.884676996342533,14.869172494249367,-8.828204087852873,15.85758101449303,-9.82168895165471
339000000.0,21.89209399243868,-8.403225947766733,24.30517709105679,-6.892737559888534,14.852996371548796,-8.835392273843263,15.838465097024542,-9.828021112910356
340000000.0,21.872694848084546,-8.418591783355348,24.28987612624885,-6.909494914781264,14.829790284060293,-8.832638749114922,15.810069483465696,-9.82582661847382
341000000.0,21.853282207425266,-8.433895618188593,24.27392517345345,-6.915022514811969,14.809621474953575,-8.83730054130352,15.78696557480609,-9.831241107211062
342000000.0,21.833856307787613,-8.449137510376232,24.250300655610264,-6.925461849471093,14.783498481258803,-8.833403233479835,15.755656561983285,-9.826927190831247
343000000.0,21.8144173856947,-8.464317518990404,24.23061972093938,-6.9392048386665985,14.765363677015273,-8.838364495825019,15.73386474993128,-9.832309099159195
344000000.0,21.794965676862788,-8.479435704058284,24.213753906438896,-6.956739267768721,14.745638985092466,-8.841124942684564,15.709766547071833,-9.835776730943453
345000000.0,21.775501416198022,-8.49449212655474,24.187949305452467,-6.969124620271952,14.72266475066194,-8.84024607954382,15.682009865857314,-9.834349017546899
346000000.0,21.756024837793333,-8.50948684839499,24.168716922209935,-6.977881353008436,14.70027776131064,-8.840841134911319,15.655624458458957,-9.835115731801634
347000000.0,21.736536174925337,-8.524419932427275,24.15439535376959,-6.986473829726343,14.677942433697764,-8.84234636716662,15.629534355267891,-9.837410173136997
348000000.0,21.717035660051316,-8.539291442425512,24.132047857868724,-7.0006176423853494,14.659332201677673,-8.845924855496063,15.60698925208299,-9.840980014583627
349000000.0,21.697523524806268,-8.554101443081983,24.113135399155748,-7.007903407446797,14.639738884021005,-8.84686134988059,15.583938542875671,-9.841853570919403
350000000.0,21.678,-8.568850000000001,24.08950432807181,-7.02094527558682,14.618609235609533,-8.848734299925685,15.558513564418979,-9.843559345349874
351000000.0,21.658465315614293,-8.583537179686598,24.067197189022554,-7.032365300232055,14.59471620775067,-8.851025546355455,15.530244326949479,-9.846067221496453
352000000.0,21.638919700800123,-8.598163049545205,24.04235758941989,-7.043696376587606,14.574750555021408,-8.847048334796591,15.505774011942199,-9.840932452650883
353000000.0,21.61936338387495,-8.612727677868369,24.013619839698585,-7.053712043825178,14.552153317890037,-8.846104854251863,15.478667569916636,-9.838973491380974
354000000.0,21.599796592320047,-8.627231133830422,23.99988690979564,-7.055937513418946,14.537514043454125,-8.846158327995152,15.461782771457607,-9.838817700749262
355000000.0,21.58021955277789,-8.641673487480215,23.96633088468174,-7.060808000261514,14.50984468509822,-8.849747210012039,15.429817373149964,-9.841724314763598
356000000.0,21.560632491049653,-8.656054809733824,23.94414894651021,-7.072440617903968,14.490222191447067,-8.855467113851716,15.406634981155213,-9.847693060282612
357000000.0,21.54103563209269,-8.670375172367272,23.918566554472243,-7.086240907449724,14.471549165265099,-8.853468835175947,15.383543424951254,-9.844628662340003
358000000.0,21.521429200018115,-8.684634648009265,23.902609661369326,-7.085684234505711,14.448551639855149,-8.854811433561734,15.357651734827032,-9.84631691497328
359000000.0,21.501813418088453,-8.698833310133937,23.869506522987077,-7.095728403674913,14.428815970889222,-8.853372783243977,15.333637163520319,-9.843079502326452
360000000.0,21.482188508715296,-8.712971233053583,23.847367258093144,-7.097373023046226,14.409455814077095,-8.854422621804563,15.31141526404798,-9.843533225621686
361000000.0,21.462554693457097,-8.727048491911447,23.81882278490727,-7.094740879571014,14.388744005570356,-8.855344378150345,15.287959457022813,-9.843182675735042
362000000.0,21.44291219301692,-8.741065162674465,23.79448925570978,-7.100454676471067,14.364740236505599,-8.859144380978613,15.260295332486685,-9.846979677789745
363000000.0,21.42326122724034,-8.755021322126062,23.77231937654431,-7.0955188532710975,14.346908251732732,-8.860917265176191,15.240540097859052,-9.847950311938444
364000000.0,21.40360201511335,-8.768917047858942,23.746711413091013,-7.0959738823170175,14.322987833244587,-8.86186049475849,15.213249792461882,-9.848277032339805
365000000.0,21.38393477476032,-8.782752418267881,23.727768349648695,-7.087644013327809,14.304262807798015,-8.86164675760572,15.192758774608434,-9.847354808781397
366000000.0,21.364259723442036,-8.796527512542552,23.701689675066035,-7.091461523063971,14.282875822893827,-8.864394473953816,15.16810361227652,-9.849521706833366
367000000.0,21.34457707755379,-8.810242410660344,23.6809584779888,-7.081769253845013,14.262906228457474,-8.86085218611513,15.14603934072518,-9.844757960787648
368000000.0,21.3248870526235,-8.82389719337921,23.665193559196442,-7.069690921122046,14.244318657452146,-8.861446955724274,15.126230779604196,-9.844980650656318
369000000.0,21.305189863309913,-8.837491942230512,23.642688131387416,-7.065918117806848,14.221285530682287,-8.86027785997332,15.100273800653358,-9.843089794814935
370000000.0,21.285485723400864,-8.851026739511886,23.62952631268657,-7.071629627297511,14.202338501960314,-8.861369501910747,15.078320391269418,-9.844570428377803
371000000.0,21.26577484581154,-8.864501668280116,23.610244036850332,-7.071669610966412,14.184941157076254,-8.860885750802977,15.058425002882608,-9.843394482043362
372000000.0,21.246057442582877,-8.877916812344045,23.58285044946895,-7.063681005791128,14.165070988765756,-8.863054780641555,15.036624019849228,-9.844389960481003
373000000.0,21.226333724879954,-8.891272256257462,23.557375010041103,-7.062040883421925,14.143974554713925,-8.862950313581884,15.012650347159822,-9.843273517625775
374000000.0,21.20660390299043,-8.90456808531203,23.528441617547358,-7.05474940475392,14.12652319740385,-8.866562848195002,14.99358555247889,-9.845554010083557
375000000.0,21.186868186323093,-8.917804385530227,23.49843728368306,-7.039132114389972,14.101355198329516,-8.865321384718634,14.966291904625187,-9.84274210901658
376000000.0,21.1671267834064,-8.930981243658293,23.46992085547183,-7.022795777151314,14.082640710355838,-8.869362133533455,14.946790172332669,-9.84547544569395
377000000.0,21.147379901887117,-8.944098747159202,23.440443563520002,-6.999059743799229,14.062618911745922,-8.868434049932238,14.926151775663243,-9.842495693838346
378000000.0,21.127627748528955,-8.957156984205636,23.41712327097274,-6.966245979109878,14.040844625922599,-8.870197999197655,14.904826640882753,-9.843152424014132
379000000.0,21.107870529211333,-8.970156043672993,23.39491649177085,-6.939869331006213,14.019552247643816,-8.86878285735139,14.88313520540372,-9.840456128491438
380000000.0,21.08810844892812,-8.983096015132407,23.37248671088278,-6.905065513697323,13.997370336517267,-8.870438358749139,14.861558059539405,-9.841120852519417
381000000.0,21.06834171178646,-8.995976988843774,23.35634878091588,-6.865451076588013,13.975704793576789,-8.86919556205521,14.840924763878318,-9.839060928595943
382000000.0,21.048570521005654,-9.008799055748801,23.352467466385576,-6.819380192404148,13.9515642467908,-8.87220884033349,14.818733112583272,-9.8431777694841
383000000.0,21.02879507891608,-9.021562307464084,23.35965828762824,-6.773271338290897,13.928342495043847,-8.86480943553419,14.796859498630145,-9.836640077675082
384000000.0,21.009015586958157,-9.03426683627419,23.367987672566265,-6.728341995254774,13.906754723840558,-8.863600756785155,14.777210525190714,-9.83710968145147
385000000.0,20.989232245681382,-9.046912735124762,23.390648133633093,-6.692603907888149,13.882802628482318,-8.86172701251804,14.754077958904517,-9.838660322898631
386000000.0,20.969445254743377,-9.059500097615635,23.42151371889169,-6.643305904610857,13.86160197477329,-8.857578953671434,14.7353105683624,-9.838036294701093
387000000.0,20.94965481290903,-9.072029017993993,23.461141180431106,-6.599275541324837,13.840965448796252,-8.85705841432367,14.717003961575937,-9.842457210213226
388000000.0,20.929861118049654,-9.084499591147523,23.50675657425342,-6.578102957632813,13.822349674728839,-8.845393630561894,14.697769098632863,-9.834967921405855
389000000.0,20.910064367142198,-9.096911912597593,23.57390335946909,-6.56032545957702,13.80118158452928,-8.84366086035178,14.676332142082098,-9.841125965521556
390000000.0,20.890264756268493,-9.109266078492444,23.628116950255638,-6.546090048592147,13.780020467730228,-8.833281319186815,14.653607821334724,-9.83612389155351
391000000.0,20.870462480614606,-9.121562185600444,23.684701433337224,-6.568223912732189,13.765553470959622,-8.831635309852063,14.635597351092736,-9.84115420277212
392000000.0,20.850657734470158,-9.133800331303288,23.741854364232804,-6.591772746758645,13.745174626321829,-8.819848219692625,14.609928992562374,-9.83505876036992
393000000.0,20.830850711227733,-9.145980613589284,23.781443828604804,-6.625401215456392,13.728600589388236,-8.81767396668015,14.588153728301299,-9.83796595574538
394000000.0,20.81104160338233,-9.158103131046625,23.811729793515553,-6.6671111843904285,13.717533066502158,-8.815342063352245,14.571782282047169,-9.839432393117514
395000000.0,20.791230602530863,-9.170167982856702,23.833293483064306,-6.707020070402913,13.69969004564732,-8.813435381966757,14.547804531024664,-9.840975144453735
396000000.0,20.77141789937169,-9.182175268787415,23.848156165174814,-6.748022259660729,13.681090161314863,-8.80785141046553,14.522551635150727,-9.837704695408458
397000000.0,20.75160368370421,-9.194125089186532,23.85299462426442,-6.778652127838507,13.665839481127865,-8.805817935144175,14.502264258351955,-9.837156817492152
398000000.0,20.73178814442847,-9.206017544975044,23.858567592319442,-6.805516100498692,13.650971830708507,-8.80527100280262,14.48289343434292,-9.838287778144908
399000000.0,20.71197146954487,-9.217852737640577,23.861485810641074,-6.824881409128568,13.63331232316872,-8.79888957731012,14.460632629310096,-9.832593452153295
400000000.0,20.692153846153847,-9.22963076923077,23.87196530708323,-6.837690294339471,13.615782289565766,-8.799649897603226,14.439697664506966,-9.835655499808379
401000000.0,20.672335460455653,-9.241351742346739,23.8857936383318,-6.8643482262235604,13.599911453301921,-8.794328526045822,14.419011789343296,-9.832106586823128
402000000.0,20.652516497750167,-9.253015760136526,23.908926207594686,-6.879811030779746,13.58126553062526,-8.790766553167028,14.396420537115075,-9.831451709228526
403000000.0,20.632697142436722,-9.26462292628857,23.932313981632912,-6.907139967869363,13.564059769619725,-8.786363968319128,14.374337137107723,-9.829857064678311
404000000.0,20.61287757801401,-9.27617334502523,23.958748432086818,-6.937419289586371,13.549335824430813,-8.782676921457634,14.354911140346701,-9.829198245434611
405000000.0,20.593057987080005,-9.28766712109629,23.98628314110142,-6.996432813378487,13.534072468850773,-8.782194311612232,14.332485377061255,-9.832594606877738
406000000.0,20.573238551331936,-9.299104359772523,23.99701688310285,-7.051388420415514,13.521697764440594,-8.774549705323183,14.313177564065253,-9.826052299485434
407000000.0,20.55341945156631,-9.310485166839268,23.997738396926184,-7.118039742216796,13.504941940750195,-8.772417545337149,14.288077245774147,-9.82526840670694
408000000.0,20.53360086767896,-9.321809648590023,23.98767550435338,-7.1807541013134,13.493536386993126,-8.772995359013777,14.26950769314684,-9.826269369721953
409000000.0,20.513782978665134,-9.333077911820057,23.957077390613158,-7.248809902409143,13.480698345174043,-8.769547502186327,14.248413748990274,-9.821007698438615
410000000.0,20.49396596261966,-9.344290063820088,23.92007383338116,-7.301249329329764,13.461786220042688,-8.768047394049194,14.221846480761803,-9.817561781669465
411000000.0,20.47414999673709,-9.35544621236992,23.873540445112127,-7.3537547765047915,13.446639943189437,-8.77221997155601,14.199766290167608,-9.819539910077227
412000000.0,20.454335257311925,-9.366546465732162,23.813529755736603,-7.375940448056418,13.430250819293494,-8.769447948402851,14.17843105341142,-9.812148144787
413000000.0,20.43452191973889,-9.377590932645944,23.764869946612293,-7.402453390566381,13.414568579589817,-8.772559038652421,14.157967527301212,-9.812460218710166
414000000.0,20.414710158513206,-9.388579722320667,23.697376832243368,-7.410979377273198,13.398411229159107,-8.769876057506103,14.13802345589385,-9.804345207648396
415000000.0,20.394900147230928,-9.399512944429764,23.648937195852707,-7.4102750584202575,13.381523577053107,-8.77015178064091,14.118458446772104,-9.801195149468462
416000000.0,20.375092058589317,-9.41039070910451,23.60066441718279,-7.395000173043556,13.360873356639821,-8.771256342730362,14.09596663213744,-9.799025404889019
417000000.0,20.35528606438727,-9.421213126927846,23.5624931984191,-7.35615327491604,13.341896179671945,-8.771885149554011,14.077558953734698,-9.796849118831473
418000000.0,20.33548233552572,-9.43198030892822,23.540306799607475,-7.317236461125799,13.323328130944608,-8.770501428728027,14.059704498299842,-9.793799456580205
419000000.0,20.315681042008173,-9.442692366573462,23.54238339413884,-7.270842604370111,13.303367045049704,-8.766879074674758,14.041068577373728,-9.790363929937543
420000000.0,20.295882352941177,-9.453349411764707,23.577900678738768,-7.225123635713469,13.283074348511477,-8.760078653328298,14.022140716037756,-9.78630072236971
421000000.0,20.276086436534925,-9.46395155683029,23.62426313548999,-7.210386355437881,13.268693861665156,-8.75818444059247,14.007537163358318,-9.788752364759466
422000000.0,20.25629346010382,-9.47449891451973,23.690475611966356,-7.223651642408665,13.251460194741188,-8.750463521183278,13.987097433463418,-9.786669414297961
423000000.0,20.23650359006711,-9.484991597997695,23.75334482343366,-7.265157030720199,13.23263936517437,-8.742990876493842,13.962394175065668,-9.784827116527195
424000000.0,20.216716991949546,-9.495429720838011,23.791762643159345,-7.333513319546731,13.222851338168375,-8.735764014843687,13.945524151474732,-9.780907183777089
425000000.0,20.196933830382104,-9.505813397017707,23.80214476595417,-7.409828748509165,13.207496993192288,-8.732813849503875,13.921642012575923,-9.779790269887197
426000000.0,20.177154269102694,-9.516142740911068,23.7917693956861,-7.490426602144598,13.19352504548861,-8.731298094774877,13.8988967146647,-9.778532110038983
427000000.0,20.157378470956925,-9.526417867283723,23.758145283708384,-7.5601303573543674,13.181600435929493,-8.731883584382894,13.879292843189948,-9.77753279937037
428000000.0,20.137606597898937,-9.53663889128678,23.720214710773657,-7.6156325297862475,13.168513814459152,-8.72878202773984,13.859373771364352,-9.771909729116716
429000000.0,20.11783881099221,-9.54680592845094,23.681273471213384,-7.664756640722565,13.15454381708063,-8.725720991754287,13.83899303676365,-9.766238219705858
430000000.0,20.098075270410433,-9.556919094680694,23.63425087791301,-7.706333895822585,13.141357442637874,-8.729269128946363,13.820327891514035,-9.767287678573252
431000000.0,20.078316135438413,-9.56697850624851,23.57710583767608,-7.7411623036889905,13.125517464481522,-8.724417492696993,13.798763163432175,-9.75802393725212
432000000.0,20.05856156447303,-9.57698427978907,23.531879139936148,-7.7683460908152995,13.111014139258554,-8.728113665556577,13.779839523183794,-9.759295305070568
433000000.0,20.038811715024153,-9.586936532293512,23.478833057138107,-7.785549465888596,13.092849615462402,-8.726065944343175,13.757283625754825,-9.753459361000044
434000000.0,20.01906674371569,-9.596835381103727,23.4317393089034,-7.793102803807161,13.078846361510271,-8.72679903440572,13.740422484606585,-9.750984037731307
435000000.0,19.999326806286575,-9.606680943906658,23.389604375087842,-7.804436507484664,13.064927919470025,-8.72276698940378,13.723208963654228,-9.743577238452204
436000000.0,19.97959205759187,-9.616473338728651,23.338376156527264,-7.808713844963906,13.044567840772027,-8.723078133606665,13.699384444583824,-9.740513118238436
437000000.0,19.959862651603814,-9.626212683929811,23.294093288454306,-7.807119915318881,13.032383213084914,-8.725551210663742,13.685456133845086,-9.740061373796006
438000000.0,19.940138741412987,-9.635899098198415,23.247591920981613,-7.79864928981496,13.012136669819352,-8.721059989616013,13.662686993228762,-9.731823574780586
439000000.0,19.920420479229435,-9.645532700545315,23.212077913782203,-7.781282524718193,12.99451231376173,-8.72056511687058,13.643913512486073,-9.728803177782378
440000000.0,19.900708016383852,-9.655113610298422,23.17887452044669,-7.766881158532244,12.974151396669157,-8.722837613850404,13.6219532600258,-9.72925391406198
441000000.0,19.881001503328797,-9.664641947097143,23.152595378289124,-7.747565675908296,12.959945861463115,-8.717985574121693,13.607126898514833,-9.721928349786511
442000000.0,19.86130108963996,-9.674117830886946,23.136518897910754,-7.706400331144433,12.940643713927557,-8.713363727653142,13.588472527128738,-9.71569824534341
443000000.0,19.841606924017373,-9.683541381913853,23.14049510613426,-7.675223938398286,12.925086701992463,-8.712470655897352,13.573578493765943,-9.715297639237802
444000000.0,19.82191915428678,-9.692912720719043,23.157316434218018,-7.655425421906068,12.903835753835535,-8.708232822899168,13.551274100110062,-9.712534404794269
445000000.0,19.802237927400896,-9.702231968133425,23.18932100706731,-7.6447841721408105,12.887918724241437,-8.7018762213442,13.534282894859652,-9.708467902666907
446000000.0,19.782563389440803,-9.711499245272282,23.223947867343057,-7.651166009167834,12.869965001655332,-8.693387784491668,13.513518282340808,-9.702410164722863
447000000.0,19.762895685617323,-9.720714673529919,23.25815295593804,-7.689884668722069,12.85592335692189,-8.692215211622045,13.494850977806093,-9.704696622216565
448000000.0,19.743234960272417,-9.729878374574348,23.279356180794576,-7.731675027670999,12.841445067491604,-8.688107626945119,13.475232909450398,-9.702618941988717
449000000.0,19.72358135688063,-9.738990470342003,23.285934323012786,-7.788282667826373,12.82681559604716,-8.681410370342407,13.45406557102939,-9.696555783212274
450000000.0,19.70393501805054,-9.74805108303249,23.27351316559714,-7.852960789735359,12.811775084731789,-8.679351325656913,13.43182688173289,-9.694313860158502
451000000.0,19.684296085526263,-9.757060335103352,23.24467707216171,-7.908896005759179,12.80087511201115,-8.673773721642725,13.414717878254976,-9.686579872291157
452000000.0,19.66466470018897,-9.766018349264877,23.21581389414216,-7.961963141532646,12.786002354160521,-8.671571154689135,13.393485333043307,-9.682782402564174
453000000.0,19.645041002058377,-9.77492524847492,23.17341219366531,-8.000473493088004,12.772151582828684,-8.670650973059278,13.37447664931394,-9.679199485387196
454000000.0,19.625425130294374,-9.78378115593378,23.129358904069818,-8.035238690940384,12.756335218164294,-8.668949263244187,13.353512739465978,-9.674641541642387
455000000.0,19.605817223198592,-9.792586195079084,23.087373828136656,-8.066517437516346,12.742982802736508,-8.669600794040093,13.33570649505061,-9.672788978340286
456000000.0,19.586217418215995,-9.801340489580705,23.034220120139377,-8.082139334351773,12.72677227392381,-8.666784270044008,13.31568371050096,-9.666091363602412
457000000.0,19.566625851936543,-9.810044163335714,22.99768571366298,-8.106745553783798,12.711282220624042,-8.664066356655526,13.295955512375118,-9.660882331017213
458000000.0,19.54704266009683,-9.818697340463354,22.950014034051726,-8.119820341124552,12.695164879837629,-8.66466397119901,13.276418942486796,-9.658436000300032
459000000.0,19.52746797758181,-9.827300145300072,22.900267094167738,-8.132874482542046,12.679625148535012,-8.662018627487017,13.257413303712422,-9.652165896642595
460000000.0,19.50790193842645,-9.835852702394526,22.872998371903577,-8.1404463459298,12.661949396458615,-8.660375938967873,13.236714366823753,-9.64878926291391
461000000.0,19.488344675817522,-9.844355136502681,22.832851316602365,-8.143455876083099,12.64812562624426,-8.657840320478902,13.220538845816773,-9.643236596239657
462000000.0,19.46879632209529,-9.852807572582893,22.802177797478127,-8.154234164979417,12.635135778879333,-8.656683175838948,13.204845613830768,-9.640028957079451
463000000.0,19.449257008755353,-9.861210135791042,22.767067345346106,-8.165414467017547,12.616283528353057,-8.651858562609613,13.182380539019153,-9.63255297727383
464000000.0,19.429726866450395,-9.869562951475693,22.736123999792962,-8.181211978833275,12.6055685204327,-8.65088802637066,13.16886611673875,-9.62952113953753
465000000.0,19.410206024992036,-9.87786614517328,22.691721913362464,-8.192416290503067,12.588402472041244,-8.65028568684073,13.148341064250907,-9.626017063310561
466000000.0,19.39069461335264,-9.88611984260333,22.65130103669668,-8.208983632724319,12.572916535721559,-8.646174104563055,13.129225058041335,-9.618895007979601
467000000.0,19.371192759667217,-9.8943241696637,22.611223107557535,-8.223475411129415,12.557005442443272,-8.643753341438389,13.10985773190288,-9.613691393035715
468000000.0,19.35170059123527,-9.902479252425868,22.565031066006284,-8.22821513851708,12.540583491163732,-8.644065066389834,13.090696959444744,-9.610990037372881
469000000.0,19.332218234522742,-9.910585217130237,22.523767231043784,-8.228701554725374,12.52435781656784,-8.640975261539433,13.072037542476384,-9.604809858348371
470000000.0,19.312745815163876,-9.91864219018146,22.47964391581588,-8.222801345599768,12.511597726944409,-8.640106298324321,13.057795254692822,-9.600719728488736
471000000.0,19.293283457963224,-9.926650298143825,22.43540785010522,-8.22265265719499,12.496174688349305,-8.637176382605366,13.040065630963845,-9.594464762751182
472000000.0,19.273831286897575,-9.934609667736648,22.403702315385107,-8.215858695819536,12.480333987215008,-8.635012518388493,13.022547907355595,-9.589979226534144
473000000.0,19.254389425117935,-9.942520425829692,22.36391603702038,-8.213493923830312,12.461430963943323,-8.633468739957719,13.001199900452837,-9.585714316739955
474000000.0,19.234957994951557,-9.950382699438627,22.3349634579443,-8.20972981495194,12.444774955121394,-8.631821393901227,12.982592315879838,-9.58208495630619
475000000.0,19.215537117903928,-9.958196615720524,22.30382855288192,-8.210385612284885,12.43054878646521,-8.628330472994515,12.966283748400038,-9.576197612029722
476000000.0,19.19612691466083,-9.965962301969364,22.269858241234413,-8.210137149365675,12.416010393101898,-8.623846444262924,12.949637740322022,-9.56898589415728
477000000.0,19.176727505090383,-9.973679885611592,22.239550652294366,-8.219329675327382,12.399365191110544,-8.623505158987985,12.930088369270836,-9.566857849163686
478000000.0,19.15733900824514,-9.981349494201678,22.199118522331187,-8.224972257227854,12.385183614113613,-8.62339255593623,12.913470585004184,-9.564093123360763
479000000.0,19.137961542364142,-9.988971255417747,22.161237166380612,-8.225372195249165,12.371204104616654,-8.61788149212086,12.897339201587805,-9.555434257925153
480000000.0,19.118595224875065,-9.996545297057189,22.115660104380193,-8.226235732287687,12.355176599657643,-8.616974203370242,12.878955655341214,-9.551402240964007
481000000.0,19.099240172396343,-10.004071747032343,22.068305197745975,-8.22885324488498,12.33901680609662,-8.613545467396907,12.860195407904444,-9.544445903696563
482000000.0,19.07989650073928,-10.01155073336619,22.01798546596309,-8.220094591032094,12.323703930461019,-8.61095367093889,12.843253103808982,-9.538051922438843
483000000.0,19.06056432491023,-10.018982384188062,21.97119673863945,-8.209955428568662,12.308504175958232,-8.610601257401141,12.826659951500725,-9.534411900747262
484000000.0,19.0412437591128,-10.02636682772942,21.93018728115081,-8.202281607750239,12.290273012125526,-8.609912205394673,12.806553555942344,-9.530970362421744
485000000.0,19.021934916749974,-10.033704192319625,21.876782197261797,-8.191953947933595,12.273677114683764,-8.605857640359323,12.78823819819794,-9.522746779209337
486000000.0,19.002637910426387,-10.040994606381748,21.832542893636287,-8.171656910289391,12.25567074332658,-8.602692353527141,12.769248621482264,-9.516167758437776
487000000.0,18.983352851950507,-10.048238198428425,21.78112717786951,-8.160099646631718,12.243434794854686,-8.602710510186899,12.756059113012789,-9.512483889411328
488000000.0,18.9640798523369,-10.055435097057726,21.734982387749273,-8.13215157770001,12.227287344839484,-8.601841205291302,12.739805304344728,-9.508184642821888
489000000.0,18.94481902180845,-10.062585430949047,21.68926662131462,-8.106138832971832,12.207671773321731,-8.598004706390002,12.719446774636861,-9.500762943256873
490000000.0,18.925570469798657,-10.06968932885906,21.643057146926964,-8.084379152495758,12.19052453014857,-8.595728662035574,12.701568144537436,-9.49500601135961
491000000.0,18.906334304953894,-10.07674691961766,21.598341725187957,-8.055249517188113,12.177024027795936,-8.593162248689804,12.68833384491441,-9.488842516759364
492000000.0,18.887110635135727,-10.083758332123965,21.552788384018125,-8.022035623504275,12.157540422212044,-8.593108278365477,12.668843901959614,-9.485601116171866
493000000.0,18.867899567423187,-10.09072369534233,21.507573198519133,-7.989221498174145,12.141919644024705,-8.591460625961933,12.6535821068786,-9.480481957184908
494000000.0,18.84870120811513,-10.097643138298393,21.460966919792387,-7.94971534486679,12.124155319578676,-8.586589533127105,12.636326101591477,-9.471692027486005
495000000.0,18.82951566273256,-10.104516790075168,21.417190739071494,-7.902071285789767,12.105502685434397,-8.586184468680393,12.618922967334527,-9.468074408746935
496000000.0,18.810343036020956,-10.111344779809135,21.378369769048366,-7.847567423698054,12.088865798189534,-8.582155814730545,12.604216472624348,-9.460685107895912
497000000.0,18.79118343195266,-10.11812723668639,21.34037274417266,-7.7899461539160955,12.069156475656406,-8.581146781120822,12.586467596981713,-9.456849705545306
498000000.0,18.772036953729245,-10.124864289938806,21.30669071747508,-7.728325878275032,12.04996563532927,-8.578808246769746,12.569602509137008,-9.451848028915292
499000000.0,18.752903703783893,-10.131556068840233,21.277157958071616,-7.6596285087869065,12.033825797338205,-8.576122182570348,12.556726285603487,-9.446636862890587
500000000.0,18.733783783783785,-10.138202702702703,21.254377754290168,-7.579526213745747,12.014636611265928,-8.572597946333799,12.541361770574445,-9.441111414856486
501000000.0,18.71467729463253,-10.14480432087271,21.242358315361717,-7.49495495543802,11.994819741915814,-8.570356977767142,12.525772680528561,-9.437925931880732
502000000.0,18.695584336472578,-10.151361052727475,21.23906546100676,-7.412795762105642,11.972540551392836,-8.564168091097704,12.507094178812311,-9.431196514764974
503000000.0,18.67650500868765,-10.157873027671267,21.249642967991456,-7.320489274148832,11.953814651477321,-8.559067686734203,12.493283669866091,-9.426629507983556
504000000.0,18.657439409905166,-10.164340375131717,21.27383620618693,-7.217795773736342,11.933447376727026,-8.554569657610784,12.478483128597553,-9.423916818637267
505000000.0,18.638387637998726,-10.170763224556222,21.317032203144368,-7.120215529780892,11.915345676155793,-8.547810422812343,12.465710440362619,-9.4201502190331
506000000.0,18.61934979009056,-10.177141705408317,21.37966062643823,-7.022915183464566,11.895576678598697,-8.537309906583094,12.450803773313263,-9.413818959365402
507000000.0,18.600325962553995,-10.183475947164109,21.469365565928754,-6.937857112300401,11.87618582469345,-8.53185165299043,12.435491534242502,-9.415318117844961
508000000.0,18.581316251015956,-10.189766079308724,21.577510985789758,-6.872447258772809,11.857398890431563,-8.519952810688654,12.418894272201792,-9.41090870482061
509000000.0,18.56232075035944,-10.196012231332794,21.69974459348278,-6.8362267585311525,11.84399751528166,-8.509100717868517,12.406071442335518,-9.408424993012959
510000000.0,18.54333955472604,-10.20221453272897,21.833941139867697,-6.831378137923077,11.828028199942699,-8.499863163269868,12.387921514152907,-9.40860601602348
511000000.0,18.524372757518428,-10.208373112988452,21.942097365172113,-6.84869565058769,11.812426817634464,-8.490119707682114,12.36849761924438,-9.406052622077715
512000000.0,18.505420451402923,-10.214488101597567,22.04953321436239,-6.894087369496412,11.805196662989124,-8.478499438792324,12.356504262132022,-9.400826446960583
513000000.0,18.486482728311973,-10.220559628034346,22.1311139070585,-6.946757628069129,11.795567193495428,-8.472311019429696,12.341529294413805,-9.399875915844204
514000000.0,18.46755967944672,-10.226587821765163,22.189750265658613,-6.998042253230628,11.782782385724843,-8.467565102136888,12.323183210324293,-9.398948549085343
515000000.0,18.44865139527955,-10.232572812241385,22.24615043082322,-7.042496056181584,11.767439253548053,-8.461096063917795,12.302403830600062,-9.395917811338462
516000000.0,18.429757965556632,-10.238514728896034,22.295544145307396,-7.089416298048337,11.754487727515249,-8.453557792381645,12.284198762282568,-9.3910461247122
517000000.0,18.410879479300505,-10.244413701140516,22.357694487893458,-7.134930870936111,11.74549337190925,-8.447597526490979,12.270674008257425,-9.388706527915396
518000000.0,18.392016024812612,-10.250269858361333,22.42261459050774,-7.188385307210391,11.730911819481568,-8.439066070338445,12.25022176201683,-9.383695986035722
519000000.0,18.373167689675924,-10.256083329916864,22.488384384315538,-7.257796105043253,11.72071966471759,-8.43498168873354,12.233845839700699,-9.383627566109018
520000000.0,18.354334560757497,-10.261854245134142,22.54434222628862,-7.342559154496001,11.712142252089528,-8.425627140053047,12.218254687981734,-9.376805675468074
521000000.0,18.335516724211068,-10.267582733305668,22.586659834673828,-7.451490156686311,11.702553059370217,-8.422425703540796,12.200122315506256,-9.376067731335226
522000000.0,18.316714265479668,-10.273268923686269,22.606556654289054,-7.559975348702139,11.692309020422078,-8.41881236807441,12.181366728621478,-9.373395743975486
523000000.0,18.297927269298217,-10.278912945489953,22.597903060630724,-7.677979202461928,11.682432469731628,-8.413211629863921,12.162448192305728,-9.36663093755608
524000000.0,18.279155819696143,-10.284514927886827,22.5757839038618,-7.781671577433844,11.671246738585175,-8.412299072145373,12.143088393045709,-9.364367457632373
525000000.0,18.2604,-10.290075,22.528435915418104,-7.868190277099152,11.661535731375187,-8.40592684299439,12.126442198150217,-9.354292998085448
526000000.0,18.241659892836086,-10.295593290902545,22.475058562744884,-7.933202662827784,11.651135142065053,-8.406382961463516,12.110481360204805,-9.351566225697578
527000000.0,18.22293558013309,-10.301069929614485,22.42626448624894,-7.982022439305963,11.64113270219706,-8.406681336746017,12.096022578938221,-9.348935950790706
528000000.0,18.204227143124726,-10.306505045099795,22.383480765714427,-8.024407677672041,11.62803530602402,-8.40223047699995,12.078449189033424,-9.341364707324823
529000000.0,18.185534662352353,-10.311898766263424,22.341743148169346,-8.052009493304578,11.614226751510117,-8.39748228557292,12.061032828464489,-9.333508282290193
530000000.0,18.16685821766766,-10.317251221948371,22.309093206173284,-8.072320460353325,11.603007546420093,-8.399224625366587,12.047104586910793,-9.333511601262105
531000000.0,18.148197888235284,-10.322562540932765,22.29235262421396,-8.099985185446814,11.591275312543717,-8.397411062784482,12.032138893981827,-9.330555708860919
532000000.0,18.129553752535497,-10.327832851926978,22.266610383514276,-8.137780451268432,11.578219047392675,-8.394273885706363,12.015004536116338,-9.325578822659354
533000000.0,18.11092588836684,-10.33306228357075,22.260581428595227,-8.16250911817386,11.565952753130587,-8.39108613389495,11.999664919149328,-9.321758484972266
534000000.0,18.09231437284882,-10.338250964430387,22.236481529150957,-8.201646946493751,11.55503459054219,-8.384666501852735,11.984853746541607,-9.313187026905728
535000000.0,18.073719282424555,-10.34339902299591,22.22447771612854,-8.232299431650883,11.540943795301049,-8.38360985056278,11.967111254100883,-9.311420838007834
536000000.0,18.055140692863464,-10.348506587678308,22.206739041370696,-8.268198390988388,11.528958745356116,-8.382587351598252,11.951398342660253,-9.309329930761969
537000000.0,18.036578679263947,-10.353573786806768,22.18986856612494,-8.319855537057867,11.516961269816408,-8.380544378241728,11.93468915375815,-9.306204436464363
538000000.0,18.018033316056062,-10.358600748625943,22.170793431622837,-8.354821638335611,11.506334949237758,-8.372970027489494,11.920537987260783,-9.296666667368761
539000000.0,17.999504677004204,-10.363587601293236,22.15690059045588,-8.41157249610387,11.495008157041317,-8.371371948702713,11.904315765295115,-9.294257886143109
540000000.0,17.980992835209825,-10.368534472876151,22.137624581374908,-8.461081912614308,11.484679604898197,-8.369311788287092,11.88965897838511,-9.290969486084789
541000000.0,17.962497863114088,-10.373441491349604,22.099221374748968,-8.518376802233776,11.47262401453803,-8.367646580031536,11.872520054767916,-9.286991530540309
542000000.0,17.944019832500597,-10.37830878459332,22.06566813334491,-8.573563503073881,11.461533207030657,-8.362565103854546,11.856611476060387,-9.279492233557013
543000000.0,17.925558814498075,-10.383136480389222,22.01863265001902,-8.622611720405036,11.449155934199274,-8.361366655570288,11.83960666128701,-9.275503099699662
544000000.0,17.90711487958307,-10.387924706418843,21.970623437870675,-8.673620912495139,11.438605802280454,-8.362435673832522,11.824532823730966,-9.274005488049765
545000000.0,17.88868809758267,-10.392673590260795,21.918411221891585,-8.719656690823196,11.426431818331679,-8.356947567285573,11.807908059072627,-9.26492108377245
546000000.0,17.870278537677194,-10.397383259388214,21.855209955199694,-8.754288159766451,11.41239734715254,-8.358837494378694,11.789875482304847,-9.2633570328763
547000000.0,17.85188626840292,-10.402053841166282,21.79156494474496,-8.792078598794305,11.40307423969098,-8.355998103001307,11.776881092864143,-9.25650140107639
548000000.0,17.83351135765478,-10.406685462849738,21.729199408125453,-8.819499411179077,11.390841254591596,-8.353441195258938,11.761283392555958,-9.250000834534625
549000000.0,17.815153872689066,-10.411278251580423,21.659520528027645,-8.844881501599081,11.38000559390105,-8.355759143384507,11.747335792403993,-9.248465563212374
550000000.0,17.796813880126184,-10.415832334384858,21.593832664355638,-8.854488084380131,11.365955121371774,-8.351995966548941,11.730779635887608,-9.240326922848466
551000000.0,17.77849144595332,-10.420347838171827,21.533192020358705,-8.87412913487384,11.353493818193314,-8.351406273815389,11.715417926441669,-9.236088930620435
552000000.0,17.76018663552719,-10.424824889730013,21.46976655744778,-8.88336488804427,11.345091377241225,-8.348746351946433,11.705174255922847,-9.229296029398732
553000000.0,17.741899513576747,-10.429263615725633,21.409663551752004,-8.888616344214514,11.328727840971958,-8.34822511481234,11.68636990044944,-9.22509492232223
554000000.0,17.723630144205913,-10.43366414270011,21.350026292374377,-8.890280721115166,11.31640749888921,-8.348687780028198,11.6722852171082,-9.221970122313813
555000000.0,17.705378590896274,-10.438026597067763,21.288056844916067,-8.886339330447989,11.303015593982492,-8.346964556625052,11.657333327624627,-9.216243901016671
556000000.0,17.68714491650983,-10.442351105113522,21.231447549768873,-8.88418611606712,11.291923189284407,-8.346327198363154,11.644865049852354,-9.212051609341259
557000000.0,17.668929183291702,-10.446637792990682,21.17347865514743,-8.87544502427716,11.279714944027846,-8.345186857915325,11.631558764268592,-9.207177712784132
558000000.0,17.65073145287285,-10.450886786718646,21.113103308897387,-8.868248592728225,11.266248583766956,-8.34393405729946,11.61674913972155,-9.202048591496725
559000000.0,17.63255178627282,-10.455098212180724,21.063197389639797,-8.851962256358593,11.257164262530306,-8.344677566382042,11.607449332507116,-9.199683674840921
560000000.0,17.614390243902438,-10.459272195121951,21.00905352576785,-8.843057148008924,11.24196717246296,-8.34133890215174,11.590866739886096,-9.19263611784524
561000000.0,17.59624688556655,-10.463408861146906,20.95920173719023,-8.827988723959004,11.226488752596689,-8.340504992172692,11.574414263523428,-9.188590356045777
562000000.0,17.57812177046674,-10.467508335717582,20.905814310945853,-8.805338178029274,11.215033841610985,-8.339199973175445,11.562864600435098,-9.183716274552745
563000000.0,17.560014957204054,-10.47157074415126,20.86109706684106,-8.779001663337148,11.19981239533973,-8.337321941408266,11.547442929549907,-9.178763814409972
564000000.0,17.541926503781728,-10.47559621161842,20.82187137435705,-8.759985801834471,11.186063103899931,-8.334867657194184,11.533227297060147,-9.173560472900057
565000000.0,17.523856467607896,-10.479584863140659,20.77425586028524,-8.731585314251422,11.174342730120207,-8.333737292320361,11.521807439036403,-9.169212935480259
566000000.0,17.505804905498323,-10.483536823588645,20.736033135867757,-8.707224618165444,11.160993726829824,-8.332958120625447,11.508406593704422,-9.16589346445757
567000000.0,17.487771873679122,-10.487452217680092,20.696738303700617,-8.67750628535383,11.147243844272444,-8.3284699048699,11.494857635113297,-9.158380848134087
568000000.0,17.46975742778948,-10.491331169977752,20.66508716644678,-8.642177064356774,11.133914663626653,-8.326719631394615,11.48221408827952,-9.154344662231878
569000000.0,17.451761622884362,-10.495173804887429,20.634184286055735,-8.61367999506332,11.122775508213097,-8.327410755644635,11.471599986664923,-9.153079906500352
570000000.0,17.43378451343723,-10.498980246656028,20.60712506034659,-8.580703541676293,11.109055990742203,-8.32370690837542,11.458389495856153,-9.147210744627102
571000000.0,17.415826153342785,-10.502750619369614,20.579780102434388,-8.548076771449274,11.095598344409836,-8.321208765947828,11.445462519933727,-9.142664696730604
572000000.0,17.397886595919644,-10.50648504695148,20.55945991328304,-8.513599072179735,11.082803430115533,-8.319318825594605,11.433437010843335,-9.139227308033814
573000000.0,17.37996589391308,-10.51018365316028,20.538499627098602,-8.480619758954212,11.071204366162656,-8.316341931527305,11.422622206297476,-9.134547992256818
574000000.0,17.362064099497726,-10.513846561588135,20.518904898618462,-8.446600091044832,11.055887106865326,-8.311374977392317,11.407737473450327,-9.127808230936733
575000000.0,17.344181264280273,-10.517473895658798,20.50638165078451,-8.416585417208577,11.04143766532162,-8.309773905333058,11.39364071900964,-9.12526184106429
576000000.0,17.326317439302194,-10.521065778625806,20.49060607660408,-8.378567833088725,11.030838543598902,-8.306815510267784,11.384278184984673,-9.120920421145495
577000000.0,17.308472675042438,-10.524622333570697,20.481412786137334,-8.347485960694083,11.014693094457343,-8.304803225495377,11.368373315201877,-9.118169882485743
578000000.0,17.290647021420142,-10.528143683401204,20.467640526820297,-8.31316704956239,11.00230937634476,-8.303551740189189,11.356828876492425,-9.11591183144706
579000000.0,17.272840527797335,-10.531629950849508,20.462008770576652,-8.279277502034303,10.987074793991601,-8.298551313339837,11.342069773438384,-9.110068916386377
580000000.0,17.255053242981603,-10.535081258470472,20.465863252459286,-8.2429169708524,10.97727169030586,-8.295031307305509,11.333542459113527,-9.106384651694603
581000000.0,17.237285215228844,-10.538497728639943,20.462309662701927,-8.209667573752103,10.96465132974691,-8.291652337862423,11.321658467353128,-9.102450668693303
582000000.0,17.219536492245908,-10.541879483553027,20.47000699792835,-8.181983244139735,10.949777942196729,-8.289381772167395,11.30696710090515,-9.10051904250971
583000000.0,17.20180712119332,-10.545226645222435,20.46890942236417,-8.15342645303067,10.939775107396207,-8.28246013032231,11.297630133390774,-9.092792978670897
584000000.0,17.184097148687933,-10.548539335476793,20.4820494195166,-8.11574851106489,10.926474293174666,-8.279047669056311,11.285288953244459,-9.089889804075534
585000000.0,17.166406620805674,-10.551817675959025,20.498189710945397,-8.086267069073362,10.911078251104943,-8.281445658567334,11.270178923258229,-9.09369655766405
586000000.0,17.148735583084154,-10.555061788124734,20.52001813738454,-8.06207322360144,10.901707432368019,-8.273488979940836,11.261279656636532,-9.086263453355993
587000000.0,17.131084080525397,-10.558271793240584,20.541977691512812,-8.041741701601733,10.889418754476102,-8.268412038118656,11.248920941981343,-9.082087162782551
588000000.0,17.1134521575985,-10.561447812382738,20.562371680842805,-8.029990491707048,10.879271417196431,-8.263384512938234,11.23839861292856,-9.077845473765816
589000000.0,17.095839858242293,-10.564589966435301,20.578842171426945,-8.018773406996946,10.865054881671771,-8.261131662088363,11.223332322258479,-9.07650010028217
590000000.0,17.078247225868036,-10.567698376088774,20.603661758038626,-8.017368273063651,10.852788486966988,-8.256614876007054,11.209806150486738,-9.073123443408216
591000000.0,17.060674303362042,-10.570773161838526,20.614883167352033,-8.011723124838136,10.845633937595906,-8.25010444404173,11.202191529260768,-9.066606308197208
592000000.0,17.043121133088388,-10.573814443983325,20.629522524317988,-8.003188420478372,10.835573657669492,-8.246840274721357,11.19155643105806,-9.063944816880957
593000000.0,17.025587756891532,-10.576822342623826,20.636370598840188,-7.998028496039444,10.821858852016065,-8.245352279092565,11.176646934808376,-9.062830867101306
594000000.0,17.008074216098983,-10.579796977661136,20.644483219559515,-7.980246493259492,10.81181120135803,-8.239634086567978,11.166541405471763,-9.057015452781624
595000000.0,16.990580551523948,-10.582738468795354,20.65920026082776,-7.96717484754902,10.801636982308146,-8.23795648312548,11.156053953737754,-9.056111367753827
596000000.0,16.97310680346799,-10.585646935524172,20.682550410301214,-7.952540073244081,10.788768549822274,-8.231284803690041,11.142592811201123,-9.050176529542899
597000000.0,16.955653011723648,-10.588522497141453,20.715360149175325,-7.9283830780886815,10.778523913659006,-8.228953384465745,11.132670000492467,-9.04961491508471
598000000.0,16.938219215577085,-10.591365272735853,20.746372961679214,-7.910487668646805,10.765785557072805,-8.224598768234788,11.119544056615165,-9.046701633031539
599000000.0,16.92080545381073,-10.594175381189467,20.782863114401884,-7.9059798003029735,10.755206905866647,-8.218875160371942,11.108006344465144,-9.042544211554137
600000000.0,16.90341176470588,-10.59695294117647,20.83369051902735,-7.9045812273888085,10.745246185259285,-8.212096970253278,11.096954205593795,-9.0380238588481
601000000.0,16.886038186045365,-10.599698071161805,20.88291903934558,-7.9095508768448495,10.736888117695631,-8.210973532342106,11.087358710427376,-9.039690711492108
602000000.0,16.86868475511612,-10.602410889399863,20.935306967159235,-7.929934255619594,10.725741790649735,-8.20577385229131,11.073705831718138,-9.036957500572441
603000000.0,16.851351508711833,-10.605091513933194,20.98091612414841,-7.95723231579502,10.71416423349477,-8.199237722032173,11.059177742952357,-9.0322928325139
604000000.0,16.83403848313555,-10.60774006259125,21.022939100643626,-8.002007104018016,10.705727435063157,-8.192448262580603,11.047188111786173,-9.027078523725928
605000000.0,16.81674571420227,-10.610356652989106,21.058794226111285,-8.039889436575809,10.70162715788108,-8.189721824372802,11.040493934987666,-9.026030206031264
606000000.0,16.79947323724155,-10.612941402526259,21.079637179420914,-8.092922198710344,10.690701157246423,-8.185068203079124,11.025325948758836,-9.021971477482325
607000000.0,16.782221087100105,-10.615494428385377,21.096467149293797,-8.142911847028792,10.683532212937397,-8.183732549817046,11.014569430654461,-9.021386491672624
608000000.0,16.764989298144393,-10.618015847531126,21.104674069470732,-8.19426653533658,10.674633688917531,-8.176246017160503,11.0018239579619,-9.01343750920503
609000000.0,16.747777904263188,-10.620505776708974,21.104318181989516,-8.232373711574734,10.665771091852859,-8.175398760034993,10.989880079184418,-9.01243845847922
610000000.0,16.730586938870204,-10.622964332444031,21.103384562246063,-8.269205606436307,10.655841513697844,-8.169362088561144,10.976831679618629,-9.005606286657004
611000000.0,16.7134164349066,-10.625391631039903,21.09881912715402,-8.310885138229283,10.648364441868777,-8.16822181004893,10.966264348568238,-9.00405036792095
612000000.0,16.696266424843614,-10.627787788577562,21.100217423312564,-8.33852257447715,10.635752145664982,-8.164124089743655,10.950753466696618,-8.999506498650042
613000000.0,16.6791369406851,-10.63015292091424,21.102549464326497,-8.370426027364733,10.629927886856322,-8.160707747116389,10.942598806944709,-8.995789383799933
614000000.0,16.66202801397008,-10.632487143682326,21.107018599216254,-8.404782901649808,10.61898610329887,-8.158081418928246,10.928608047779042,-8.993055837354806
615000000.0,16.644939675775287,-10.63479057228829,21.115326750531725,-8.436175661223258,10.613552454157087,-8.155539690391139,10.920938895548813,-8.990639951048509
616000000.0,16.62787195671776,-10.637063321911633,21.119173297136065,-8.481820731598289,10.602824073108625,-8.149973145305694,10.906616575062262,-8.984593399061701
617000000.0,16.61082488695734,-10.639305507503826,21.12389832171841,-8.53408695346466,10.595259972767987,-8.146668974137613,10.89547899650917,-8.98113854362035
618000000.0,16.59379849619921,-10.641517243787304,21.12466946251587,-8.588269300648408,10.588045727982712,-8.146339929972168,10.88462772551543,-8.980795381985791
619000000.0,16.576792813696443,-10.643698645254426,21.11384089254075,-8.654154185284888,10.579193080075413,-8.14099890658998,10.87136746955218,-8.974261116959696
620000000.0,16.559807868252513,-10.645849826166513,21.102084323503547,-8.713579762977732,10.570492597072839,-8.136846308274126,10.858634130350515,-8.969009966854184
621000000.0,16.542843688223826,-10.647970900552853,21.075354116955882,-8.7781133382286,10.564958910923776,-8.13701473027565,10.849112108453658,-8.967822765733445
622000000.0,16.525900301522206,-10.650061982209735,21.039616489029353,-8.835181111627564,10.557517773261837,-8.135278675977757,10.837867836369416,-8.964033090099012
623000000.0,16.50897773561743,-10.652123184699516,20.997089232405266,-8.895210908273432,10.549435406929836,-8.134057520550178,10.82574047893896,-8.960477598576583
624000000.0,16.49207601753971,-10.654154621349685,20.944232519609166,-8.947562415420705,10.542367744151097,-8.130327847378501,10.815139020054483,-8.95360817655513
625000000.0,16.475195173882184,-10.656156405251954,20.890836290656477,-8.989040129484428,10.5323816253977,-8.130309306385904,10.801834085817346,-8.950786377432516
626000000.0,16.45833523080342,-10.658128649261348,20.830477160555983,-9.023243533764939,10.525249609576733,-8.128908868572406,10.792059420873938,-8.946082279283996
627000000.0,16.441496214029886,-10.660071465995342,20.770932486635047,-9.056342801439836,10.51833018492855,-8.126438866304026,10.782579814508864,-8.94024446613611
628000000.0,16.424678148858412,-10.661984967832977,20.70169939989078,-9.07785035952936,10.50986831518657,-8.12531884284142,10.771949624797498,-8.935344383384162
629000000.0,16.407881060158687,-10.66386926691402,20.647352574345433,-9.093033977583495,10.498840053720334,-8.12411160451955,10.7588640909963,-8.931089991154796
630000000.0,16.391104972375693,-10.665724475138122,20.580702742229303,-9.105957409422265,10.490207513188832,-8.122559606334793,10.748498021884837,-8.925819501262906
631000000.0,16.374349909532167,-10.667550704163997,20.52247098541143,-9.113715836528456,10.481552168134025,-8.12264415651779,10.738393601653136,-8.92277854592565
632000000.0,16.35761589523107,-10.669348065408624,20.460403544269106,-9.114613172937991,10.47298237683808,-8.119682247984773,10.728750759279922,-8.916146362093894
633000000.0,16.340902952658,-10.671116670046448,20.40169218590525,-9.110710784225509,10.461056063998884,-8.117368435115548,10.715669165380975,-8.910363287587366
634000000.0,16.324211104583632,-10.672856629008605,20.346145359322595,-9.098055300243999,10.453093361727507,-8.117302510871186,10.707419939855193,-8.90721366014382
635000000.0,16.307540373366173,-10.67456805298217,20.289267715284414,-9.0903588840535,10.441087754966366,-8.115172987766107,10.694462412170184,-8.901713337103681
636000000.0,16.29089078095374,-10.6762510524094,20.242651424875618,-9.076634459590716,10.432598323660972,-8.115492401296084,10.685730425707568,-8.89945103080457
637000000.0,16.274262348886822,-10.67790573748701,20.19010444617797,-9.058758369089754,10.4215945679667,-8.110606563189457,10.674457300760157,-8.891110164273465
638000000.0,16.25765509830064,-10.679532218165441,20.14601583002758,-9.038523784230783,10.411704225824462,-8.11068845265355,10.664551438519977,-8.888686034664596
639000000.0,16.24106904992759,-10.681130604148183,20.096820557281596,-9.014392819491466,10.402744252926162,-8.10850449021779,10.655872148660382,-8.883481361667746
640000000.0,16.2245042240996,-10.682701004891062,20.053158694210243,-8.981412857419453,10.391222759301387,-8.106371441226669,10.644879605535843,-8.878585800463448
641000000.0,16.207960640750557,-10.684243529601577,20.01489590757606,-8.945501003637055,10.38155908054779,-8.106527990021597,10.63611233575842,-8.876498540146624
642000000.0,16.191438319418644,-10.68575828723824,19.981292512087798,-8.916938135080544,10.370284352377638,-8.103101156422815,10.62520835858707,-8.870750196070961
643000000.0,16.174937279248745,-10.687245386509918,19.952924182102173,-8.877055682226969,10.359461845012945,-8.100247981897562,10.615438045666346,-8.865880699156467
644000000.0,16.1584575389948,-10.688704935875215,19.93148745832489,-8.835299034772614,10.35050674663863,-8.097725832002894,10.607853466954637,-8.861756127165549
645000000.0,16.14199911702216,-10.690137043541846,19.917437283346874,-8.795556417495817,10.340707268021045,-8.095617546907073,10.599257539894422,-8.858503959435984
646000000.0,16.12556203130993,-10.691541817466021,19.90153102259383,-8.760453485530796,10.329151977167987,-8.093671048068218,10.588469587011389,-8.855352448265382
647000000.0,16.10914629945334,-10.692919365351873,19.904608356121916,-8.718391005600914,10.320764052859664,-8.089214754226212,10.58160638392433,-8.850458667663053
648000000.0,16.092751938666055,-10.694269794650866,19.910089241520797,-8.686200476668143,10.308007235898309,-8.082816137598185,10.569390745318245,-8.843588706796458
649000000.0,16.07637896578252,-10.695593212561223,19.917460279681993,-8.653137914643589,10.296725840822045,-8.0815834162926,10.558841881843978,-8.84251904138919
650000000.0,16.060027397260274,-10.696889726027397,19.930303413128126,-8.623816972629037,10.2890533346014,-8.077373384683224,10.552075069781557,-8.83847760863588
651000000.0,16.04369724918226,-10.6981594417395,19.949882616826077,-8.60592352390841,10.280351268925608,-8.072530710397329,10.543560688419973,-8.834127105553602
652000000.0,16.02738853725915,-10.69940246613281,19.967371937651592,-8.599475304706267,10.270072521566117,-8.068198373668714,10.53267715622677,-8.830244042519634
653000000.0,16.01110127683163,-10.700618905387222,19.995566112277732,-8.598139920586958,10.259084624290029,-8.065256480580226,10.520749622123825,-8.828469740948504
654000000.0,15.994835482872697,-10.701808865426777,20.01051455318332,-8.593067899400722,10.25004810248751,-8.061205883583916,10.511149420478526,-8.824748571536066
655000000.0,15.978591169989935,-10.702972451919154,20.024078741905146,-8.604523851630221,10.243943101613667,-8.0551838626263,10.503909023599645,-8.81880382965116
656000000.0,15.96236835242781,-10.704109770275204,20.041242109630158,-8.61683851021302,10.234223786389416,-8.051211480341388,10.492637018074246,-8.81529956108193
657000000.0,15.94616704406992,-10.705220925648483,20.035885923290962,-8.635330263558696,10.226520841536756,-8.047720762408751,10.483231693433147,-8.811148638934755
658000000.0,15.929987258441283,-10.706306022934807,20.038905151396612,-8.659653565842019,10.217473381514141,-8.04537196560543,10.472051633200532,-8.808704159403371
659000000.0,15.913829008710552,-10.707365166771794,20.036768054941806,-8.674816564767726,10.210410099925387,-8.0410370359152,10.463547835838074,-8.803785223245761
660000000.0,15.897692307692308,-10.708398461538462,20.027816865256913,-8.702177546481096,10.20112438848418,-8.037697695492238,10.451942724732902,-8.799622517935346
661000000.0,15.881577167849256,-10.7094060113548,20.004709627367152,-8.71478027260497,10.192445890911225,-8.034093569133265,10.441757658503274,-8.79440658733461
662000000.0,15.865483601294486,-10.710387920081358,19.988815606429647,-8.731364775599314,10.18297266786383,-8.030411034373236,10.430506382346232,-8.789486610064419
663000000.0,15.849411619793688,-10.711344291318879,19.96552013095617,-8.74484620997573,10.174315179336569,-8.027922362059607,10.42029928660305,-8.785498823216146
664000000.0,15.833361234767363,-10.712275228407899,19.945967992171866,-8.75077294522731,10.166168653372134,-8.02584336454962,10.41105539659445,-8.782145854365641
665000000.0,15.817332457293036,-10.713180834428384,19.91664716318159,-8.756302780353543,10.157023968981965,-8.021149160236837,10.400725331549577,-8.775400141532032
666000000.0,15.801325298107452,-10.714061212199374,19.894626408532318,-8.76167107381803,10.1503787016493,-8.017643468768572,10.39316912872682,-8.770357029671015
667000000.0,15.785339767608773,-10.714916464278645,19.8666798381617,-8.765648383334275,10.141516307242462,-8.01615019729916,10.383220415823098,-8.76721265719998
668000000.0,15.769375875858769,-10.715746692962368,19.840345673882076,-8.763800762145548,10.13155711101234,-8.012603432978507,10.372379704344795,-8.761873479544164
669000000.0,15.753433632584972,-10.716552000284782,19.818782365981363,-8.755671637493124,10.122535122418176,-8.011229803548623,10.362897984732374,-8.759166726856089
670000000.0,15.737513047182873,-10.717332488017894,19.79882802721349,-8.756180179624616,10.1145553874993,-8.008067200804497,10.354130029943132,-8.754598288141779
671000000.0,15.721614128718063,-10.718088257671171,19.765496217688455,-8.752377965472634,10.106085950308671,-8.004065806510342,10.34502057310854,-8.748405092911984
672000000.0,15.705736885928392,-10.718819410491259,19.752754829070444,-8.743874894541738,10.097236096439353,-8.000082587289535,10.335781645886499,-8.74328590506273
673000000.0,15.689881327226121,-10.719526047461686,19.731820560934217,-8.739482271522327,10.087404074539249,-7.9965783257497165,10.32522984993935,-8.738277331041202
674000000.0,15.674047460700049,-10.720208269302617,19.71207535314547,-8.725405298560608,10.078875441733814,-7.994310332954402,10.316610495464019,-8.73467722282366
675000000.0,15.658235294117647,-10.720866176470587,19.693554664943832,-8.71670087861226,10.068075490079888,-7.992395898020205,10.305216041341456,-8.731533552521656
676000000.0,15.64244483492718,-10.721499869158245,19.678695494515676,-8.705423306616941,10.059906253146721,-7.988816397311323,10.296864417753921,-8.726753239975979
677000000.0,15.626676090259814,-10.722109447294134,19.661824678569022,-8.701558367075274,10.051520504713523,-7.982581944364303,10.287899463143903,-8.71896324771994
678000000.0,15.610929066931737,-10.722695010542456,19.65177378828693,-8.692759884309192,10.044545161498883,-7.981627872782722,10.280733531940227,-8.717332089124554
679000000.0,15.595203771446236,-10.723256658302848,19.63641088719769,-8.683475612619599,10.035512235842486,-7.979684695129895,10.271321904885545,-8.714331504063233
680000000.0,15.5795002099958,-10.723794489710205,19.630459583356693,-8.67416036153965,10.026714247979545,-7.974474706255097,10.262200991723601,-8.708221428489898
681000000.0,15.563818388464195,-10.724308603634453,19.61192222024122,-8.668643239401275,10.018377572299089,-7.969151932613026,10.253369880255981,-8.701351578848076
682000000.0,15.548158312428543,-10.72479909868038,19.595598391027536,-8.67080649567884,10.008149770275091,-7.966174145348861,10.242060361771435,-8.697183951605217
683000000.0,15.532519987161379,-10.72526607318746,19.580067817673754,-8.664134215527548,10.000096529172213,-7.963565263346816,10.233596673267476,-8.693456241720178
684000000.0,15.516903417632712,-10.72570962522968,19.564548185900847,-8.657724747511182,9.989306361937924,-7.959984666348604,10.222112917872689,-8.68865105191654
685000000.0,15.501308608512081,-10.726129852615395,19.541423794148546,-8.650320716732194,9.981022185372789,-7.957723823511561,10.213419010153919,-8.68491906488956
686000000.0,15.485735564170577,-10.726526852887165,19.517364558311765,-8.6362854814725,9.972013977601039,-7.9523786383609325,10.204278055603096,-8.67773423772971
687000000.0,15.470184288682898,-10.726900723321645,19.4923808392476,-8.627959716807622,9.963407630290668,-7.951163528628199,10.19527165508861,-8.675058330700006
688000000.0,15.45465478582936,-10.72725156092943,19.472323215825188,-8.612658936453622,9.952631034226597,-7.94826622087669,10.184249902723128,-8.67076666544156
689000000.0,15.439147059097916,-10.72757946245495,19.453809972465066,-8.592236406925217,9.943844685962338,-7.943530092168679,10.175687405753578,-8.664532839478222
690000000.0,15.423661111686158,-10.727884524376357,19.43460206357618,-8.565654570723986,9.934622322428774,-7.9393736897420055,10.166956663291886,-8.658893790163546
691000000.0,15.40819694650334,-10.728166842905443,19.417342362642678,-8.54689623797195,9.925908857089915,-7.936589296728587,10.158385216999692,-8.65487978683899
692000000.0,15.392754566172341,-10.728426513987515,19.409325771518393,-8.516536345469609,9.917402891690095,-7.935252646632903,10.150642505375092,-8.652919413257509
693000000.0,15.377333973031666,-10.72866363330135,19.402974396263133,-8.484814636990022,9.906084791670963,-7.927884304652798,10.139889162783104,-8.644403574109958
694000000.0,15.361935169137412,-10.728878296259094,19.405979162168094,-8.460610786681174,9.897008075536275,-7.9249091043146915,10.13121325742327,-8.641216654824865
695000000.0,15.346558156265255,-10.729070598006217,19.40311981960983,-8.428486526999956,9.886430414710924,-7.923773528117195,10.121273291355461,-8.639750819035974
696000000.0,15.331202935912382,-10.729240633421455,19.408865156630558,-8.39935617878158,9.875396196550962,-7.916393081957344,10.110692225445561,-8.631850332049925
697000000.0,15.315869509299462,-10.72938849711675,19.420502857509145,-8.378662987736197,9.866106542716098,-7.913466524780082,10.101589492282978,-8.62916434747517
698000000.0,15.300557877372585,-10.729514283437235,19.445298128195574,-8.35736752402678,9.858170266322556,-7.906670046416891,10.094014845016245,-8.622879248358464
699000000.0,15.285268040805192,-10.729618086461183,19.463833432803963,-8.337872033818355,9.84890708340629,-7.905363541734344,10.084859916735176,-8.622323627540778
700000000.0,15.27,-10.7297,19.491433572442375,-8.32975922927647,9.837810460755104,-7.897299502749918,10.073123506051202,-8.61475702909261
701000000.0,15.254753755090935,-10.72976011759821,19.51334710503863,-8.32117885738404,9.830787478894042,-7.89365016797315,10.065884743706476,-8.611780365271285
702000000.0,15.23952930594503,-10.729798532533446,19.538943445304035,-8.324129048669864,9.82261288808362,-7.888723479566488,10.056802384840346,-8.607561494679736
703000000.0,15.224326652164326,-10.72981533781646,19.57017506808386,-8.32755766416246,9.813573028498377,-7.883306357510435,10.046741409630476,-8.603062954772835
704000000.0,15.209145793087774,-10.729810626191133,19.593165631586622,-8.341093211142734,9.804643244987991,-7.8785770792524055,10.036305887624204,-8.598900329465916
705000000.0,15.193986727793115,-10.729784490134495,19.61213635187232,-8.35939609056649,9.798430822972175,-7.875082819646636,10.028637237821018,-8.595907897122236
706000000.0,15.178849455098762,-10.729737021856753,19.63041429743199,-8.379817096222109,9.789544549670744,-7.8712248731319905,10.017922823652386,-8.592454457497944
707000000.0,15.163733973565666,-10.729668313301323,19.63982982402275,-8.41042749276724,9.780020345255519,-7.864173064709944,10.006046963269723,-8.58502959275516
708000000.0,15.148640281499178,-10.729578456144882,19.638552103075643,-8.430883979779711,9.773108027491578,-7.859310500384315,9.997542831612588,-8.579525915632324
709000000.0,15.133568376950903,-10.729467541797415,19.65130137221396,-8.455760086860726,9.766927781220648,-7.857439860522575,9.98961394804414,-8.578001092133729
710000000.0,15.11851825772055,-10.729335661402272,19.645043813668387,-8.48497592997025,9.759999971600198,-7.852222648324744,9.9806920623969,-8.571866154938046
711000000.0,15.10348992135776,-10.72918290583624,19.646800531775103,-8.503008567043619,9.751011834681842,-7.8499636761034095,9.97001233045825,-8.569360294775006
712000000.0,15.088483365163942,-10.72900936570961,19.642122908801714,-8.53066447888299,9.742801357987958,-7.8467528691017066,9.959747976110483,-8.565503738056327
713000000.0,15.07349858619408,-10.728815131366257,19.638784625481858,-8.55790440381805,9.735857671680177,-7.839758572953252,9.950944749350555,-8.557554030291104
714000000.0,15.058535581258576,-10.728600292883748,19.63694193445403,-8.57597794529706,9.727789361043667,-7.834919681563023,9.941322216746393,-8.552040054955636
715000000.0,15.043594346925016,-10.72836494007341,19.631659085669877,-8.595545752944926,9.721598986234572,-7.832801018616729,9.93367524800781,-8.5493810115998
716000000.0,15.028674879519993,-10.728109162480452,19.623988627903326,-8.626978732305746,9.711965266316378,-7.828259972452239,9.92171019044993,-8.5439094424192
717000000.0,15.013777175130889,-10.727833049384069,19.620483787874036,-8.652759626586395,9.703882731860238,-7.824977651129971,9.911714328829717,-8.540035204922122
718000000.0,14.998901229607647,-10.727536689797558,19.607498952708426,-8.688154807482292,9.697974242377112,-7.820069122066304,9.903686109551607,-8.533961424761145
719000000.0,14.984047038564553,-10.727220172468448,19.591382398317158,-8.716162076762572,9.691814926413697,-7.81632970789187,9.89571582255827,-8.529028622765686
720000000.0,14.96921459738199,-10.72688358587862,19.575143308209288,-8.753868560308144,9.682046592665825,-7.815169116420104,9.883301955887662,-8.526894734546447
721000000.0,14.954403901208211,-10.726527018244456,19.552871655901935,-8.786829109803572,9.67425598454734,-7.808078135915656,9.873357896555788,-8.51798954507285
722000000.0,14.939614944961061,-10.726150557516979,19.52454756777661,-8.821874793821419,9.6698127118117,-7.804155001860103,9.86695417948223,-8.51234165671437
723000000.0,14.924847723329734,-10.725754291381998,19.496380875860705,-8.85218547785042,9.659342704300203,-7.802851382360845,9.854118973775737,-8.509503197554732
724000000.0,14.910102230776511,-10.725338307260277,19.46283238945445,-8.88370232330008,9.650852923852584,-7.798263977897305,9.843442001898714,-8.502847009193081
725000000.0,14.895378461538462,-10.724902692307692,19.426622563532224,-8.91085040578011,9.644175039498053,-7.797299296664382,9.83490284872025,-8.500068220471292
726000000.0,14.880676409629173,-10.724447533415399,19.376450510333406,-8.933847698014858,9.63747650046069,-7.793085683325376,9.826548679921466,-8.493086613422696
727000000.0,14.865996068840454,-10.723972917210016,19.33351124496799,-8.95579308920084,9.629377105177253,-7.790660047133898,9.816693314772769,-8.48838216446847
728000000.0,14.85133743274404,-10.723478930053803,19.28485319172314,-8.958959421242904,9.620236869510409,-7.7871801957776485,9.806560127467035,-8.482215923912939
729000000.0,14.836700494693282,-10.722965658044862,19.244993526253836,-8.97161058396777,9.613188964398105,-7.785972226965003,9.798269640988925,-8.478987648569284
730000000.0,14.82208524782481,-10.722433187017304,19.195098874818953,-8.979585890962296,9.603043205292758,-7.7807336953320965,9.786832327962806,-8.470843020600087
731000000.0,14.807491685060246,-10.721881602541487,19.154188779234516,-8.97631988927612,9.594730700197974,-7.776184289434346,9.777926062487383,-8.463866580249874
732000000.0,14.792919799107837,-10.721310989924197,19.103666054922474,-8.975344791157825,9.587376541772352,-7.773375233764221,9.769918020214906,-8.458369209300429
733000000.0,14.778369582464135,-10.720721434208873,19.056876986911945,-8.971275951811505,9.57986582398885,-7.770614768613779,9.761887622762433,-8.453087301195248
734000000.0,14.763841027415637,-10.720113020175823,19.021902163723368,-8.96341095453193,9.570188814098938,-7.769558792768531,9.751674811962301,-8.450178560188771
735000000.0,14.749334126040427,-10.719485832342448,18.98118999233776,-8.947908789769741,9.563485973926854,-7.765762974453006,9.745081390279411,-8.444027867215766
736000000.0,14.73484887020983,-10.718839954963478,18.945266493605864,-8.936743127684037,9.554637981936848,-7.762256121442188,9.735953743470278,-8.438401916888141
737000000.0,14.72038525159001,-10.718175472031197,18.914128505833073,-8.913900494509859,9.546139630477809,-7.75955919258453,9.727752664535071,-8.433858901168012
738000000.0,14.705943261643618,-10.7174924672757,18.87897836609513,-8.903930855435883,9.536291879292293,-7.757758829106627,9.717465393389858,-8.430127621676803
739000000.0,14.691522891631381,-10.716791024165133,18.854682907227833,-8.88281713363207,9.528511711614772,-7.754498650849781,9.709993732390554,-8.42530220150894
740000000.0,14.677124132613724,-10.716071225905937,18.827429521056008,-8.869725804544021,9.521152396434735,-7.7500700402401455,9.702614348774683,-8.419088711361237
741000000.0,14.662746975452349,-10.715333155443128,18.80502706264012,-8.851682764967416,9.510574698739912,-7.748787979034353,9.691934113621459,-8.416495282497413
742000000.0,14.64839141081183,-10.71457689546054,18.78320120428437,-8.826290974691537,9.501458194930027,-7.743626833770032,9.683228175995222,-8.409695168888163
743000000.0,14.6340574291612,-10.713802528381102,18.76737916817006,-8.80720110350227,9.49307934754365,-7.740955317458778,9.675025209862712,-8.405914899170487
744000000.0,14.619745020775516,-10.71301013636712,18.752586959522052,-8.794274017570347,9.48501198930827,-7.736336353667823,9.666895466941265,-8.40007435918163
745000000.0,14.605454175737423,-10.712199801320542,18.734771986981748,-8.776114989569065,9.476480647809996,-7.73109897238075,9.658500969642095,-8.393405796344672
746000000.0,14.591184883938705,-10.71137160488325,18.7260098615331,-8.755379781605615,9.46677318278519,-7.730595077466927,9.648918365066448,-8.39231213809215
747000000.0,14.576937135081854,-10.71052562843735,18.709992341283083,-8.738648068448109,9.45896514775735,-7.726582378386055,9.641239769742237,-8.38707773856821
748000000.0,14.562710918681587,-10.709661953105465,18.701855661651564,-8.718755708676554,9.451087380366733,-7.722089101493051,9.633649031421431,-8.381679754805948
749000000.0,14.54850622406639,-10.708780659751039,18.695732532449636,-8.704951068146995,9.440646670479103,-7.717776498382094,9.622978108793365,-8.376563012588019
750000000.0,14.534323040380047,-10.707881828978623,18.68857966525578,-8.690472689139991,9.432122448160793,-7.715786000159464,9.614408768978675,-8.373950760742977
751000000.0,14.520161356583152,-10.706965541134212,18.68685058258027,-8.672626231628794,9.423818274041022,-7.709095666427513,9.606281125374894,-8.366453708116355
752000000.0,14.50602116145462,-10.706031876305538,18.6866961757006,-8.654154056484716,9.415671521688246,-7.707605186078073,9.598310548980274,-8.36471068670725
753000000.0,14.491902443593194,-10.705080914322394,18.68839512979191,-8.643196552761074,9.406668237355992,-7.702192556138578,9.589090948481608,-8.358771445327307
754000000.0,14.477805191418929,-10.704112734756963,18.69184181920203,-8.627601667446488,9.40003824735153,-7.699428799223509,9.582655145059057,-8.35582064310088
755000000.0,14.46372939317469,-10.703127416924128,18.70386842648616,-8.625208665310481,9.389910159289661,-7.695037467456559,9.571812592795183,-8.351467880146314
756000000.0,14.449675036927621,-10.702125039881832,18.707150848948928,-8.619421886674271,9.381574721981806,-7.69037901990801,9.56307610018229,-8.34643185824849
757000000.0,14.435642110570633,-10.701105682431384,18.717534149880937,-8.620047475279065,9.374865529926097,-7.685756170911611,9.555831854542328,-8.341776763988687
758000000.0,14.421630601823844,-10.70006942311782,18.725702707708642,-8.624079149432536,9.36612820643986,-7.683003368978004,9.546196737333283,-8.339045949831329
759000000.0,14.407640498236063,-10.699016340230244,18.736901058374794,-8.625521611786304,9.359703719410485,-7.676959449142569,9.539242593572917,-8.33286994474342
760000000.0,14.393671787186213,-10.697946511802172,18.74189131468455,-8.642427749581667,9.352859799041727,-7.673782164713539,9.53110163334101,-8.32955478708772
761000000.0,14.379724455884787,-10.696860015611891,18.74940241006071,-8.65322864308931,9.34512401332688,-7.671460927910773,9.522257171443373,-8.327270729879684
762000000.0,14.365798491375283,-10.695756929182808,18.747828300440904,-8.670223615681026,9.336210780607612,-7.664280279679601,9.511896300062007,-8.31925880749448
763000000.0,14.351893880535624,-10.69463732978383,18.751895584665107,-8.688300738432094,9.329816656072962,-7.661443534490887,9.504204478871044,-8.316273612464578
764000000.0,14.338010610079575,-10.693501294429709,18.74911860263233,-8.713079870934202,9.3205272593803,-7.658099206860174,9.493055899631788,-8.312402024241566
765000000.0,14.32414866655816,-10.692348899881422,18.740561004295085,-8.735361374372483,9.315578521114434,-7.6534339919971766,9.48677577603382,-8.30688086409939
766000000.0,14.310308036361068,-10.69118022264654,18.734010085636466,-8.762364658485753,9.308405518450764,-7.651056896963769,9.47783797045232,-8.30392881944842
767000000.0,14.29648870571804,-10.689995338979625,18.720653328833777,-8.780600699955226,9.300116923835903,-7.64729210620815,9.468081969008658,-8.299139200525392
768000000.0,14.282690660700261,-10.688794324882574,18.701921970121983,-8.79968508215434,9.29392727559875,-7.644339429771872,9.460566165115468,-8.295030120887288
769000000.0,14.26891388722175,-10.687577256105037,18.684499883611696,-8.82031168970839,9.285612783062142,-7.640842764095618,9.450675798123557,-8.290363250307529
770000000.0,14.255158371040723,-10.686344208144796,18.661603486593343,-8.842204292256012,9.279445410711354,-7.636959554213796,9.44307248802239,-8.285068774837876
771000000.0,14.241424097760966,-10.68509525624815,18.643746265892748,-8.858311461873063,9.27154814241337,-7.6352086339721446,9.43381783089038,-8.282291523719595
772000000.0,14.22771105283319,-10.683830475410318,18.62026220193265,-8.871227178339904,9.264216502574318,-7.631593120743779,9.42533636417939,-8.277240771779063
773000000.0,14.21401922155639,-10.682549940375843,18.593693393835355,-8.890060124658914,9.25860691981839,-7.628093717675514,9.418468106535816,-8.272218780315853
774000000.0,14.200348589079184,-10.681253725638982,18.56958150101886,-8.90330895830163,9.249598914156492,-7.62657607015166,9.40811986524122,-8.269410891471079
775000000.0,14.186699140401144,-10.679941905444124,18.54858252172436,-8.914165434184707,9.243783829642897,-7.621046256071715,9.401413696867971,-8.262409295671372
776000000.0,14.173070860374152,-10.678614553786204,18.526636479273538,-8.923075514644506,9.232633430747985,-7.619705258236971,9.388927105970243,-8.259854904762895
777000000.0,14.159463733703687,-10.677271744411094,18.497885387674827,-8.937718011218992,9.22703499745484,-7.614789880935014,9.382271830734382,-8.253203178435713
778000000.0,14.14587774495017,-10.675913550816043,18.47326628141141,-8.948200923415792,9.220420683920686,-7.611483155093598,9.374678117793948,-8.248462500371804
779000000.0,14.132312878530252,-10.674540046250094,18.449590846775386,-8.95487055742171,9.214276627108436,-7.608570676656675,9.367758067046566,-8.244192036228139
780000000.0,14.118769118718136,-10.673151303714492,18.428718600444068,-8.969638964140406,9.204026280812327,-7.606208738035888,9.356022750247096,-8.240605969722575
781000000.0,14.10524644964685,-10.671747395963129,18.399832428319808,-8.98362642107852,9.195481125556386,-7.604538165748668,9.346150512350516,-8.23744910579702
782000000.0,14.091744855309551,-10.670328395502958,18.376389947552873,-8.990396386643,9.190538702866137,-7.598503622293889,9.340577492358479,-8.229819168946456
783000000.0,14.078264319560798,-10.668894374594434,18.345603585998877,-8.99741525974,9.182815009264575,-7.597592758992655,9.331884794786106,-8.227405475899975
784000000.0,14.064804826117813,-10.667445405251952,18.311677278163298,-9.01223194369344,9.175572108685309,-7.594856749547492,9.323395569568985,-8.222901603665827
785000000.0,14.051366358561774,-10.665981559244276,18.28761837066578,-9.021397047091522,9.168050501587377,-7.590296829558308,9.3148970644034,-8.2168276131325
786000000.0,14.037948900339051,-10.664502908094992,18.253315410749643,-9.02969617409368,9.161437575066511,-7.588768346717418,9.307355034718231,-8.213615984519787
787000000.0,14.024552434762464,-10.663009523082943,18.220785212641566,-9.036041314832827,9.152821864609027,-7.5871560004116025,9.297729756028613,-8.210359133530883
788000000.0,14.01117694501253,-10.661501475242677,18.183311097777477,-9.042837894524727,9.146796099387805,-7.585166730388632,9.290885949048148,-8.20651765261863
789000000.0,13.9978224141387,-10.659978835364905,18.15532860166509,-9.048452295759436,9.138421368104927,-7.580958446742932,9.281601097887933,-8.200646434057044
790000000.0,13.98448882506059,-10.658441673996949,18.111956514612146,-9.054179158119783,9.13137524335362,-7.579217608293922,9.273675072929898,-8.196807609367674
791000000.0,13.971176160569195,-10.656890061443189,18.079235217572535,-9.053397088873032,9.123886751123846,-7.574971542709988,9.26561271088101,-8.190689218023083
792000000.0,13.95788440332813,-10.655324067765541,18.03918107129705,-9.057149074420336,9.116930683517507,-7.57278252907208,9.257882764473466,-8.186505555124779
793000000.0,13.944613535874815,-10.653743762783899,18.004422754062933,-9.058585419782755,9.109991971672345,-7.5715642081088514,9.250274969689082,-8.183595267279198
794000000.0,13.931363540621685,-10.652149216076598,17.961111119132358,-9.054000826445574,9.102780721266377,-7.568346125459927,9.24262927536993,-8.178128757223178
795000000.0,13.9181343998574,-10.650540496980904,17.92221565583375,-9.051972954659394,9.09452665858532,-7.565279591600453,9.233756032475085,-8.173013580413782
796000000.0,13.90492609574801,-10.648917674593454,17.887181156061295,-9.04502663837401,9.088057882623957,-7.56223491898544,9.22703927982646,-8.168095176280277
797000000.0,13.891738610338168,-10.647280817770744,17.84561098199001,-9.032143457902679,9.077672424928839,-7.560427959535981,9.216307897271893,-8.16416829813324
798000000.0,13.878571925552269,-10.645629995129587,17.806036442854925,-9.016105728985337,9.07107767433252,-7.558833779799198,9.20981945800287,-8.160590442057844
799000000.0,13.865426023195655,-10.643965275047613,17.76483428808392,-9.0067789065651,9.063540127009567,-7.556648696953584,9.202021984279542,-8.156313809566287
800000000.0,13.852300884955751,-10.642286725663718,17.72819071434705,-8.989716637248902,9.056500179382871,-7.554240046639232,9.195117892739058,-8.15197315412694
801000000.0,13.83919649240324,-10.640594414878564,17.69544302259214,-8.975491018186467,9.049514034498937,-7.550956063849715,9.188171176472986,-8.146866575199978
802000000.0,13.826112826993198,-10.638888410355065,17.661627798112196,-8.950383615366693,9.041312799210727,-7.549282620692598,9.180369345545307,-8.143406408662898
803000000.0,13.813049870066239,-10.637168779518843,17.625566671002225,-8.92892853712107,9.034644609286286,-7.547788461286112,9.17405855120989,-8.14006864427149
804000000.0,13.80000760284966,-10.635435589558753,17.59680097466099,-8.905276227016717,9.025569095623482,-7.543581058397749,9.165293722915274,-8.134091377854698
805000000.0,13.786986006458555,-10.633688907427342,17.561291762232614,-8.884181723125899,9.018031317749372,-7.541228696706076,9.158041845126665,-8.1298455028677
806000000.0,13.773985061896958,-10.631928799841354,17.537520781661637,-8.84930736313236,9.00933515701669,-7.5379158066812915,9.150193455467697,-8.125027519078408
807000000.0,13.761004750058927,-10.63015533328222,17.511402848912105,-8.822273906988492,9.001917219122017,-7.534154980141055,9.14337873504411,-8.119660193451072
808000000.0,13.748045051729688,-10.628368573996557,17.486103921069024,-8.790786479730041,8.994016337957898,-7.530391917030414,9.136243313877351,-8.114312252168236
809000000.0,13.735105947586723,-10.626568587996656,17.464492694506742,-8.758880238637,8.98680213092751,-7.529809462403097,9.129859364558481,-8.112571942199084
810000000.0,13.722187418200853,-10.624755441060989,17.44769744229321,-8.726993707431726,8.976225584245762,-7.526895132968828,9.119872620282022,-8.108507280608318
811000000.0,13.709289444037356,-10.62292919873471,17.431649602238885,-8.701473398750803,8.968836049882908,-7.5214492003330555,9.113066898551354,-8.101782095835516
812000000.0,13.696412005457027,-10.62108992633015,17.417812948183343,-8.66653842925232,8.959557387837338,-7.519873321188187,9.104618006745351,-8.09930664498771
813000000.0,13.683555082717257,-10.61923768892733,17.40693471192979,-8.637161274084198,8.951602478239488,-7.516915004969527,9.097369475314022,-8.095495596432572
814000000.0,13.670718655973126,-10.617372551374462,17.400107104319396,-8.606049771466607,8.943456117559169,-7.513187127484169,9.090003746690819,-8.091031766862287
815000000.0,13.657902705278433,-10.615494578288462,17.392629983662893,-8.569645497612868,8.934605867403382,-7.5094879988069545,9.082108086589331,-8.086560240452949
816000000.0,13.645107210586785,-10.613603834055452,17.39110235100658,-8.541130690954287,8.92654188990114,-7.505785507219316,9.074722111334882,-8.08237530321
817000000.0,13.63233215175263,-10.611700382831284,17.38784955227057,-8.511594576440286,8.921290826262481,-7.500871496438194,9.070426412903462,-8.076818740846807
818000000.0,13.619577508532306,-10.609784288542038,17.389225393352007,-8.482749904119375,8.912973029736127,-7.497430972827762,9.062777868395898,-8.073051879474779
819000000.0,13.606843260585082,-10.607855614884546,17.390070914405527,-8.459634631448852,8.904440418673323,-7.495011420101169,9.05463246185162,-8.070379011056483
820000000.0,13.59412938747419,-10.60591442532691,17.391219131185046,-8.437905894502263,8.8976075630421,-7.492263365636585,9.048265501142149,-8.067376879004561
821000000.0,13.581435868667855,-10.603960783109013,17.394122888684773,-8.414896385271113,8.889733470073498,-7.4864780954980015,9.040841063685875,-8.061156631283737
822000000.0,13.568762683540307,-10.601994751243046,17.394195276023634,-8.397500688078862,8.880572441491136,-7.483658870268773,9.031752108077377,-8.058027331835724
823000000.0,13.556109811372801,-10.600016392514021,17.402759161906683,-8.375163503603147,8.874520994900479,-7.478623696094225,9.026268548407913,-8.052881384746538
824000000.0,13.543477231354618,-10.598025769480296,17.4071788333792,-8.35125317432284,8.868071721555006,-7.476884219109835,9.020398389122253,-8.051123912504645
825000000.0,13.53086492258409,-10.596022944474106,17.40638398694762,-8.342094191908888,8.85827217042364,-7.471495120019277,9.01025653461353,-8.045176934928083
826000000.0,13.518272864069553,-10.594007979602072,17.41782529211614,-8.324567007401848,8.853339064230228,-7.467018784237326,9.005762983693767,-8.040773606204263
827000000.0,13.505701034730379,-10.591980936745749,17.420528244207954,-8.308940114347427,8.844085995135982,-7.463578643571082,8.996484706769511,-8.037090473428833
828000000.0,13.493149413397939,-10.589941877562131,17.42397622487519,-8.292260169035524,8.837106675019983,-7.460542821257983,8.989714636071046,-8.033890137961942
829000000.0,13.480617978816571,-10.587890863484198,17.429670710023117,-8.279220573792218,8.830588697671331,-7.457024634661297,8.983287278257627,-8.030268684872997
830000000.0,13.468106709644584,-10.585827955721435,17.435554942409386,-8.26308364392657,8.822077337378873,-7.452030270814821,8.974835989653656,-8.025040602323372
831000000.0,13.455615584455186,-10.583753215260371,17.443672936848863,-8.24673301247488,8.813849249206763,-7.4475469161014844,8.966695496633557,-8.020464735387732
832000000.0,13.44314458173747,-10.581666702865109,17.44786296072879,-8.234815799799055,8.808131355905502,-7.4445580305266255,8.961076485283833,-8.0173555650363
833000000.0,13.430693679897354,-10.579568479077853,17.4583506729656,-8.220782436326179,8.801685693267377,-7.440682858668151,8.954761707815683,-8.013551145355457
834000000.0,13.418262857258535,-10.577458604219457,17.46454571299007,-8.211301462826958,8.794616586804969,-7.437204005324799,8.947568049220767,-8.009987133401436
835000000.0,13.405852092063425,-10.57533713838994,17.47432174316064,-8.19354968832685,8.787985438546949,-7.434637277397056,8.9411975060935,-8.007570609375412
836000000.0,13.393461362474092,-10.57320414146906,17.48500152850336,-8.179570351241951,8.779335925888622,-7.428771744273398,8.932486809508365,-8.001593998742926
837000000.0,13.381090646573192,-10.571059673116803,17.496817591381753,-8.177981493684067,8.77399819923431,-7.426482666641034,8.926820478028032,-7.99956733039985
838000000.0,13.368739922364883,-10.56890379277396,17.512447259601828,-8.16469399814042,8.765481330447859,-7.422621468447149,8.918203344340617,-7.9959750757643855
839000000.0,13.356409167775757,-10.566736559662656,17.526104322150836,-8.158846647430362,8.760735294581101,-7.418472865663578,8.913369131051562,-7.992004435137733
840000000.0,13.344098360655739,-10.564558032786886,17.536640245997088,-8.157182657782737,8.752308404338718,-7.415423715715561,8.904347317758438,-7.989066395222816
841000000.0,13.331807478778998,-10.562368270933055,17.555934343913073,-8.150011530572362,8.745870293157191,-7.4120492718278825,8.897716210750989,-7.98615773842033
842000000.0,13.319536499844865,-10.560167332670538,17.56793954913302,-8.14476867106719,8.73802609186015,-7.407757214275933,8.88948322906662,-7.981927667548322
843000000.0,13.307285401478698,-10.557955276352207,17.589355808981846,-8.148585829890607,8.733173839045548,-7.404068607438009,8.884112911607161,-7.978760194623097
844000000.0,13.2950541612328,-10.555732160114975,17.60028506569178,-8.14909284793895,8.727511999406946,-7.400244527169321,8.878009835780796,-7.974998373233084
845000000.0,13.282842756587279,-10.55349804188036,17.613136703686838,-8.155218526418139,8.718087335295822,-7.396830009347591,8.867573423080154,-7.971722131866608
846000000.0,13.270651164950948,-10.551252979355006,17.623711918053967,-8.160949032777609,8.714407408867883,-7.393077299000538,8.8634117360392,-7.968028679853697
847000000.0,13.25847936366219,-10.548997030031249,17.63954893896784,-8.17947397580117,8.707047908241407,-7.389236279389232,8.85471626834886,-7.96440895441729
848000000.0,13.246327329989809,-10.546730251187654,17.64828495651376,-8.18470396398374,8.701551938446299,-7.38454297806293,8.84861438624348,-7.959593702063333
849000000.0,13.234195041133926,-10.544452699889577,17.65363128954766,-8.202315320426726,8.696539168877766,-7.379759803101362,8.842537818119323,-7.954533988701878
850000000.0,13.222082474226804,-10.54216443298969,17.660348374794594,-8.209708480144302,8.689506643892665,-7.3779097690452975,8.834654368697159,-7.952708224623635
851000000.0,13.209989606333712,-10.539865507128555,17.657240219563334,-8.227339983682599,8.683175184077061,-7.374264217892356,8.827145618798369,-7.948525801046019
852000000.0,13.197916414453774,-10.537555978735163,17.66197167962673,-8.242205534570568,8.676529410355656,-7.370275280200834,8.819409169171045,-7.944286541407505
853000000.0,13.185862875520794,-10.535235904027482,17.653833473631693,-8.258367976309392,8.671947589393136,-7.366695854848485,8.81387392726944,-7.939993135788503
854000000.0,13.173828966404114,-10.53290533901302,17.65052428081373,-8.270173396594512,8.6671442013807,-7.3639272563282425,8.808263848930794,-7.936778359662237
855000000.0,13.161814663909418,-10.530564339489363,17.642082757351698,-8.287347257498078,8.659385869622465,-7.360243377951648,8.799240800448555,-7.932325773543556
856000000.0,13.149819944779578,-10.52821296104474,17.637488005406556,-8.293778865027539,8.65504592684223,-7.356192711074066,8.794370522728606,-7.92767512602668
857000000.0,13.137844785695442,-10.525851259058566,17.625079334174494,-8.30318173820106,8.649638415324363,-7.353893222483912,8.788205886766967,-7.924601411942615
858000000.0,13.12588916327669,-10.523479288702,17.611836130760835,-8.31510785476367,8.640758111115028,-7.3500822605587075,8.778185997938852,-7.919811227156296
859000000.0,13.113953054082604,-10.521097104938509,17.610446260570853,-8.318748534345028,8.636441730510203,-7.3473678813442875,8.773439934766907,-7.9167445018086235
860000000.0,13.10203643461288,-10.518704762524397,17.593503803755297,-8.327729516028596,8.62952481491385,-7.344373528109924,8.765666777360067,-7.912720208473688
861000000.0,13.090139281308447,-10.51630231600939,17.584507054658445,-8.32951341053,8.623625775216649,-7.341407696100694,8.759283603385137,-7.909059833024476
862000000.0,13.078261570552227,-10.51388981973717,17.568896978021574,-8.333428085431594,8.617214635187556,-7.336492549775996,8.75228627699091,-7.903013059865236
863000000.0,13.066403278669938,-10.511467327845937,17.564577033351252,-8.329059955051504,8.60975785739253,-7.336098697199415,8.74442442280185,-7.902316587173416
864000000.0,13.054564381930877,-10.509034894268966,17.552279640929036,-8.328308079104948,8.607296091033314,-7.332554585722372,8.741884819143113,-7.897941252866114
865000000.0,13.042744856548687,-10.506592572735165,17.5414074676745,-8.332396165583168,8.599738619492145,-7.326267460581513,8.733652886934125,-7.890581863153311
866000000.0,13.030944678682147,-10.504140416769628,17.53456776206537,-8.324437623293498,8.593578289526357,-7.325503139247899,8.727347314910693,-7.889400664634398
867000000.0,13.019163824435909,-10.50167847969419,17.528918609434353,-8.32922149361725,8.588002359001168,-7.320635691832181,8.72122185162685,-7.883814081935954
868000000.0,13.007402269861286,-10.499206814627996,17.52267998107702,-8.324633326251998,8.581734120644313,-7.320052028943424,8.714663407349544,-7.882850416102317
869000000.0,12.995659990956993,-10.49672547448804,17.513308325896094,-8.320021227141686,8.573767267940504,-7.31699819016554,8.706293452337402,-7.879060980372779
870000000.0,12.9839369636699,-10.494234511989733,17.509276637437196,-8.320749420537211,8.568685879430511,-7.310701933677032,8.700883738976394,-7.871995388181189
871000000.0,12.972233163895789,-10.491733979647472,17.5056124849241,-8.316158641481975,8.560218632938522,-7.306507263927061,8.69198203747549,-7.8671859992058355
872000000.0,12.96054856748007,-10.489223929775173,17.496448661407793,-8.321503499622052,8.555538611234892,-7.303924092647926,8.686784656062171,-7.863953132569279
873000000.0,12.948883150218547,-10.486704414486846,17.495410360966314,-8.314626829197264,8.549183122752078,-7.30056116718111,8.680253763523403,-7.860176764477653
874000000.0,12.93723688785813,-10.48417548569715,17.497135286153416,-8.309994181826596,8.542350787490513,-7.2976895600485525,8.673109415102118,-7.857034111302242
875000000.0,12.925609756097563,-10.481637195121952,17.491385017301468,-8.308051579554132,8.535770391302961,-7.294720904839872,8.666138623316213,-7.853495844498193
876000000.0,12.914001730588144,-10.479089594278879,17.487117458844136,-8.317567225843948,8.531548151569401,-7.2901550483446185,8.661301978405398,-7.8483061140084915
877000000.0,12.902412786934459,-10.476532734487886,17.49309634834142,-8.308034974105862,8.52332384644625,-7.289385100815148,8.652807493459859,-7.8475922398754125
878000000.0,12.89084290069507,-10.473966666871814,17.48342957414846,-8.319998520376258,8.518199938225695,-7.285608088721564,8.646892899854075,-7.843035461535861
879000000.0,12.879292047383222,-10.471391442356932,17.480684629585614,-8.314993268099645,8.511404237009078,-7.281480692219614,8.639822624637924,-7.838354242499437
880000000.0,12.867760202467574,-10.468807111673522,17.479004889990055,-8.321411516074985,8.505358867259089,-7.277230310060873,8.633127251821042,-7.83358393114561
881000000.0,12.856247341372857,-10.46621372535641,17.481567731477607,-8.321834025829425,8.501574040774404,-7.273411358894529,8.629109149381863,-7.829478617396967
882000000.0,12.8447534394806,-10.463611333745554,17.476655570530422,-8.327545170268907,8.49502746565126,-7.271257688489638,8.621872997018883,-7.826852145367609
883000000.0,12.833278472129788,-10.460999986986575,17.47187015081934,-8.32582298558291,8.488928476014989,-7.266926024119907,8.615438465692408,-7.821877358356912
884000000.0,12.821822414617573,-10.458379735031334,17.472410496674772,-8.327883568628556,8.481688267041621,-7.264316234149638,8.607594573524501,-7.818956554806242
885000000.0,12.810385242199926,-10.455750627638475,17.464506331804017,-8.332269111446298,8.476685686279367,-7.26193645397303,8.602092119648606,-7.815992061815004
886000000.0,12.798966930092329,-10.453112714374006,17.464393789074567,-8.33735372755367,8.470848805554006,-7.2571840878986595,8.595687933976826,-7.810738739655458
887000000.0,12.787567453470439,-10.45046604461183,17.45498056382892,-8.346587002054045,8.46509667431429,-7.253193027144333,8.589213860651585,-7.805956605488055
888000000.0,12.776186787470747,-10.447810667534322,17.456193006791246,-8.34712427810299,8.459221463731248,-7.2518834221665,8.582893742441941,-7.804489481008463
889000000.0,12.764824907191242,-10.445146632132879,17.451105544046456,-8.358646544054329,8.453542971259886,-7.248558369155396,8.576404054821511,-7.800594059548624
890000000.0,12.753481787692067,-10.442473987208485,17.449017826799842,-8.366611715457413,8.448506307025795,-7.244918419496002,8.57075009972816,-7.7964820704789135
891000000.0,12.742157403996163,-10.439792781372262,17.438254462730878,-8.371337230372944,8.442416606427283,-7.241790383396804,8.564074462228534,-7.792584168677999
892000000.0,12.730851731089926,-10.437103063046022,17.432479723711936,-8.375118968346722,8.434182013697656,-7.239828573863019,8.555090184012617,-7.7901075525496415
893000000.0,12.719564743923836,-10.434404880462836,17.4256288112732,-8.385492407947352,8.431792459593012,-7.235654256012589,8.552229964123818,-7.7852765197956115
894000000.0,12.708296417413104,-10.431698281667593,17.420461971555724,-8.389032022438707,8.42370228571811,-7.231914224578299,8.543440724257515,-7.780897198905638
895000000.0,12.697046726438293,-10.428983314517533,17.402122900542285,-8.39644511117345,8.41929424559778,-7.230710703207838,8.53846532231665,-7.778828479665628
896000000.0,12.685815645845967,-10.426260026682836,17.39580526120167,-8.40025829270816,8.4128252436257,-7.225506115266185,8.531448233078576,-7.772844660646465
897000000.0,12.674603150449284,-10.423528465647156,17.386951094176826,-8.404816448087375,8.40796733675622,-7.22339625338363,8.52610376303789,-7.770144468886087
898000000.0,12.663409215028647,-10.42078867870818,17.37322239151231,-8.41238163945662,8.401624783984005,-7.219695334168149,8.519065488066857,-7.7655155779773954
899000000.0,12.652233814332297,-10.418040712978192,17.35702515877307,-8.413267211424458,8.395738839151424,-7.217784889017562,8.51274480623434,-7.7627444419814235
900000000.0,12.641076923076922,-10.415284615384616,17.34615157330604,-8.413508113430273,8.389936666980615,-7.214948551892389,8.506552086856347,-7.759170864303172
901000000.0,12.62993851594829,-10.412520432670586,17.330802924115652,-8.420554348320149,8.384088286725008,-7.211118718730378,8.500073406451135,-7.754353255009037
902000000.0,12.618818567601817,-10.409748211395486,17.315582031155415,-8.414092567401314,8.379282768564963,-7.207908710276621,8.495216799876612,-7.75023213744474
903000000.0,12.607717052663187,-10.406967997935514,17.30449056690526,-8.416953469808778,8.372504770811041,-7.202976677538819,8.487904128857311,-7.744368340218698
904000000.0,12.59663394572894,-10.40417983848423,17.28400030444946,-8.410682224933492,8.366324352516607,-7.201723036759355,8.481523164327989,-7.742150403316844
905000000.0,12.585569221367045,-10.401383779053111,17.271414999555777,-8.406331304427022,8.360597741949682,-7.198192069744323,8.475595740185451,-7.737767711200555
906000000.0,12.574522854117525,-10.39857986547211,17.258890243022027,-8.404179962738436,8.355863356528596,-7.196492136039216,8.470633001057678,-7.735384629001546
907000000.0,12.563494818492984,-10.395768143390196,17.245699570531528,-8.401569104691326,8.349730335134113,-7.192228153192563,8.464212917672304,-7.730181142928454
908000000.0,12.552485088979234,-10.392948658275921,17.23463511178463,-8.38875102258145,8.343607925847863,-7.188454542807233,8.458174227898677,-7.725590508919363
909000000.0,12.541493640035831,-10.390121455417955,17.22183414473983,-8.383789115237182,8.336254875569898,-7.186363206835128,8.450487952662412,-7.722736688487858
910000000.0,12.530520446096654,-10.387286579925652,17.209755060474425,-8.370556034982663,8.330852853432122,-7.185472762473113,8.44520091327803,-7.721241970503032
911000000.0,12.519565481570488,-10.384444076729594,17.196746467171398,-8.359014787059424,8.324025066123413,-7.180597631905468,8.43836836127865,-7.715379581230388
912000000.0,12.508628720841553,-10.38159399058214,17.194060322798897,-8.35226734978154,8.317250782929626,-7.177835632788808,8.431381064008297,-7.712185279804795
913000000.0,12.497710138270085,-10.378736366057984,17.182720337904822,-8.33729160869978,8.312593489403403,-7.1751053493819885,8.426991093624876,-7.708741572282948
914000000.0,12.486809708192869,-10.375871247554691,17.187061948400284,-8.327006197477523,8.306673150939606,-7.172533619104648,8.421051174297418,-7.706027507128438
915000000.0,12.475927404923809,-10.372998679293264,17.18343189467006,-8.312717452167513,8.299168348776913,-7.169525742172363,8.413552539435733,-7.7025264016312756
916000000.0,12.465063202754436,-10.370118705318662,17.183277857334705,-8.301100438980614,8.29394133759576,-7.165844770877074,8.408428433958129,-7.698457466486185
917000000.0,12.454217075954492,-10.367231369500386,17.18508529865309,-8.294138853159597,8.288673449993565,-7.162125892229511,8.403087687171595,-7.694415904798646
918000000.0,12.443388998772438,-10.364336715532996,17.19190263606785,-8.277431505085632,8.282460196138215,-7.158464057096181,8.397074780077116,-7.690611510031152
919000000.0,12.432578945435989,-10.361434786936677,17.195092701835325,-8.26834698120244,8.27604587320321,-7.154544313195568,8.39056984643286,-7.6863861429826
920000000.0,12.42178689015265,-10.358525627057768,17.209478066483218,-8.261886684215895,8.271205766138072,-7.149968610191413,8.385674024663656,-7.681878958415848
921000000.0,12.411012807110227,-10.355609279069315,17.2187865668377,-8.250346541392311,8.264346764412318,-7.1480949317109035,8.378736949122848,-7.680085060805143
922000000.0,12.400256670477372,-10.352685785971627,17.227266304637357,-8.255361984532735,8.25840952013357,-7.145092631341171,8.372214767926353,-7.677035771722812
923000000.0,12.389518454404072,-10.349755190592795,17.238497308298424,-8.248684536632132,8.254216197157625,-7.140589046024428,8.368025965200248,-7.67249573705786
924000000.0,12.378798133022169,-10.346817535589265,17.25225041697648,-8.249389036965473,8.247413271433963,-7.1388263256990125,8.360696591109157,-7.670964998622093
925000000.0,12.36809568044589,-10.343872863446354,17.263546037712377,-8.252548535908533,8.241600608802617,-7.134894342633616,8.354389304199602,-7.667005398144074
926000000.0,12.357411070772315,-10.34092121647881,17.280826904189833,-8.25384121696912,8.23502471172785,-7.1314691638177266,8.34730754048874,-7.663794972994979
927000000.0,12.34674427808192,-10.337962636831342,17.29367904431379,-8.260761408055565,8.229718395698448,-7.127119327338007,8.341421983914564,-7.659435273626855
928000000.0,12.336095276439035,-10.334997166479175,17.301957981905264,-8.271395872871503,8.225146543177566,-7.124833051860103,8.33617249868645,-7.657155154188369
929000000.0,12.32546403989236,-10.332024847228576,17.3167608574332,-8.279835098931708,8.217995853735705,-7.120897199022316,8.32822934440396,-7.653273337395797
930000000.0,12.31485054247546,-10.329045720717396,17.32559882464479,-8.292470516678685,8.214215302850265,-7.118510540763514,8.323772244673583,-7.65091108525647
931000000.0,12.304254758207229,-10.326059828415614,17.33980963592189,-8.312772188061313,8.208676055541801,-7.1145012370287075,8.317166675298859,-7.646937301742042
932000000.0,12.293676661092398,-10.32306721162588,17.35319392852318,-8.328170117587451,8.204635115228738,-7.11060800315111,8.312360116534279,-7.643089926358896
933000000.0,12.283116225121997,-10.320067911484033,17.359552626791974,-8.346593839166685,8.198745798168655,-7.105920720035936,8.305471988615857,-7.638098061523995
934000000.0,12.27257342427383,-10.317061968959655,17.366783785220278,-8.364132425043177,8.192979906483709,-7.105649699533303,8.298668133940405,-7.637922330385423
935000000.0,12.262048232512964,-10.314049424856604,17.37380012115587,-8.388627333908783,8.188306201995731,-7.101455617626049,8.292886166534839,-7.633502127150192
936000000.0,12.251540623792177,-10.311030319813542,17.373998958095637,-8.42002001901696,8.182811223665631,-7.100603128678492,8.285923857598371,-7.632444013057159
937000000.0,12.241050572052437,-10.308004694304477,17.375995459028125,-8.441394935068574,8.178747540329063,-7.093384967789982,8.28098598123802,-7.62459312191474
938000000.0,12.23057805122335,-10.304972588639291,17.37692161764072,-8.46692873824608,8.173233520174495,-7.09104317040042,8.27424400074255,-7.621953810415825
939000000.0,12.220123035223635,-10.301934042964273,17.370051069797228,-8.498140473739767,8.170261598024727,-7.0883281179038296,8.270077171081361,-7.618694810434482
940000000.0,12.209685497961559,-10.298889097262666,17.367484167771586,-8.53063051336148,8.164314843294848,-7.085112005377694,8.262660974307074,-7.614981238071292
941000000.0,12.199265413335407,-10.295837791355167,17.363663785844317,-8.55482880254026,8.158181499991358,-7.081444016773205,8.255340038255282,-7.610738510054043
942000000.0,12.188862755233911,-10.29278016490049,17.349291557766364,-8.57606558654978,8.155112478109144,-7.078247399490123,8.251430617286236,-7.606718114823251
943000000.0,12.178477497536703,-10.289716257395872,17.329419331637126,-8.606168180848792,8.148406188383507,-7.077470248476497,8.243241609410127,-7.605050570195854
944000000.0,12.168109614114758,-10.286646108177617,17.319737336655177,-8.633448944439172,8.14425426004753,-7.074763025020191,8.237950204342747,-7.601699174967824
945000000.0,12.157759078830821,-10.283569756421612,17.301527683611354,-8.66360802736606,8.140324300781497,-7.071708950911589,8.232813185343591,-7.5976954865832305
946000000.0,12.147425865539859,-10.280487241143867,17.27628951997302,-8.693302875016414,8.13586224061513,-7.069690502404652,8.227095402970072,-7.594568384062133
947000000.0,12.137109948089464,-10.277398601201032,17.255170501000237,-8.705497244079096,8.13145783218121,-7.065003939018013,8.222085091916238,-7.588702641249173
948000000.0,12.126811300320298,-10.27430387529092,17.23330361245263,-8.72564775864811,8.12629128258181,-7.0633908011375395,8.215918417264595,-7.586116458418913
949000000.0,12.11652989606652,-10.27120310195304,17.210959626974613,-8.744723105055359,8.121936673813012,-7.060157671590532,8.210699749458207,-7.581787176842178
950000000.0,12.106265709156194,-10.268096319569118,17.184000143028527,-8.758858156783205,8.115985219183097,-7.058861785184435,8.203879234476743,-7.579358826287436
951000000.0,12.09601871341171,-10.264983566363622,17.15826849637207,-8.778236729704728,8.110683740586559,-7.056622770129189,8.19760602891005,-7.575973412113233
952000000.0,12.085788882650196,-10.261864880404266,17.13264396264948,-8.788631998301542,8.106028832352925,-7.054651511462017,8.19232332137102,-7.572892329908045
953000000.0,12.07557619068394,-10.258740299602563,17.111640200836113,-8.79789758307257,8.09956544006257,-7.052738606732226,8.185130837051597,-7.569989019834956
954000000.0,12.065380611320776,-10.255609861714316,17.08367839828114,-8.812551534331208,8.09717516129734,-7.049087495222497,8.182180605579518,-7.565076670229398
955000000.0,12.055202118364507,-10.25247360434015,17.05577000471295,-8.819500875048895,8.091164771263504,-7.045268047493,8.17559046064134,-7.559902057205232
956000000.0,12.045040685615298,-10.249331564926036,17.033775424871124,-8.822387336262457,8.086367049885993,-7.044410851780323,8.170380697413636,-7.558139002065427
957000000.0,12.034896286870069,-10.246183780763795,17.010081734778772,-8.824345130522195,8.0804977561548,-7.040933077158085,8.164104449758549,-7.553474743260707
958000000.0,12.024768895922897,-10.24303028899162,16.99056477337791,-8.82875900266634,8.076541628652322,-7.038273365682081,8.159791087198945,-7.549875436072795
959000000.0,12.014658486565398,-10.239871126594599,16.962366485598675,-8.833578821197522,8.069838605433697,-7.0369250069270395,8.152471774458816,-7.547339489028459
960000000.0,12.004565032587134,-10.236706330405214,16.94506940976088,-8.833838478958134,8.064903977994417,-7.033260337811126,8.147267750298818,-7.542709934234968
961000000.0,11.994488507775973,-10.233535937103872,16.9255513793637,-8.838606389262301,8.059752356116288,-7.0313352134870675,8.141640385864322,-7.539878384218249
962000000.0,11.984428885918481,-10.2303599832194,16.90500386591139,-8.842617673083426,8.054995104452242,-7.028361257069313,8.136484154982078,-7.5358933721015795
963000000.0,11.974386140800313,-10.227178505129572,16.895928365396667,-8.84039951488972,8.049301136214723,-7.026612642812114,8.13051338132082,-7.533581994409783
964000000.0,11.964360246206567,-10.223991539061618,16.877609498836463,-8.841464939206931,8.043563603135585,-7.023602854925536,8.124404720264575,-7.5296102138474446
965000000.0,11.95435117592218,-10.22079912109272,16.86019105650623,-8.840850353029792,8.038984450751846,-7.021132104718037,8.119586793886095,-7.526272089596842
966000000.0,11.944358903732267,-10.21760128715053,16.842641098805245,-8.840550546452436,8.033270541263068,-7.017648475551075,8.11356031988275,-7.5218175777064
967000000.0,11.934383403422522,-10.214398073013687,16.831469864064243,-8.844290024078564,8.028254718177037,-7.016424892191181,8.108108766931267,-7.520024282181467
968000000.0,11.924424648779558,-10.211189514312302,16.81942229830301,-8.845743758692658,8.023191932039293,-7.0127060484247465,8.102735748697553,-7.515517244983756
969000000.0,11.914482613591272,-10.207975646528492,16.81059712672844,-8.849922909796394,8.0164785544859,-7.011165555794817,8.095455939713492,-7.513425977379858
970000000.0,11.904557271647214,-10.204756504996855,16.799527377371852,-8.852715140942959,8.01181691641673,-7.008715642928932,8.090444528981447,-7.510326341687564
971000000.0,11.894648596738925,-10.201532124904999,16.794078689513977,-8.857592930692732,8.006171819959045,-7.005923132013416,8.084321872822093,-7.507025904031782
972000000.0,11.884756562660302,-10.19830254129402,16.778824873971352,-8.867064683533817,8.00177106926521,-7.00178065964358,8.0794035220095,-7.501984805669101
973000000.0,11.874881143207938,-10.195067789059035,16.772212377696214,-8.872487584292085,7.997494723801615,-6.998814093265662,8.074737585792796,-7.498490749033439
974000000.0,11.865022312181477,-10.191827902949655,16.758223643226927,-8.877309850362238,7.993058336522284,-6.998309255357903,8.069857432269957,-7.497394151899786
975000000.0,11.855180043383948,-10.188582917570498,16.74535260708906,-8.891849683871786,7.989036653166032,-6.99375077926242,8.065193586418326,-7.492003586504147
976000000.0,11.845354310622108,-10.185332867381682,16.736482911221017,-8.896795590296701,7.982549737642621,-6.991603384398115,8.058151473419187,-7.48926804114356
977000000.0,11.835545087706787,-10.182077786699331,16.720105112222498,-8.912921404995116,7.979050867085503,-6.99019932973441,8.053925219080048,-7.487165636053467
978000000.0,11.825752348453213,-10.178817709696062,16.707006444171828,-8.92662305768228,7.972314655950311,-6.986179019543044,8.046367204631645,-7.482289669403978
979000000.0,11.815976066681348,-10.175552670401487,16.68828132342097,-8.938536743805503,7.969616477253348,-6.984532167985178,8.043141016040813,-7.479865385200537
980000000.0,11.806216216216214,-10.172282702702702,16.675169034253248,-8.952838266866555,7.964897874730714,-6.980905851024281,8.037721897102788,-7.475461326709053
981000000.0,11.79647277088823,-10.169007840344792,16.65928093097301,-8.965148590186105,7.959125278606299,-6.980767559511805,8.031156400939642,-7.474682759322203
982000000.0,11.786745704533514,-10.165728116931302,16.640090577004933,-8.981309849638675,7.955220849418291,-6.977093985965778,8.026543287751347,-7.470054974164725
983000000.0,11.777034990994231,-10.16244356592476,16.621309781024845,-8.994629507393245,7.949312240376961,-6.975071870684957,8.019838323275764,-7.467163836906865
984000000.0,11.767340604118893,-10.15915422064713,16.59855674151375,-9.007705710538506,7.945074419610558,-6.972868493552129,8.014929793668587,-7.463988225542103
985000000.0,11.757662517762672,-10.155860114280332,16.57204910627835,-9.019331779125176,7.940139825014869,-6.970455860380958,8.009319356123637,-7.460450219003588
986000000.0,11.748000705787732,-10.15256127986672,16.554417303101832,-9.029655353126632,7.93636806694702,-6.967711439278146,8.005020548922671,-7.456870506050313
987000000.0,11.738355142063519,-10.14925775030956,16.527250651655596,-9.038970063689073,7.931630908496666,-6.965847442858375,7.999682214346007,-7.453902364637097
988000000.0,11.728725800467075,-10.145949558373529,16.502105040530004,-9.050326683415177,7.927565647558979,-6.960935898513766,7.995068524685713,-7.447758143860384
989000000.0,11.71911265488335,-10.14263673668519,16.473320174585396,-9.060500869584203,7.922804395437434,-6.959944754626387,7.989652066595404,-7.4456766365732765
990000000.0,11.709515679205495,-10.139319317733486,16.444307121641184,-9.071747179681921,7.917849224297938,-6.958581868075796,7.984000390188164,-7.443189050685982
991000000.0,11.699934847335168,-10.135997333870215,16.415829605610437,-9.073471476290594,7.912731497274795,-6.95535067842868,7.978525678678115,-7.438696825108005
992000000.0,11.690370133182817,-10.13267081731051,16.386050449771485,-9.080655322975211,7.907657345454922,-6.9545417436219665,7.97286318743194,-7.436767332405771
993000000.0,11.680821510668004,-10.129339800133328,16.359294723388587,-9.089285016153783,7.904358178161639,-6.951949926895343,7.969097007141428,-7.433073118411872
994000000.0,11.671288953719667,-10.126004314281927,16.3270753713411,-9.092507708761579,7.898873802132994,-6.9494654903134245,7.963153794053493,-7.429256616638542
995000000.0,11.661772436276411,-10.122664391564332,16.29907757727355,-9.095563999757923,7.89547064355306,-6.947792973028648,7.959431738339463,-7.4264907079630165
996000000.0,11.65227193228683,-10.119320063653833,16.26722655771258,-9.09550658775595,7.89029703554729,-6.945133483272462,7.953929975891718,-7.42249915164684
997000000.0,11.642787415709744,-10.115971362089448,16.2394259754978,-9.095075224630156,7.885191112237935,-6.943167535471175,7.948507484545496,-7.419381339512122
998000000.0,11.633318860514507,-10.112618318276397,16.20713250397674,-9.092062265406057,7.880507462412779,-6.94142205737418,7.9436030958433825,-7.416355140949305
999000000.0,11.623866240681288,-10.109260963486582,16.176606070509564,-9.094978424429394,7.876713464029399,-6.939067220916413,7.939471793928293,-7.4127707015692845
1000000000.0,11.614429530201342,-10.10589932885906,16.147946062230723,-9.086574285427389,7.871226842598832,-6.937631021162963,7.933888253112593,-7.410161529208437
1001000000.0,11.605008703077278,-10.102533445400505,16.120239262708456,-9.083669061430276,7.866006132471182,-6.933230512014746,7.9284731903889805,-7.404440964240071
1002000000.0,11.595603733323337,-10.099163343985692,16.093044250711976,-9.086087633992983,7.861798947304532,-6.932424859821854,7.923891625347289,-7.4026096645449195
1003000000.0,11.586214594965671,-10.095789055357956,16.05898873564133,-9.07333510296767,7.8567120434805515,-6.930741007560919,7.918866605317171,-7.399555508647109
1004000000.0,11.576841262042592,-10.092410610129663,16.030649983515197,-9.063227387611029,7.852804050069944,-6.927579508276756,7.915058666920187,-7.395143598332788
1005000000.0,11.567483708604856,-10.089028038782686,16.005671803843093,-9.063200220489033,7.847342197514054,-6.925802908789003,7.909244049964166,-7.392316947872494
1006000000.0,11.558141908715902,-10.085641371668855,15.973967501334217,-9.049522331981525,7.842530791592779,-6.924052225563663,7.90455156030402,-7.38927021839363
1007000000.0,11.548815836452137,-10.08225063901043,15.953892599011466,-9.04375181670627,7.83875784807584,-6.92186461548886,7.900748811861488,-7.38618380652747
1008000000.0,11.539505465903176,-10.078855870900572,15.92301888812328,-9.033271446258123,7.833588266241281,-6.92018634206061,7.89557063970971,-7.383243290683981
1009000000.0,11.530210771172104,-10.07545709730379,15.899581411854513,-9.022258275804052,7.829700901874127,-6.916548950372508,7.8918366256093035,-7.37848317890064
1010000000.0,11.520931726375736,-10.072054348056419,15.875619816433893,-9.007503270275597,7.824672209998547,-6.916130534735198,7.886947028806304,-7.37710328028607
1011000000.0,11.51166830564485,-10.068647652867064,15.853009908942203,-8.9957464017653,7.8198642731979815,-6.914497965442401,7.882221502007038,-7.37448743453172
1012000000.0,11.502420483124457,-10.065237041317074,15.831728507878719,-8.984385715735998,7.813900945343858,-6.912139079948851,7.87626977577693,-7.371121676650928
1013000000.0,11.493188232974028,-10.061822542860986,15.80713087242504,-8.972116237775257,7.8098670461164215,-6.909510315338224,7.872399365687034,-7.367391928905054
1014000000.0,11.483971529367748,-10.058404186826996,15.783115770620736,-8.952261340873688,7.804454878649795,-6.908445634072788,7.867286356955692,-7.365300163165369
1015000000.0,11.474770346494763,-10.054982002417406,15.761594403829491,-8.944863282309221,7.800018592372621,-6.904771502906349,7.862853843419046,-7.360566311094311
1016000000.0,11.4655846585594,-10.051556018709073,15.739230976730783,-8.926411882479574,7.796509402151162,-6.901420595880527,7.859768256648136,-7.356132840143322
1017000000.0,11.456414439781433,-10.048126264653883,15.717413017344553,-8.917717175869786,7.791046136460833,-6.901071602976782,7.8542252860422135,-7.354909377343862
1018000000.0,11.447259664396288,-10.044692769079175,15.698209182167902,-8.898660366668274,7.785162649877988,-6.896651511425358,7.848659970876439,-7.349400063255927
1019000000.0,11.4381203066553,-10.041255560688214,15.68135717188211,-8.878887088876557,7.7810672957777065,-6.8951987221615925,7.844979032935793,-7.347159279295595
1020000000.0,11.428996340825929,-10.037814668060637,15.667021780188206,-8.863513784709326,7.7766278955247925,-6.891714556433365,7.84082705919936,-7.34284683616146
1021000000.0,11.419887741191992,-10.034370119652893,15.64800965910463,-8.85399506971933,7.769845026792314,-6.890329923816775,7.833934746005941,-7.340592026521774
1022000000.0,11.410794482053902,-10.030921943798695,15.626877893772544,-8.833295385977522,7.766968161219142,-6.887629467372171,7.83159310754803,-7.336898830975521
1023000000.0,11.401716537728866,-10.027470168709472,15.613719882775996,-8.819978053861156,7.7617109170018,-6.884922116593242,7.826492292296404,-7.333447766748032
1024000000.0,11.392653882551137,-10.024014822474808,15.602690094595086,-8.802795447100387,7.758679118842072,-6.881381696399431,7.82391062159336,-7.329207173656295
1025000000.0,11.38360649087221,-10.020555933062882,15.579662504361277,-8.791875324030695,7.752776787430195,-6.878931863453507,7.8180106701951,-7.3256969178819045
1026000000.0,11.374574337061055,-10.017093528320919,15.568252273817919,-8.776913396386076,7.748047370029719,-6.8769211682045315,7.813521280133403,-7.323052794259377
1027000000.0,11.365557395504325,-10.01362763597563,15.551441181389457,-8.753772657320459,7.743295287258024,-6.8747695332487755,7.809270610376557,-7.320055195901225
1028000000.0,11.356555640606574,-10.010158283633654,15.543680137548513,-8.738778502052652,7.74046071325848,-6.872927946002178,7.8068080643900775,-7.317745445740804
1029000000.0,11.34756904679047,-10.006685498781993,15.531843663835922,-8.72328480982784,7.7349531630879715,-6.869724495882874,7.801525939148554,-7.313806246439466
1030000000.0,11.338597588497002,-10.003209308788447,15.51755392345698,-8.70571505560217,7.72989621449045,-6.866474502875353,7.796787810196158,-7.3097373640371295
1031000000.0,11.329641240185683,-9.999729740902055,15.50107396482465,-8.692639714446113,7.724918743018913,-6.864945931157746,7.791951291433524,-7.307441787594288
1032000000.0,11.320699976334769,-9.996246822253545,15.496854920903264,-8.673089068792464,7.722016087129991,-6.860738562784921,7.789614796663668,-7.302722094859016
1033000000.0,11.311773771441452,-9.992760579855743,15.483932775903206,-8.659200165236992,7.716115214435829,-6.858445954672684,7.783843092185903,-7.2997188326474465
1034000000.0,11.302862600022063,-9.989271040604018,15.473072498101944,-8.6356569904171,7.71169190790602,-6.8562747291474055,7.779974613589637,-7.296913344936963
1035000000.0,11.293966436612276,-9.985778231276722,15.463548057993382,-8.628492360955862,7.705961169870048,-6.855829199509944,7.774138819040032,-7.296013516681657
1036000000.0,11.2850852557673,-9.982282178535606,15.457363848437533,-8.611377363669899,7.700927843408779,-6.850837253735847,7.769455567146291,-7.290370681429977
1037000000.0,11.276219032062087,-9.978782908926265,15.449409598982546,-8.59188334128937,7.697094888102348,-6.849465310833538,7.766074688189338,-7.2885369578199715
1038000000.0,11.267367740091512,-9.975280448878555,15.442789847751472,-8.579184399386333,7.693446093842189,-6.845656990008042,7.7626981406326045,-7.284172136567081
1039000000.0,11.258531354470568,-9.971774824707028,15.433512901350028,-8.560852148991177,7.688445775585695,-6.842448448182091,7.758057086986372,-7.280325360293143
1040000000.0,11.249709849834563,-9.968266062611352,15.430358231637188,-8.551816800269878,7.682858295872516,-6.839616828359445,7.752484493286103,-7.277100523047031
1041000000.0,11.240903200839307,-9.964754188676741,15.421517231114459,-8.535778259785967,7.679607079480791,-6.8370860924086205,7.749620377437884,-7.274022126700536
1042000000.0,11.232111382161285,-9.961239228874373,15.417184465834817,-8.518559820375792,7.673486910365494,-6.833552618450132,7.7437624138550625,-7.269986178672675
1043000000.0,11.223334368497873,-9.957721209061829,15.410605192882175,-8.510550772494014,7.670473667379815,-6.831526006702788,7.740878377216827,-7.267543206135597
1044000000.0,11.214572134567476,-9.954200154983491,15.404938318573208,-8.490708751148741,7.6643853753185045,-6.828611644500282,7.735130387981986,-7.264119060604027
1045000000.0,11.205824655109748,-9.950676092270982,15.406083534494892,-8.479153310847895,7.660470553462388,-6.825856646678889,7.731429994376633,-7.261141914669194
1046000000.0,11.197091904885754,-9.947149046443569,15.39256864024937,-8.4677886181876,7.657148172626225,-6.821870248439082,7.728341739989921,-7.256367039348008
1047000000.0,11.188373858678144,-9.943619042908596,15.394413668172788,-8.456994583953561,7.652313123526653,-6.819465391687912,7.723630526430798,-7.253776618089654
1048000000.0,11.17967049129134,-9.940086106961893,15.389722696004595,-8.447492565357487,7.646845727004293,-6.815467689793785,7.718209897906258,-7.249262629410252
1049000000.0,11.170981777551699,-9.936550263788188,15.385212771304692,-8.437249357083415,7.642607200783898,-6.813009874267701,7.71410326510845,-7.246411709432113
1050000000.0,11.162307692307692,-9.933011538461539,15.3783360663411,-8.43069170551244,7.639869038602,-6.809892020198064,7.71147624443307,-7.2428050334438705
1051000000.0,11.153648210430068,-9.92946995594572,15.374565263035926,-8.415332521165382,7.633706769387549,-6.806289062173993,7.705506729010353,-7.2387241179721284
1052000000.0,11.145003306812033,-9.925925541094657,15.367354942941837,-8.406844287408553,7.629850168015232,-6.8033928237859564,7.701748233411541,-7.23532490355416
1053000000.0,11.136372956369398,-9.922378318652823,15.361666886160622,-8.39662356587634,7.6268652388825515,-6.800258891295655,7.698982714616434,-7.231732235127075
1054000000.0,11.12775713404076,-9.918828313255661,15.35325733168531,-8.385350399540256,7.62176889010323,-6.7978833652124315,7.693986594269783,-7.228827599598143
1055000000.0,11.119155814787668,-9.915275549429982,15.345953040181994,-8.378424427811616,7.6160005106179804,-6.793582577051006,7.688155272739381,-7.22390695536769
1056000000.0,11.11056897359476,-9.911720051594381,15.33767920291985,-8.373767405280006,7.612562367686765,-6.79182618485819,7.684696980321391,-7.2217011558234825
1057000000.0,11.101996585469955,-9.90816184405963,15.334746194142,-8.360797462900955,7.607796665772748,-6.787682261000033,7.680141821057041,-7.217097855356755
1058000000.0,11.093438625444584,-9.904600951029101,15.323150129101434,-8.345524054971653,7.604218399518208,-6.785020858330768,7.676895424694357,-7.21379740419669
1059000000.0,11.084895068573566,-9.901037396599152,15.311829968543982,-8.337126297137713,7.6001520167490115,-6.781507216002273,7.6729098736550565,-7.20960327369675
1060000000.0,11.076365889935548,-9.897471204759544,15.306709576439244,-8.329658050333041,7.593797637692584,-6.7787932696419295,7.6664538188637,-7.206441853449949
1061000000.0,11.067851064633064,-9.89390239939383,15.293053175572712,-8.316119519205065,7.590333016199362,-6.777278936699111,7.6632523624894455,-7.2043016670753355
1062000000.0,11.059350567792691,-9.890331004279771,15.290110824978184,-8.307000349647497,7.587355161916277,-6.773001334209212,7.660473878682969,-7.199587547652715
1063000000.0,11.050864374565194,-9.886757043089714,15.279766848169754,-8.298684570959868,7.582554191405084,-6.7687198855789985,7.655713003220242,-7.194600604220653
1064000000.0,11.042392460125665,-9.883180539391011,15.273919772797617,-8.284867823387533,7.576963903087104,-6.767124443542173,7.650267433720086,-7.192609668406686
1065000000.0,11.033934799673691,-9.8796015166464,15.262632934015452,-8.274361734511267,7.573477871887885,-6.764817372820241,7.646955212969778,-7.189710426539522
1066000000.0,11.025491368433478,-9.87601999821441,15.253561930880924,-8.259718934483372,7.5702854588407416,-6.759591978866224,7.644133321962978,-7.18377186316741
1067000000.0,11.017062141654012,-9.872436007349757,15.247931926417415,-8.242232798550146,7.563920686436613,-6.756969535162619,7.637996778318631,-7.180681174703782
1068000000.0,11.008647094609179,-9.86884956720372,15.233726469575018,-8.23297189588438,7.561524118948637,-6.754442254166043,7.6358027925315435,-7.177466403762986
1069000000.0,11.00024620259793,-9.865260700824555,15.229123671250283,-8.225585740077637,7.556223390692545,-6.75096896911641,7.630474715304386,-7.17353180506551
1070000000.0,10.991859440944399,-9.861669431157868,15.218280786469402,-8.210015188500034,7.549620477845451,-6.7477787406970595,7.624018997229028,-7.169664480028209
1071000000.0,10.983486784998053,-9.858075781047022,15.214649273311295,-8.193249683617967,7.546985019783015,-6.7456220642286135,7.621830460971446,-7.167186588149045
1072000000.0,10.975128210133823,-9.854479773233512,15.205912251066806,-8.18501283306417,7.543176494367529,-6.741859187594697,7.6181185385278765,-7.162823473063133
1073000000.0,10.966783691752234,-9.85088143035735,15.201106444605227,-8.168349188588582,7.5390943298151045,-6.739645560222515,7.614382515998268,-7.160230079237337
1074000000.0,10.958453205279543,-9.84728077495747,15.192231975620796,-8.146337160574157,7.535411056645052,-6.735882038340912,7.611263000665602,-7.155847296675309
1075000000.0,10.950136726167868,-9.843677829472085,15.185654580458325,-8.135070842309942,7.5296905303690025,-6.731415479161743,7.605622582031785,-7.150781822372857
1076000000.0,10.941834229895326,-9.840072616239102,15.184320800165512,-8.119903147582123,7.5264593443334125,-6.729569134728116,7.602742708562591,-7.148710267356296
1077000000.0,10.933545691966138,-9.836465157496471,15.176899993792892,-8.103714420541516,7.520524294164274,-6.726368120530594,7.5970210098085085,-7.144960102183558
1078000000.0,10.925271087910783,-9.832855475382607,15.1702492506458,-8.08216172631104,7.517003016999061,-6.722133706760942,7.59406465294755,-7.140155989300759
1079000000.0,10.917010393286105,-9.829243591936725,15.170889531775803,-8.077960789095556,7.511947707275244,-6.720624657059941,7.588870040891147,-7.138503124419623
1080000000.0,10.908763583675439,-9.82562952909925,15.168772147344914,-8.0581636694318,7.507977388721897,-6.716704451854864,7.585375548868715,-7.134183617473974
1081000000.0,10.900530634688746,-9.82201330871219,15.170723077130468,-8.043485871616507,7.503092681340127,-6.712810161128277,7.580737306029372,-7.130022316382684
1082000000.0,10.892311521962709,-9.818394952519501,15.162567637845507,-8.027624619324097,7.499625341667051,-6.710224988259339,7.577626966140757,-7.126937340336271
1083000000.0,10.884106221160884,-9.814774482167481,15.166699306755447,-8.010658494952393,7.493931951374331,-6.706580728439206,7.57219834110379,-7.123105984568598
1084000000.0,10.875914707973784,-9.811151919205122,15.16498108990841,-7.992355058127708,7.489533088334201,-6.703947924034056,7.568178814350034,-7.120174031262158
1085000000.0,10.867736958119028,-9.807527285084495,15.156375704285212,-7.977029674185552,7.484979398392066,-6.698232551201036,7.563923196697511,-7.113724476012757
1086000000.0,10.859572947341434,-9.80390060116114,15.1609473372795,-7.971109310665765,7.4798353927524746,-6.696771343150534,7.558687499133834,-7.112252774510258
1087000000.0,10.851422651413131,-9.800271888694395,15.157977783079534,-7.954960930381116,7.477148990942861,-6.692604704742705,7.556437913335274,-7.10766387091846
1088000000.0,10.843286046133699,-9.796641168847804,15.153089237723874,-7.940834343134794,7.471985890870684,-6.688834418997989,7.551471210801805,-7.1034097438203965
1089000000.0,10.835163107330239,-9.793008462689471,15.16132888656231,-7.920781696834902,7.467526640249568,-6.686214723623617,7.5474446779606525,-7.100823429765473
1090000000.0,10.827053810857517,-9.78937379119242,15.166805403796511,-7.913780041452296,7.462913444868286,-6.681593696390352,7.542841361472095,-7.096012470248995
1091000000.0,10.818958132598059,-9.785737175234976,15.163773349433384,-7.899516099962166,7.459024324520333,-6.677622764778832,7.539239552266475,-7.091620299670822
1092000000.0,10.810876048462255,-9.782098635601118,15.169970969823687,-7.8910555468281895,7.455465278930898,-6.674956726668485,7.53578766015099,-7.08893124338034
1093000000.0,10.802807534388469,-9.778458192980851,15.171181615965917,-7.877151271999442,7.449300854878576,-6.670506249684472,7.52974807643257,-7.084142301480911
1094000000.0,10.79475256634314,-9.774815867970567,15.172752997839499,-7.867530395973376,7.44515095648529,-6.667507999171087,7.525703337091513,-7.080939444123564
1095000000.0,10.786711120320895,-9.771171681073401,15.174968908999421,-7.8595678759667695,7.441949283242771,-6.663698690839683,7.522625587118488,-7.076901661756764
1096000000.0,10.778683172344632,-9.767525652699595,15.171991762278855,-7.845837680978775,7.436243655855606,-6.65983383642536,7.517060100005618,-7.07260665881696
1097000000.0,10.770668698465638,-9.763877803166867,15.17983669676712,-7.836704655975944,7.431348585327174,-6.6566234117606085,7.51220363622071,-7.0693736732784895
1098000000.0,10.762667674763684,-9.760228152700748,15.184944776011841,-7.829922775828781,7.42867726878311,-6.654388031741454,7.509635038400955,-7.0671172880735345
1099000000.0,10.754680077347109,-9.756576721434962,15.179501959957229,-7.817723224772985,7.423264503532539,-6.6484391223888775,7.504352521493883,-7.060518563462236
1100000000.0,10.746705882352941,-9.752923529411763,15.1808173183796,-7.809855692922784,7.41878523443253,-6.645091716588024,7.4998978873488165,-7.056930283697943
1101000000.0,10.73874506594697,-9.749268596582306,15.191951869894215,-7.80461525788357,7.41393509313117,-6.641548420079262,7.494962788795777,-7.0534460648853194
1102000000.0,10.730797604323858,-9.745611942806987,15.193412122307345,-7.800897178653664,7.4113241557577005,-6.638283404510683,7.49236888503875,-7.049970066247824
1103000000.0,10.722863473707216,-9.7419535878558,15.19129136457165,-7.791910698595938,7.4055776591311435,-6.634554028844184,7.486598560979648,-7.045847276954001
1104000000.0,10.714942650349716,-9.738293551408693,15.196494208898214,-7.782537188701254,7.401414082249973,-6.630636869428043,7.482533372923416,-7.041777511851622
1105000000.0,10.707035110533159,-9.734631853055916,15.19417766080494,-7.782228220160674,7.397523085343917,-6.626659009982766,7.4784692772057655,-7.037402297841002
1106000000.0,10.699140830568584,-9.730968512298364,15.202064534781018,-7.769081588089785,7.3919777540641,-6.62549390196086,7.473014841691616,-7.036345047341243
1107000000.0,10.691259786796344,-9.727303548547932,15.19430237741501,-7.771427538496716,7.388009880619119,-6.619662807681933,7.468805850740633,-7.029811886159906
1108000000.0,10.683391955586192,-9.723636981127857,15.190015213366333,-7.762358765780458,7.383708581427407,-6.615825743465966,7.464582551221968,-7.025520849972943
1109000000.0,10.675537313337376,-9.719968829273073,15.193164672282455,-7.756234988846966,7.378814203353737,-6.613068693844181,7.459616594324291,-7.022614857798834
1110000000.0,10.667695836478718,-9.716299112130537,15.195374687444772,-7.755500179465456,7.373733538649494,-6.609117541630266,7.454293223239952,-7.018398070941207
1111000000.0,10.659867501468694,-9.712627848759599,15.192925149504477,-7.75022294720613,7.369878065392255,-6.606347285935266,7.450412012409155,-7.015310568002226
1112000000.0,10.652052284795522,-9.708955058132315,15.193349750177342,-7.739078659193594,7.366607740803997,-6.6035882829519945,7.447341716236448,-7.01233508525485
1113000000.0,10.64425016297724,-9.70528075913381,15.190167842242053,-7.737214779302218,7.361920349081454,-6.598137749856045,7.442493533927706,-7.006347866220494
1114000000.0,10.636461112561785,-9.701604970562611,15.190956457291197,-7.729782092816282,7.357466340060404,-6.595969099003088,7.4380318548075985,-7.004000086673093
1115000000.0,10.628685110127073,-9.697927711130983,15.19236949113493,-7.724843807096191,7.352301196657086,-6.5912794756744955,7.432759725687501,-6.998966976282261
1116000000.0,10.620922132281084,-9.69424899946527,15.193267752135727,-7.715006046768854,7.348437159316687,-6.58820017253652,7.429014437213655,-6.995656393294301
1117000000.0,10.613172155661916,-9.690568854106228,15.189396796210936,-7.715066227304176,7.342141282674528,-6.585210382814881,7.4223569792356585,-6.992258362356627
1118000000.0,10.60543515693789,-9.686887293509372,15.193872907907437,-7.711776251782015,7.338133654097616,-6.581438561232258,7.418258030963546,-6.988315015752134
1119000000.0,10.597711112807598,-9.683204336045291,15.186096128295375,-7.708272616965905,7.333431292576753,-6.577730485995641,7.413427304251771,-6.984046483229593
1120000000.0,10.59,-9.67952,15.194481154471038,-7.704972489313512,7.328329697295849,-6.572706982093311,7.408172227810394,-6.978872914584759
1121000000.0,10.582301795274471,-9.675834303575263,15.188427464292657,-7.7010066078015065,7.3249711209257535,-6.570367100277051,7.404775734929871,-6.976138264335875
1122000000.0,10.574616475420896,-9.672147264888924,15.190759584218966,-7.692317336826023,7.320240381209478,-6.567105766552152,7.400066518576896,-6.972665850808453
1123000000.0,10.566944017259722,-9.668458901975239,15.190093466195483,-7.697947549417331,7.317065736907142,-6.5625157416902775,7.396592515944935,-6.967690896263818
1124000000.0,10.559284397642035,-9.66476923278521,15.190508223837837,-7.693647453180067,7.309959019343154,-6.559854852930184,7.3891990606504425,-6.964768480318694
1125000000.0,10.551637593449627,-9.661078275186899,15.189227698401503,-7.681991548516689,7.3057883721285615,-6.555966735984868,7.3851893546858625,-6.9605209624719135
1126000000.0,10.54400358159506,-9.657386046965769,15.184965342307219,-7.691580272036046,7.30187143137601,-6.551280688731027,7.380803943078209,-6.955320017885849
1127000000.0,10.536382339021742,-9.653692565825004,15.18534957086887,-7.679520495519946,7.297727642044225,-6.549580978963045,7.376806630832763,-6.953464591230867
1128000000.0,10.528773842703973,-9.649997849385832,15.181894615858905,-7.679485180895274,7.2938044314450785,-6.546645657789318,7.372690668460847,-6.9501656736629895
1129000000.0,10.521178069647025,-9.646301915187847,15.184216909398653,-7.67903355134684,7.288626358329113,-6.541280661939855,7.367273595734025,-6.94443107228731
1130000000.0,10.513594996887203,-9.642604780689343,15.174922280838695,-7.6754328967917775,7.284342855640073,-6.537807560318481,7.362892659619595,-6.940374865096924
1131000000.0,10.506024601491893,-9.638906463267617,15.178429693237884,-7.669051498672022,7.279553506374582,-6.534544358155019,7.358046604521444,-6.936931898817153
1132000000.0,10.498466860559638,-9.635206980219303,15.174330141527287,-7.665882365722609,7.275236930172277,-6.530878328145648,7.353616675560046,-6.9328287094894865
1133000000.0,10.490921751220196,-9.631506348760691,15.173600814646226,-7.661811626764504,7.269175079799153,-6.528698619982901,7.347327109222444,-6.930396287192149
1134000000.0,10.483389250634588,-9.627804586028033,15.164592864570894,-7.669834995275267,7.265342014266212,-6.525487868237193,7.343069386273962,-6.92662975554204
1135000000.0,10.475869335995164,-9.624101709077872,15.161506103184497,-7.660464690190945,7.260820307268997,-6.52190677225401,7.338608287639304,-6.92264969162883
1136000000.0,10.468361984525659,-9.620397734887355,15.168473183681975,-7.659810930676287,7.25558522055744,-6.5191781571940695,7.3331012299800316,-6.9198728929183
1137000000.0,10.460867173481253,-9.616692680354548,15.160849904076997,-7.655928297747064,7.250421753496296,-6.513546018776958,7.327815996947393,-6.913550069247665
1138000000.0,10.453384880148612,-9.612986562298744,15.153798118695844,-7.653003749637994,7.246630774519576,-6.511418981455204,7.323922996208783,-6.911010108087758
1139000000.0,10.445915081845957,-9.60927939746078,15.154678280785003,-7.650936377567573,7.241212642134155,-6.508553268684514,7.318269098341136,-6.9078991802772425
1140000000.0,10.43845775592311,-9.605571202503352,15.149473970564634,-7.649323155505597,7.2373272057163645,-6.504841804101147,7.314255263731582,-6.9037195130849005
1141000000.0,10.431012879761546,-9.601861994011323,15.148470312642496,-7.640072311551077,7.232665101295062,-6.500428933993548,7.309648483854456,-6.898911720880684
1142000000.0,10.423580430774445,-9.598151788492022,15.143325667663628,-7.644149098916302,7.2275538064438285,-6.498494891761816,7.304129035134553,-6.896614540602433
1143000000.0,10.416160386406737,-9.594440602375576,15.142642511442856,-7.6384123492851295,7.222611270933488,-6.49471999488463,7.299107588636802,-6.8924923707803805
1144000000.0,10.408752724135171,-9.590728452015194,15.133723533773052,-7.638901086706534,7.217553251673218,-6.491763752192702,7.293770050066161,-6.8889920782342635
1145000000.0,10.40135742146833,-9.587015353687484,15.140324052006662,-7.631468733552461,7.213328117427404,-6.488611399517294,7.2895529631544935,-6.88576474733425
1146000000.0,10.393974455946712,-9.58330132359276,15.136453705554041,-7.626437275464013,7.20827828179455,-6.485439320828059,7.284389327573974,-6.882189262211176
1147000000.0,10.386603805142753,-9.579586377855339,15.13332795632199,-7.625459618010389,7.2031999486238245,-6.481410223326737,7.279085016889293,-6.87771658202964
1148000000.0,10.379245446660883,-9.57587053252385,15.126802248648431,-7.620412630263213,7.199107948956084,-6.476987146101778,7.274964717253746,-6.872737664340311
1149000000.0,10.371899358137576,-9.572153803571537,15.130274288278088,-7.619275173212484,7.194785316984668,-6.474943563254945,7.2704416656835456,-6.870594810327557
1150000000.0,10.36456551724138,-9.568436206896552,15.129915682779135,-7.613463996558,7.188700844470414,-6.472962870593681,7.264175932048906,-6.868384118940009
1151000000.0,10.357243901672966,-9.564717758322262,15.13210987883318,-7.618942521988909,7.185045808554092,-6.468180176930635,7.26020877772242,-6.863277874989038
1152000000.0,10.349934489165179,-9.560998473597548,15.130048304734926,-7.615595906285244,7.180141425566213,-6.464921971558271,7.255150496891658,-6.859664498117746
1153000000.0,10.342637257483062,-9.5572783683971,15.124343702677752,-7.6181538460494265,7.175113522789356,-6.462250294082092,7.249780388825006,-6.856564094217381
1154000000.0,10.335352184423915,-9.553557458321713,15.12668324035825,-7.610589897287131,7.170483590407349,-6.459885588582392,7.245124203151329,-6.854042852086509
1155000000.0,10.328079247817326,-9.54983575889859,15.12115259198583,-7.6137265929142615,7.16429001072015,-6.4569512057970435,7.238495186770824,-6.8506497712068235
1156000000.0,10.320818425525204,-9.546113285581624,15.12406377712575,-7.609619591913163,7.162198976588383,-6.45360707641437,7.236464240541849,-6.847130795402978
1157000000.0,10.313569695441826,-9.542390053751705,15.123333619205658,-7.615860111160069,7.157423637459735,-6.4499156350619895,7.231268122030919,-6.843086892890424
1158000000.0,10.306333035493871,-9.538666078717002,15.117758195449726,-7.61235847109507,7.151669733827121,-6.447458606783529,7.225298518540943,-6.840214240424603
1159000000.0,10.299108423640455,-9.534941375713268,15.125012255428143,-7.613425908436173,7.147832000274535,-6.445517375958272,7.22122552050466,-6.838291735894597
1160000000.0,10.291895837873174,-9.531215959904118,15.118737904667588,-7.611173806735735,7.142003965379606,-6.440819734553498,7.215173329136992,-6.833001329843527
1161000000.0,10.284695256216127,-9.527489846381318,15.129099224696184,-7.616040875517396,7.137172548869113,-6.438074991691822,7.209937234787019,-6.830290813409233
1162000000.0,10.277506656725954,-9.523763050165087,15.12191610188712,-7.621377804818297,7.134340224864448,-6.433544513749936,7.206866233836512,-6.825190387648142
1163000000.0,10.270330017491883,-9.52003558620437,15.119434920456326,-7.620315332244722,7.128587629613713,-6.432108151671608,7.200810510531898,-6.823495730499847
1164000000.0,10.263165316635734,-9.516307469377136,15.121127781088138,-7.625385284023074,7.124248319635636,-6.42952569536611,7.196101677042278,-6.8207124737266716
1165000000.0,10.256012532311981,-9.512578714490655,15.120639072252684,-7.632355104358345,7.1200029064606225,-6.423208796837218,7.191497449283178,-6.813874882905085
1166000000.0,10.248871642707762,-9.508849336281788,15.115644099152018,-7.632042580679816,7.115073459037318,-6.421618665339797,7.186305180935475,-6.811954335292584
1167000000.0,10.241742626042921,-9.50511934941727,15.115463496726699,-7.643551063517053,7.1121072547945445,-6.419363644848702,7.182877861780075,-6.809482192956812
1168000000.0,10.234625460570028,-9.50138876849399,15.114548479409375,-7.649172478932099,7.106256055128784,-6.416833214876569,7.176542844366866,-6.806654953966962
1169000000.0,10.227520124574415,-9.497657608039273,15.11394619797071,-7.651145139597848,7.102477916861981,-6.4123300400731935,7.172558257690108,-6.8017634402810625
1170000000.0,10.2204265963742,-9.493925882511162,15.112110050969486,-7.657765784203325,7.097878547107425,-6.40997554316137,7.167531981649055,-6.799115979441652
1171000000.0,10.213344854320317,-9.490193606298702,15.107633647140029,-7.664473850735676,7.092920252380815,-6.407604983040523,7.1621229333958665,-6.796370418471689
1172000000.0,10.206274876796538,-9.486460793722204,15.108929108321545,-7.674904256890306,7.089031420223512,-6.403130161208355,7.157780884074524,-6.791555478750188
1173000000.0,10.199216642219506,-9.482727459033542,15.106437852143161,-7.680367959978503,7.084318341838098,-6.402369532170325,7.1526441311002,-6.790590536810438
1174000000.0,10.192170129038749,-9.478993616416417,15.096384567361877,-7.686446946094267,7.078496635469102,-6.3969843907967645,7.146386071824849,-6.784454676171578
1175000000.0,10.18513531573672,-9.475259279986636,15.096560500325072,-7.69159639065587,7.075605125582421,-6.395614740369285,7.143212972267212,-6.782944135034432
1176000000.0,10.178112180828798,-9.471524463792383,15.087295229182622,-7.699923082516375,7.071725681751569,-6.393515869764014,7.138913762576825,-6.780370906052583
1177000000.0,10.171100702863336,-9.467789181814497,15.089182470791977,-7.70813617648062,7.064322342165004,-6.390149418295796,7.130870174686614,-6.776700858228115
1178000000.0,10.16410086042167,-9.464053447966752,15.080237938919293,-7.715133767345654,7.062567581608376,-6.388160577872489,7.128876460727276,-6.774290835438277
1179000000.0,10.157112632118128,-9.460317276096106,15.072108262049637,-7.725041488441255,7.056788358585438,-6.385327067209732,7.12251907581162,-6.77093471776433
1180000000.0,10.150135996600085,-9.456580679983002,15.063139765886314,-7.728164747827345,7.053054035423814,-6.383314695102945,7.118521971837747,-6.768469705849376
1181000000.0,10.143170932547946,-9.452843673341604,15.06034148891769,-7.7323070597964,7.049406712962366,-6.380683576053928,7.114596571090016,-6.765518013814903
1182000000.0,10.13621741867519,-9.449106269820106,15.052363587041084,-7.744671271939984,7.045444895164178,-6.377088998135306,7.110125733686279,-6.761384700949931
1183000000.0,10.12927543372838,-9.44536848300096,15.054147797985303,-7.755147404377428,7.039972781088694,-6.3740081262702,7.104084360905639,-6.758047387518643
1184000000.0,10.122344956487174,-9.441630326401162,15.044590919666444,-7.761103409815454,7.035018310622785,-6.373862371414101,7.098677528808652,-6.75753728713043
1185000000.0,10.115425965764363,-9.437891813472527,15.04002910894815,-7.765546424461718,7.030462777117927,-6.369272546872966,7.093812222130556,-6.752432327018747
1186000000.0,10.108518440405863,-9.434152957601935,15.034704140521347,-7.769415970138486,7.028896396129485,-6.3676410643058325,7.092101855153161,-6.7505137707239395
1187000000.0,10.101622359290753,-9.430413772111605,15.02081638735012,-7.778808603448138,7.022078723537788,-6.364008830500889,7.084675730379159,-6.746132935031153
1188000000.0,10.094737701331269,-9.426674270259353,15.015918852353389,-7.786772553880088,7.018224338739028,-6.362694364021971,7.080407307342119,-6.744524342301654
1189000000.0,10.087864445472839,-9.422934465238866,15.009663838065837,-7.7902213281458526,7.012289657492393,-6.360695004374752,7.074057902887036,-6.742113788131331
1190000000.0,10.081002570694087,-9.41919437017995,14.997193912336392,-7.8032656636288875,7.010697539862642,-6.3582745474831786,7.072084829421849,-6.739155701013827
1191000000.0,10.074152056006845,-9.41545399814879,14.986931371459601,-7.806773458708066,7.005464094054362,-6.355719332948453,7.066493784987417,-6.736055361790905
1192000000.0,10.067312880456171,-9.411713362148221,14.984281936880732,-7.8081614996875235,7.001229212229861,-6.35383660432839,7.062012031000856,-6.733899222569868
1193000000.0,10.060485023120357,-9.40797247511798,14.972168459036338,-7.821667724980696,6.996956001772207,-6.350161021106773,7.057191778707389,-6.729569083638092
1194000000.0,10.053668463110945,-9.404231349934957,14.964178362721807,-7.831478609743503,6.991143715822691,-6.350406698421971,7.0507636548277794,-6.729505712698554
1195000000.0,10.046863179572737,-9.400489999413459,14.953813191154765,-7.8312200516278585,6.989287189843444,-6.346547284071749,7.048899560971977,-6.72507495426457
1196000000.0,10.040069151683802,-9.396748436305467,14.945585479075795,-7.838452548559515,6.985034000107597,-6.346556343327053,7.044208526682078,-6.724781463168264
1197000000.0,10.033286358655488,-9.393006673300885,14.936519937851145,-7.846049484541961,6.981312401305418,-6.342712543495008,7.040142640029486,-6.720369866913482
1198000000.0,10.026514779732434,-9.389264723027791,14.924066604876009,-7.851166553821993,6.975909764164103,-6.34099696934951,7.03431697478598,-6.718104587917793
1199000000.0,10.019754394192574,-9.38552259805271,14.92141231090137,-7.862704089179085,6.970795758131127,-6.339133479660987,7.02862630764171,-6.715953052614353
1200000000.0,10.01300518134715,-9.38178031088083,14.903858161985314,-7.874031470940548,6.967327268972995,-6.337252651993869,7.024696675718192,-6.713408288703178
1201000000.0,10.006267120540716,-9.378037873956286,14.890471000284453,-7.876679860301687,6.962699168730193,-6.335198477525957,7.019770788950249,-6.710772767247744
1202000000.0,9.999540191151144,-9.374295299662396,14.887624515468486,-7.876341774091141,6.958667247181329,-6.332812392679856,7.015566455629384,-6.708080946823666
1203000000.0,9.992824372589638,-9.370552600321906,14.876113815902768,-7.882340667375418,6.955729818379428,-6.329987690395123,7.012364171816791,-6.704707111588437
1204000000.0,9.986119644300729,-9.36680978819725,14.864640936547685,-7.890404368664518,6.949983566405137,-6.329323577045445,7.0060774224540685,-6.703584628894736
1205000000.0,9.979425985762283,-9.363066875490789,14.856151890134639,-7.892869359453977,6.946337316461552,-6.32761260752941,7.002196841382249,-6.701466534178179
1206000000.0,9.972743376485521,-9.359323874345053,14.841783840117412,-7.898710850573913,6.941556377099087,-6.325342238957976,6.997027583150746,-6.698574325860748
1207000000.0,9.966071796014994,-9.355580796842998,14.827029365787201,-7.912058246762324,6.938127703930096,-6.323443517225307,6.993088440342056,-6.6960929710596915
1208000000.0,9.95941122392862,-9.35183765500825,14.819148956777708,-7.910419244528982,6.932897194452615,-6.322545278638404,6.98761915756213,-6.694828423079
1209000000.0,9.952761639837657,-9.348094460805326,14.80797769134389,-7.916550590521811,6.929842025560577,-6.320146462836393,6.9842820451633445,-6.691918924802345
1210000000.0,9.946123023386725,-9.34435122613991,14.80184327212593,-7.920057160103596,6.925170697959075,-6.319442958466391,6.97926641327045,-6.690919553931012
1211000000.0,9.9394953542538,-9.340607962859076,14.786224367245659,-7.928416325682606,6.9222067408528,-6.316019722476436,6.975984941149375,-6.6868039362978084
1212000000.0,9.932878612150219,-9.336864682751523,14.771998252587363,-7.924675977595192,6.917573797355101,-6.314375100209285,6.971221582225306,-6.6845862355796575
1213000000.0,9.926272776820682,-9.333121397547837,14.759278632231826,-7.92718705048032,6.913791317392951,-6.3128732392077485,6.967192501755935,-6.682577665815219
1214000000.0,9.919677828043238,-9.329378118920703,14.74770888126806,-7.936440967866703,6.909455530223669,-6.309706550904354,6.9624245139458365,-6.678821567256357
1215000000.0,9.913093745629315,-9.325634858485166,14.742849215954868,-7.936201290828495,6.906634008250974,-6.308584573688503,6.9594862020807335,-6.677445581478926
1216000000.0,9.90652050942369,-9.321891627798863,14.724760780480596,-7.9350320516604835,6.901916542177034,-6.306343628649849,6.954574442469085,-6.674490883717772
1217000000.0,9.899958099304495,-9.318148438362245,14.718087879056357,-7.940327407568816,6.897983699489761,-6.3057046022239085,6.950297437511223,-6.6735613739814985
1218000000.0,9.893406495183235,-9.31440530161883,14.70172567214899,-7.937780135834869,6.893959444020129,-6.304149624484699,6.946147878235641,-6.671395235547127
1219000000.0,9.886865677004756,-9.310662228955428,14.692083166483902,-7.933433632366903,6.890048986177365,-6.3022070159768635,6.942176219243304,-6.6689991040427765
1220000000.0,9.88033562474727,-9.306919231702386,14.6883062676221,-7.931391927212887,6.886000027132546,-6.299296717618642,6.938014475478079,-6.66572987510782
1221000000.0,9.873816318422326,-9.303176321133801,14.671945090530727,-7.933604510359719,6.881917159491748,-6.298762214329502,6.93365722603781,-6.664649678522433
1222000000.0,9.867307738074828,-9.299433508467773,14.66261178493234,-7.940737428269429,6.879314263787492,-6.296560107012229,6.930773031650403,-6.66201357763811
1223000000.0,9.860809863783025,-9.295690804866627,14.655150520626757,-7.936831391038899,6.874191762976768,-6.294644981241437,6.925502130968894,-6.659684521803049
1224000000.0,9.85432267565849,-9.291948221437135,14.64700381735668,-7.934463746244302,6.871008685960421,-6.293941379388069,6.922229099438248,-6.658660058366951
1225000000.0,9.847846153846152,-9.28820576923077,14.642047168784533,-7.931733117367744,6.867523162556132,-6.291531586310518,6.918675902724884,-6.655902508525123
1226000000.0,9.84138027852425,-9.284463459243904,14.637401143602945,-7.9330840542780425,6.86294177206432,-6.2887207877524105,6.913856839443028,-6.652708712500204
1227000000.0,9.834925029904351,-9.280721302418055,14.624655867751398,-7.930031368804683,6.8593301211684246,-6.287772632828306,6.9101500888152,-6.651294645188139
1228000000.0,9.828480388231338,-9.276979309640115,14.612405845926894,-7.933400553057702,6.856727391978947,-6.286291291363121,6.907353814913561,-6.649347361123365
1229000000.0,9.8220463337834,-9.27323749174257,14.610994836273115,-7.926584581470362,6.852557069588157,-6.284978687001305,6.903163553395429,-6.647837477207132
1230000000.0,9.815622846872035,-9.269495859503719,14.608878422387852,-7.922982007618149,6.847966921593606,-6.282243013395953,6.898466830998122,-6.644790368677427
1231000000.0,9.809209907842028,-9.26575442364791,14.599061623961303,-7.923969290353294,6.845417542706374,-6.2825292320851815,6.89576011649114,-6.644786632495757
1232000000.0,9.802807497071456,-9.262013194845762,14.603801063702237,-7.922651276561727,6.841585670215008,-6.2799263371380105,6.891807506408928,-6.64207699591845
1233000000.0,9.796415594971668,-9.258272183714382,14.595625192462839,-7.919443950284761,6.836875966244068,-6.2790752904672,6.886938140672777,-6.64086930210407
1234000000.0,9.790034181987284,-9.254531400817585,14.592818683569872,-7.918447339223664,6.833608689531348,-6.2765450245600904,6.883573870146834,-6.638046683066619
1235000000.0,9.783663238596187,-9.25079085666613,14.591019605475145,-7.918857453232879,6.830047682096807,-6.2747381507721025,6.879847590372054,-6.636014217447498
1236000000.0,9.777302745309502,-9.24705056171792,14.585102799087275,-7.919444051969478,6.826832217449715,-6.2734418106245515,6.876473831467298,-6.63442146964641
1237000000.0,9.770952682671599,-9.24331052637824,14.577088022557442,-7.919002148111043,6.8226364564265145,-6.27140271900128,6.872099112408829,-6.631966577285757
1238000000.0,9.764613031260073,-9.239570760999957,14.58077121961409,-7.923373893526225,6.819888613387861,-6.26971781141115,6.86913137823403,-6.630223935785852
1239000000.0,9.75828377168574,-9.235831275883761,14.578846824761726,-7.917041516687871,6.816365403273073,-6.268512811570152,6.8656125564439066,-6.628826920349779
1240000000.0,9.75196488459262,-9.232092081278358,14.581568347898717,-7.921027783850658,6.812555078630875,-6.266883327965584,6.861525436138086,-6.627097729942689
1241000000.0,9.74565635065793,-9.2283531873807,14.569764078741116,-7.919322673784071,6.8106518709825785,-6.2653722019758575,6.859609394548491,-6.6251460562881945
1242000000.0,9.73935815059206,-9.224614604336198,14.578159318976974,-7.919420086311957,6.806484648952852,-6.263157527448711,6.855257392967997,-6.622936972652399
1243000000.0,9.73307026513858,-9.220876342238933,14.574591667541824,-7.920378876952761,6.804073843934029,-6.26190054693972,6.852729090796091,-6.621463064662339
1244000000.0,9.726792675074208,-9.217138411131877,14.572175222525154,-7.922617743223027,6.801084622853699,-6.259956184137966,6.849565810907405,-6.61927886528591
1245000000.0,9.720525361208807,-9.213400821007095,14.57175815453246,-7.928001114381462,6.7972714167831185,-6.258530942200065,6.845436160138368,-6.617683612427301
1246000000.0,9.714268304385374,-9.209663581805968,14.56880108133621,-7.931837340226973,6.794919419681283,-6.2563867819658086,6.842912176310287,-6.615285171409822
1247000000.0,9.708021485480016,-9.205926703419399,14.569689895775772,-7.933649495812954,6.791303056741677,-6.25618545412156,6.839063024593455,-6.615026633140855
1248000000.0,9.701784885401931,-9.202190195688017,14.565873189273887,-7.937593083000185,6.788522033720193,-6.254909226347952,6.836064871377732,-6.613519611351202
1249000000.0,9.695558485093422,-9.198454068402405,14.571218312397239,-7.941794696850763,6.785911405301122,-6.253061374887015,6.833253431385847,-6.6116471341606475
1250000000.0,9.689342265529842,-9.194718331303287,14.572935044013814,-7.9411780015499485,6.781198374906392,-6.251670562002533,6.82832548139789,-6.61012500890404
1251000000.0,9.683136207719606,-9.190982994081752,14.561912100139736,-7.947246653344598,6.778327588797865,-6.250426601354685,6.825176110996451,-6.608463935170935
1252000000.0,9.676940292704169,-9.187248066379457,14.564650055467476,-7.955827149809336,6.776833802379437,-6.248374947157158,6.823441700765948,-6.606328611869104
1253000000.0,9.670754501558003,-9.183513557788824,14.570520368435105,-7.955020821580864,6.773408806726676,-6.246551069300152,6.819896178557667,-6.604477586059475
1254000000.0,9.664578815388584,-9.179779477853263,14.56262759088962,-7.960027011594606,6.7711728684435055,-6.244399373722933,6.817467133452374,-6.601946453358579
1255000000.0,9.658413215336374,-9.176045836067358,14.561255621590174,-7.969388867879391,6.767448187261215,-6.243465486406426,6.813323415781413,-6.600849309629967
1256000000.0,9.652257682574813,-9.172312641877095,14.553958994600382,-7.970207334367713,6.765644735157079,-6.242108335068305,6.811446880165039,-6.599185261108459
1257000000.0,9.64611219831028,-9.168579904680033,14.555035450054833,-7.972208555478268,6.76142310923802,-6.239975465391636,6.806989413140215,-6.59686718208471
1258000000.0,9.639976743782096,-9.164847633825541,14.550818522001528,-7.974283624460003,6.757925863446478,-6.238955953178215,6.803276811719929,-6.595608781473037
1259000000.0,9.633851300262496,-9.161115838614974,14.548065562384746,-7.978619212777354,6.756920751208928,-6.236913437835091,6.802172002210934,-6.59335061439045
1260000000.0,9.627735849056602,-9.157384528301886,14.546230035798931,-7.985507541800173,6.753486609310287,-6.235353877200448,6.798414447609515,-6.59158249069887
1261000000.0,9.621630371502427,-9.153653712092227,14.545113667655265,-7.992049628299915,6.750938956869687,-6.233650125998173,6.795610273074426,-6.589696866132596
1262000000.0,9.615534848970828,-9.149923399144548,14.54357447201247,-7.993606696812412,6.7475241712285845,-6.231371922831024,6.79202467514063,-6.587172550237662
1263000000.0,9.609449262865503,-9.146193598570187,14.539620358986333,-8.001507417477702,6.7454296222336465,-6.229905540003335,6.789662206996859,-6.585475780477083
1264000000.0,9.60337359462297,-9.14246431943348,14.535102954243365,-8.00895788661553,6.74258638309827,-6.228831347667288,6.7865091989857875,-6.58416635493019
1265000000.0,9.597307825712544,-9.138735570751951,14.532995325164846,-8.012976434998352,6.7401771186809665,-6.225584729813429,6.783948019381707,-6.580620659173698
1266000000.0,9.591251937636304,-9.135007361496514,14.527577285870143,-8.017798120319988,6.737683532224435,-6.224399779574415,6.781235561831351,-6.579177326344653
1267000000.0,9.585205911929094,-9.13127970059166,14.519801882513589,-8.020862901739298,6.734262295849455,-6.223151125904415,6.777584129300638,-6.577587799900027
1268000000.0,9.579169730158487,-9.127552596915661,14.521710782033006,-8.016480130477373,6.731965916805019,-6.221125544892586,6.775334019547037,-6.575439616986401
1269000000.0,9.573143373924768,-9.123826059300757,14.515368595951003,-8.02294032004063,6.729226595195219,-6.218423594083863,6.772349621422141,-6.5723595323986235
1270000000.0,9.567126824860907,-9.120100096533358,14.507749068432785,-8.033429505526474,6.727670369497787,-6.217722319134533,6.770478438992125,-6.571395144495418
1271000000.0,9.561120064632538,-9.116374717354226,14.505238741411949,-8.031094116449756,6.722733285064938,-6.2157070402991526,6.765373741339129,-6.569094194830645
1272000000.0,9.55512307493795,-9.112649930458675,14.498503917193007,-8.037420896102878,6.721336911490547,-6.2149054890362105,6.763780276919457,-6.568047874797065
1273000000.0,9.549135837508038,-9.108925744496757,14.495414101389578,-8.040143470550083,6.719110420244079,-6.21365467696597,6.761407881904922,-6.566599331119314
1274000000.0,9.543158334106298,-9.105202168073461,14.483897406643047,-8.037462501245765,6.715624813393004,-6.212548153871892,6.757830197312388,-6.565063853343718
1275000000.0,9.537190546528805,-9.101479209748891,14.482005735766679,-8.04152120289133,6.714336228802419,-6.2098033546932365,6.756449263283478,-6.562080632520353
1276000000.0,9.531232456604172,-9.097756878038464,14.475802468350645,-8.041410552967974,6.711809538410829,-6.207309980442102,6.753853665846905,-6.559229080764002
1277000000.0,9.525284046193548,-9.094035181413089,14.473062621183947,-8.043428980935444,6.709129508676016,-6.206536522343077,6.751009125104633,-6.558286790151932
1278000000.0,9.519345297190576,-9.090314128299369,14.467514186288007,-8.039044402170104,6.706465946571375,-6.204209327616478,6.748373078030912,-6.555623665313073
1279000000.0,9.51341619152138,-9.086593727079777,14.457939413387543,-8.044254967030776,6.704302635121217,-6.202931326609045,6.74600323847517,-6.5539863760298545
1280000000.0,9.507496711144523,-9.08287398609284,14.453928293878462,-8.050202246232121,6.701263760925973,-6.200687001186657,6.742708659176075,-6.551447645636621
1281000000.0,9.501586838051,-9.079154913633333,14.444914525243604,-8.045935718094208,6.699709193407329,-6.199967212546258,6.741211646833899,-6.550424431656354
1282000000.0,9.495686554264212,-9.07543651795246,14.44144126608728,-8.045328593407225,6.697979709619969,-6.197545960519504,6.739473898780838,-6.547734966670237
1283000000.0,9.489795841839923,-9.071718807258032,14.4316833514019,-8.043979256045882,6.693981352313878,-6.194712140403257,6.735354491090547,-6.5444049290177455
1284000000.0,9.48391468286625,-9.06800178971466,14.41873885313341,-8.04481150812045,6.691947521040332,-6.193209169933941,6.733234679453265,-6.542446377076757
1285000000.0,9.478043059463625,-9.064285473443938,14.41932824516693,-8.042011856133787,6.690021328504457,-6.191740199019063,6.731326603835126,-6.5408638517667095
1286000000.0,9.472180953784783,-9.060569866524613,14.406466920875758,-8.035113076107233,6.687433621915865,-6.189107419511501,6.72883601010087,-6.537695067325462
1287000000.0,9.466328348014716,-9.05685497699277,14.40486061494428,-8.037452637636965,6.685479357028708,-6.1879434532074,6.7267619873341475,-6.536383192670315
1288000000.0,9.460485224370668,-9.053140812842027,14.39706448509657,-8.027129372911455,6.6822135905418865,-6.186690519972913,6.723613805896674,-6.534789167274998
1289000000.0,9.454651565102083,-9.049427382023694,14.39041499611582,-8.029451259491465,6.679067965677326,-6.184118201761745,6.720302675724605,-6.531834774884915
1290000000.0,9.448827352490598,-9.04571469244696,14.38083796367374,-8.027986710933721,6.6769569637854795,-6.182607459655095,6.718160454230476,-6.5299508656814504
1291000000.0,9.443012568850005,-9.042002751979084,14.376247640900356,-8.017852933899043,6.675099188165797,-6.181408399375937,6.7165003135869865,-6.528522639643844
1292000000.0,9.437207196526224,-9.038291568445546,14.371589263295995,-8.013664928649359,6.6712468217515815,-6.180406973368312,6.712573314609801,-6.527266331465137
1293000000.0,9.43141121789727,-9.034581149630247,14.366675541292249,-8.011713299188324,6.670547338766019,-6.177949055242967,6.711960228181436,-6.524523195800443
1294000000.0,9.425624615373241,-9.03087150327568,14.357074246430082,-8.00526099736403,6.668232602915079,-6.173792793383365,6.7097785663804785,-6.51982900770793
1295000000.0,9.41984737139627,-9.027162637083098,14.353941556101086,-8.000698507484238,6.665461143375541,-6.172935298516563,6.70700440772749,-6.51878487792275
1296000000.0,9.414079468440498,-9.023454558712693,14.348151108887814,-7.999290277534341,6.6635559736562735,-6.171299804286792,6.705083116985443,-6.516868483836818
1297000000.0,9.40832088901206,-9.019747275783775,14.347552409730609,-7.978835732140397,6.659622853269403,-6.167946265390803,6.701524988123789,-6.51321220715276
1298000000.0,9.402571615649043,-9.016040795874938,14.33722170011902,-7.977530209975745,6.658730300863984,-6.166717147251878,6.700664021143286,-6.5116328297602575
1299000000.0,9.39683163092145,-9.012335126524237,14.337941997044258,-7.97503245531577,6.656554571017598,-6.163403033754515,6.698518786694185,-6.508094853082976
1300000000.0,9.391100917431192,-9.008630275229358,14.326985496798184,-7.9728561479306475,6.652852905653807,-6.1616771123586895,6.69471182816802,-6.505918960422631
1301000000.0,9.385379457812032,-9.004926249447792,14.333086575831654,-7.962701759453404,6.650842021584773,-6.160307223705391,6.692897208747768,-6.5045752536224795
1302000000.0,9.37966723472957,-9.001223056597004,14.32254477970664,-7.954652849248182,6.649190531486509,-6.157875461479848,6.691423330664494,-6.501698896052548
1303000000.0,9.373964230881214,-8.997520704054605,14.316150258324456,-7.949084061850329,6.646851084995045,-6.154143165466531,6.689185245090816,-6.497535936252823
1304000000.0,9.368270428996135,-8.993819199158516,14.316300128239968,-7.938458245242292,6.643937011708105,-6.1532564039928355,6.68641257811591,-6.496538596880131
1305000000.0,9.362585811835249,-8.990118549207146,14.316817794376991,-7.93463775872269,6.641795243354637,-6.150331765412216,6.68432764455304,-6.493408696846422
1306000000.0,9.356910362191183,-8.986418761459548,14.315316076979801,-7.930110619783599,6.63982038603776,-6.148523356870702,6.682414801880181,-6.491414356038405
1307000000.0,9.351244062888235,-8.982719843135603,14.311866847575763,-7.92392981662537,6.636850785802056,-6.145968847437631,6.679502232399461,-6.4885611266340435
1308000000.0,9.345586896782354,-8.97902180141617,14.31468679416051,-7.914540071349743,6.633762066926622,-6.144385244691858,6.676526895611649,-6.48688939902084
1309000000.0,9.3399388467611,-8.97532464344326,14.303275427656592,-7.906841625001019,6.631916343671886,-6.141834295400609,6.674839694937429,-6.483863193108214
1310000000.0,9.33429989574362,-8.971628376320204,14.306655124703735,-7.898416177048466,6.6303518056191635,-6.1399108630503445,6.673462083481214,-6.481875044105546
1311000000.0,9.328670026680598,-8.967933007111807,14.30200480584763,-7.8896234534284275,6.627738484661271,-6.136443008699953,6.671008137999386,-6.478030371553628
1312000000.0,9.323049222554246,-8.964238542844532,14.303351131302875,-7.883184517910428,6.626580696495119,-6.134265362006089,6.670015867216965,-6.475730753461066
1313000000.0,9.317437466378255,-8.960544990506643,14.309772617470443,-7.8805001689143745,6.623532034935488,-6.132104853522821,6.666927363930523,-6.473540381801198
1314000000.0,9.311834741197764,-8.956852357048376,14.304301160474377,-7.866962207631123,6.621118346302753,-6.1286852625261306,6.664800644141568,-6.469729158985071
1315000000.0,9.306241030089332,-8.953160649382104,14.300500304401359,-7.861550871040077,6.618930294169697,-6.127153317146567,6.662676282168377,-6.467967314467608
1316000000.0,9.300656316160904,-8.949469874382498,14.301945660782517,-7.847005733858432,6.61611028507646,-6.124934244251265,6.6601224578635705,-6.465592613988298
1317000000.0,9.295080582551767,-8.945780038886685,14.294024253512767,-7.846510931366042,6.612944086508987,-6.122109572714526,6.656862550134812,-6.46234154668102
1318000000.0,9.289513812432535,-8.942091149694406,14.297443041765636,-7.833069826610896,6.61121228594982,-6.119077766385374,6.655450108090365,-6.4591752033010685
1319000000.0,9.283955989005099,-8.93840321356818,14.296701728859123,-7.835386482497816,6.608513939816998,-6.116761482428557,6.652608859104587,-6.456650232521474
1320000000.0,9.278407095502597,-8.93471623723347,14.294791025286278,-7.828689261617452,6.605678042113028,-6.112660200896962,6.64987770388592,-6.452199287902086
1321000000.0,9.272867115189385,-8.931030227378827,14.293498462138366,-7.817098962155625,6.602475765205695,-6.111541845587735,6.646822217779403,-6.450918031920853
1322000000.0,9.267336031360996,-8.927345190656052,14.301805147643822,-7.8110711621364,6.600888646132043,-6.108446363942824,6.645380953095626,-6.447808721814481
1323000000.0,9.261813827344108,-8.923661133680366,14.300471018824533,-7.805186076675254,6.597871578391821,-6.105044284694329,6.642423750753469,-6.444109942047181
1324000000.0,9.256300486496512,-8.919978063030545,14.297732358731874,-7.800378038453994,6.596601556753384,-6.10230574380867,6.6412794705278815,-6.441113475552558
1325000000.0,9.25079599220707,-8.916295985249096,14.29153569708258,-7.792660614301796,6.593084392750082,-6.101032892535922,6.637795657957305,-6.439543362095141
1326000000.0,9.245300327895684,-8.912614906842398,14.297953101618592,-7.784905942867232,6.591635982874537,-6.097000275061244,6.636560029365786,-6.435395689702569
1327000000.0,9.239813477013268,-8.908934834280869,14.301650631706295,-7.780579004933719,6.5884497715203905,-6.095205635749267,6.633354761446445,-6.433521749649886
1328000000.0,9.234335423041697,-8.905255773999105,14.295920659221196,-7.776498098984059,6.585935036066835,-6.091758091476826,6.630885320939102,-6.429677105010313
1329000000.0,9.228866149493783,-8.901577732396051,14.295834059684099,-7.771895351711792,6.584083922679698,-6.08832441585505,6.629132672681279,-6.4259977462077025
1330000000.0,9.223405639913231,-8.897900715835139,14.297158428300694,-7.770951411496811,6.580521707231089,-6.087392739086475,6.625429112216051,-6.424973889876515
1331000000.0,9.217953877874617,-8.894224730644453,14.29633733748012,-7.76584583869559,6.577967717323585,-6.083114603796011,6.622959158737322,-6.420367739178202
1332000000.0,9.212510846983337,-8.890549783116864,14.291245271228851,-7.7607531240854035,6.575786201778977,-6.080841661877972,6.620845223718491,-6.417790949667779
1333000000.0,9.207076530875575,-8.886875879510201,14.29117181414769,-7.7547954192132424,6.573822661953878,-6.076728008982766,6.619018719924198,-6.413388643605757
1334000000.0,9.201650913218266,-8.883203026047385,14.294314799492255,-7.756952734652265,6.570686395851951,-6.074055016448704,6.6157246177119715,-6.410570689691295
1335000000.0,9.196233977709074,-8.87953122891659,14.283226858603227,-7.7484836211834605,6.567091036971437,-6.071617794957808,6.61219555813298,-6.407647497583737
1336000000.0,9.190825708076325,-8.875860494271386,14.27959191728531,-7.740305115007707,6.563863339369529,-6.068835314611109,6.609056483827345,-6.404546366570069
1337000000.0,9.185426088079,-8.87219082823089,14.278959599592078,-7.739239332268743,6.562468516144269,-6.065466191591597,6.607699662776401,-6.4009314663520875
1338000000.0,9.18003510150668,-8.868522236879913,14.281222369323336,-7.734759394854834,6.561431233084981,-6.063115615203386,6.6067856154218365,-6.398473008933365
1339000000.0,9.17465273217952,-8.864854726269108,14.281657159422453,-7.719369392771727,6.556610702867809,-6.059436729262316,6.602148456553863,-6.3944893492202945
1340000000.0,9.169278963948198,-8.86118830241512,14.27417769878751,-7.725310299480587,6.555309924772964,-6.055371725676647,6.600734592163094,-6.38997355502051
1341000000.0,9.163913780693893,-8.857522971300728,14.273055564942771,-7.718400033244516,6.551933939469316,-6.052502567144059,6.597408519692353,-6.386838990044164
1342000000.0,9.158557166328235,-8.853858738874987,14.26296434594313,-7.711011319031923,6.550037238985173,-6.049103478347004,6.595671355111296,-6.382954459765022
1343000000.0,9.15320910479328,-8.85019561105339,14.254043645099832,-7.70908475780344,6.546378728712606,-6.0466686714937214,6.591916409402885,-6.380088146683193
1344000000.0,9.147869580061453,-8.846533593717991,14.25688232841295,-7.701549993801811,6.544368025747318,-6.042862704149912,6.590070452180631,-6.376081948837958
1345000000.0,9.142538576135536,-8.842872692717565,14.248062656687,-7.692913310365933,6.54135444306625,-6.041394443029948,6.587142433179689,-6.374254815506362
1346000000.0,9.137216077048603,-8.83921291386774,14.247924879776832,-7.6930612919858685,6.538260234504007,-6.038105968450106,6.5839525613301735,-6.370706110103513
1347000000.0,9.131902066863997,-8.83555426295115,14.234000756264152,-7.684639560906757,6.5364936507329245,-6.034036888427599,6.582389356643658,-6.366023013406998
1348000000.0,9.126596529675298,-8.831896745717575,14.236364848852281,-7.680259239266725,6.532759043863823,-6.031111779034457,6.578622698143902,-6.362907586130657
1349000000.0,9.121299449606266,-8.828240367884073,14.223735076547012,-7.672200199379551,6.5307186760286156,-6.027738481399798,6.576747150398481,-6.3589888152595755
1350000000.0,9.11601081081081,-8.824585135135136,14.224706725642838,-7.666601197577217,6.5265357742955405,-6.024137143898181,6.572546685059911,-6.355114933876362
1351000000.0,9.110730597472962,-8.820931053122818,14.215626233704032,-7.661715058576778,6.524729810723122,-6.021203905604696,6.570835330765644,-6.351753073979964
1352000000.0,9.105458793806818,-8.817278127466885,14.211980395768267,-7.654937136107533,6.520758696928424,-6.017784153750185,6.566883510910764,-6.3479653331390065
1353000000.0,9.100195384056512,-8.813626363754945,14.199601435660643,-7.650156049641355,6.5178116887218,-6.0158757525930335,6.563940525250793,-6.345590279334069
1354000000.0,9.094940352496174,-8.809975767542598,14.192744565796097,-7.642590384946342,6.515461626443399,-6.011246072895568,6.561747632885581,-6.340473948647017
1355000000.0,9.089693683429886,-8.806326344353563,14.183131560624284,-7.629711863471301,6.5125023597031815,-6.00865356812497,6.558997847929216,-6.337439567161553
1356000000.0,9.084455361191651,-8.802678099679826,14.181792454531061,-7.62097509729972,6.508623120674058,-6.0050771981735425,6.555192462349289,-6.333543889635423
1357000000.0,9.079225370145346,-8.799031038981765,14.168154820162831,-7.617417029632532,6.505106778765754,-6.001881396775807,6.55164002658461,-6.329765259635157
1358000000.0,9.074003694684693,-8.795385167688302,14.161988400602493,-7.60659298259753,6.502640532608788,-5.998116728056581,6.549384767085056,-6.325581134452293
1359000000.0,9.0687903192332,-8.791740491197027,14.162808964920039,-7.597333599813335,6.498794702960955,-5.994506098234366,6.545627248377256,-6.321702067916744
1360000000.0,9.063585228244143,-8.788097014874337,14.14983180607834,-7.589237991309381,6.495783639974069,-5.9917500888679305,6.542710179118071,-6.318415524177864
1361000000.0,9.058388406200518,-8.784454744055575,14.139696209111866,-7.581154134658752,6.494011105839158,-5.987953229947937,6.54112427652025,-6.314116314541011
1362000000.0,9.053199837614986,-8.78081368404516,14.132653018308087,-7.5760668871226,6.489663684172831,-5.985363916837599,6.536716233457348,-6.311124484277814
1363000000.0,9.048019507029865,-8.777173840116724,14.126640970632806,-7.5623938414352,6.487435742800205,-5.981653125239737,6.534778949998893,-6.3070068312856336
1364000000.0,9.042847399017058,-8.77353521751324,14.122022421090143,-7.550204988612739,6.482606076023097,-5.9777986840375625,6.530051215699416,-6.302723819224644
1365000000.0,9.037683498178033,-8.769897821447161,14.112841858299713,-7.538990052745632,6.480149039342161,-5.973966770412588,6.52781399896845,-6.29839915140502
1366000000.0,9.03252778914377,-8.766261657100557,14.096665588213215,-7.537327265197526,6.477085919391722,-5.969606028436136,6.524716201975128,-6.293337526197748
1367000000.0,9.027380256574734,-8.762626729625227,14.101167880711781,-7.5194221920627315,6.473821142390662,-5.9662112071317885,6.521773822671777,-6.289787416283525
1368000000.0,9.022240885160818,-8.758993044142855,14.095526969837389,-7.50902319760565,6.470725611711508,-5.963854728526859,6.518813428838795,-6.287100205450687
1369000000.0,9.017109659621319,-8.755360605745125,14.08476243359338,-7.499132255709852,6.467785713074565,-5.959325328967421,6.516044150792825,-6.281991591319116
1370000000.0,9.01198656470489,-8.751729419493854,14.076870643071,-7.486581578303139,6.462630312806824,-5.956159184354833,6.51096568956688,-6.278357549707092
1371000000.0,9.006871585189486,-8.748099490421122,14.070904361002201,-7.475897297857999,6.460191003404049,-5.952505788661433,6.508729570750391,-6.274300853840945
1372000000.0,9.001764705882353,-8.744470823529413,14.070977206851753,-7.470615740688649,6.45639889717158,-5.949722721815652,6.504915846915424,-6.271285901972484
1373000000.0,8.996665911619957,-8.740843423791718,14.052327529549919,-7.449873847924102,6.453414495068843,-5.946643797695582,6.50233083734914,-6.2675294420332275
1374000000.0,8.991575187267966,-8.737217296151691,14.053891471012903,-7.443387100383865,6.449205828990338,-5.94283034753671,6.498121175658485,-6.263451537301642
1375000000.0,8.986492517721187,-8.733592445523762,14.045602765217359,-7.431873756014883,6.446711991864466,-5.939243597773209,6.495844757757501,-6.259410968897849
1376000000.0,8.981417887903545,-8.729968876793253,14.046268146380664,-7.421125057729277,6.441923251178413,-5.936253617631886,6.491106210458387,-6.256175407848417
1377000000.0,8.976351282768032,-8.72634659481654,14.032537923219934,-7.409988903787815,6.439763863002625,-5.933688404991606,6.489158135886156,-6.253095343787474
1378000000.0,8.971292687296662,-8.722725604421143,14.029467168196799,-7.396813953121396,6.435463366327114,-5.928959822863699,6.48502399800419,-6.247938485539103
1379000000.0,8.96624208650044,-8.719105910405867,14.029270436389591,-7.383408745340838,6.4309622914685445,-5.925390495209547,6.480661649810381,-6.244075159007027
1380000000.0,8.96119946541931,-8.715487517540929,14.021594093523635,-7.3755115917916605,6.428311995308934,-5.922565306890073,6.478119543478345,-6.240854817651828
1381000000.0,8.956164809122125,-8.711870430568077,14.016133559356135,-7.365122268537517,6.424481630851761,-5.91906430384948,6.4743961597935975,-6.236951248581193
1382000000.0,8.951138102706585,-8.708254654200715,14.014002630862427,-7.351705095514486,6.4207334145862225,-5.914694623386565,6.470844624344714,-6.232207856740621
1383000000.0,8.946119331299224,-8.704640193124039,14.009521829690145,-7.341981302952543,6.41708095131049,-5.911986879039921,6.467279692110339,-6.229171776383241
1384000000.0,8.941108480055341,-8.701027051995132,14.006878722344945,-7.322049014555083,6.412737044625199,-5.90783840387174,6.463245079298623,-6.2246435739271915
1385000000.0,8.936105534158976,-8.697415235443117,14.001324796771469,-7.316227755042177,6.408701961212365,-5.904053130318603,6.459200511050745,-6.220433140971386
1386000000.0,8.931110478822859,-8.693804748069264,14.00301639272633,-7.306841656580974,6.405828859853577,-5.90073795765328,6.456460797120777,-6.216911954190165
1387000000.0,8.926123299288374,-8.690195594447108,13.997044055869436,-7.291757943109539,6.400708684091876,-5.898721123329896,6.451452951288801,-6.21455230382512
1388000000.0,8.921143980825509,-8.686587779122581,13.988941220737113,-7.285185647667596,6.398843283333137,-5.894313257940141,6.449736811979803,-6.209659399099752
1389000000.0,8.91617250873282,-8.682981306614128,13.98061134050802,-7.271270283381756,6.394866115815273,-5.8903900515186285,6.445945510906689,-6.205243110528044
1390000000.0,8.911208868337393,-8.679376181412822,13.987493453220294,-7.258535581077361,6.391353224860298,-5.887243408861553,6.442598937547977,-6.202013653685102
1391000000.0,8.906253044994784,-8.675772407982494,13.985240992955802,-7.246830660034452,6.3863643484265245,-5.884250198437334,6.437664026504306,-6.198708568608711
1392000000.0,8.901305024089,-8.67216999075984,13.979590530177983,-7.243751714326382,6.381738735362984,-5.880940512708318,6.4329196254565435,-6.194990772462962
1393000000.0,8.896364791032438,-8.668568934154553,13.970180678262532,-7.229618158507472,6.379567846678264,-5.878388200447364,6.431024844455052,-6.192034869004134
1394000000.0,8.891432331265854,-8.664969242549429,13.9658875759558,-7.224928268786112,6.3752624155146735,-5.8737526398377256,6.426678316754396,-6.186949721183327
1395000000.0,8.886507630258311,-8.66137092030049,13.97174301469328,-7.209805587427348,6.371077049983463,-5.871611337000967,6.422654880068613,-6.184752946705079
1396000000.0,8.881590673507144,-8.657773971737106,13.964998222284029,-7.200839006646566,6.3681940127035395,-5.867040703569977,6.419915684876876,-6.179705620937554
1397000000.0,8.876681446537917,-8.654178401162103,13.965386897793952,-7.195607277890607,6.363765014794623,-5.863470044675718,6.4154296951465275,-6.175856844097906
1398000000.0,8.871779934904378,-8.650584212851886,13.964770619879506,-7.186051235318311,6.359511955051242,-5.860647865864492,6.411218361828597,-6.172783875863446
1399000000.0,8.86688612418841,-8.646991411056549,13.957002884955877,-7.17611189370124,6.356271336794526,-5.856865144025535,6.4081093512402605,-6.168544027179768
1400000000.0,8.862,-8.6434,13.957198539264065,-7.158841601469432,6.352384300099261,-5.853792195293648,6.404467214291351,-6.165235482686469
1401000000.0,8.85712154797719,-8.639809983880061,13.956585029938948,-7.156946755984081,6.349013648737483,-5.850966475828917,6.40101345475651,-6.16216894000513
1402000000.0,8.852250753786034,-8.636221366868599,13.953902339475993,-7.1464077998334075,6.344708186215158,-5.847462784160927,6.396780048936862,-6.158326221416727
1403000000.0,8.847387603120554,-8.632634153111624,13.955915775014226,-7.141514408006251,6.341418626162852,-5.843714207532334,6.393494412507019,-6.154344751763383
1404000000.0,8.842532081702704,-8.629048346729421,13.951703470747988,-7.134813451525109,6.337265028746212,-5.840041694362552,6.389336945891518,-6.150287854865568
1405000000.0,8.837684175282313,-8.625463951816641,13.957964154601086,-7.125941722752292,6.333498418191739,-5.836855805074179,6.385623749580487,-6.146995348786058
1406000000.0,8.832843869637056,-8.621880972442433,13.949459941086486,-7.116436090371819,6.3298180967942415,-5.832944092417843,6.382039095474539,-6.142596596742698
1407000000.0,8.828011150572408,-8.618299412650543,13.952518152104865,-7.119401333862668,6.325137384767348,-5.831614739281826,6.377056632972217,-6.141175514488664
1408000000.0,8.823186003921593,-8.614719276459434,13.948642778031042,-7.102900492324381,6.321624052933686,-5.8285964079242,6.373790156547421,-6.137839004982838
1409000000.0,8.818368415545548,-8.611140567862396,13.947791392296036,-7.09910882825794,6.318467887396371,-5.823802339350039,6.370638870121159,-6.13268399849626
1410000000.0,8.813558371332874,-8.60756329082765,13.94891806595047,-7.09701389685847,6.314533568352018,-5.821183921278065,6.366586077882903,-6.129867396953532
1411000000.0,8.808755857199806,-8.603987449298465,13.948307188876583,-7.0897760442820115,6.310272240358644,-5.818273540303292,6.362309481617682,-6.126700257860854
1412000000.0,8.803960859090147,-8.60041304719327,13.943007709884123,-7.0837514187206825,6.306358470030032,-5.813419049392164,6.358409900722182,-6.121369467549625
1413000000.0,8.799173362975248,-8.59684008840575,13.939848260467981,-7.0788652653240876,6.302947651916819,-5.812011157528812,6.354958937185559,-6.1197505239431935
1414000000.0,8.794393354853948,-8.593268576804975,13.939686316812212,-7.07648607682689,6.298628300728042,-5.808300992178898,6.3505231178529,-6.115740311992077
1415000000.0,8.78962082075254,-8.589698516235492,13.94138814959542,-7.066169621943293,6.294054297043216,-5.805063707018526,6.345986837505616,-6.112276287338026
1416000000.0,8.784855746724723,-8.586129910517439,13.935781484187503,-7.065364651574864,6.29090946837144,-5.802273906983016,6.3427506799298765,-6.109137443162652
1417000000.0,8.780098118851559,-8.582562763446655,13.935806202781848,-7.058180338901293,6.287250163243498,-5.799908889122708,6.339100413168419,-6.10657330457122
1418000000.0,8.775347923241428,-8.578997078794782,13.935690337469808,-7.056893786879604,6.2824558532087345,-5.794682598662803,6.334161363562894,-6.100946666371329
1419000000.0,8.770605146029995,-8.575432860309375,13.93968515738864,-7.056226867393964,6.278287622663039,-5.792295251479239,6.329821463267319,-6.09843301928637
1420000000.0,8.765869773380146,-8.571870111714013,13.929399516109473,-7.041981395228838,6.275294128129082,-5.78902069338878,6.327059602152394,-6.094690803620355
1421000000.0,8.761141791481965,-8.568308836708391,13.93683136954884,-7.042429837967632,6.271992438846656,-5.786178167641132,6.323617971339594,-6.091784490326518
1422000000.0,8.756421186552679,-8.564749038968442,13.925748864792729,-7.0396783142049575,6.268737745943363,-5.783439007094435,6.320313490133917,-6.088577919811435
1423000000.0,8.751707944836614,-8.56119072214643,13.928037368066569,-7.040517035632435,6.26235133225355,-5.780703370093602,6.313594739715594,-6.0856173937042675
1424000000.0,8.747002052605156,-8.55763388987106,13.92313768094778,-7.038525534997255,6.261159934817784,-5.7770847896978275,6.312470963316701,-6.081650621438579
1425000000.0,8.742303496156708,-8.554078545747581,13.922797043045247,-7.030246697551619,6.255609627210103,-5.774511059647348,6.306841709653841,-6.078825806884019
1426000000.0,8.737612261816636,-8.550524693357891,13.922810309748623,-7.037244926053237,6.253646380922307,-5.771558422504672,6.304684056476205,-6.075652976952127
1427000000.0,8.732928335937242,-8.546972336260636,13.91934034851686,-7.037449981081285,6.248728692852539,-5.768604680650114,6.299547342007441,-6.072358137294701
1428000000.0,8.728251704897705,-8.54342147799132,13.921549020053124,-7.030684063772439,6.244981568921564,-5.765910472276879,6.295796330218493,-6.069490587505259
1429000000.0,8.723582355104044,-8.5398721220624,13.918706732842782,-7.032675326223912,6.241064892766151,-5.762597064085762,6.291687715341707,-6.065843440703618
1430000000.0,8.718920272989072,-8.536324271963391,13.913422656356577,-7.0347931095877225,6.236990035188377,-5.758886181101614,6.287418174572168,-6.061718398632975
1431000000.0,8.714265445012355,-8.532777931160972,13.91323268291699,-7.032698595046342,6.233812977680397,-5.756608866675564,6.284164060756419,-6.059245121171222
1432000000.0,8.709617857660165,-8.529233103099081,13.908604927802712,-7.0362431349584345,6.229791078637739,-5.75451724878991,6.27989149674274,-6.05685143773881
1433000000.0,8.704977497445437,-8.525689791199019,13.907648259253657,-7.032175441987263,6.225588690908437,-5.7504399163987925,6.275625438148165,-6.05243676013836
1434000000.0,8.700344350907727,-8.522147998859547,13.901444362920925,-7.029373127206466,6.222506500134413,-5.747498666124184,6.272504820476906,-6.049130279409955
1435000000.0,8.695718404613167,-8.51860772945699,13.896184600201957,-7.037342908735038,6.219608832664715,-5.74426085850608,6.269349022792392,-6.045523465226222
1436000000.0,8.691099645154413,-8.51506898634534,13.894766207747816,-7.031958663424203,6.214774453443015,-5.743125529898004,6.2643913712394355,-6.044208399764542
1437000000.0,8.68648805915062,-8.511531772856344,13.902056753859988,-7.035058835382433,6.211465012067117,-5.73944068620658,6.26090202357785,-6.040398089160246
1438000000.0,8.681883633247375,-8.507996092299608,13.895589856174574,-7.03897785581704,6.208055903522229,-5.736513724334832,6.257289445834026,-6.037089835639952
1439000000.0,8.677286354116672,-8.504461947962703,13.895312420202043,-7.029346945907851,6.203370669672738,-5.73321190677733,6.252618604001265,-6.033508739286824
1440000000.0,8.672696208456856,-8.500929343111249,13.895800348420734,-7.036110229240678,6.200172555184626,-5.732005063217478,6.2491319534642376,-6.03217574627189
1441000000.0,8.668113182992588,-8.497398280989028,13.885921823288124,-7.037109036390055,6.196915095606443,-5.729556815710368,6.245738931934795,-6.0293072501502865
1442000000.0,8.663537264474787,-8.493868764818064,13.889953489917977,-7.042552398753371,6.19375733072484,-5.726567542479757,6.242352700729836,-6.026163204197914
1443000000.0,8.658968439680606,-8.490340797798735,13.881349203266872,-7.038596538088448,6.1889029532840745,-5.724876876081836,6.237359426795096,-6.024102063047057
1444000000.0,8.654406695413368,-8.486814383109863,13.88586888036318,-7.038824583778427,6.186947738041097,-5.721269570319174,6.235371185612336,-6.020339262314934
1445000000.0,8.649852018502536,-8.483289523908805,13.874123758570885,-7.040802917034263,6.183584288238237,-5.7186413208686595,6.2318504506094605,-6.017238461235423
1446000000.0,8.64530439580366,-8.479766223331561,13.871235171632117,-7.047640042858252,6.18041345167467,-5.7158393079125185,6.228425069041682,-6.014142973662197
1447000000.0,8.64076381419834,-8.476244484492854,13.878145890616135,-7.046306469532804,6.17643986247352,-5.71428038554564,6.224293235929817,-6.012567331322789
1448000000.0,8.636230260594177,-8.47272431048624,13.87075747035431,-7.038694226605259,6.173097854355245,-5.711181363651565,6.221005303075885,-6.0090708373048125
1449000000.0,8.63170372192473,-8.469205704384189,13.867878891827942,-7.050662303673632,6.170057011520896,-5.709762157536275,6.217584630135893,-6.007438759068623
1450000000.0,8.627184185149469,-8.465688669238187,13.866717276699667,-7.053000540187739,6.167826058187762,-5.707674361496411,6.215238452380269,-6.005158083970641
1451000000.0,8.622671637253742,-8.462173208078829,13.85822464853739,-7.050812129260094,6.163936742355566,-5.70502633470167,6.211247993804238,-6.0021019492543495
1452000000.0,8.618166065248715,-8.458659323915908,13.856701535524898,-7.0547978785239955,6.160593989747177,-5.703924495218407,6.207671572112407,-6.00083695843358
1453000000.0,8.613667456171342,-8.455147019738515,13.858634656896395,-7.053703537770327,6.156895879701623,-5.700867270783741,6.2038590941917855,-5.997571275765207
1454000000.0,8.609175797084308,-8.451636298515119,13.854011269544351,-7.0585811680374455,6.153853442724442,-5.6991201167631695,6.2005970114526985,-5.995561434564512
1455000000.0,8.604691075075996,-8.448127163193679,13.849175500671219,-7.0634902569540685,6.151266997197617,-5.696948915185948,6.197825607749814,-5.993106364359173
1456000000.0,8.600213277260437,-8.444619616701711,13.849020291840036,-7.066825481383693,6.148631073070274,-5.694288061375428,6.195040363919033,-5.990232045848935
1457000000.0,8.59574239077727,-8.441113661946403,13.849728849828296,-7.066788864196254,6.146142304262427,-5.692430507661456,6.192466923470163,-5.988232410538812
1458000000.0,8.591278402791689,-8.437609301814689,13.846015064343318,-7.066584963972107,6.1426605075032175,-5.690765286837729,6.188845288159184,-5.986325266193223
1459000000.0,8.586821300494409,-8.434106539173346,13.837088856958372,-7.0693157152437545,6.139490822089975,-5.6894577351680535,6.185490476017666,-5.984690785647289
1460000000.0,8.582371071101615,-8.430605376869085,13.841155510318657,-7.077356128922671,6.137213763294919,-5.687194633758734,6.182976822090059,-5.982329360777309
1461000000.0,8.577927701854929,-8.427105817728643,13.839953795966084,-7.082390757590968,6.13387796380475,-5.685631137757415,6.179396740393434,-5.980581180643712
1462000000.0,8.573491180021344,-8.423607864558864,13.834667758443784,-7.080320469746188,6.132327684889924,-5.68361647451354,6.177868455947928,-5.978308538324171
1463000000.0,8.569061492893201,-8.420111520146792,13.82986971795007,-7.083648961626631,6.12818277846774,-5.681674026608289,6.173477527208412,-5.97607027723206
1464000000.0,8.56463862778814,-8.416616787259768,13.831814717359402,-7.091006399025223,6.126008772480178,-5.679931875104032,6.171081123283229,-5.974218557529297
1465000000.0,8.560222572049046,-8.413123668645506,13.824185333477548,-7.090016576872655,6.12254479191253,-5.679493831651272,6.1674761742608455,-5.973530632332694
1466000000.0,8.555813313044018,-8.409632167032187,13.820883710703136,-7.0927864179865105,6.119340949553342,-5.678819575640142,6.16406945560639,-5.972684768904088
1467000000.0,8.551410838166316,-8.40614228512855,13.81902308938672,-7.0981464646307195,6.117274266634893,-5.676637599938648,6.161840317316559,-5.97029163374293
1468000000.0,8.547015134834316,-8.402654025623963,13.812074374129208,-7.113352895527376,6.114046136132232,-5.675546802446308,6.158160496948848,-5.968919166516662
1469000000.0,8.542626190491475,-8.39916739118854,13.81051971563603,-7.104992985850832,6.110564319098134,-5.673202334034884,6.154721480309868,-5.9663443587329965
1470000000.0,8.538243992606283,-8.395682384473197,13.810937958618409,-7.113457308501629,6.108872337905986,-5.672187376178256,6.152801956733734,-5.96523928601367
1471000000.0,8.533868528672215,-8.392199008109756,13.800762556410357,-7.1150422611415545,6.105265831600177,-5.671508935974791,6.1489997564634,-5.964240000007639
1472000000.0,8.529499786207685,-8.388717264711019,13.794782241337213,-7.1217629092964785,6.101464032601776,-5.67016921241622,6.144894168237813,-5.962620231750747
1473000000.0,8.525137752756013,-8.385237156870868,13.794813219914083,-7.120842495228823,6.099023358275332,-5.66918252374174,6.142376675008475,-5.961529926290882
1474000000.0,8.520782415885371,-8.381758687164341,13.797415734308647,-7.133471182499559,6.096360865323327,-5.667168534035087,6.139362607092386,-5.959391107172932
1475000000.0,8.516433763188745,-8.378281858147714,13.79435902718671,-7.139523991697542,6.092952713230902,-5.66623927660491,6.135678842908352,-5.958274256557523
1476000000.0,8.512091782283886,-8.374806672358591,13.784804591046825,-7.13876943005561,6.090464565114798,-5.665577101156087,6.133108614280532,-5.957328842626977
1477000000.0,8.507756460813265,-8.37133313231599,13.787795894789944,-7.1441163138551325,6.088283702541553,-5.662007250214946,6.13078531386979,-5.9535658166544065
1478000000.0,8.503427786444039,-8.367861240520416,13.782648047781958,-7.150292930685766,6.085163514945601,-5.6623454254242285,6.127381677097892,-5.953753076524749
1479000000.0,8.499105746867997,-8.364390999453956,13.77772574440836,-7.145588097880996,6.081287715921621,-5.6613808386246,6.123426699542553,-5.952559138453963
1480000000.0,8.494790329801521,-8.360922411580361,13.773076014651139,-7.1517212250986155,6.078909826460217,-5.659072045204188,6.120860586100796,-5.949969807486568
1481000000.0,8.490481522985538,-8.357455479345118,13.777805981847553,-7.154559453000513,6.074773587041938,-5.657815979137421,6.116474828306838,-5.9486546937074305
1482000000.0,8.486179314185483,-8.353990205175549,13.769576169186697,-7.165947950302545,6.072674320368044,-5.657574699272659,6.114059340263002,-5.948182210789333
1483000000.0,8.48188369119124,-8.35052659148087,13.76065742897913,-7.167016031220407,6.06955119749394,-5.6567461847853515,6.110783200865627,-5.947061466601073
1484000000.0,8.477594641817122,-8.3470646406523,13.762939962355443,-7.168025061422252,6.067409720033097,-5.655356055802926,6.108550574603695,-5.94559424791312
1485000000.0,8.473312153901809,-8.343604355063121,13.760245119656993,-7.171743012623673,6.064652489791432,-5.653765382583186,6.105618585280196,-5.943799562987921
1486000000.0,8.469036215308302,-8.340145737068768,13.754014455301645,-7.171789398280773,6.060539505437362,-5.652884896396801,6.101315574219347,-5.942660292671812
1487000000.0,8.464766813923898,-8.336688789006908,13.753829345753974,-7.176710427397086,6.058086316500626,-5.650629701808256,6.098692619322635,-5.940218856221474
1488000000.0,8.460503937660125,-8.333233513197522,13.74588731072092,-7.182052908347997,6.054774898190847,-5.649627810346663,6.095133941378412,-5.938928874447188
1489000000.0,8.456247574452712,-8.329779911942984,13.743488743464239,-7.185317441448626,6.051725623030206,-5.64770364602651,6.091909582903875,-5.936782324406708
1490000000.0,8.45199771226154,-8.326327987528137,13.74218569218985,-7.180203803263356,6.050111766347724,-5.645982254750051,6.090368735360176,-5.934906012189183
1491000000.0,8.447754339070599,-8.322877742220376,13.73803035459069,-7.183358613022332,6.046134904696307,-5.645155570460649,6.086145165450648,-5.933866705363985
1492000000.0,8.443517442887943,-8.31942917826973,13.733250468330525,-7.1888126823137375,6.044353452358455,-5.644432173446428,6.084195904094984,-5.932965878479997
1493000000.0,8.43928701174565,-8.315982297908938,13.734169592113114,-7.189906737194031,6.040505867539933,-5.643096767256143,6.080157997531045,-5.931494798287877
1494000000.0,8.435063033699773,-8.312537103353518,13.73730682198511,-7.194718766035265,6.03891139061442,-5.641603871086226,6.07843015210451,-5.929943903315035
1495000000.0,8.430845496830305,-8.309093596801864,13.728261342264165,-7.201895004995453,6.037051838073924,-5.640750244122943,6.076369416282193,-5.92881717637624
1496000000.0,8.42663438924112,-8.305651780435307,13.719095794241825,-7.202535573101019,6.03469834621636,-5.640275087607986,6.073910437373158,-5.9280826167463045
1497000000.0,8.422429699059943,-8.302211656418196,13.722659815447532,-7.201685287037171,6.030725274641767,-5.637602467851361,6.0698047736876735,-5.925249034626273
1498000000.0,8.41823141443831,-8.298773226897985,13.72409298823792,-7.198969652034048,6.028169383018023,-5.636764583021924,6.067200023281411,-5.924342048506464
1499000000.0,8.414039523551507,-8.2953364940053,13.723767747561004,-7.20229434963556,6.0263402736876825,-5.636243675680597,6.065237461743795,-5.923745674500607
1500000000.0,8.40985401459854,-8.291901459854014,13.718312971890326,-7.210049766021826,6.0241456408482925,-5.6349705943210395,6.0628179190361156,-5.92224109634298
1501000000.0,8.405674875802088,-8.288468126541334,13.71543702539282,-7.210029207653725,6.020655424845023,-5.634342120488269,6.059169777710759,-5.921448706386066
1502000000.0,8.401502095408455,-8.285036496147859,13.713254175152107,-7.211730177866983,6.018076420180841,-5.632529779122367,6.056474167133832,-5.919435530155355
1503000000.0,8.397335661687539,-8.281606570737672,13.712072192684959,-7.212201270446703,6.0160551202800185,-5.633485934139776,6.05433675345991,-5.920381781958277
1504000000.0,8.393175562932774,-8.278178352358415,13.709089678662755,-7.214495865501393,6.013335059350345,-5.6290270427850695,6.0515340714826875,-5.91555106042138
1505000000.0,8.389021787461093,-8.27475184304135,13.710250608675317,-7.213644989279342,6.010397340815063,-5.629512998086935,6.04846207916279,-5.916029073162173
1506000000.0,8.384874323612888,-8.271327044801444,13.71296495727719,-7.219384057638223,6.008007655050758,-5.62891404301502,6.04585926259243,-5.915397666406839
1507000000.0,8.380733159751962,-8.267903959637442,13.705006992665085,-7.222098687815531,6.006408734577997,-5.626528543600236,6.0441955864490415,-5.912682918591587
1508000000.0,8.376598284265487,-8.264482589531935,13.703998230423293,-7.211588831931541,6.002690419464648,-5.625614288146322,6.040519851211164,-5.911627215910233
1509000000.0,8.372469685563956,-8.261062936451443,13.706781580336685,-7.21852855295543,5.99988308880561,-5.624055909129669,6.037471415568036,-5.90997323984831
1510000000.0,8.368347352081152,-8.257645002346486,13.708996093926183,-7.218528076401653,5.99732947640691,-5.622895582671637,6.034821357725057,-5.908738121422853
1511000000.0,8.36423127227409,-8.254228789151645,13.707992286151526,-7.2207035756584315,5.99561421651966,-5.623179902799257,6.032987298664554,-5.908982339503099
1512000000.0,8.360121434622986,-8.250814298785654,13.703705920966708,-7.222566194240409,5.992322901814341,-5.620925441141965,6.029546974228018,-5.906445468285027
1513000000.0,8.35601782763121,-8.247401533151457,13.71192592789321,-7.225789709598009,5.990356480273786,-5.6196397932730475,6.027453065868128,-5.905205944439234
1514000000.0,8.351920439825232,-8.243990494136288,13.713187926932015,-7.2214901087418015,5.987235108386391,-5.618543724476904,6.024286873527435,-5.9040105084027354
1515000000.0,8.347829259754597,-8.240581183611736,13.71015831890583,-7.233108368989252,5.9865256037034555,-5.617108769993782,6.023367191810278,-5.902411544847616
1516000000.0,8.343744275991874,-8.23717360343383,13.706958980647949,-7.228939198142028,5.984578298903822,-5.6159881697988405,6.021443157204137,-5.90112628935341
1517000000.0,8.339665477132607,-8.233767755443093,13.709368412926626,-7.229911464474667,5.981691993783933,-5.614650126191841,6.018426239553164,-5.8996988129619945
1518000000.0,8.335592851795282,-8.230363641464626,13.710466387282203,-7.235045872806378,5.978313483161759,-5.613587308558234,6.014802609034105,-5.898523510617489
1519000000.0,8.331526388621274,-8.226961263308167,13.715438719009757,-7.228781968421284,5.976438193952951,-5.612254863626565,6.012994625013986,-5.897177283929459
1520000000.0,8.327466076274819,-8.223560622768176,13.712029881276203,-7.237271565580851,5.974851652696009,-5.61157262476469,6.011195196141781,-5.896350765593088
1521000000.0,8.323411903442947,-8.220161721623889,13.704191257625313,-7.236819432650828,5.972231193614125,-5.610390120479816,6.008490906762005,-5.894893210953788
1522000000.0,8.319363858835468,-8.216764561639405,13.708095866661717,-7.23642402650638,5.970073955869053,-5.609242871835709,6.006266983577943,-5.893712017740658
1523000000.0,8.315321931184908,-8.213369144563734,13.71628941242805,-7.235762179687938,5.967194182530736,-5.607951454306241,6.003284502209284,-5.892446852449204
1524000000.0,8.31128610924647,-8.209975472130887,13.71922607693455,-7.236908694633351,5.9662761563692746,-5.605856360775713,6.002361037727095,-5.890269021387378
1525000000.0,8.307256381798002,-8.206583546059933,13.723179815802167,-7.242225311714446,5.9636692324030705,-5.605597124768342,5.99953204079159,-5.890013571346465
1526000000.0,8.303232737639942,-8.203193368055071,13.717693209225692,-7.238435461780023,5.959940797863714,-5.6039925788719085,5.995728807982214,-5.888134964761883
1527000000.0,8.299215165595278,-8.199804939805698,13.719272593904192,-7.246536869433294,5.95879375253622,-5.602978003530387,5.994406933302024,-5.887063439114443
1528000000.0,8.295203654509512,-8.196418262986478,13.71629005528888,-7.246687523379225,5.957128984962081,-5.600823906071348,5.9927189863654515,-5.88469332359219
1529000000.0,8.291198193250612,-8.193033339257406,13.715563191030059,-7.255497967814093,5.954536262386307,-5.598680080948167,5.989881130761013,-5.88235271599993
1530000000.0,8.287198770708962,-8.18965017026387,13.723319143957667,-7.253513211626178,5.952744719088308,-5.597972802439487,5.98806319132254,-5.881718112508987
1531000000.0,8.283205375797337,-8.18626875763675,13.724061812451808,-7.25475594406476,5.94959805395534,-5.596218959026963,5.9847771812490915,-5.8798108422929065
1532000000.0,8.27921799745085,-8.182889102992432,13.719469485715706,-7.255944222245038,5.947934528013026,-5.59376249929226,5.983078519600429,-5.877089719956631
1533000000.0,8.275236624626903,-8.17951120793292,13.731347205256851,-7.255227099821141,5.94665492893498,-5.591861536732515,5.9818000406132485,-5.875281766774336
1534000000.0,8.271261246305162,-8.176135074045886,13.738438090037274,-7.256160600401579,5.9452706371903465,-5.588248549619147,5.980419006471436,-5.871568294545862
1535000000.0,8.267291851487496,-8.172760702904723,13.722764627683045,-7.262129290554196,5.942548074636253,-5.588078101574363,5.97746779445813,-5.871025934372991
1536000000.0,8.263328429197948,-8.169388096068644,13.731688850222723,-7.263592999331167,5.941571404059003,-5.5865624621896295,5.976461838193203,-5.869572945365142
1537000000.0,8.259370968482688,-8.166017255082705,13.732909788219699,-7.258751141966997,5.939367555262527,-5.586258752667325,5.974258058135829,-5.869231043565984
1538000000.0,8.255419458409971,-8.162648181477905,13.738402666812098,-7.264261329996231,5.936884154001215,-5.5821232084226216,5.971640870266817,-5.864907623106113
1539000000.0,8.25147388807009,-8.15928087677124,13.733363453305861,-7.270604541623922,5.935205898930493,-5.581037041563404,5.969800158149638,-5.863623561135736
1540000000.0,8.247534246575341,-8.155915342465752,13.736380465121785,-7.265678458464077,5.933803153568367,-5.5793380689728584,5.968473516045367,-5.861858025971599
1541000000.0,8.243600523059985,-8.152551580050623,13.732420135306771,-7.271701241487034,5.931882153631934,-5.577220335399851,5.966404260670213,-5.859499370936327
1542000000.0,8.239672706680187,-8.14918959100121,13.736431682278,-7.2701169275155175,5.929337830324397,-5.5761617965984795,5.963793123043248,-5.858402651963673
1543000000.0,8.235750786613995,-8.145829376779135,13.73546532015654,-7.275219836770016,5.926267628878403,-5.5732390445349305,5.960543018254319,-5.8552256693091955
1544000000.0,8.231834752061284,-8.142470938832318,13.741785942320673,-7.272551543422797,5.925566108038386,-5.571183093096271,5.959920388085823,-5.853158765953479
1545000000.0,8.227924592243722,-8.139114278595075,13.745208557595381,-7.267761837097649,5.924141091474149,-5.569523492186551,5.958566189481735,-5.851441313351883
1546000000.0,8.224020296404728,-8.135759397488158,13.73638132383124,-7.275968926960895,5.9227076041214834,-5.567523041797055,5.9569724372233885,-5.849124488276061
1547000000.0,8.220121853809419,-8.132406296918814,13.736020606042441,-7.27338357826795,5.92163872957731,-5.565916612049139,5.955954141848732,-5.847398283518963
1548000000.0,8.216229253744581,-8.129054978280875,13.741460776384706,-7.278825615474016,5.919730075361794,-5.563077483095352,5.9539208477708945,-5.844455691845867
1549000000.0,8.212342485518624,-8.125705442954786,13.741345913377238,-7.28097282283738,5.917389513605327,-5.560044423680816,5.951500925234849,-5.841195944286306
1550000000.0,8.208461538461538,-8.122357692307691,13.743167521378925,-7.282141062359219,5.915982655937046,-5.558547690060229,5.9500514498603385,-5.83961706648924
1551000000.0,8.20458640192485,-8.11901172769349,13.74140098646315,-7.2773263747329,5.91404274424437,-5.556825447935119,5.9481577989056635,-5.837724145405732
1552000000.0,8.200717065281587,-8.11566755045289,13.745759009194579,-7.279550251169833,5.912038648053198,-5.554809726751773,5.946067524201171,-5.83563047353357
1553000000.0,8.19685351792623,-8.112325161913482,13.75145750984957,-7.279409879498971,5.910396446217054,-5.552998491966711,5.944398777089111,-5.8337869581201
1554000000.0,8.192995749274678,-8.108984563389784,13.749881996794263,-7.286815771000435,5.909095161834236,-5.550512804641795,5.942968533465438,-5.831098257172427
1555000000.0,8.189143748764195,-8.10564575618332,13.746749663801165,-7.281581009942563,5.907008192017211,-5.548561123296287,5.94093290538676,-5.828934330028026
1556000000.0,8.185297505853384,-8.102308741582666,13.750255965010403,-7.286865494269534,5.904432822162447,-5.547438864482608,5.938163379771669,-5.827754008622192
1557000000.0,8.181457010022136,-8.098973520863522,13.742852691441684,-7.2797331896845066,5.9038181765632025,-5.543753371802273,5.937759316597913,-5.82371239109773
1558000000.0,8.177622250771586,-8.09564009528876,13.745621106550526,-7.28557524391167,5.901660507045904,-5.5412108339828015,5.935453065978959,-5.821026711188447
1559000000.0,8.173793217624084,-8.092308466108495,13.750344321908836,-7.289147193332905,5.9007076888823695,-5.540285102651343,5.934425406743469,-5.8201133738403374
1560000000.0,8.169969900123135,-8.088978634560132,13.745690923296651,-7.286772842213531,5.898822875448898,-5.53676105613142,5.932585847872929,-5.816263226075965
1561000000.0,8.16615228783338,-8.085650601868439,13.74707586973983,-7.279235364143013,5.896657902312655,-5.534975602796566,5.930504047166264,-5.814358171941527
1562000000.0,8.162340370340537,-8.082324369245597,13.750528826761462,-7.286199061998062,5.895358738639158,-5.532079308383104,5.929092657316093,-5.811329665370214
1563000000.0,8.158534137251365,-8.078999937891261,13.750526107405705,-7.279943228052122,5.894226567759619,-5.530085228324301,5.928083469761245,-5.809200760043439
1564000000.0,8.154733578193628,-8.07567730899262,13.74955414247792,-7.279791235341787,5.891066578612468,-5.527535427112648,5.924832094035048,-5.80641859154511
1565000000.0,8.150938682816047,-8.072356483724452,13.744813862749329,-7.284165673099683,5.890095463066836,-5.524962038992146,5.9238123890132846,-5.8035889898883655
1566000000.0,8.147149440788267,-8.06903746324918,13.742654990502261,-7.283580973768717,5.888251439498031,-5.524049152134398,5.921923451897954,-5.802544089867557
1567000000.0,8.1433658418008,-8.065720248716936,13.745471563550794,-7.272990810116525,5.885716954671707,-5.521515309376119,5.919522780004987,-5.799867530464924
1568000000.0,8.13958787556501,-8.062404841265622,13.748888742837376,-7.285742024267454,5.885457145931554,-5.516163929209854,5.919159730186727,-5.79426533612341
1569000000.0,8.135815531813043,-8.05909124202095,13.737240772602467,-7.284827456822802,5.883596846002623,-5.515380213504063,5.9172608863408795,-5.793182954492282
1570000000.0,8.132048800297811,-8.055779452096518,13.742242316800908,-7.272258225674904,5.881644589524642,-5.512884197449413,5.915509399292556,-5.790599852688456
1571000000.0,8.128287670792933,-8.052469472593856,13.743549355652046,-7.282349835557466,5.880054864097663,-5.510813283743115,5.913718349773708,-5.7883961994148825
1572000000.0,8.12453213309271,-8.049161304602483,13.73813704943038,-7.276363730333891,5.876986482920438,-5.50884199887429,5.910659975426085,-5.786148931136298
1573000000.0,8.120782177012066,-8.04585494919997,13.736469161395194,-7.278463138079991,5.875096467615808,-5.506200184478091,5.908712180152873,-5.783284817847467
1574000000.0,8.117037792386526,-8.042550407451989,13.724451492219547,-7.288572584212191,5.875113148284566,-5.503618043768445,5.9086351316586505,-5.78033508659411
1575000000.0,8.113298969072165,-8.03924768041237,13.737398156604351,-7.272086403265136,5.872669400219104,-5.500857953004847,5.906437999749526,-5.7776074395243855
1576000000.0,8.109565696945566,-8.035946769123163,13.731672837216305,-7.271349463608387,5.871524751684209,-5.498913440697273,5.905315218045491,-5.7754242005666105
1577000000.0,8.105837965903788,-8.032647674614678,13.727871357984128,-7.266477465421411,5.870531436119487,-5.496451007040473,5.904438208950262,-5.7727340850903115
1578000000.0,8.102115765864317,-8.029350397905562,13.735871469333896,-7.2690134206972115,5.869061194717066,-5.494487088460975,5.902906951149617,-5.770771202156723
1579000000.0,8.098399086765031,-8.026054940002835,13.729098591641595,-7.261313175253203,5.867093991721842,-5.4921160586034965,5.901051609766669,-5.768103095088671
1580000000.0,8.094687918564158,-8.022761301901955,13.72652573142909,-7.262141699675666,5.866703081209443,-5.490023851042678,5.90069839042539,-5.7658377501398475
1581000000.0,8.090982251240233,-8.019469484586867,13.728888792055862,-7.257018232505185,5.863709025351145,-5.486841534670102,5.897726205976182,-5.762454440481117
1582000000.0,8.087282074792062,-8.016179489030062,13.72554851032621,-7.255286335519081,5.863206070560962,-5.483893312724389,5.897320504496636,-5.75926976208404
1583000000.0,8.083587379238683,-8.012891316192622,13.730489583734833,-7.2543502017064965,5.861831163501447,-5.481204182150215,5.895970538936262,-5.756488558787132
1584000000.0,8.07989815461932,-8.00960496702429,13.716514103492019,-7.257332465240822,5.8602700227331885,-5.478084545906072,5.8943697564750135,-5.752905689667559
1585000000.0,8.076214390993346,-8.006320442463506,13.71528779763172,-7.253714081662966,5.859356873900942,-5.47570797055097,5.893551100664549,-5.750354745191197
1586000000.0,8.072536078440246,-8.00303774343747,13.713259615864677,-7.245450088939423,5.858338491034101,-5.475003325342087,5.892667846198697,-5.749554169358474
1587000000.0,8.068863207059568,-7.999756870862193,13.712431582026674,-7.2429283002613865,5.855584344121815,-5.470981829831352,5.889921766048641,-5.745231774489377
1588000000.0,8.065195766970898,-7.996477825642551,13.711057913424517,-7.24200242370456,5.854934593688933,-5.469455382252753,5.889313508406653,-5.743580973643592
1589000000.0,8.061533748313803,-7.993200608672334,13.712271494636282,-7.239413868264502,5.852594898585454,-5.4656439831339,5.887000905447627,-5.739526561843483
1590000000.0,8.057877141247804,-7.9899252208343,13.70555772223953,-7.247037111094874,5.852443764304609,-5.4626920087636766,5.886799201773316,-5.7362832410707165
1591000000.0,8.054225935952333,-7.986651663000232,13.705676239876524,-7.238767190690752,5.8505662874721684,-5.460357320873083,5.8850440310394205,-5.733780689162369
1592000000.0,8.050580122626686,-7.983379936030979,13.700889012307984,-7.231159303846441,5.847886108873145,-5.458318773166366,5.882424095581748,-5.7314847633879324
1593000000.0,8.046939691489996,-7.9801100407765215,13.694837190315262,-7.225397490282787,5.8472834442855515,-5.455096977700643,5.8819913605127985,-5.727962795889241
1594000000.0,8.043304632781187,-7.976841978076015,13.690932815037735,-7.223502929274914,5.8446665978607815,-5.452365562305314,5.879350856221392,-5.724951113228262
1595000000.0,8.039674936758924,-7.973575748757837,13.692230871573795,-7.22172105793307,5.84417560256685,-5.449957068521241,5.878944107716118,-5.722421026051399
1596000000.0,8.0360505937016,-7.970311353639648,13.681755886836157,-7.214808100702353,5.841326667141728,-5.446677559039771,5.876162369596216,-5.718709654214079
1597000000.0,8.032431593907267,-7.967048793528436,13.678590462654908,-7.212077551368753,5.840782287163365,-5.4446555672333865,5.875708678665954,-5.716506984543426
1598000000.0,8.028817927693614,-7.963788069220567,13.674429395241901,-7.212330299809161,5.837744274594111,-5.441128420160573,5.8726027366310385,-5.712641333120914
1599000000.0,8.02520958539793,-7.960529181501843,13.673912724393215,-7.199321214699971,5.835411612013678,-5.438183220386157,5.870464183320968,-5.709474582728815
1600000000.0,8.02160655737705,-7.957272131147541,13.668422132231573,-7.199592723742672,5.833662121324167,-5.4350421472959125,5.868709894714187,-5.706021687875317
1601000000.0,8.018008834007325,-7.954016918922467,13.667626831622973,-7.196080636550955,5.832411203685126,-5.432267075638274,5.867539942456294,-5.703051121068801
1602000000.0,8.014416405684589,-7.950763545581015,13.658791765123322,-7.191565868799884,5.831063815706157,-5.428729381903359,5.8663048495261965,-5.699130545471614
1603000000.0,8.010829262824105,-7.947512011867203,13.656754791392114,-7.186638060013584,5.829170566314919,-5.426142772486814,5.864477939476213,-5.69632316046833
1604000000.0,8.007247395860542,-7.944262318514726,13.651963552784448,-7.190239886148658,5.828060688040186,-5.422121883384641,5.863358591353529,-5.691968270141373
1605000000.0,8.003670795247919,-7.9410144662470135,13.653270632201242,-7.177802131784454,5.826468206937562,-5.420199799605291,5.861966911664315,-5.689930231470116
1606000000.0,8.000099451459581,-7.937768455777268,13.642479954040903,-7.175726676453266,5.824077293568765,-5.416017670103522,5.859600922970828,-5.685271941125283
1607000000.0,7.996533354988154,-7.93452428780852,13.633507221832412,-7.16841544913447,5.8207668920020295,-5.415736755795248,5.8562708870140545,-5.684744895268891
1608000000.0,7.992972496345504,-7.9312819630336735,13.634273246324915,-7.165599214899524,5.820022734444299,-5.410279139747374,5.855681306308974,-5.6789823244626
1609000000.0,7.989416866062703,-7.928041482135555,13.627368644530353,-7.162105807685532,5.817848198041271,-5.408623407041331,5.853512001592045,-5.677065343343613
1610000000.0,7.985866454689983,-7.924802845786963,13.621028944424987,-7.1534433022121755,5.816563680388501,-5.405231512252894,5.852411479841469,-5.673346754611386
1611000000.0,7.9823212527967105,-7.9215660546507145,13.616520459794385,-7.1472356154216845,5.814904668137374,-5.401958644545048,5.850868998836645,-5.669777636948866
1612000000.0,7.9787812509713305,-7.918331109379694,13.60908597289983,-7.145022344102938,5.812101125481907,-5.400070834427761,5.848018105966046,-5.667592824317594
1613000000.0,7.975246439821344,-7.915098010616899,13.604564362310438,-7.1338945003690695,5.810155650549808,-5.3965260666114485,5.846265952255123,-5.663731623972224
1614000000.0,7.97171680997326,-7.9118667589954885,13.592803832239078,-7.132500905625344,5.809485268421071,-5.394282343499442,5.845660117287076,-5.661141316228507
1615000000.0,7.968192352072556,-7.908637355138827,13.592321887742955,-7.125586166055033,5.806735469196997,-5.391268017712369,5.842971981301537,-5.657893342612543
1616000000.0,7.964673056783651,-7.905409799660545,13.584264522854177,-7.1178475236472245,5.804437221674798,-5.387658749895118,5.840789062326279,-5.65389377633461
1617000000.0,7.961158914789856,-7.902184093164565,13.582770289349897,-7.113564593960559,5.802153667120489,-5.384472656099436,5.838550013109662,-5.650456534300382
1618000000.0,7.957649916793332,-7.898960236245159,13.577226130453338,-7.108095769634016,5.7997493561124,-5.382092547738247,5.8361876851275545,-5.647796077723585
1619000000.0,7.95414605351507,-7.895738229486998,13.569758104492317,-7.098429938450516,5.798728460610598,-5.378795309524075,5.835379168954859,-5.644164743874614
1620000000.0,7.9506473156948365,-7.892518073465193,13.55914098715982,-7.093998282941891,5.796813023381245,-5.3751816163264365,5.833541522240256,-5.640123896502796
1621000000.0,7.94715369409114,-7.8892997687453414,13.55590593727701,-7.090256666467814,5.7949434492915435,-5.373227880527734,5.831703009111044,-5.6379657567067225
1622000000.0,7.943665179481198,-7.886083315883576,13.553565739453076,-7.082683180736854,5.792895784758396,-5.369763942766384,5.829776210732683,-5.634226880400372
1623000000.0,7.940181762660889,-7.882868715426604,13.543758792326901,-7.067989326320237,5.789631634628034,-5.3652683673550206,5.826714307253889,-5.629243529437688
1624000000.0,7.936703434444723,-7.879655967911758,13.543289463687037,-7.0583285161624145,5.787539970429396,-5.363441211760119,5.824741955899743,-5.627264413414698
1625000000.0,7.933230185665801,-7.87644507386704,13.534331468749446,-7.056208177285261,5.7861014735693095,-5.360730999144343,5.823346437727447,-5.624216811080959
1626000000.0,7.929762007175778,-7.873236033811166,13.528519224434708,-7.048811678283559,5.783932290970208,-5.3563790220908505,5.821306845306631,-5.619478021828587
1627000000.0,7.926298889844823,-7.870028848253609,13.521985544670857,-7.0372219745770455,5.781695466827977,-5.3525144043914725,5.81925903575437,-5.615240305316871
1628000000.0,7.9228408245615825,-7.866823517694652,13.514761030769678,-7.0271640937788655,5.780122307452139,-5.34986604846048,5.8178586671186165,-5.612287603810992
1629000000.0,7.9193878022331425,-7.863620042625414,13.518006709604803,-7.016419186285659,5.7777505703919205,-5.34618672760748,5.815647293487961,-5.608414478373795
1630000000.0,7.915939813784994,-7.860418423527916,13.500918401952443,-7.007512257640334,5.7758881954063,-5.342512622605263,5.813944575281372,-5.604200528035951
1631000000.0,7.912496850160991,-7.857218660875111,13.502300743773551,-7.001719306598978,5.774017322048393,-5.339974203308608,5.8121506923421,-5.6015082914814105
1632000000.0,7.9090589023233155,-7.8540207551309305,13.498726830504044,-6.990524227812115,5.770654469803048,-5.338189856699808,5.808862438941501,-5.599494681875002
1633000000.0,7.905625961252438,-7.850824706750331,13.490192584169625,-6.9741148742445915,5.769401306247099,-5.334025544763201,5.8079419285363825,-5.594928581215672
1634000000.0,7.902198017947085,-7.847630516179338,13.488880938949524,-6.975702989369219,5.768610962450451,-5.331455899629887,5.807159231733402,-5.592177346548466
1635000000.0,7.898775063424194,-7.844438183855084,13.482897244570934,-6.964840731702785,5.766382900257838,-5.330287351806378,5.805049691067846,-5.59079533875093
1636000000.0,7.895357088718887,-7.841247710205856,13.474367141759064,-6.951976000218703,5.763776430973072,-5.326556776417858,5.80262950325074,-5.586658574904285
1637000000.0,7.891944084884419,-7.838059095651135,13.469534524128418,-6.9315934610579815,5.760424272413438,-5.321478089314209,5.799580711276889,-5.58115111105111
1638000000.0,7.888536042992156,-7.834872340601642,13.46848697957738,-6.931050960436822,5.758040953889945,-5.318851516675202,5.797155064307868,-5.578312266655483
1639000000.0,7.8851329541315245,-7.8316874454593846,13.4650496633721,-6.915227063235699,5.758107647126469,-5.3163037881045865,5.797580488337598,-5.575569025363357
1640000000.0,7.881734809409988,-7.828504410617687,13.449971087869745,-6.909216492726797,5.755137942904026,-5.312222278134761,5.794664716662263,-5.570939392142456
1641000000.0,7.878341599952998,-7.825323236461243,13.4499365267576,-6.896831640203921,5.751847743876877,-5.310091640718341,5.791478481077304,-5.5686266198407655
1642000000.0,7.874953316903963,-7.822143923366155,13.441746114763282,-6.887018758039803,5.751211378709703,-5.30568629194819,5.79109531449949,-5.563824754559321
1643000000.0,7.8715699514242115,-7.818966471699972,13.44047750470038,-6.87754241300183,5.748470022814873,-5.303705282932457,5.7884341277314055,-5.56165905983604
1644000000.0,7.868191494692953,-7.815790881821735,13.4327107822163,-6.862299276846342,5.747040081639225,-5.299980058551418,5.787294140262323,-5.557567912882466
1645000000.0,7.864817937907244,-7.812617154082022,13.424477999482459,-6.860786056065022,5.743770479983467,-5.2980188083990685,5.783937781265305,-5.555288973491127
1646000000.0,7.86144927228195,-7.809445288822986,13.42086570715226,-6.848235413025133,5.742253530174135,-5.293651223347709,5.78267011214785,-5.550590539221762
1647000000.0,7.858085489049709,-7.806275286378387,13.424851631090322,-6.8446197147948284,5.740369024383753,-5.291044967905915,5.780820956216872,-5.547872979463321
1648000000.0,7.854726579460894,-7.803107147073649,13.420908772831318,-6.833646031591222,5.738650076153212,-5.287392160600109,5.779297800495318,-5.543918569433594
1649000000.0,7.85137253478358,-7.799940871225891,13.416883862223662,-6.820512197407882,5.73707677418218,-5.28438827418716,5.777952680844846,-5.540651105072652
1650000000.0,7.848023346303502,-7.7967764591439686,13.411691292482653,-6.807074854215407,5.733688605963638,-5.281201206148835,5.774701716607369,-5.537134269218112
1651000000.0,7.844679005324023,-7.793613911128518,13.405890774091784,-6.799320229307537,5.731892745718326,-5.277716114481153,5.773037752003751,-5.533322455271084
1652000000.0,7.841339503166099,-7.790453227471992,13.40701544984138,-6.79529393872191,5.729231851533883,-5.274226201802195,5.770393894824641,-5.52960769182802
1653000000.0,7.8380048311682335,-7.787294408458702,13.393656015998204,-6.77470158086054,5.7267266389673015,-5.27306617940181,5.768160849581487,-5.528108528669204
1654000000.0,7.834674980686458,-7.784137454364861,13.39780905740118,-6.767708610596021,5.72450762186386,-5.269534491746811,5.766033745180164,-5.524412412339271
1655000000.0,7.831349943094277,-7.780982365458613,13.396728033579082,-6.761260032893911,5.722844747685738,-5.265983604538052,5.7644860998073675,-5.520615819441826
1656000000.0,7.828029709782646,-7.777829142000088,13.377939312642637,-6.751192980705606,5.720739708050787,-5.263740761703802,5.762515385098856,-5.517884933998135
1657000000.0,7.8247142721599285,-7.77467778424143,13.385380055679617,-6.738752313069377,5.7182664184790255,-5.259890877651357,5.760218693638927,-5.513907505842262
1658000000.0,7.821403621651861,-7.771528292426837,13.378073868105178,-6.7316377626924035,5.7163212045157525,-5.2575759410596925,5.758362221222276,-5.511302266267724
1659000000.0,7.81809774970152,-7.7683806667926065,13.3780229389481,-6.72103370511809,5.713979574804107,-5.255743909611823,5.7561354807467735,-5.509326151752512
1660000000.0,7.814796647769288,-7.7652349075671685,13.37743791961569,-6.714830672147822,5.71163626975382,-5.25081318222815,5.75389100139799,-5.504069294142299
1661000000.0,7.811500307332803,-7.762091014971124,13.374675505416675,-6.707374671332923,5.70980955246995,-5.247859741404299,5.752175510926015,-5.5008718468379945
1662000000.0,7.808208719886945,-7.7589489892172905,13.363854208197004,-6.692536227790837,5.707938232856624,-5.2442990478895455,5.750555416119353,-5.496896739283672
1663000000.0,7.8049218769437845,-7.755808830510733,13.367181982025953,-6.686002983074593,5.705164017133538,-5.242623209285438,5.747796418452148,-5.495134240935051
1664000000.0,7.80163977003255,-7.752670539048806,13.366648061465238,-6.676207521198771,5.704751877640558,-5.2378008308343285,5.747648395396247,-5.490031766500012
1665000000.0,7.7983623906996,-7.74953411502119,13.358734246007034,-6.672169998052315,5.70083568211194,-5.234904562342324,5.743669365881421,-5.486764588099595
1666000000.0,7.795089730508373,-7.7463995586099275,13.351564720943246,-6.6581891316629065,5.700526228289035,-5.233142565947627,5.74364533544322,-5.484781043897526
1667000000.0,7.791821781039367,-7.7432668699894664,13.349837125990367,-6.65154034988831,5.698036774817421,-5.2294789032866555,5.741228417829318,-5.48083973816917
1668000000.0,7.7885585338901,-7.740136049326695,13.34960121297565,-6.642157325842944,5.695189123334835,-5.226804823532433,5.738460757294013,-5.477962819350426
1669000000.0,7.785299980675065,-7.737007096780978,13.352022188550135,-6.638008586331004,5.693544652575106,-5.224361130332373,5.736866814733454,-5.475395302187573
1670000000.0,7.782046113025711,-7.733880012504193,13.339182801250681,-6.632357944997799,5.691610314025502,-5.221414405642952,5.735009401323904,-5.472029948558005
1671000000.0,7.778796922590388,-7.730754796640771,13.340957887468956,-6.619682159261105,5.688835058784847,-5.2176172787917015,5.732394493889739,-5.468005792451454
1672000000.0,7.775552401034336,-7.727631449327729,13.348854555757482,-6.617257962332541,5.687315533762593,-5.216121041967869,5.730881638098129,-5.466533531681419
1673000000.0,7.772312540039629,-7.724509970694715,13.335057812349952,-6.60453291636909,5.685407185550476,-5.21216802189154,5.7291921952266796,-5.462094544017726
1674000000.0,7.7690773313051515,-7.721390360864033,13.347425790257194,-6.597399412666887,5.682687325878662,-5.208034410827223,5.726540813049619,-5.457894989317927
1675000000.0,7.765846766546558,-7.718272619950692,13.333753972988585,-6.596673906239148,5.681439448451749,-5.207110016377055,5.725285041446432,-5.456661423118607
1676000000.0,7.762620837496241,-7.715156748062429,13.340797194847543,-6.5855051900244375,5.6796418110815665,-5.202588166867416,5.723685451938936,-5.451980454708101
1677000000.0,7.759399535903297,-7.712042745299756,13.334778005603145,-6.57967516613908,5.677053573799554,-5.199788137903157,5.721133987742312,-5.448875789246101
1678000000.0,7.75618285353349,-7.708930611755994,13.337790017931265,-6.570866424549663,5.675002342157174,-5.19756480963853,5.7191843043787,-5.446545514560232
1679000000.0,7.752970782169214,-7.705820347517301,13.329765753389315,-6.5691939342882515,5.6733284355474805,-5.195087000294366,5.7175215899476495,-5.443762179129473
1680000000.0,7.749763313609468,-7.702711952662722,13.336807533979801,-6.562704849736209,5.67113245832965,-5.191399328859365,5.715404967246271,-5.439951187431662
1681000000.0,7.746560439669807,-7.699605427264208,13.321359131143863,-6.545106298594377,5.667998809016248,-5.189804593680527,5.712459761992751,-5.437954760223504
1682000000.0,7.743362152182322,-7.696500771386667,13.33085499920746,-6.545829626833621,5.667567120412132,-5.186648120083239,5.712070354069005,-5.434775486818653
1683000000.0,7.740168442995597,-7.693397985087987,13.325880938045746,-6.538972003694356,5.664484050995442,-5.185089374227296,5.708989338523723,-5.432990635495815
1684000000.0,7.736979303974676,-7.690297068419077,13.320736176437782,-6.537159849868062,5.66377102614677,-5.182048588066559,5.708351764096908,-5.429680883739128
1685000000.0,7.733794727001029,-7.687198021423904,13.311508800782539,-6.530623882780172,5.661397653811851,-5.179888905662418,5.706027665368025,-5.427203187213759
1686000000.0,7.730614703972518,-7.6841008441395235,13.312844332339933,-6.525348076733783,5.658622178963527,-5.1762457839996685,5.703279917102163,-5.423331106675208
1687000000.0,7.727439226803366,-7.681005536596113,13.323109887436312,-6.517616051360256,5.6564719986491445,-5.173139484406363,5.7012183701584345,-5.420189393773162
1688000000.0,7.724268287424117,-7.677912098817012,13.316753506853951,-6.514331067503218,5.655989857735719,-5.170485272379259,5.700842465788373,-5.417272694951583
1689000000.0,7.721101877781604,-7.674820530818755,13.3170755400405,-6.507048764777987,5.652450895068261,-5.168480297318206,5.697292177854353,-5.415098805684449
1690000000.0,7.717939989838917,-7.671730832611099,13.316598397255074,-6.498503225236653,5.64956756268356,-5.165539926480027,5.694472796977163,-5.411937394799663
1691000000.0,7.714782615575368,-7.668643004197067,13.315908211418432,-6.494946299670401,5.649942950506066,-5.16354626657175,5.694990629073876,-5.409829747346509
1692000000.0,7.711629746986456,-7.665557045572978,13.305800376874977,-6.498254143007054,5.64751424484848,-5.159932001294231,5.692469285772457,-5.405797130543178
1693000000.0,7.708481376083836,-7.662472956728478,13.298289067200555,-6.486353326527104,5.645168923319536,-5.1575654993124544,5.690266941062256,-5.403135151409507
1694000000.0,7.70533749489528,-7.6593907376465795,13.300105088220892,-6.481856424390001,5.643063231694566,-5.1546507359383185,5.6881978194608545,-5.400052012549191
1695000000.0,7.702198095464649,-7.656310388303686,13.303208058620772,-6.468481803119313,5.6417025286596685,-5.1505852152152105,5.687084392410597,-5.395794950010412
1696000000.0,7.699063169851854,-7.653231908669634,13.297358977042625,-6.480915775205999,5.640321588373516,-5.14946607112134,5.685466691228668,-5.394482072322122
1697000000.0,7.695932710132829,-7.650155298707731,13.295392653262565,-6.473285792930813,5.637706710933167,-5.146324876553072,5.6829189106853555,-5.391088788526686
1698000000.0,7.692806708399491,-7.647080558374768,13.300562549336547,-6.467237678014959,5.636286227396171,-5.145302957779947,5.681561259871676,-5.390072649450974
1699000000.0,7.689685156759712,-7.644007687621071,13.291643796080415,-6.461873917427798,5.633677358302738,-5.1418209117739,5.678991811478143,-5.386202422818159
1700000000.0,7.6865680473372775,-7.640936686390532,13.292698896758791,-6.457797070676151,5.633262270562296,-5.138240446538846,5.678711831079274,-5.382435343458995
1701000000.0,7.683455372271864,-7.637867554620632,13.289698852900848,-6.4485860538333375,5.630560223087284,-5.135935533052817,5.676082734079493,-5.379906818441648
1702000000.0,7.680347123718999,-7.634800292242479,13.291679899483755,-6.454282061984099,5.629452798815616,-5.133322970977242,5.674890583325278,-5.377158178361808
1703000000.0,7.677243293850025,-7.631734899180847,13.290699133342681,-6.438348324030213,5.626510837045625,-5.13185029285528,5.672103298609103,-5.375540882216515
1704000000.0,7.674143874852074,-7.628671375354194,13.289691502283368,-6.437016141500306,5.625543778649175,-5.128522916771218,5.671191192900666,-5.371994608571247
1705000000.0,7.671048858928032,-7.625609720674707,13.286394873358113,-6.440129248932537,5.621946859994359,-5.12835686467224,5.66737274853321,-5.371694705557458
1706000000.0,7.6679582382965,-7.622549935048329,13.277409021350056,-6.428548917525697,5.621732604307165,-5.124925231208215,5.667431657394685,-5.367925884182644
1707000000.0,7.66487200519177,-7.619492018374785,13.275757592777037,-6.4305201199383655,5.619581176852298,-5.122427400162459,5.665199788145889,-5.365220732426151
1708000000.0,7.661790151863783,-7.61643597054763,13.279908627951176,-6.4305915174931885,5.617953295414362,-5.1198633890477225,5.663550007446351,-5.362552782170021
1709000000.0,7.658712670578105,-7.613381791454258,13.270926043619001,-6.421268954902081,5.616701777852207,-5.118340897208544,5.662440907668021,-5.360778276655112
1710000000.0,7.655639553615886,-7.6103294809759525,13.271759289170058,-6.419877564387183,5.615181939025097,-5.116847352677873,5.660911210556245,-5.359187668104824
1711000000.0,7.652570793273838,-7.607279038987909,13.261787648786163,-6.414513190435098,5.6136020980827155,-5.114349232585149,5.6594085549340125,-5.356359331240074
1712000000.0,7.649506381864187,-7.60423046535927,13.269146223617422,-6.405691695520079,5.611710947986703,-5.110793212986146,5.657644386714899,-5.352697991355172
1713000000.0,7.646446311714655,-7.601183759953147,13.266515435178027,-6.4077443664922376,5.610247571841576,-5.108572092802814,5.6561325986093545,-5.350281620217809
1714000000.0,7.643390575168416,-7.598138922626666,13.264038716360897,-6.403108488185234,5.60836112578684,-5.107934089992017,5.654255564900833,-5.349534067688646
1715000000.0,7.640339164584076,-7.595095953230988,13.265018137109776,-6.399594311826497,5.607217733397029,-5.104817888769023,5.653187768666794,-5.346242020398838
1716000000.0,7.637292072335628,-7.59205485161134,13.259997920497277,-6.399932663481082,5.606036746946083,-5.102041364597752,5.6520137840350895,-5.343206686658966
1717000000.0,7.634249290812425,-7.589015617607049,13.2632559702829,-6.391641175567473,5.603722426488667,-5.098650111919582,5.64979299427651,-5.339642993351928
1718000000.0,7.631210812419149,-7.58597825105157,13.255338816843189,-6.393472392735114,5.602116300187103,-5.097503596557475,5.6481173779478215,-5.33827127811493
1719000000.0,7.628176629575776,-7.5829427517725145,13.255074201642925,-6.390291283415404,5.600902008508206,-5.095099985084761,5.646956599726613,-5.335709220104091
1720000000.0,7.62514673471755,-7.5799091195916946,13.256583550210687,-6.387671636803923,5.5991623221736875,-5.092658985626007,5.645232008866646,-5.333126843856152
1721000000.0,7.6221211202949375,-7.576877354325126,13.250216403502874,-6.3843006401927855,5.597207626827781,-5.0921341221923955,5.64326175871905,-5.332433137618352
1722000000.0,7.619099778773611,-7.573847455783085,13.247753382893698,-6.379282741793917,5.595616389074888,-5.088565879222978,5.641755893871436,-5.328600540955722
1723000000.0,7.616082702634407,-7.57081942377012,13.246372714438783,-6.3772140339198335,5.594166357342767,-5.0872997374484346,5.6403075760634644,-5.327215351947242
1724000000.0,7.613069884373296,-7.567793258085088,13.246362796368294,-6.372417440102509,5.5929503083919805,-5.083853239780291,5.639190122046767,-5.323558277111347
1725000000.0,7.610061316501351,-7.564768958521189,13.23672549914939,-6.361454495566244,5.590385808226304,-5.082509584648316,5.636717470270868,-5.321940605019563
1726000000.0,7.607056991544723,-7.561746524865987,13.235406427363397,-6.364258803901553,5.588942053841916,-5.080344804868042,5.635212308845869,-5.319606096698826
1727000000.0,7.60405690204459,-7.55872595690144,13.238079709622609,-6.359984530440221,5.587159543293255,-5.078247987786815,5.633462186526642,-5.317406156085926
1728000000.0,7.601061040557149,-7.555707254403933,13.230720417741672,-6.361462062976822,5.5857044662256286,-5.07592180105819,5.631973079163144,-5.314803378743521
1729000000.0,7.598069399653564,-7.552690417144305,13.232657402750364,-6.357490549695281,5.583855452062922,-5.074706092698891,5.630132039075943,-5.31351947613246
1730000000.0,7.595081971919951,-7.549675444887879,13.236211399472603,-6.351790509402947,5.5842997885719505,-5.073575467495718,5.6307358475100875,-5.312394673435146
1731000000.0,7.592098749957334,-7.546662337394492,13.229434072893378,-6.348212448820437,5.581533444686642,-5.071367094239504,5.627943415967104,-5.309904558193697
1732000000.0,7.589119726381616,-7.5436510944185144,13.228243069886126,-6.339864080175653,5.5802817658518995,-5.0692602407340965,5.626821518498185,-5.307643012856034
1733000000.0,7.5861448938235565,-7.54064171570889,13.22454526565847,-6.341774263951709,5.578756378387716,-5.067585860081177,5.625237211207128,-5.30578631627772
1734000000.0,7.583174244928728,-7.537634201009164,13.22347050677568,-6.336846500819641,5.576081953192793,-5.065932176042346,5.622550311968099,-5.303976906461961
1735000000.0,7.5802077723574905,-7.534628550057496,13.222885759396233,-6.329886893179155,5.575387222793609,-5.063838889492347,5.621992393778241,-5.301749093158554
1736000000.0,7.577245468784963,-7.531624762586708,13.223972409866422,-6.334868589880226,5.574508674301887,-5.061453580809563,5.621050970199392,-5.299230514583667
1737000000.0,7.5742873269009845,-7.528622838324301,13.218123924317899,-6.332503528377428,5.5723571598305055,-5.061571270727911,5.618844082651321,-5.299220357037408
1738000000.0,7.57133333941009,-7.525622776992483,13.209182694174878,-6.324784761209326,5.571370116948813,-5.059533651659038,5.617993438339031,-5.296910755137535
1739000000.0,7.568383499031478,-7.522624578308203,13.208084776154303,-6.323421088960206,5.569504563732172,-5.057179876524704,5.616114398331793,-5.294375666445163
1740000000.0,7.5654377984989765,-7.51962824198317,13.208894267548313,-6.314778080879621,5.568452083127386,-5.055154368071588,5.615203966890146,-5.29223650972879
1741000000.0,7.5624962305610115,-7.516633767723889,13.208240103813472,-6.315587622199229,5.567340985229943,-5.05388406236708,5.614065448243864,-5.2908640091389785
1742000000.0,7.559558787980585,-7.513641155231682,13.201049505073021,-6.312759042267078,5.565239447722692,-5.053102862333724,5.611935839430684,-5.289885534253629
1743000000.0,7.556625463535228,-7.5106504042027185,13.202286387724975,-6.306002076546127,5.563287082126492,-5.049992651185705,5.610064815368474,-5.286591908993802
1744000000.0,7.553696250016989,-7.507661514328042,13.200601053232166,-6.302202763141595,5.562698410317786,-5.049784808252542,5.6095331668503405,-5.28633548944301
1745000000.0,7.5507711402323885,-7.504674485293597,13.193393090535587,-6.291384271389603,5.560140749592044,-5.0483006763562575,5.607064437401824,-5.284611862010028
1746000000.0,7.547850127002393,-7.501689316780255,13.200101111117057,-6.2886142247804475,5.559060346461527,-5.044967959629607,5.606049052134907,-5.281185610086603
1747000000.0,7.544933203162386,-7.498706008463841,13.191864353955431,-6.285249325460336,5.5589278214706095,-5.042755508482125,5.6060312955726985,-5.278716960035182
1748000000.0,7.542020361562136,-7.495724560015162,13.19101823224653,-6.284768694153196,5.557037807790941,-5.0433517878715115,5.604058262056413,-5.2792970467799645
1749000000.0,7.539111595065766,-7.492744971100036,13.187454545773647,-6.280738850305663,5.555585153834641,-5.039953285125968,5.602677420023327,-5.275629542793704
1750000000.0,7.536206896551724,-7.489767241379311,13.187607721939676,-6.276821441132427,5.553641329142222,-5.038563376295276,5.600738306469641,-5.274131784225135
1751000000.0,7.53330625891275,-7.486791370508895,13.177499414062057,-6.2719736125962715,5.55318473115233,-5.0362792393801605,5.600404656149394,-5.271552641866773
1752000000.0,7.53040967505585,-7.4838173581397855,13.185946301037685,-6.27255013356992,5.552207429288709,-5.0353692247085435,5.5993991825647935,-5.270709732980242
1753000000.0,7.527517137902262,-7.480845203918093,13.177607288372393,-6.269680141879181,5.55134062649492,-5.034368908647653,5.59857678738527,-5.2695049007205155
1754000000.0,7.524628640387425,-7.477874907485064,13.176254425406448,-6.2695597456392145,5.5485610401368675,-5.032030708313975,5.595712764757457,-5.266965729682031
1755000000.0,7.521744175460956,-7.474906468477111,13.170838738872256,-6.258454046560434,5.548224692715417,-5.030475048222819,5.595590685601807,-5.265236520899481
1756000000.0,7.51886373608661,-7.471939886525838,13.172764248089145,-6.248070980995721,5.546614445845115,-5.029305981694199,5.594102209631041,-5.264010210631828
1757000000.0,7.515987315242256,-7.468975161258064,13.172920564179769,-6.2487741010226365,5.544937132372525,-5.027369931707568,5.592379147099869,-5.26193882781296
1758000000.0,7.513114905919849,-7.46601229229585,13.173468396995181,-6.246753397474525,5.544325203833224,-5.026235242793876,5.591809077703427,-5.260739616349663
1759000000.0,7.510246501125393,-7.463051279256524,13.170592778104023,-6.246110985489162,5.542651322978347,-5.024208402227929,5.590114674826444,-5.258524623934275
1760000000.0,7.507382093878917,-7.460092121752703,13.160965614220395,-6.245209660917743,5.541503122313142,-5.0239546040950795,5.58895103254556,-5.258080878576166
1761000000.0,7.504521677214441,-7.45713481939233,13.171355164684242,-6.238743532040536,5.538678373817233,-5.02016160152924,5.586160120731733,-5.254198859087861
1762000000.0,7.501665244179952,-7.454179371778679,13.174357252772701,-6.234519965637204,5.537376531207947,-5.019271362126776,5.584891645558735,-5.25328570130428
1763000000.0,7.49881278783737,-7.451225778510403,13.157116960333111,-6.2346146018854505,5.536771378645236,-5.018173687564141,5.584304368235584,-5.251839477769859
1764000000.0,7.495964301262516,-7.448274039181542,13.16399116593887,-6.226908617892478,5.53442090097739,-5.016135770016001,5.582003868584508,-5.249761329016695
1765000000.0,7.493119777545091,-7.44532415338155,13.162418736462751,-6.216819275881607,5.5326482872142115,-5.01504530777011,5.580338824702303,-5.24855905716685
1766000000.0,7.4902792097886355,-7.4423761206953305,13.158095933606212,-6.2210136918488566,5.531383237159472,-5.012903392938543,5.579000973695927,-5.246204224042473
1767000000.0,7.487442591110511,-7.439429940703248,13.164151326651037,-6.213522648152842,5.529954822954538,-5.0101779311537396,5.577681744161871,-5.243403885104383
1768000000.0,7.484609914641863,-7.436485612981162,13.153338998863758,-6.208696772032408,5.528896245247896,-5.0084544316119874,5.576702209768079,-5.241396019280428
1769000000.0,7.481781173527592,-7.433543137100444,13.161176082274718,-6.205269158515955,5.525590542667209,-5.006422613791596,5.573324334112068,-5.2393198219357675
1770000000.0,7.47895636092633,-7.430602512628005,13.157240376208565,-6.198377496160687,5.524140934108251,-5.004393661368512,5.571966406949898,-5.237094069542388
1771000000.0,7.476135470010403,-7.427663739126322,13.156070215438548,-6.201791397674403,5.524177147956776,-5.002199929973027,5.572012708877011,-5.234758714137378
1772000000.0,7.473318493965813,-7.424726816153458,13.15615192609367,-6.201113694062484,5.5217276796531,-5.000807044737722,5.569487454344633,-5.233246262319812
1773000000.0,7.470505425992197,-7.421791743263092,13.146623908352527,-6.1895232037500305,5.520918599191873,-4.999136135462454,5.568876600262401,-5.231323603222611
1774000000.0,7.4676962593028025,-7.418858520004531,13.147175339479155,-6.186194756305872,5.5189240536863915,-4.996719050494236,5.566891010097267,-5.228748267785378
1775000000.0,7.4648909871244635,-7.415927145922747,13.161774083534702,-6.174936042470863,5.515969685908089,-4.996181783781698,5.563976396937113,-5.2283665593356705
1776000000.0,7.462089602697564,-7.412997620558391,13.15788067370966,-6.183560254188338,5.514339183412886,-4.992714370819075,5.562206832290012,-5.224611384947111
1777000000.0,7.4592920992760146,-7.4100699434478265,13.14435821663936,-6.172246129365477,5.513053924307219,-4.991533200137176,5.561082566235858,-5.2231342114271575
1778000000.0,7.456498470127221,-7.407144114123141,13.14331570983296,-6.167976775572039,5.511338176226537,-4.990085994370096,5.559389448219074,-5.22156214281082
1779000000.0,7.453708708532053,-7.404220132112176,13.146630653058923,-6.161966006338764,5.5102466557152745,-4.987679825525446,5.558396369004802,-5.219059763431371
1780000000.0,7.450922807784824,-7.4012979969385535,13.144645340254295,-6.157226363508902,5.508456272545162,-4.987789841060454,5.556604853672228,-5.219114351696995
1781000000.0,7.448140761193251,-7.3983777081216875,13.138647766779123,-6.155405418910036,5.505674473841086,-4.984590276670347,5.55378255639906,-5.215595254020203
1782000000.0,7.4453625620784365,-7.395459265176821,13.146695573692798,-6.14904359068277,5.5056962709934485,-4.982820726867111,5.553954573032555,-5.213858963604618
1783000000.0,7.442588203774833,-7.39254266761504,13.147438874833215,-6.152701162893495,5.503911198818298,-4.981354067826568,5.552062046558051,-5.2122881581058795
1784000000.0,7.4398176796302184,-7.389627914943299,13.140731338530948,-6.133687629599269,5.503129323766908,-4.979593329577901,5.551595338125992,-5.210322532919776
1785000000.0,7.437050983005664,-7.386715006664445,13.140775164241376,-6.128011366730463,5.500772466936947,-4.97867768588071,5.549237381154167,-5.20931828843988
1786000000.0,7.434288107275512,-7.383803942277235,13.145560001609569,-6.12813141119081,5.5002063518065984,-4.9765969660472615,5.548694171814928,-5.207187227978042
1787000000.0,7.431529045827339,-7.380894721276364,13.139826063319227,-6.127708805651678,5.498738548070253,-4.9757408655259425,5.547194083411438,-5.2061667993760175
1788000000.0,7.428773792061935,-7.377987343152485,13.14261004404834,-6.116035104602096,5.496074759250315,-4.97334140063879,5.544630623494379,-5.203639260125421
1789000000.0,7.426022339393273,-7.3750818073922355,13.139362577291426,-6.112257048467254,5.49543267747058,-4.971547411508489,5.544069055752541,-5.201685601350274
1790000000.0,7.4232746812484764,-7.372178113478248,13.148758448729888,-6.116024797363319,5.494459480718935,-4.968637062079125,5.543050429532494,-5.198741722400685
1791000000.0,7.420530811067801,-7.369276260889189,13.149466183647506,-6.102914714209523,5.492497576858136,-4.967202527762237,5.541233577690757,-5.197212705397176
1792000000.0,7.417790722304597,-7.366376249099767,13.140516022467219,-6.101858517302122,5.492166372062673,-4.965736741889169,5.5409554180821745,-5.195519488576342
1793000000.0,7.4150544084252825,-7.36347807758076,13.141577426136813,-6.103971649331643,5.491132941440119,-4.96369434838587,5.539889758321074,-5.193360447399724
1794000000.0,7.412321862909323,-7.360581745799038,13.146280654358025,-6.096940803863436,5.489459888621091,-4.961914821917419,5.538285347331251,-5.191530840666584
1795000000.0,7.409593079249197,-7.357687253217582,13.148452041531616,-6.089413069656097,5.489316528691473,-4.96009416848136,5.53830473491464,-5.189645446771253
1796000000.0,7.406868050950367,-7.354794599295514,13.143854458597385,-6.0848388979163985,5.48617890077961,-4.957921839082646,5.535130117241888,-5.187228555642679
1797000000.0,7.404146771531258,-7.351903783488102,13.146181530812338,-6.079369124716502,5.485383385987821,-4.955500575143478,5.53443951877429,-5.184699029461641
1798000000.0,7.401429234523224,-7.349014805246798,13.147426045034436,-6.069278848376863,5.484002385851135,-4.954376976206231,5.533181204880015,-5.18351473006909
1799000000.0,7.398715433470526,-7.346127664019251,13.144534150698385,-6.077929899787349,5.4838716684578435,-4.9518138580137485,5.532977917043293,-5.180755440159118
1800000000.0,7.396005361930294,-7.343242359249329,13.153988323291026,-6.0690315244980955,5.481308318397897,-4.949368293688441,5.530470680383531,-5.1782824429475385
1801000000.0,7.393299013472516,-7.340358890377145,13.14947350635751,-6.073244885195298,5.480551476055903,-4.946800182742921,5.529677635416942,-5.175485085348777
1802000000.0,7.390596381679994,-7.33747725683907,13.156319657898262,-6.063006885109781,5.478847580496773,-4.944527987881251,5.528096396469008,-5.17317010098119
1803000000.0,7.387897460148326,-7.334597458067761,13.151047228136921,-6.051280142884723,5.477845877067618,-4.9437292704927085,5.5272618298602945,-5.172235181442331
1804000000.0,7.385202242485876,-7.331719493492175,13.153518455946521,-6.050654813569707,5.4764208452516225,-4.941299640281095,5.525831204856113,-5.169684051911337
1805000000.0,7.382510722313752,-7.328843362537603,13.139292965110448,-6.043042351452723,5.474266226643605,-4.939382765666218,5.523742634624968,-5.167407591568486
1806000000.0,7.379822893265764,-7.3259690646256725,13.157460657064306,-6.041397943211247,5.474018873216209,-4.937721121353805,5.523544867691806,-5.165931180979181
1807000000.0,7.377138748988416,-7.323096599174382,13.154563828818777,-6.029130023355054,5.472276429510203,-4.935180447365167,5.521965237497131,-5.163183028290487
1808000000.0,7.374458283140863,-7.320225965598116,13.164591441738981,-6.0378596619818055,5.470690305287597,-4.933942095357092,5.520193321002302,-5.161995067040859
1809000000.0,7.371781489394896,-7.317357163307667,13.156313983784218,-6.032181164778421,5.469376871282152,-4.931376777426685,5.5189688581823635,-5.159140492697737
1810000000.0,7.369108361434905,-7.314490191710257,13.164963098528373,-6.02446613449247,5.467948935711724,-4.930612531811304,5.517610180402066,-5.1584466417772035
1811000000.0,7.366438892957861,-7.311625050209551,13.163943292903328,-6.022298068503884,5.467125482088287,-4.9284103688309635,5.516836516595933,-5.156092983835378
1812000000.0,7.363773077673279,-7.308761738205686,13.17223169211576,-6.011193267178584,5.46487102341477,-4.927075056824205,5.514667597337674,-5.154778965927242
1813000000.0,7.3611109093032,-7.305900255095288,13.17391043716656,-6.011307770942826,5.464395727346892,-4.9247860154066085,5.5142255366153625,-5.152379237269355
1814000000.0,7.358452381582163,-7.303040600271491,13.173078204386362,-6.004671913591902,5.462440191564643,-4.923217403161113,5.512314386982213,-5.150680549778241
1815000000.0,7.355797488257172,-7.300182773123955,13.175250851671171,-6.002072049035151,5.461223618882988,-4.921924425246317,5.5111137338967335,-5.149328521728338
1816000000.0,7.353146223087678,-7.297326773038891,13.171416946800516,-5.9923093790798445,5.460624501586655,-4.91994311700769,5.510691297263924,-5.147174858936133
1817000000.0,7.350498579845544,-7.294472599399075,13.177587815024495,-5.990715754114353,5.459041702351961,-4.917078721421374,5.509112930336112,-5.144218487442319
1818000000.0,7.347854552315024,-7.291620251583875,13.16906386569949,-5.991336432865279,5.457982870167016,-4.915251418335768,5.508047418828555,-5.142139190272714
1819000000.0,7.345214134292733,-7.28876972896926,13.17273930031306,-5.989894315912302,5.456488401242034,-4.913111191794555,5.506549359273829,-5.139910219602275
1820000000.0,7.342577319587628,-7.285921030927835,13.173945490611942,-5.984034068278362,5.456256746849989,-4.9120291972541335,5.506434602479873,-5.138785892570035
1821000000.0,7.339944102020971,-7.2830741568288415,13.174750719816126,-5.97903379600371,5.454217587415122,-4.910066078187566,5.504415109576682,-5.136693210901041
1822000000.0,7.337314475426308,-7.280229106038193,13.179287547156644,-5.974743995313238,5.453919301293218,-4.9081670990609405,5.504217530247193,-5.134755021508336
1823000000.0,7.334688433649443,-7.277385877918479,13.176891827461224,-5.9732787972276356,5.452456998836357,-4.906668849040812,5.5027472132433175,-5.133111335265373
1824000000.0,7.332065970548413,-7.274544471829008,13.179070695326722,-5.96573895984959,5.450671847432289,-4.903444405927234,5.501055092407636,-5.129714998553181
1825000000.0,7.3294470799934555,-7.2717048871257965,13.182807868024002,-5.965478606299399,5.450702443003141,-4.90198399133475,5.501136089201497,-5.128229672342086
1826000000.0,7.326831755866992,-7.2688671231616135,13.184584239609219,-5.963083710991454,5.4484089819850725,-4.899781460385094,5.498811643945917,-5.125892250061563
1827000000.0,7.324219992063593,-7.26603117928598,13.181875964176712,-5.962322244554434,5.447439496890289,-4.8983615251809685,5.497849489414205,-5.12433466744401
1828000000.0,7.321611782489956,-7.263197054845201,13.17647323164064,-5.961120948270625,5.44721893488966,-4.896148159775145,5.497700371143152,-5.121912610448693
1829000000.0,7.319007121064882,-7.260364749182384,13.187455249551547,-5.958761548226203,5.4456806557371475,-4.893841948707,5.496166679981778,-5.119618286633182
1830000000.0,7.316406001719242,-7.257534261637447,13.191767574087518,-5.949848487940999,5.444074076871459,-4.891610348140671,5.494663810573949,-5.117305691720727
1831000000.0,7.3138084183959595,-7.254705591547148,13.189021159366357,-5.948212130407804,5.442948519764607,-4.890701284657136,5.49354110569458,-5.116284718879851
1832000000.0,7.311214365049981,-7.251878738245094,13.1955442856592,-5.952223065788132,5.441938023235349,-4.8888019709799915,5.492464580511503,-5.114355845878339
1833000000.0,7.308623835648248,-7.24905370106177,13.191239888213671,-5.950787451147139,5.440275654547881,-4.886374760959007,5.490800461405171,-5.1116997927842975
1834000000.0,7.306036824169675,-7.2462304793245504,13.198549932249351,-5.942515715629436,5.440732560922122,-4.883893338238915,5.491466983162374,-5.109204187396322
1835000000.0,7.303453324605123,-7.243409072357718,13.191258086968654,-5.9470139967919105,5.437525663142752,-4.883174388014653,5.4880559874495,-5.108273905992918
1836000000.0,7.300873330957373,-7.240589479482482,13.199073372120882,-5.940524005039994,5.436364259419175,-4.88139967654122,5.486974860242395,-5.106501384199191
1837000000.0,7.298296837241099,-7.237771700017,13.198128786083442,-5.938095212242307,5.435568326251586,-4.877633102350658,5.486260846793723,-5.102498620617779
1838000000.0,7.295723837482846,-7.234955733276391,13.204258609518268,-5.935015608369696,5.433422620033833,-4.876127365070211,5.484086335618443,-5.100964071270131
1839000000.0,7.293154325721005,-7.232141578572755,13.199987686069008,-5.933727866903383,5.43286794405674,-4.8753959144941845,5.483558736851561,-5.1001178471105115
1840000000.0,7.2905882960057795,-7.229329235215192,13.20639891003869,-5.93480908957574,5.4321813572867885,-4.874152077779092,5.482856918119001,-5.0988862029494335
1841000000.0,7.288025742399172,-7.2265187025098205,13.210697756585192,-5.9272116244470805,5.431993754534685,-4.871638046332355,5.482835433357456,-5.096298391487601
1842000000.0,7.285466658974947,-7.22370997975979,13.209489453089253,-5.930057354501453,5.430354363093177,-4.87016287350067,5.481112187121576,-5.094690437158401
1843000000.0,7.28291103981862,-7.2209030662653095,13.210430906607789,-5.925148356537281,5.430064024802943,-4.86930861295886,5.480915311639297,-5.093800051077782
1844000000.0,7.280358879027416,-7.218097961323649,13.211449366865919,-5.917152148748571,5.428911419905738,-4.867470320981441,5.47987175042699,-5.091859563651923
1845000000.0,7.277810170710255,-7.215294664229173,13.219927046980233,-5.923629629599173,5.427295755818476,-4.8649219149981855,5.478130835007138,-5.089260284635309
1846000000.0,7.275264908987726,-7.212493174273344,13.217056683808178,-5.915698567481576,5.425054788230459,-4.86378071830666,5.475928184790582,-5.087978189817377
1847000000.0,7.2727230879920555,-7.209693490744753,13.224809682731882,-5.918979969859951,5.423122028250374,-4.862885667718567,5.473871336151671,-5.087109471216942
1848000000.0,7.270184701867095,-7.20689561292913,13.215632688988133,-5.910677506679877,5.423578628990512,-4.860910946198835,5.474540960670353,-5.084902874150648
1849000000.0,7.26764974476828,-7.204099540109358,13.214131740743074,-5.912055537358439,5.422810883134767,-4.85917004319102,5.47376449660849,-5.083026885354988
1850000000.0,7.26511821086262,-7.201305271565495,13.215257256709807,-5.910517067178384,5.420048400290002,-4.857852502891032,5.4709164660953755,-5.081603424390237
1851000000.0,7.262590094328662,-7.19851280657479,13.22773047403021,-5.9040639531567445,5.418724239466451,-4.855898968668779,5.469660722091388,-5.079705906732128
1852000000.0,7.260065389356473,-7.195722144411699,13.215463565828404,-5.901781823254716,5.4179265099031,-4.852112969076869,5.468952163303735,-5.075515350239519
1853000000.0,7.257544090147616,-7.192933284347904,13.218862108527318,-5.900852854665582,5.416252710180276,-4.851748148473056,5.467225092871781,-5.075149619487045
1854000000.0,7.2550261909151175,-7.190146225652328,13.228564315700021,-5.9010271924571995,5.414439100429941,-4.850090297803966,5.465352060676219,-5.073508472988105
1855000000.0,7.252511685883453,-7.18736096759115,13.218453901287985,-5.896225651846758,5.414746734838387,-4.849980590403946,5.465779600986408,-5.073251716059341
1856000000.0,7.250000569288511,-7.1845775094278235,13.222138684215997,-5.898909127733994,5.411998928513719,-4.848286287388409,5.462889399098918,-5.071464801265886
1857000000.0,7.247492835377582,-7.1817958504230965,13.226159739783256,-5.893657536316322,5.41162677361625,-4.846537609324479,5.4626235863331685,-5.069674358892829
1858000000.0,7.24498847840932,-7.179015989835025,13.23158154679791,-5.890431319621065,5.411636242581143,-4.845683196879819,5.462713549846154,-5.068853293363828
1859000000.0,7.242487492653732,-7.176237926918982,13.228195649199899,-5.892990694842809,5.410650801668103,-4.843983604421989,5.4616911544162186,-5.0669884384109745
1860000000.0,7.23998987239214,-7.173461660927688,13.232738137186708,-5.893444488162001,5.408877633174568,-4.843154505115749,5.459846171997679,-5.066146049844564
1861000000.0,7.23749561191717,-7.170687191111219,13.230637912962536,-5.887496991842523,5.407629049516457,-4.84125920754302,5.4586730850865,-5.064095907360872
1862000000.0,7.235004705532715,-7.1679145167170235,13.242436880359163,-5.8911672318049355,5.407879990771034,-4.8411262381227225,5.45889869546156,-5.064127702295829
1863000000.0,7.232517147553922,-7.165143636989938,13.24360915813453,-5.885740179754735,5.406180121622981,-4.838433608591216,5.457253196904723,-5.061275185897991
1864000000.0,7.230032932307157,-7.162374551172204,13.229115474212502,-5.892113657080206,5.405386180164832,-4.83758075854978,5.456371435589782,-5.060142423048464
1865000000.0,7.227552054129996,-7.159607258503487,13.234955884748455,-5.887668788041038,5.405362060568537,-4.834793375099466,5.456477989481691,-5.057287480673502
1866000000.0,7.225074507371179,-7.156841758220886,13.233107753528758,-5.88366799156671,5.404754278124568,-4.835158749234897,5.455911657559565,-5.057636702782234
1867000000.0,7.222600286390611,-7.154078049558957,13.226192810313789,-5.886629758499093,5.403386372349806,-4.833587487292273,5.454480502139552,-5.055849050625509
1868000000.0,7.220129385559316,-7.151316131749721,13.23842029636468,-5.8825806332926085,5.402567287614291,-4.832323077042521,5.45370971328636,-5.054679564232881
1869000000.0,7.217661799259432,-7.148556004022684,13.23969554946393,-5.875758559957,5.400662777920237,-4.83173280231064,5.451830336778831,-5.054044768300224
1870000000.0,7.2151975218841695,-7.145797665604855,13.235889903465248,-5.88772186991399,5.3992483138466305,-4.829247609042297,5.450233492737884,-5.05132981885882
1871000000.0,7.212736547837803,-7.143041115720758,13.239582266241868,-5.879818195979217,5.4001068367088605,-4.8277177303096686,5.4513005749869965,-5.049788983209153
1872000000.0,7.210278871535635,-7.140286353592444,13.239817343884843,-5.880222550181726,5.399615244730943,-4.825800425809473,5.4508320396712735,-5.047758118544067
1873000000.0,7.2078244874039825,-7.137533378439515,13.258069627486755,-5.869573141678212,5.396339663153447,-4.824541006476983,5.447558894053083,-5.04664093838152
1874000000.0,7.205373389880147,-7.134782189479134,13.249547437805749,-5.873838122468021,5.3987926762546925,-4.82320573261994,5.450138989943113,-5.045147542375719
1875000000.0,7.202925573412388,-7.132032785926041,13.251565312209692,-5.871082125980506,5.395454872988219,-4.8232529299479925,5.44667550700186,-5.045166740984404
1876000000.0,7.200481032459914,-7.129285166992569,13.250201157926552,-5.86915894315549,5.394296382209901,-4.821725564142217,5.445531116653063,-5.043513975676161
1877000000.0,7.19803976149284,-7.126539331888658,13.269553095027456,-5.859250226348373,5.393350342072665,-4.820585807286725,5.444701727252335,-5.0425795238901445
1878000000.0,7.195601754992178,-7.123795279821872,13.254088760366093,-5.862340294683545,5.392080152259772,-4.820314149870202,5.443356294397354,-5.042042561193966
1879000000.0,7.193167007449807,-7.121053009997412,13.255399899416373,-5.859547603559323,5.390852462347447,-4.817063872024841,5.4421802212405925,-5.038609435991154
1880000000.0,7.190735513368452,-7.118312521618128,13.264059575271233,-5.865616425204691,5.3899345043316185,-4.815098166536537,5.441174356577448,-5.0366359680454105
1881000000.0,7.18830726726166,-7.115573813884549,13.259559706713546,-5.864072918917668,5.388908075346956,-4.814576854104311,5.440148113629549,-5.036002016821251
1882000000.0,7.185882263653779,-7.112836885994874,13.262138881018885,-5.864422416888204,5.387065145284561,-4.8127003289774475,5.438251801226646,-5.034023088743891
1883000000.0,7.183460497079929,-7.110101737145008,13.277809707136228,-5.860469183698882,5.386018145574988,-4.811176441826861,5.437239962353149,-5.032621625030429
1884000000.0,7.181041962085984,-7.107368366528562,13.271207149420755,-5.850027619086862,5.384395841938128,-4.810429345399047,5.435717939745982,-5.031716088490632
1885000000.0,7.178626653228548,-7.104636773336878,13.279326717754879,-5.855432336247853,5.384000492097408,-4.808989929170449,5.435264477588783,-5.030299394811654
1886000000.0,7.176214565074934,-7.101906956759037,13.271770480921191,-5.8524827222037406,5.383260994303384,-4.807849797829337,5.434574910821711,-5.028975310558862
1887000000.0,7.173805692203135,-7.099178915981879,13.285674027328778,-5.846136452109047,5.382811217330911,-4.806756704755558,5.434220700357111,-5.02801544415971
1888000000.0,7.171400029201804,-7.096452650190009,13.280110409914942,-5.845060243652562,5.378934134171423,-4.806128110322914,5.43018164445389,-5.027200999966854
1889000000.0,7.168997570670234,-7.09372815856582,13.283838498843611,-5.845449919612992,5.379121103240311,-4.8048035431836364,5.430416129126168,-5.0258573400770885
1890000000.0,7.166598311218335,-7.091005440289505,13.287959558316434,-5.838201090081356,5.377108197028864,-4.80300395523716,5.428445604706073,-5.023984138486296
1891000000.0,7.164202245466603,-7.088284494539069,13.285573069584101,-5.8446679913334325,5.378760403709983,-4.801043414431522,5.430157169782554,-5.021903767764611
1892000000.0,7.161809368046109,-7.08556532049034,13.287627729278057,-5.84214452160157,5.37746899370494,-4.800891629063751,5.428852666094793,-5.0217495004789425
1893000000.0,7.1594196735984665,-7.082847917316995,13.298444760919836,-5.837207216060032,5.376127517737815,-4.799304598064455,5.427548257955077,-5.020205712689575
1894000000.0,7.157033156775816,-7.080132284190564,13.298497727897622,-5.829217337055517,5.374729816249242,-4.796919652048607,5.426251433883623,-5.017668477881203
1895000000.0,7.154649812240797,-7.077418420280444,13.294224801153614,-5.839810365683034,5.373771744348984,-4.79747173134347,5.425105313466945,-5.018162276627166
1896000000.0,7.15226963466653,-7.074706324753917,13.292864342598902,-5.830312609806503,5.372997220927149,-4.7948761027566285,5.424492639103564,-5.01539539380841
1897000000.0,7.149892618736592,-7.071995996776165,13.32279568344032,-5.823384401208149,5.371030461056181,-4.793798687426879,5.422529563615535,-5.014648888658309
1898000000.0,7.147518759144992,-7.069287435510278,13.30461366387994,-5.824003269835706,5.370638496041949,-4.792699367582557,5.422165042012268,-5.013222433738726
1899000000.0,7.145148050596149,-7.066580640117269,13.30286393233178,-5.8289546758606265,5.370197812898912,-4.791864226302329,5.421668478090124,-5.012302022364938
1900000000.0,7.1427804878048775,-7.0638756097560975,13.316020872083849,-5.827405846411782,5.3698004361268294,-4.789480414189637,5.421325051385612,-5.009963337181698
1901000000.0,7.140416065496353,-7.061172343583667,13.30813206517012,-5.823347322553236,5.369201028679013,-4.7879991813812826,5.4208051254462255,-5.008279372874721
1902000000.0,7.138054778406097,-7.058470840754855,13.321097599731614,-5.81750794484281,5.367232576585151,-4.786842256252326,5.418840996908614,-5.007207458288903
1903000000.0,7.135696621279955,-7.055771100422507,13.317349582404665,-5.821373738268695,5.367363251851694,-4.785175948203132,5.418980263967517,-5.005393088564992
1904000000.0,7.133341588874071,-7.053073121737473,13.332276887595631,-5.819705894337866,5.366345722582194,-4.7832768124310885,5.417973381091657,-5.003578459483493
1905000000.0,7.130989675954868,-7.050376903848604,13.331499594190289,-5.821228819951645,5.365836783658382,-4.782798550818906,5.41744594147891,-5.003050181948771
1906000000.0,7.128640877299024,-7.0476824459027725,13.335054563866473,-5.8174052329553785,5.364203711733553,-4.780654132913481,5.415833758755523,-5.000807369832594
1907000000.0,7.1262951876934535,-7.0449897470448795,13.340934720202414,-5.815611581798842,5.364166224718021,-4.778126724369594,5.415882692091819,-4.998220446440646
1908000000.0,7.123952601935279,-7.042298806417875,13.34024846389443,-5.808447443444371,5.3630752792913725,-4.777133489675479,5.41487157882048,-4.997146478673582
1909000000.0,7.121613114831817,-7.039609623162769,13.349485661678814,-5.806738122991159,5.363556047190773,-4.774936150720038,5.415457347429443,-4.994964096813501
1910000000.0,7.119276721200551,-7.0369221964186455,13.341950929611231,-5.80959479509765,5.361852164878741,-4.774380262482476,5.4136571491442345,-4.994236393906338
1911000000.0,7.116943415869109,-7.03423652532267,13.352349209634632,-5.80267668121637,5.361065408772781,-4.773156325424375,5.412958176731533,-4.993078557646518
1912000000.0,7.114613193675249,-7.031552609010107,13.359347811077766,-5.80543462231432,5.3611881570650315,-4.770747016083991,5.4131098445821575,-4.990630272015362
1913000000.0,7.112286049466824,-7.028870446614335,13.363878060625144,-5.805392587230378,5.359738574263508,-4.769901032931428,5.411613496029782,-4.9897711547352745
1914000000.0,7.109961978101775,-7.026190037266853,13.364098390797494,-5.799155297137976,5.35840320534041,-4.767997387252513,5.410347016716706,-4.987743076167581
1915000000.0,7.107640974448099,-7.0235113800973,13.369925863329026,-5.80850155785878,5.359133588336014,-4.767115931627323,5.411021814984928,-4.986896977821341
1916000000.0,7.105323033383833,-7.020834474233463,13.384221287870714,-5.795017067772722,5.357530026194599,-4.76568838805788,5.409551051749332,-4.985567106427956
1917000000.0,7.10300814979703,-7.018159318801294,13.379934553434842,-5.79961524350441,5.356707828172039,-4.7652245156669935,5.408653518281449,-4.984996923218904
1918000000.0,7.100696318585735,-7.015485912924913,13.380457990570648,-5.792746180727224,5.357600099551643,-4.764416568888056,5.40972668733132,-4.984172011549536
1919000000.0,7.098387534657971,-7.012814255726639,13.390330653071473,-5.790393897154875,5.3554042525287375,-4.762515842326835,5.4074891255713124,-4.982260294119525
1920000000.0,7.096081792931711,-7.010144346326979,13.386807690095978,-5.79150166183676,5.355042902484186,-4.761771317262434,5.407130981194034,-4.981416100488216
1921000000.0,7.093779088334859,-7.0074761838446635,13.397423188060134,-5.789869779748541,5.353367337274687,-4.759774546084149,5.405434002995017,-4.979421858358531
1922000000.0,7.091479415805228,-7.0048097673966385,13.405382326516078,-5.79010887956443,5.3537860018030825,-4.758094894852803,5.405919032863028,-4.977763424117258
1923000000.0,7.089182770290518,-7.002145096098095,13.410767730969557,-5.7955244594835165,5.352672106733656,-4.757819298119332,5.404690702940424,-4.9775186331929255
1924000000.0,7.086889146748299,-6.999482169062469,13.40881772348532,-5.78639189633312,5.352177766463026,-4.755417239156428,5.404362461897742,-4.974952397512064
1925000000.0,7.0845985401459854,-6.99682098540146,13.418723822077645,-5.7830307201053985,5.350648225088063,-4.754423442793229,5.402824907547676,-4.974010722647392
1926000000.0,7.082310945460815,-6.994161544225041,13.418204732105462,-5.7767103977338525,5.350166917092007,-4.752638513936839,5.402458794568966,-4.972113490780895
1927000000.0,7.080026357679829,-6.991503844641473,13.427875900425947,-5.786465428888014,5.351361667316668,-4.750335290711096,5.403644029916127,-4.969825563345173
1928000000.0,7.077744771799854,-6.9888478857573135,13.438713240526342,-5.773222035845961,5.349573383728783,-4.749498636750079,5.401963831818459,-4.969065526573693
1929000000.0,7.075466182827476,-6.986193666677432,13.431505635299652,-5.773067463092414,5.34888139903315,-4.747898685456605,5.401293527346984,-4.967262992645879
1930000000.0,7.073190585779022,-6.983541186505018,13.446365206247618,-5.771749207821877,5.347978475362879,-4.746248734591546,5.400397589969216,-4.965704714309955
1931000000.0,7.070917975680537,-6.980890444341597,13.44530795577748,-5.776536062870263,5.349135643151562,-4.743193030338146,5.401635356490034,-4.962479410833227
1932000000.0,7.068648347567768,-6.97824143928704,13.453133723695107,-5.773486884181069,5.3481567045811165,-4.743905433410797,5.400644025363703,-4.963320016278542
1933000000.0,7.066381696486138,-6.975594170439577,13.458693617206267,-5.77173750237739,5.348607697683785,-4.74120525892746,5.401212229861401,-4.9605520117876525
1934000000.0,7.064118017490726,-6.972948636895807,13.473104426695816,-5.763203494037675,5.347463429924849,-4.740037625046264,5.400150245295205,-4.959497450129842
1935000000.0,7.061857305646251,-6.97030483775071,13.467912252586485,-5.760058193292399,5.347099260418376,-4.738200289511824,5.399869400571092,-4.957480795552305
1936000000.0,7.059599556027046,-6.9676627720976585,13.476911712211313,-5.762111487964791,5.3468298997077435,-4.736202309469979,5.3996090342881935,-4.955483201018895
1937000000.0,7.057344763717038,-6.9650224390284325,13.47862456535167,-5.760102440514171,5.34555450073567,-4.734812031034144,5.398335729820325,-4.954013387091741
1938000000.0,7.055092923809729,-6.962383837633224,13.492697517996397,-5.754201094176993,5.345131697959453,-4.732744944930924,5.3980172581382115,-4.952014615530425
1939000000.0,7.0528440314081795,-6.959746967000656,13.491351967270614,-5.752227398427378,5.344911026001504,-4.731494760103313,5.397857434750607,-4.9506717176626305
1940000000.0,7.050598081624976,-6.957111826217791,13.504734819876761,-5.7465297855102175,5.3447083117376835,-4.73034419279035,5.397751442183205,-4.949635283905895
1941000000.0,7.048355069582224,-6.95447841437014,13.501267338529704,-5.752629804354773,5.34369277663651,-4.728921137883774,5.396649051709079,-4.948058825584955
1942000000.0,7.04611499041152,-6.951846730541676,13.516945922393464,-5.7472535440103325,5.344415858738123,-4.72727571864093,5.397524132557011,-4.946547415019119
1943000000.0,7.043877839253933,-6.949216773814847,13.520782697765732,-5.754963690021385,5.343851357355134,-4.725640016774914,5.3968746598246655,-4.944851263725913
1944000000.0,7.041643611259984,-6.946588543270582,13.528700171683912,-5.746752680066359,5.343591035374017,-4.724284301533619,5.396750011724677,-4.94352510486028
1945000000.0,7.039412301589623,-6.94396203798831,13.529272035714927,-5.746830695368312,5.342974596452263,-4.7232580862379905,5.396138709567368,-4.9424348052138045
1946000000.0,7.037183905412217,-6.941337257045964,13.5474676322863,-5.746110355027875,5.342642817601518,-4.722557621716738,5.395816785723505,-4.941929226825628
1947000000.0,7.034958417906521,-6.938714199519997,13.549872074369116,-5.744541270137434,5.342065875636895,-4.720382835007282,5.3952898786939825,-4.939651948077936
1948000000.0,7.032735834260663,-6.936092864485388,13.55553646844161,-5.741716318613354,5.342714088306776,-4.718841312050214,5.3960586994060575,-4.938111823517645
1949000000.0,7.030516149672119,-6.933473251015657,13.55900056113305,-5.742618442701823,5.341457560170786,-4.717874208837638,5.394756621049432,-4.937108858730077
1950000000.0,7.0282993593477,-6.930855358182877,13.566454618034218,-5.740709741064672,5.34127694236289,-4.715983353556579,5.394642934337358,-4.935206156802763
1951000000.0,7.026085458503523,-6.92823918505768,13.568932778619764,-5.734818343126703,5.340988151742945,-4.715296319728991,5.394448471893996,-4.934510789672059
1952000000.0,7.023874442365004,-6.925624730709272,13.57960477234047,-5.733697399565375,5.341386325728141,-4.713180865447856,5.394937356910911,-4.932423572705762
1953000000.0,7.021666306166824,-6.9230119942054404,13.584120990478299,-5.734950743816303,5.340873904618125,-4.711486117231379,5.394430186508344,-4.9306795112618
1954000000.0,7.019461045152916,-6.920400974612569,13.60187457764784,-5.731149472459757,5.34046093624029,-4.7086539340266595,5.3941053232862854,-4.9279139745126415
1955000000.0,7.017258654576446,-6.917791670995646,13.60263596724898,-5.7354258805326035,5.3412860740557795,-4.707770322431841,5.3949592878906145,-4.927000950249585
1956000000.0,7.015059129699791,-6.915184082418274,13.601617248952959,-5.727405596988635,5.341061575250378,-4.70717563014407,5.394861526484612,-4.926359943070559
1957000000.0,7.012862465794521,-6.912578207942685,13.611876828874918,-5.726029863350391,5.339961976331789,-4.705440339108442,5.393764335343448,-4.924638646309899
1958000000.0,7.010668658141379,-6.909974046629742,13.621959306293798,-5.727991716256611,5.339469894368346,-4.701978909717275,5.3932997017822935,-4.921099741574015
1959000000.0,7.008477702030256,-6.90737159753896,13.621586790754504,-5.7271436304903425,5.339556438462526,-4.701907705754387,5.393425507199521,-4.921020187252433
1960000000.0,7.00628959276018,-6.904770859728506,13.625652839872531,-5.72644183663424,5.339575940004731,-4.700773802225612,5.393495693563793,-4.919874253567546
1961000000.0,7.004104325639294,-6.902171832255222,13.635663620051009,-5.723464722984411,5.3385006807194575,-4.6994584430865505,5.392437164401155,-4.918594338983949
1962000000.0,7.001921895984831,-6.899574514174627,13.64536736643904,-5.720759892415303,5.338795296036016,-4.6973256494452995,5.392839042389986,-4.916473221411987
1963000000.0,6.9997422991231,-6.896978904540922,13.648191717870121,-5.72248963172194,5.338827259481365,-4.69518176095905,5.392911980847207,-4.914241661685176
1964000000.0,6.9975655303894655,-6.894385002407013,13.653233232800787,-5.717994478101952,5.339240720401542,-4.694794186985449,5.393432185624696,-4.913907774180873
1965000000.0,6.995391585128326,-6.891792806824515,13.664199268639248,-5.71801353518941,5.338582467922679,-4.692683457069883,5.39279033177925,-4.91180446291159
1966000000.0,6.993220458693099,-6.889202316843759,13.676694718806605,-5.71721662036236,5.338568542761676,-4.690415720013734,5.392841902153043,-4.909568141367735
1967000000.0,6.991052146446195,-6.886613531513809,13.678331040371338,-5.712943969496009,5.336908503123382,-4.689339457543826,5.391184369207243,-4.908420492184777
1968000000.0,6.988886643759008,-6.884026449882468,13.689727490202683,-5.714379261725224,5.337243151023613,-4.687732528848168,5.391563307868886,-4.906872783860654
1969000000.0,6.9867239460118835,-6.881441070996283,13.681195746020544,-5.71267247586128,5.337343644708933,-4.686389898345895,5.3917472752477495,-4.90534536103224
1970000000.0,6.984564048594111,-6.878857393900569,13.69960006019718,-5.707395536607079,5.337678086509705,-4.683428871477911,5.3922337158703675,-4.902462344339286
1971000000.0,6.9824069469038985,-6.876275417639406,13.699967752367373,-5.704540722773089,5.336221977928273,-4.681890349860164,5.390783524930886,-4.9008123505881045
1972000000.0,6.9802526363483555,-6.873695141255654,13.704399397247856,-5.705355178963463,5.3376059836196115,-4.67976168270808,5.392296222735621,-4.898644600521261
1973000000.0,6.978101112343474,-6.871116563790962,13.712097487717722,-5.70504110477967,5.336634578411961,-4.678509105272965,5.391313732948804,-4.897398339449751
1974000000.0,6.975952370314106,-6.868539684285779,13.72470206393447,-5.701248579747305,5.336673627646746,-4.67753036812265,5.391434067554043,-4.896527366106693
1975000000.0,6.973806405693949,-6.8659645017793585,13.722386069578445,-5.7028265426634,5.336116717405364,-4.674429943775297,5.39091116687199,-4.893206250914584
1976000000.0,6.97166321392553,-6.863391015309782,13.731458740377859,-5.697888877815251,5.3346872706683,-4.673195593953963,5.389502119973684,-4.8919908887223915
1977000000.0,6.969522790460174,-6.86081922391395,13.734435871003592,-5.700124469907362,5.334127969941734,-4.6717319517071125,5.388930989529579,-4.890466693024875
1978000000.0,6.967385130757998,-6.858249126627603,13.73700549608632,-5.6963809055222105,5.334618188326145,-4.66979931230007,5.3895552007377105,-4.888467769411612
1979000000.0,6.965250230287889,-6.855680722485334,13.741342753599406,-5.699605856027648,5.33405106454825,-4.667370149310436,5.388981701851973,-4.885939339429982
1980000000.0,6.96311808452748,-6.853114010520587,13.754936074426562,-5.697831395116642,5.332499881307194,-4.665754559586088,5.387407645555151,-4.8843723945941555
1981000000.0,6.960988688963137,-6.850548989765676,13.75803403453075,-5.693636994529873,5.332569454397466,-4.663445225244059,5.387600120874222,-4.881973611663806
1982000000.0,6.958862039089936,-6.84798565925179,13.765653619735707,-5.688524652612706,5.332174286307372,-4.661568480554859,5.387300382894071,-4.880080549244609
1983000000.0,6.956738130411649,-6.845424018009,13.77395529976646,-5.688569147631606,5.331780105845153,-4.659768941940358,5.386934312326971,-4.878273225485823
1984000000.0,6.954616958440722,-6.842864065066276,13.773649918720855,-5.690980436657661,5.332104707959352,-4.656926499147253,5.387326552142276,-4.875267431006376
1985000000.0,6.95249851869826,-6.840305799451495,13.780464465312626,-5.686559943977582,5.3310224690683325,-4.654897709764868,5.3862955482873005,-4.873188401517702
1986000000.0,6.950382806714002,-6.837749220191439,13.783946093606842,-5.681116785851363,5.330715990550452,-4.652584420765484,5.386105834625603,-4.870783138960453
1987000000.0,6.948269818026308,-6.835194326311819,13.787526606232001,-5.6794548610084075,5.330807127959056,-4.651278221732731,5.386268233180042,-4.869448615729721
1988000000.0,6.946159548182139,-6.832641116837275,13.795500056579021,-5.679498008551951,5.3294658753359245,-4.6475254473253,5.384941419131423,-4.865552375734363
1989000000.0,6.944051992737039,-6.8300895907913866,13.797838691674222,-5.671282511139892,5.328742974249424,-4.646078604854409,5.384329297810547,-4.864042108782445
1990000000.0,6.941947147255117,-6.827539747196692,13.805710596314729,-5.672138651343948,5.328860658616948,-4.643615980442441,5.384508348866574,-4.861537069053488
1991000000.0,6.939845007309027,-6.8249915850746765,13.81639044159551,-5.67536920028961,5.328464636729506,-4.64077728609611,5.384120395842076,-4.858656950015421
1992000000.0,6.93774556847995,-6.8224451034458005,13.81703166551063,-5.6673319938669575,5.32795446125678,-4.639138036989277,5.383735810006178,-4.856925955617814
1993000000.0,6.935648826357577,-6.819900301329501,13.820257769972915,-5.666196982865247,5.3279001896840015,-4.637069659776643,5.383753794098434,-4.854777356765383
1994000000.0,6.93355477654009,-6.8173571777442,13.820505671264819,-5.665458187984433,5.326333756167547,-4.634638134511041,5.382178094851244,-4.852176504795913
1995000000.0,6.9314634146341465,-6.814815731707317,13.831697499480633,-5.662702596961745,5.325452161680392,-4.633476484177673,5.381316807784082,-4.851069590296987
1996000000.0,6.9293747362548554,-6.8122759622352715,13.827884119759876,-5.661632219332436,5.3249477606766735,-4.630919636735093,5.38087372835714,-4.848307775002233
1997000000.0,6.927288737025763,-6.809737868343499,13.829330582971288,-5.654177478437046,5.325723684372879,-4.628439565657157,5.381857527369603,-4.845723579056957
1998000000.0,6.925205412578837,-6.807201449046453,13.8355620626019,-5.656370102132258,5.32473269401389,-4.626234013836455,5.380844530206012,-4.8434451668351315
1999000000.0,6.923124758554445,-6.804666703357622,13.846331773819825,-5.6545616057570305,5.323829678900562,-4.624112973639774,5.37996894711495,-4.84131684466632
2000000000.0,6.921046770601336,-6.802133630289533,13.843247563619007,-5.650544685768297,5.322285625377951,-4.620877709252571,5.378476455324852,-4.837827915756995
