f_Hz,teorico_re,teorico_im,"Medido (simplificado, 3 patrones)_re","Medido (simplificado, 3 patrones)_im","Medido (completo, 4 patrones, Automático)_re","Medido (completo, 4 patrones, Automático)_im","Medido (completo, 4 patrones, Clásico)_re","Medido (completo, 4 patrones, Clásico)_im"
1000000.0,81.90815165378257,-0.005177353801393363,81.90815165378257,-0.005177353801393363,81.90815165378251,-0.005177353801358448,81.90815165378251,-0.005177353801358448
2000000.0,81.90815060263684,-0.010354707460512324,81.90815060263682,-0.010354707460511961,81.9081506026371,-0.010354707460508041,81.9081506026371,-0.010354707460508041
3000000.0,81.90814885072733,-0.015532060835082493,81.90814885072733,-0.015532060835082493,81.90814885072724,-0.015532060835085255,81.90814885072724,-0.015532060835085255
4000000.0,81.90814639805419,-0.020709413782829506,81.90814639805419,-0.020709413782829506,81.90814639805431,-0.020709413782831792,81.90814639805431,-0.020709413782831792
5000000.0,81.90814324461749,-0.025886766161479037,81.90814324461748,-0.025886766161479034,81.90814324461756,-0.025886766161482316,81.90814324461756,-0.025886766161482316
6000000.0,81.90813939041745,-0.03106411782875682,81.90813939041745,-0.03106411782875682,81.90813939041746,-0.0310641178287458,81.90813939041746,-0.0310641178287458
7000000.0,81.90813483545426,-0.03624146864238864,81.90813483545426,-0.03624146864238864,81.90813483545418,-0.03624146864237789,81.90813483545418,-0.03624146864237789
8000000.0,81.90812957972817,-0.041418818460100364,81.90812957972817,-0.041418818460100364,81.90812957972824,-0.04141881846009513,81.90812957972824,-0.04141881846009513
9000000.0,81.90812362323949,-0.04659616713961797,81.90812362323948,-0.04659616713961928,81.90812362323905,-0.04659616713963812,81.90812362323905,-0.04659616713963812
10000000.0,81.90811696598853,-0.051773514538667506,81.90811696598853,-0.051773514538667506,81.9081169659886,-0.0517735145386698,81.9081169659886,-0.0517735145386698
11000000.0,81.90810960797565,-0.05695086051497518,81.90810960797565,-0.05695086051497518,81.90810960797556,-0.056950860514979176,81.90810960797556,-0.056950860514979176
12000000.0,81.90810154920126,-0.062128204926267284,81.90810154920126,-0.062128204926267284,81.90810154920113,-0.062128204926269005,81.90810154920113,-0.062128204926269005
13000000.0,81.9080927896658,-0.06730554763027026,81.9080927896658,-0.06730554763027026,81.9080927896656,-0.0673055476302759,81.9080927896656,-0.0673055476302759
14000000.0,81.90808332936977,-0.07248288848471077,81.90808332936976,-0.07248288848471245,81.90808332936999,-0.07248288848471135,81.90808332936999,-0.07248288848471135
15000000.0,81.90807316831368,-0.07766022734731558,81.90807316831368,-0.07766022734731558,81.90807316831383,-0.07766022734731544,81.90807316831383,-0.07766022734731544
16000000.0,81.9080623064981,-0.08283756407581164,81.9080623064981,-0.08283756407581164,81.90806230649815,-0.0828375640758153,81.90806230649815,-0.0828375640758153
17000000.0,81.90805074392358,-0.08801489852792609,81.90805074392357,-0.08801489852792747,81.90805074392351,-0.0880148985279222,81.90805074392351,-0.0880148985279222
18000000.0,81.9080384805908,-0.09319223056138635,81.90803848059079,-0.09319223056138634,81.90803848059083,-0.09319223056139458,81.90803848059083,-0.09319223056139458
19000000.0,81.90802551650044,-0.09836956003392,81.90802551650043,-0.09836956003391999,81.90802551650035,-0.09836956003391688,81.90802551650035,-0.09836956003391688
20000000.0,81.90801185165317,-0.10354688680325483,81.90801185165317,-0.10354688680325483,81.90801185165311,-0.10354688680326485,81.90801185165311,-0.10354688680326485
21000000.0,81.9079974860498,-0.10872421072711898,81.9079974860498,-0.10872421072711898,81.9079974860497,-0.10872421072710825,81.9079974860497,-0.10872421072710825
22000000.0,81.90798241969105,-0.11390153166324073,81.90798241969105,-0.11390153166324073,81.90798241969091,-0.11390153166323833,81.90798241969091,-0.11390153166323833
23000000.0,81.90796665257778,-0.11907884946934866,81.9079666525778,-0.11907884946934662,81.90796665257753,-0.11907884946935693,81.90796665257753,-0.11907884946935693
24000000.0,81.90795018471088,-0.12425616400317176,81.90795018471088,-0.12425616400317176,81.90795018471088,-0.12425616400314907,81.90795018471088,-0.12425616400314907
25000000.0,81.90793301609123,-0.12943347512243916,81.90793301609123,-0.12943347512243725,81.90793301609094,-0.1294334751224744,81.90793301609094,-0.1294334751224744
26000000.0,81.90791514671977,-0.13461078268488033,81.90791514671979,-0.13461078268487853,81.90791514671974,-0.13461078268486182,81.90791514671974,-0.13461078268486182
27000000.0,81.9078965765975,-0.13978808654822517,81.9078965765975,-0.13978808654822517,81.90789657659765,-0.1397880865482365,81.90789657659765,-0.1397880865482365
28000000.0,81.90787730572544,-0.14496538657020383,81.90787730572542,-0.1449653865702021,81.90787730572522,-0.1449653865702222,81.90787730572522,-0.1449653865702222
29000000.0,81.90785733410463,-0.15014268260854688,81.90785733410462,-0.1501426826085485,81.9078573341044,-0.15014268260856137,81.9078573341044,-0.15014268260856137
30000000.0,81.90783666173616,-0.1553199745209851,81.90783666173616,-0.1553199745209851,81.907836661736,-0.15531997452098353,81.907836661736,-0.15531997452098353
31000000.0,81.90781528862121,-0.16049726216524984,81.90781528862121,-0.16049726216524984,81.90781528862115,-0.16049726216524882,81.90781528862115,-0.16049726216524882
32000000.0,81.90779321476091,-0.16567454539907275,81.9077932147609,-0.1656745453990757,81.90779321476093,-0.16567454539906337,81.90779321476093,-0.16567454539906337
33000000.0,81.90777044015651,-0.17085182408018587,81.90777044015653,-0.17085182408018304,81.90777044015648,-0.1708518240801787,81.90777044015648,-0.1708518240801787
34000000.0,81.90774696480923,-0.1760290980663217,81.90774696480923,-0.1760290980663217,81.90774696480933,-0.17602909806629816,81.90774696480933,-0.17602909806629816
35000000.0,81.90772278872039,-0.1812063672152131,81.90772278872039,-0.1812063672152104,81.90772278872024,-0.18120636721518846,81.90772278872024,-0.18120636721518846
36000000.0,81.90769791189129,-0.18638363138459346,81.90769791189128,-0.18638363138459343,81.90769791189152,-0.18638363138459724,81.90769791189152,-0.18638363138459724
37000000.0,81.9076723343233,-0.1915608904321966,81.90767233432331,-0.19156089043219407,81.9076723343235,-0.19156089043216218,81.9076723343235,-0.19156089043216218
38000000.0,81.90764605601785,-0.19673814421575675,81.90764605601785,-0.19673814421575675,81.90764605601775,-0.19673814421578265,81.90764605601775,-0.19673814421578265
39000000.0,81.90761907697636,-0.20191539259300872,81.90761907697636,-0.20191539259300872,81.90761907697657,-0.20191539259303046,81.90761907697657,-0.20191539259303046
40000000.0,81.90759139720033,-0.20709263542168774,81.90759139720033,-0.20709263542168774,81.90759139720018,-0.20709263542167045,81.90759139720018,-0.20709263542167045
41000000.0,81.90756301669128,-0.21226987255952962,81.9075630166913,-0.21226987255952737,81.90756301669121,-0.21226987255952495,81.90756301669121,-0.21226987255952495
42000000.0,81.90753393545074,-0.21744710386427052,81.90753393545074,-0.21744710386426827,81.90753393545072,-0.21744710386427193,81.90753393545072,-0.21744710386427193
43000000.0,81.90750415348036,-0.22262432919364739,81.90750415348036,-0.22262432919364739,81.90750415348043,-0.2226243291936053,81.90750415348043,-0.2226243291936053
44000000.0,81.90747367078173,-0.2278015484053975,81.90747367078173,-0.2278015484053975,81.90747367078168,-0.22780154840543176,81.90747367078168,-0.22780154840543176
45000000.0,81.90744248735655,-0.23297876135725884,81.90744248735653,-0.23297876135726298,81.90744248735653,-0.23297876135727383,81.90744248735653,-0.23297876135727383
46000000.0,81.90741060320653,-0.2381559679069699,81.90741060320651,-0.23815596790696988,81.90741060320661,-0.23815596790699214,81.90741060320661,-0.23815596790699214
47000000.0,81.9073780183334,-0.24333316791226972,81.90737801833339,-0.2433331679122697,81.90737801833325,-0.2433331679122376,81.90737801833325,-0.2433331679122376
48000000.0,81.907344732739,-0.2485103612308981,81.90734473273899,-0.24851036123089806,81.90734473273913,-0.24851036123083284,81.90734473273913,-0.24851036123083284
49000000.0,81.90731074642513,-0.25368754772059515,81.90731074642513,-0.2536875477205913,81.90731074642503,-0.2536875477206064,81.90731074642503,-0.2536875477206064
50000000.0,81.90727605939364,-0.258864727239102,81.90727605939364,-0.258864727239102,81.90727605939381,-0.2588647272390884,81.90727605939381,-0.2588647272390884
51000000.0,81.90724067164643,-0.2640418996441599,81.90724067164643,-0.2640418996441599,81.90724067164633,-0.2640418996441599,81.90724067164633,-0.2640418996441599
52000000.0,81.90720458318552,-0.2692190647935115,81.90720458318552,-0.2692190647935115,81.90720458318569,-0.26921906479347063,81.90720458318569,-0.26921906479347063
53000000.0,81.90716779401282,-0.2743962225448993,81.9071677940128,-0.27439622254490637,81.90716779401264,-0.27439622254489615,81.90716779401264,-0.27439622254489615
54000000.0,81.90713030413038,-0.27957337275606714,81.90713030413038,-0.27957337275606714,81.90713030413046,-0.27957337275605415,81.90713030413046,-0.27957337275605415
55000000.0,81.90709211354024,-0.28475051528475903,81.90709211354024,-0.28475051528475903,81.90709211354007,-0.28475051528478734,81.90709211354007,-0.28475051528478734
56000000.0,81.90705322224451,-0.28992764998872,81.90705322224451,-0.2899276499887167,81.90705322224436,-0.2899276499887286,81.90705322224436,-0.2899276499887286
57000000.0,81.90701363024536,-0.29510477672569585,81.90701363024536,-0.2951047767256926,81.9070136302451,-0.2951047767257047,81.9070136302451,-0.2951047767257047
58000000.0,81.90697333754491,-0.30028189535343275,81.90697333754491,-0.30028189535343275,81.90697333754487,-0.3002818953534091,81.90697333754487,-0.3002818953534091
59000000.0,81.90693234414543,-0.305459005729678,81.90693234414542,-0.30545900572967477,81.9069323441454,-0.30545900572964907,81.9069323441454,-0.30545900572964907
60000000.0,81.90689065004912,-0.3106361077121794,81.90689065004912,-0.3106361077121794,81.90689065004901,-0.3106361077121759,81.90689065004901,-0.3106361077121759
61000000.0,81.9068482552583,-0.31581320115868566,81.9068482552583,-0.31581320115868566,81.90684825525852,-0.3158132011586564,81.90684825525852,-0.3158132011586564
62000000.0,81.90680515977529,-0.32099028592694623,81.90680515977527,-0.3209902859269462,81.90680515977536,-0.3209902859269529,81.90680515977536,-0.3209902859269529
63000000.0,81.90676136360247,-0.3261673618747114,81.90676136360247,-0.3261673618747114,81.9067613636027,-0.32616736187473216,81.9067613636027,-0.32616736187473216
64000000.0,81.90671686674224,-0.3313444288597321,81.90671686674222,-0.3313444288597378,81.90671686674223,-0.33134442885973536,81.90671686674223,-0.33134442885973536
65000000.0,81.90667166919704,-0.33652148673976023,81.90667166919705,-0.33652148673975457,81.90667166919717,-0.3365214867397842,81.90667166919717,-0.3365214867397842
66000000.0,81.90662577096937,-0.34169853537254863,81.90662577096937,-0.34169853537254863,81.90662577096944,-0.34169853537255646,81.90662577096944,-0.34169853537255646
67000000.0,81.90657917206174,-0.34687557461585067,81.90657917206173,-0.34687557461585616,81.90657917206165,-0.3468755746158266,81.90657917206165,-0.3468755746158266
68000000.0,81.90653187247672,-0.35205260432742086,81.90653187247672,-0.35205260432742086,81.90653187247685,-0.35205260432742297,81.90653187247685,-0.35205260432742297
69000000.0,81.9064838722169,-0.3572296243650144,81.9064838722169,-0.3572296243650144,81.906483872217,-0.35722962436500116,81.906483872217,-0.35722962436500116
70000000.0,81.90643517128493,-0.3624066345863876,81.90643517128493,-0.3624066345863876,81.90643517128484,-0.3624066345863442,81.90643517128484,-0.3624066345863442
71000000.0,81.90638576968345,-0.3675836348492974,81.90638576968345,-0.3675836348492974,81.90638576968358,-0.3675836348492425,81.90638576968358,-0.3675836348492425
72000000.0,81.90633566741522,-0.3727606250115018,81.90633566741522,-0.3727606250115018,81.90633566741512,-0.3727606250115214,81.90633566741512,-0.3727606250115214
73000000.0,81.90628486448297,-0.37793760493075973,81.90628486448297,-0.37793760493075973,81.90628486448263,-0.37793760493073475,81.90628486448263,-0.37793760493073475
74000000.0,81.9062333608895,-0.3831145744648311,81.9062333608895,-0.3831145744648311,81.90623336088956,-0.38311457446486136,81.90623336088956,-0.38311457446486136
75000000.0,81.90618115663764,-0.38829153347147655,81.90618115663764,-0.38829153347147166,81.90618115663759,-0.38829153347152556,81.90618115663759,-0.38829153347152556
76000000.0,81.90612825173025,-0.3934684818084579,81.90612825173027,-0.3934684818084532,81.90612825173018,-0.3934684818084734,81.90612825173018,-0.3934684818084734
77000000.0,81.90607464617024,-0.398645419333538,81.90607464617024,-0.398645419333538,81.9060746461702,-0.3986454193335345,81.9060746461702,-0.3986454193335345
78000000.0,81.90602033996058,-0.40382234590448046,81.90602033996056,-0.4038223459044804,81.90602033996078,-0.4038223459044745,81.90602033996078,-0.4038223459044745
79000000.0,81.90596533310423,-0.40899926137905007,81.90596533310423,-0.40899926137905007,81.90596533310429,-0.40899926137907794,81.90596533310429,-0.40899926137907794
80000000.0,81.9059096256042,-0.4141761656150124,81.9059096256042,-0.41417616561501697,81.90590962560411,-0.4141761656150148,81.90590962560411,-0.4141761656150148
81000000.0,81.90585321746359,-0.41935305847013454,81.90585321746359,-0.41935305847013904,81.90585321746349,-0.41935305847013277,81.90585321746349,-0.41935305847013277
82000000.0,81.90579610868546,-0.42452993980218406,81.90579610868546,-0.42452993980218406,81.9057961086853,-0.4245299398022116,81.9057961086853,-0.4245299398022116
83000000.0,81.90573829927298,-0.42970680946892986,81.90573829927298,-0.42970680946893425,81.90573829927318,-0.42970680946893913,81.90573829927318,-0.42970680946893913
84000000.0,81.90567978922931,-0.434883667328142,81.90567978922931,-0.4348836673281463,81.90567978922931,-0.43488366732809847,81.90567978922931,-0.43488366732809847
85000000.0,81.90562057855767,-0.44006051323759143,81.90562057855767,-0.44006051323759143,81.90562057855759,-0.4400605132376218,81.90562057855759,-0.4400605132376218
86000000.0,81.90556066726133,-0.4452373470550503,81.90556066726133,-0.4452373470550461,81.90556066726135,-0.44523734705506673,81.90556066726135,-0.44523734705506673
87000000.0,81.90550005534355,-0.4504141686382918,81.90550005534355,-0.45041416863828765,81.90550005534337,-0.45041416863837297,81.90550005534337,-0.45041416863837297
88000000.0,81.90543874280768,-0.4555909778450903,81.90543874280769,-0.4555909778450822,81.90543874280787,-0.4555909778450074,81.90543874280787,-0.4555909778450074
89000000.0,81.90537672965706,-0.4607677745332211,81.90537672965705,-0.46076777453322504,81.90537672965715,-0.4607677745332021,81.90537672965715,-0.4607677745332021
90000000.0,81.90531401589517,-0.46594455856046113,81.90531401589517,-0.46594455856045713,81.90531401589514,-0.4659445585604749,81.90531401589514,-0.4659445585604749
91000000.0,81.90525060152538,-0.47112132978458793,81.90525060152538,-0.4711213297845958,81.90525060152532,-0.4711213297845391,81.90525060152532,-0.4711213297845391
92000000.0,81.90518648655123,-0.4762980880633808,81.90518648655123,-0.4762980880633808,81.90518648655106,-0.47629808806335594,81.90518648655106,-0.47629808806335594
93000000.0,81.90512167097621,-0.4814748332546195,81.90512167097621,-0.4814748332546195,81.90512167097611,-0.4814748332546408,81.90512167097611,-0.4814748332546408
94000000.0,81.90505615480389,-0.4866515652160855,81.90505615480389,-0.4866515652160855,81.90505615480365,-0.48665156521612823,81.90505615480365,-0.48665156521612823
95000000.0,81.90498993803786,-0.4918282838055613,81.90498993803784,-0.49182828380556126,81.90498993803786,-0.4918282838055339,81.90498993803786,-0.4918282838055339
96000000.0,81.90492302068178,-0.49700498888083094,81.90492302068178,-0.4970049888808235,81.9049230206818,-0.49700498888087274,81.9049230206818,-0.49700498888087274
97000000.0,81.90485540273932,-0.502181680299679,81.90485540273932,-0.502181680299679,81.90485540273917,-0.5021816802997626,81.90485540273917,-0.5021816802997626
98000000.0,81.90478708421418,-0.5073583579198921,81.90478708421418,-0.5073583579198849,81.9047870842143,-0.5073583579198477,81.9047870842143,-0.5073583579198477
99000000.0,81.90471806511013,-0.5125350215992579,81.90471806511012,-0.5125350215992649,81.90471806511016,-0.5125350215992588,81.90471806511016,-0.5125350215992588
100000000.0,81.90464834543097,-0.5177116711955647,81.90464834543097,-0.5177116711955647,81.904648345431,-0.517711671195607,81.904648345431,-0.517711671195607
101000000.0,81.9045779251805,-0.5228883065666028,81.9045779251805,-0.5228883065666028,81.90457792518048,-0.5228883065666183,81.90457792518048,-0.5228883065666183
102000000.0,81.90450680436265,-0.5280649275701639,81.90450680436265,-0.5280649275701639,81.90450680436244,-0.5280649275701486,81.90450680436244,-0.5280649275701486
103000000.0,81.90443498298126,-0.5332415340640404,81.90443498298126,-0.5332415340640473,81.9044349829813,-0.533241534064097,81.9044349829813,-0.533241534064097
104000000.0,81.90436246104032,-0.5384181259060264,81.90436246104032,-0.5384181259060264,81.90436246104007,-0.5384181259060823,81.90436246104007,-0.5384181259060823
105000000.0,81.9042892385438,-0.5435947029539173,81.9042892385438,-0.5435947029539173,81.90428923854388,-0.5435947029539605,81.90428923854388,-0.5435947029539605
106000000.0,81.90421531549572,-0.5487712650655099,81.90421531549572,-0.5487712650655033,81.90421531549578,-0.5487712650655385,81.90421531549578,-0.5487712650655385
107000000.0,81.90414069190015,-0.5539478120986022,81.90414069190014,-0.5539478120986021,81.90414069190017,-0.553947812098609,81.90414069190017,-0.553947812098609
108000000.0,81.90406536776119,-0.5591243439109939,81.90406536776119,-0.5591243439109939,81.90406536776116,-0.5591243439109564,81.90406536776116,-0.5591243439109564
109000000.0,81.90398934308297,-0.5643008603604857,81.90398934308296,-0.5643008603604919,81.90398934308277,-0.5643008603605383,81.90398934308277,-0.5643008603605383
110000000.0,81.90391261786968,-0.5694773613048798,81.90391261786968,-0.5694773613048735,81.90391261786945,-0.5694773613048152,81.90391261786945,-0.5694773613048152
111000000.0,81.90383519212554,-0.5746538466019802,81.90383519212554,-0.5746538466019739,81.90383519212548,-0.5746538466019495,81.90383519212548,-0.5746538466019495
112000000.0,81.90375706585478,-0.5798303161095918,81.90375706585478,-0.5798303161095856,81.90375706585468,-0.5798303161095879,81.90375706585468,-0.5798303161095879
113000000.0,81.90367823906172,-0.5850067696855213,81.90367823906172,-0.5850067696855213,81.90367823906188,-0.5850067696856199,81.90367823906188,-0.5850067696856199
114000000.0,81.90359871175067,-0.5901832071875769,81.90359871175069,-0.590183207187577,81.90359871175053,-0.5901832071875871,81.90359871175053,-0.5901832071875871
115000000.0,81.90351848392604,-0.5953596284735678,81.90351848392604,-0.5953596284735678,81.90351848392592,-0.5953596284735245,81.90351848392592,-0.5953596284735245
116000000.0,81.90343755559219,-0.6005360334013052,81.90343755559219,-0.6005360334013052,81.90343755559206,-0.6005360334012835,81.90343755559206,-0.6005360334012835
117000000.0,81.90335592675356,-0.6057124218286014,81.90335592675356,-0.6057124218285955,81.90335592675348,-0.6057124218287036,81.90335592675348,-0.6057124218287036
118000000.0,81.90327359741471,-0.6108887936132709,81.90327359741471,-0.6108887936132709,81.90327359741474,-0.6108887936133102,81.90327359741474,-0.6108887936133102
119000000.0,81.90319056758008,-0.6160651486131287,81.90319056758008,-0.6160651486131287,81.90319056758001,-0.6160651486130749,81.90319056758001,-0.6160651486130749
120000000.0,81.90310683725427,-0.621241486685992,81.90310683725427,-0.621241486685992,81.90310683725419,-0.6212414866859807,81.90310683725419,-0.6212414866859807
121000000.0,81.9030224064419,-0.6264178076896797,81.9030224064419,-0.6264178076896797,81.90302240644175,-0.626417807689808,81.90302240644175,-0.626417807689808
122000000.0,81.90293727514758,-0.6315941114820116,81.90293727514758,-0.6315941114820116,81.90293727514744,-0.6315941114820179,81.90293727514744,-0.6315941114820179
123000000.0,81.902851443376,-0.6367703979208099,81.902851443376,-0.6367703979208099,81.90285144337598,-0.6367703979208266,81.90285144337598,-0.6367703979208266
124000000.0,81.90276491113187,-0.6419466668638979,81.90276491113185,-0.6419466668638978,81.90276491113167,-0.6419466668640864,81.90276491113167,-0.6419466668640864
125000000.0,81.90267767841993,-0.6471229181691001,81.90267767841993,-0.6471229181691001,81.90267767842013,-0.6471229181691367,81.90267767842013,-0.6471229181691367
126000000.0,81.90258974524501,-0.6522991516942435,81.90258974524501,-0.6522991516942435,81.90258974524507,-0.6522991516941828,81.90258974524507,-0.6522991516941828
127000000.0,81.90250111161193,-0.6574753672971562,81.90250111161193,-0.6574753672971562,81.90250111161185,-0.6574753672971835,81.90250111161185,-0.6574753672971835
128000000.0,81.90241177752553,-0.6626515648356678,81.90241177752554,-0.6626515648356627,81.90241177752566,-0.6626515648355411,81.90241177752566,-0.6626515648355411
129000000.0,81.90232174299076,-0.6678277441676103,81.90232174299076,-0.6678277441676052,81.90232174299086,-0.6678277441676773,81.90232174299086,-0.6678277441676773
130000000.0,81.90223100801254,-0.6730039051508163,81.90223100801254,-0.6730039051508214,81.90223100801249,-0.6730039051508883,81.90223100801249,-0.6730039051508883
131000000.0,81.90213957259586,-0.6781800476431211,81.90213957259586,-0.6781800476431261,81.9021395725958,-0.6781800476430726,81.9021395725958,-0.6781800476430726
132000000.0,81.90204743674576,-0.683356171502361,81.90204743674576,-0.683356171502361,81.90204743674576,-0.6833561715023562,81.90204743674576,-0.6833561715023562
133000000.0,81.90195460046728,-0.6885322765863743,81.90195460046726,-0.688532276586379,81.90195460046723,-0.6885322765863553,81.90195460046723,-0.6885322765863553
134000000.0,81.90186106376555,-0.6937083627530011,81.90186106376554,-0.6937083627529961,81.90186106376554,-0.6937083627530014,81.90186106376554,-0.6937083627530014
135000000.0,81.90176682664567,-0.6988844298600828,81.90176682664567,-0.6988844298600779,81.90176682664564,-0.6988844298600339,81.90176682664564,-0.6988844298600339
136000000.0,81.90167188911286,-0.704060477765463,81.90167188911286,-0.704060477765463,81.90167188911309,-0.7040604777653654,81.90167188911309,-0.7040604777653654
137000000.0,81.9015762511723,-0.7092365063269868,81.9015762511723,-0.7092365063269868,81.90157625117249,-0.7092365063269541,81.90157625117249,-0.7092365063269541
138000000.0,81.90147991282927,-0.7144125154025014,81.90147991282926,-0.714412515402506,81.90147991282923,-0.7144125154025903,81.90147991282923,-0.7144125154025903
139000000.0,81.90138287408907,-0.7195885048498556,81.90138287408907,-0.7195885048498509,81.90138287408922,-0.7195885048497818,81.90138287408922,-0.7195885048497818
140000000.0,81.90128513495699,-0.7247644745268996,81.90128513495699,-0.7247644745268996,81.90128513495692,-0.7247644745268245,81.90128513495692,-0.7247644745268245
141000000.0,81.90118669543844,-0.729940424291486,81.90118669543844,-0.729940424291486,81.90118669543857,-0.7299404242915164,81.90118669543857,-0.7299404242915164
142000000.0,81.90108755553881,-0.7351163540014689,81.9010875555388,-0.7351163540014641,81.90108755553855,-0.7351163540015992,81.90108755553855,-0.7351163540015992
143000000.0,81.90098771526355,-0.7402922635147042,81.90098771526355,-0.7402922635147042,81.90098771526348,-0.7402922635147022,81.90098771526348,-0.7402922635147022
144000000.0,81.90088717461818,-0.7454681526890503,81.90088717461816,-0.745468152689055,81.90088717461809,-0.7454681526890687,81.90088717461809,-0.7454681526890687
145000000.0,81.90078593360815,-0.7506440213823662,81.90078593360815,-0.750644021382371,81.90078593360829,-0.7506440213822585,81.90078593360829,-0.7506440213822585
146000000.0,81.9006839922391,-0.7558198694525142,81.90068399223908,-0.7558198694525189,81.90068399223924,-0.7558198694526046,81.90068399223924,-0.7558198694526046
147000000.0,81.90058135051657,-0.7609956967573572,81.90058135051657,-0.7609956967573572,81.9005813505164,-0.7609956967573258,81.9005813505164,-0.7609956967573258
148000000.0,81.90047800844624,-0.766171503154761,81.90047800844623,-0.7661715031547609,81.90047800844638,-0.7661715031547398,81.90047800844638,-0.7661715031547398
149000000.0,81.90037396603378,-0.7713472885025928,81.90037396603377,-0.7713472885025975,81.90037396603373,-0.7713472885027062,81.90037396603373,-0.7713472885027062
150000000.0,81.9002692232849,-0.7765230526587217,81.9002692232849,-0.7765230526587265,81.90026922328481,-0.7765230526586329,81.90026922328481,-0.7765230526586329
151000000.0,81.90016378020535,-0.7816987954810191,81.90016378020535,-0.7816987954810143,81.90016378020547,-0.7816987954810223,81.90016378020547,-0.7816987954810223
152000000.0,81.90005763680092,-0.7868745168273579,81.90005763680091,-0.7868745168273578,81.90005763680092,-0.7868745168272379,81.90005763680092,-0.7868745168272379
153000000.0,81.89995079307747,-0.7920502165556135,81.89995079307747,-0.7920502165556182,81.89995079307747,-0.7920502165555734,81.89995079307747,-0.7920502165555734
154000000.0,81.89984324904083,-0.7972258945236628,81.89984324904083,-0.7972258945236628,81.89984324904077,-0.7972258945236983,81.89984324904077,-0.7972258945236983
155000000.0,81.89973500469694,-0.8024015505893848,81.89973500469694,-0.8024015505893848,81.89973500469688,-0.8024015505893816,81.89973500469688,-0.8024015505893816
156000000.0,81.89962606005174,-0.8075771846106609,81.89962606005174,-0.8075771846106609,81.89962606005167,-0.8075771846107238,81.89962606005167,-0.8075771846107238
157000000.0,81.8995164151112,-0.8127527964453737,81.8995164151112,-0.8127527964453689,81.8995164151111,-0.8127527964454127,81.8995164151111,-0.8127527964454127
158000000.0,81.89940606988137,-0.8179283859514087,81.89940606988137,-0.8179283859514087,81.89940606988131,-0.8179283859514757,81.89940606988131,-0.8179283859514757
159000000.0,81.8992950243683,-0.8231039529866531,81.89929502436829,-0.823103952986653,81.8992950243683,-0.8231039529866453,81.8992950243683,-0.8231039529866453
160000000.0,81.89918327857808,-0.8282794974089959,81.89918327857808,-0.8282794974089959,81.89918327857801,-0.8282794974091098,81.89918327857801,-0.8282794974091098
161000000.0,81.89907083251686,-0.8334550190763286,81.89907083251686,-0.8334550190763286,81.89907083251687,-0.8334550190763391,81.89907083251687,-0.8334550190763391
162000000.0,81.89895768619084,-0.8386305178465445,81.89895768619083,-0.8386305178465396,81.89895768619063,-0.8386305178466287,81.89895768619063,-0.8386305178466287
163000000.0,81.89884383960619,-0.8438059935775389,81.89884383960619,-0.8438059935775389,81.89884383960622,-0.8438059935776298,81.89884383960622,-0.8438059935776298
164000000.0,81.8987292927692,-0.8489814461272098,81.89872929276919,-0.8489814461272145,81.89872929276926,-0.8489814461272213,81.89872929276926,-0.8489814461272213
165000000.0,81.89861404568614,-0.8541568753534565,81.89861404568614,-0.8541568753534565,81.89861404568641,-0.8541568753533633,81.89861404568641,-0.8541568753533633
166000000.0,81.89849809836336,-0.859332281114181,81.89849809836336,-0.8593322811141763,81.8984980983633,-0.8593322811142184,81.8984980983633,-0.8593322811142184
167000000.0,81.89838145080724,-0.8645076632672876,81.89838145080722,-0.8645076632672875,81.89838145080715,-0.864507663267409,81.89838145080715,-0.864507663267409
168000000.0,81.89826410302415,-0.8696830216706819,81.89826410302415,-0.8696830216706867,81.89826410302422,-0.8696830216707184,81.89826410302422,-0.8696830216707184
169000000.0,81.89814605502056,-0.8748583561822728,81.89814605502056,-0.874858356182268,81.8981460550206,-0.8748583561823137,81.8981460550206,-0.8748583561823137
170000000.0,81.89802730680297,-0.8800336666599704,81.89802730680296,-0.8800336666599703,81.89802730680279,-0.8800336666600381,81.89802730680279,-0.8800336666600381
171000000.0,81.89790785837788,-0.8852089529616877,81.89790785837788,-0.8852089529616877,81.89790785837799,-0.8852089529615964,81.89790785837799,-0.8852089529615964
172000000.0,81.89778770975187,-0.8903842149453393,81.89778770975185,-0.8903842149453391,81.89778770975198,-0.8903842149452511,81.89778770975198,-0.8903842149452511
173000000.0,81.89766686093152,-0.8955594524688427,81.89766686093152,-0.8955594524688427,81.89766686093166,-0.8955594524687734,81.89766686093166,-0.8955594524687734
174000000.0,81.89754531192348,-0.900734665390117,81.89754531192348,-0.900734665390117,81.8975453119234,-0.9007346653900451,81.8975453119234,-0.9007346653900451
175000000.0,81.89742306273443,-0.9059098535670842,81.89742306273443,-0.9059098535670842,81.89742306273436,-0.9059098535670586,81.89742306273436,-0.9059098535670586
176000000.0,81.8973001133711,-0.9110850168576682,81.89730011337109,-0.9110850168576727,81.89730011337117,-0.9110850168575206,81.89730011337117,-0.9110850168575206
177000000.0,81.8971764638402,-0.9162601551197946,81.8971764638402,-0.9162601551197946,81.89717646384011,-0.9162601551198464,81.89717646384011,-0.9162601551198464
178000000.0,81.89705211414858,-0.9214352682113928,81.89705211414856,-0.9214352682113973,81.89705211414844,-0.9214352682115489,81.89705211414844,-0.9214352682115489
179000000.0,81.89692706430303,-0.9266103559903927,81.89692706430303,-0.9266103559903879,81.89692706430309,-0.9266103559904382,81.89692706430309,-0.9266103559904382
180000000.0,81.89680131431042,-0.9317854183147278,81.89680131431042,-0.9317854183147231,81.89680131431037,-0.9317854183148139,81.89680131431037,-0.9317854183148139
181000000.0,81.8966748641777,-0.9369604550423338,81.89667486417768,-0.9369604550423433,81.89667486417758,-0.9369604550423017,81.89667486417758,-0.9369604550423017
182000000.0,81.89654771391177,-0.9421354660311483,81.89654771391176,-0.942135466031153,81.89654771391163,-0.9421354660313341,81.89654771391163,-0.9421354660313341
183000000.0,81.89641986351963,-0.9473104511391112,81.89641986351961,-0.947310451139111,81.8964198635197,-0.9473104511391429,81.8964198635197,-0.9473104511391429
184000000.0,81.89629131300832,-0.9524854102241656,81.8962913130083,-0.9524854102241607,81.89629131300826,-0.9524854102243097,81.89629131300826,-0.9524854102243097
185000000.0,81.89616206238487,-0.9576603431442555,81.89616206238487,-0.9576603431442603,81.896162062385,-0.9576603431442963,81.896162062385,-0.9576603431442963
186000000.0,81.89603211165641,-0.9628352497573289,81.8960321116564,-0.9628352497573335,81.89603211165657,-0.9628352497572732,81.89603211165657,-0.9628352497572732
187000000.0,81.89590146083006,-0.9680101299213352,81.89590146083006,-0.96801012992134,81.89590146083022,-0.9680101299213226,81.89590146083022,-0.9680101299213226
188000000.0,81.89577010991302,-0.9731849834942267,81.89577010991302,-0.9731849834942219,81.89577010991314,-0.9731849834942204,81.89577010991314,-0.9731849834942204
189000000.0,81.89563805891248,-0.9783598103339578,81.89563805891247,-0.9783598103339672,81.89563805891234,-0.9783598103340201,81.89563805891234,-0.9783598103340201
190000000.0,81.8955053078357,-0.9835346102984855,81.8955053078357,-0.9835346102984855,81.89550530783575,-0.9835346102984704,81.89550530783575,-0.9835346102984704
191000000.0,81.89537185668998,-0.9887093832457695,81.89537185668998,-0.98870938324576,81.89537185668996,-0.9887093832456715,81.89537185668996,-0.9887093832456715
192000000.0,81.89523770548266,-0.9938841290337714,81.89523770548264,-0.9938841290337666,81.89523770548243,-0.9938841290337996,81.89523770548243,-0.9938841290337996
193000000.0,81.89510285422107,-0.9990588475204556,81.89510285422107,-0.9990588475204604,81.89510285422126,-0.9990588475204137,81.89510285422126,-0.9990588475204137
194000000.0,81.89496730291266,-1.0042335385637893,81.89496730291265,-1.004233538563794,81.89496730291269,-1.0042335385637948,81.89496730291269,-1.0042335385637948
195000000.0,81.89483105156485,-1.0094082020217419,81.89483105156485,-1.0094082020217419,81.89483105156472,-1.0094082020215316,81.89483105156472,-1.0094082020215316
196000000.0,81.89469410018513,-1.014582837752285,81.89469410018513,-1.014582837752285,81.8946941001852,-1.014582837752346,81.8946941001852,-1.014582837752346
197000000.0,81.89455644878106,-1.0197574456133938,81.89455644878106,-1.0197574456133986,81.89455644878119,-1.0197574456133114,81.89455644878119,-1.0197574456133114
198000000.0,81.89441809736014,-1.0249320254630447,81.89441809736013,-1.0249320254630445,81.89441809736023,-1.0249320254630638,81.89441809736023,-1.0249320254630638
199000000.0,81.89427904593002,-1.0301065771592175,81.89427904593002,-1.0301065771592224,81.89427904592992,-1.0301065771591942,81.89427904592992,-1.0301065771591942
200000000.0,81.8941392944983,-1.0352811005598945,81.8941392944983,-1.035281100559904,81.89413929449832,-1.035281100560139,81.89413929449832,-1.035281100560139
201000000.0,81.89399884307268,-1.04045559552306,81.89399884307268,-1.040455595523065,81.89399884307271,-1.0404555955230097,81.89399884307271,-1.0404555955230097
202000000.0,81.89385769166087,-1.0456300619067018,81.89385769166087,-1.0456300619067018,81.893857691661,-1.0456300619067018,81.893857691661,-1.0456300619067018
203000000.0,81.89371584027062,-1.0508044995688102,81.89371584027062,-1.0508044995688102,81.8937158402707,-1.0508044995687438,81.8937158402707,-1.0508044995687438
204000000.0,81.89357328890974,-1.0559789083673774,81.89357328890974,-1.0559789083673774,81.89357328890972,-1.0559789083672995,81.89357328890972,-1.0559789083672995
205000000.0,81.89343003758601,-1.0611532881603984,81.89343003758601,-1.0611532881603984,81.89343003758583,-1.0611532881606123,81.89343003758583,-1.0611532881606123
206000000.0,81.89328608630737,-1.0663276388058722,81.89328608630738,-1.0663276388058678,81.89328608630736,-1.0663276388057228,81.89328608630736,-1.0663276388057228
207000000.0,81.89314143508166,-1.071501960161798,81.89314143508166,-1.0715019601617932,81.89314143508166,-1.07150196016185,81.89314143508166,-1.07150196016185
208000000.0,81.89299608391687,-1.0766762520861801,81.89299608391687,-1.0766762520861801,81.89299608391688,-1.0766762520861493,81.89299608391688,-1.0766762520861493
209000000.0,81.89285003282096,-1.0818505144370236,81.89285003282096,-1.0818505144370187,81.89285003282079,-1.0818505144370822,81.89285003282079,-1.0818505144370822
210000000.0,81.89270328180197,-1.0870247470723382,81.89270328180197,-1.087024747072343,81.8927032818021,-1.0870247470722654,81.8927032818021,-1.0870247470722654
211000000.0,81.89255583086793,-1.0921989498501343,81.89255583086792,-1.092198949850139,81.89255583086803,-1.0921989498499405,81.89255583086803,-1.0921989498499405
212000000.0,81.89240768002699,-1.097373122628427,81.89240768002699,-1.097373122628427,81.89240768002712,-1.0973731226284662,81.89240768002712,-1.0973731226284662
213000000.0,81.89225882928726,-1.1025472652652324,81.89225882928726,-1.1025472652652373,81.8922588292872,-1.1025472652652166,81.8922588292872,-1.1025472652652166
214000000.0,81.89210927865689,-1.1077213776185701,81.89210927865689,-1.1077213776185653,81.89210927865682,-1.1077213776187305,81.89210927865682,-1.1077213776187305
215000000.0,81.89195902814413,-1.1128954595464633,81.89195902814413,-1.1128954595464633,81.89195902814417,-1.1128954595465375,81.89195902814417,-1.1128954595465375
216000000.0,81.89180807775722,-1.1180695109069363,81.89180807775722,-1.1180695109069363,81.89180807775709,-1.1180695109069174,81.89180807775709,-1.1180695109069174
217000000.0,81.89165642750446,-1.1232435315580174,81.89165642750444,-1.1232435315580125,81.89165642750453,-1.1232435315580533,81.89165642750453,-1.1232435315580533
218000000.0,81.89150407739416,-1.1284175213577377,81.89150407739416,-1.1284175213577328,81.89150407739425,-1.1284175213578302,81.89150407739425,-1.1284175213578302
219000000.0,81.8913510274347,-1.1335914801641305,81.8913510274347,-1.1335914801641305,81.89135102743471,-1.1335914801642764,81.89135102743471,-1.1335914801642764
220000000.0,81.89119727763449,-1.1387654078352323,81.89119727763448,-1.1387654078352274,81.89119727763448,-1.1387654078353389,81.89119727763448,-1.1387654078353389
221000000.0,81.89104282800196,-1.1439393042290826,81.89104282800194,-1.1439393042290873,81.89104282800201,-1.1439393042289328,81.89104282800201,-1.1439393042289328
222000000.0,81.8908876785456,-1.1491131692037229,81.89088767854558,-1.1491131692037226,81.89088767854555,-1.1491131692037058,81.89088767854555,-1.1491131692037058
223000000.0,81.89073182927396,-1.1542870026171994,81.89073182927396,-1.1542870026171945,81.89073182927393,-1.1542870026170347,81.89073182927393,-1.1542870026170347
224000000.0,81.89057528019555,-1.159460804327559,81.89057528019553,-1.1594608043275587,81.89057528019548,-1.159460804327602,81.89057528019548,-1.159460804327602
225000000.0,81.89041803131899,-1.1646345741928528,81.89041803131899,-1.1646345741928528,81.89041803131906,-1.1646345741929391,81.89041803131906,-1.1646345741929391
226000000.0,81.89026008265292,-1.1698083120711347,81.8902600826529,-1.1698083120711344,81.89026008265303,-1.1698083120710685,81.89026008265303,-1.1698083120710685
227000000.0,81.89010143420603,-1.1749820178204617,81.89010143420603,-1.1749820178204666,81.89010143420593,-1.174982017820683,81.89010143420593,-1.174982017820683
228000000.0,81.889942085987,-1.1801556912988929,81.88994208598699,-1.1801556912988975,81.88994208598697,-1.180155691298886,81.88994208598697,-1.180155691298886
229000000.0,81.8897820380046,-1.185329332364491,81.8897820380046,-1.185329332364486,81.88978203800451,-1.1853293323646277,81.88978203800451,-1.1853293323646277
230000000.0,81.88962129026763,-1.1905029408753216,81.88962129026763,-1.1905029408753265,81.88962129026766,-1.1905029408753858,81.88962129026766,-1.1905029408753858
231000000.0,81.88945984278487,-1.1956765166894523,81.88945984278487,-1.1956765166894523,81.8894598427849,-1.1956765166896315,81.8894598427849,-1.1956765166896315
232000000.0,81.88929769556526,-1.200850059664957,81.88929769556525,-1.2008500596649616,81.88929769556506,-1.2008500596647493,81.88929769556506,-1.2008500596647493
233000000.0,81.88913484861766,-1.2060235696599075,81.88913484861766,-1.2060235696599027,81.8891348486177,-1.2060235696600075,81.8891348486177,-1.2060235696600075
234000000.0,81.88897130195103,-1.2111970465323834,81.88897130195103,-1.2111970465323834,81.8889713019511,-1.211197046532435,81.8889713019511,-1.211197046532435
235000000.0,81.88880705557433,-1.216370490140464,81.88880705557432,-1.2163704901404686,81.88880705557432,-1.2163704901406471,81.88880705557432,-1.2163704901406471
236000000.0,81.88864210949659,-1.221543900342233,81.88864210949659,-1.221543900342238,81.88864210949652,-1.2215439003421698,81.88864210949652,-1.2215439003421698
237000000.0,81.88847646372687,-1.2267172769957775,81.88847646372687,-1.2267172769957824,81.88847646372679,-1.226717276995779,81.88847646372679,-1.226717276995779
238000000.0,81.88831011827428,-1.2318906199591872,81.88831011827428,-1.2318906199591824,81.88831011827419,-1.2318906199592063,81.88831011827419,-1.2318906199592063
239000000.0,81.88814307314794,-1.237063929090555,81.88814307314794,-1.23706392909055,81.88814307314789,-1.2370639290906456,81.88814307314789,-1.2370639290906456
240000000.0,81.88797532835703,-1.2422372042479766,81.88797532835703,-1.2422372042479766,81.887975328357,-1.2422372042477368,81.887975328357,-1.2422372042477368
241000000.0,81.88780688391076,-1.2474104452895507,81.88780688391076,-1.2474104452895458,81.88780688391076,-1.2474104452894113,81.88780688391076,-1.2474104452894113
242000000.0,81.88763773981836,-1.25258365207338,81.88763773981835,-1.2525836520733797,81.88763773981832,-1.2525836520734677,81.88763773981832,-1.2525836520734677
243000000.0,81.88746789608916,-1.2577568244575696,81.88746789608916,-1.2577568244575648,81.88746789608905,-1.2577568244575088,81.88746789608905,-1.2577568244575088
244000000.0,81.88729735273247,-1.2629299623002277,81.88729735273247,-1.2629299623002228,81.88729735273253,-1.26292996230021,81.88729735273253,-1.26292996230021
245000000.0,81.88712610975763,-1.2681030654594663,81.88712610975763,-1.2681030654594712,81.88712610975772,-1.268103065459532,81.88712610975772,-1.268103065459532
246000000.0,81.88695416717408,-1.2732761337933998,81.88695416717407,-1.2732761337934044,81.88695416717424,-1.2732761337935172,81.88695416717424,-1.2732761337935172
247000000.0,81.88678152499126,-1.278449167160147,81.88678152499126,-1.278449167160152,81.88678152499119,-1.2784491671601967,81.88678152499119,-1.2784491671601967
248000000.0,81.88660818321863,-1.2836221654178277,81.88660818321863,-1.2836221654178326,81.88660818321875,-1.2836221654176694,81.88660818321875,-1.2836221654176694
249000000.0,81.8864341418657,-1.2887951284245671,81.88643414186569,-1.288795128424567,81.88643414186558,-1.288795128424714,81.88643414186558,-1.288795128424714
250000000.0,81.88625940094205,-1.2939680560384923,81.88625940094204,-1.293968056038492,81.88625940094197,-1.293968056038444,81.88625940094197,-1.293968056038444
251000000.0,81.88608396045728,-1.2991409481177347,81.88608396045728,-1.2991409481177347,81.88608396045733,-1.2991409481179341,81.88608396045733,-1.2991409481179341
252000000.0,81.88590782042101,-1.3043138045204279,81.88590782042101,-1.3043138045204254,81.885907820421,-1.3043138045203646,81.885907820421,-1.3043138045203646
253000000.0,81.88573098084292,-1.30948662510471,81.88573098084292,-1.309486625104717,81.88573098084271,-1.3094866251048387,81.88573098084271,-1.3094866251048387
254000000.0,81.88555344173271,-1.3146594097287203,81.8855534417327,-1.3146594097287179,81.88555344173263,-1.3146594097286117,81.88555344173263,-1.3146594097286117
255000000.0,81.88537520310017,-1.3198321582506043,81.88537520310017,-1.3198321582506067,81.88537520310005,-1.31983215825078,81.88537520310005,-1.31983215825078
256000000.0,81.88519626495501,-1.3250048705285078,81.88519626495501,-1.3250048705285054,81.88519626495516,-1.3250048705285515,81.88519626495516,-1.3250048705285515
257000000.0,81.88501662730711,-1.3301775464205823,81.88501662730711,-1.3301775464205798,81.88501662730707,-1.3301775464205934,81.88501662730707,-1.3301775464205934
258000000.0,81.88483629016632,-1.3353501857849808,81.88483629016632,-1.3353501857849759,81.88483629016652,-1.33535018578503,81.88483629016652,-1.33535018578503
259000000.0,81.88465525354255,-1.3405227884798612,81.88465525354255,-1.340522788479866,81.88465525354255,-1.3405227884799138,81.88465525354255,-1.3405227884799138
260000000.0,81.88447351744573,-1.345695354363384,81.88447351744573,-1.345695354363384,81.88447351744574,-1.3456953543635695,81.88447351744574,-1.3456953543635695
261000000.0,81.88429108188586,-1.3508678832937129,81.88429108188586,-1.3508678832937153,81.88429108188598,-1.3508678832937207,81.88429108188598,-1.3508678832937207
262000000.0,81.88410794687294,-1.3560403751290158,81.88410794687294,-1.3560403751290182,81.88410794687309,-1.3560403751290313,81.88410794687309,-1.3560403751290313
263000000.0,81.88392411241702,-1.3612128297274622,81.88392411241702,-1.3612128297274693,81.88392411241696,-1.361212829727514,81.88392411241696,-1.361212829727514
264000000.0,81.88373957852819,-1.3663852469472269,81.88373957852819,-1.3663852469472293,81.88373957852825,-1.3663852469471494,81.88373957852825,-1.3663852469471494
265000000.0,81.88355434521662,-1.3715576266464877,81.88355434521662,-1.3715576266464877,81.8835543452166,-1.3715576266464624,81.8835543452166,-1.3715576266464624
266000000.0,81.88336841249244,-1.3767299686834251,81.88336841249244,-1.3767299686834251,81.88336841249257,-1.3767299686834706,81.88336841249257,-1.3767299686834706
267000000.0,81.88318178036587,-1.3819022729162236,81.88318178036587,-1.3819022729162236,81.88318178036599,-1.3819022729161234,81.88318178036599,-1.3819022729161234
268000000.0,81.88299444884717,-1.3870745392030712,81.88299444884717,-1.3870745392030663,81.88299444884724,-1.387074539203338,81.88299444884724,-1.387074539203338
269000000.0,81.88280641794663,-1.3922467674021592,81.88280641794661,-1.392246767402159,81.8828064179464,-1.3922467674019727,81.8828064179464,-1.3922467674019727
270000000.0,81.88261768767454,-1.3974189573716824,81.88261768767454,-1.3974189573716824,81.88261768767467,-1.397418957371513,81.88261768767467,-1.397418957371513
271000000.0,81.8824282580413,-1.402591108969839,81.8824282580413,-1.4025911089698366,81.88242825804144,-1.4025911089698897,81.88242825804144,-1.4025911089698897
272000000.0,81.88223812905727,-1.4077632220548313,81.88223812905726,-1.4077632220548288,81.88223812905731,-1.4077632220548904,81.88223812905731,-1.4077632220548904
273000000.0,81.88204730073294,-1.4129352964848638,81.88204730073294,-1.412935296484859,81.8820473007329,-1.4129352964848223,81.8820473007329,-1.4129352964848223
274000000.0,81.88185577307874,-1.418107332118146,81.88185577307873,-1.4181073321181437,81.88185577307874,-1.4181073321180802,81.88185577307874,-1.4181073321180802
275000000.0,81.8816635461052,-1.4232793288128904,81.88166354610519,-1.4232793288128902,81.8816635461052,-1.4232793288128613,81.8816635461052,-1.4232793288128613
276000000.0,81.8814706198229,-1.428451286427313,81.8814706198229,-1.428451286427313,81.88147061982298,-1.4284512864272845,81.88147061982298,-1.4284512864272845
277000000.0,81.88127699424241,-1.4336232048196331,81.88127699424241,-1.4336232048196285,81.88127699424221,-1.4336232048196111,81.88127699424221,-1.4336232048196111
278000000.0,81.88108266937436,-1.4387950838480736,81.88108266937435,-1.4387950838480688,81.8810826693743,-1.4387950838480628,81.8810826693743,-1.4387950838480628
279000000.0,81.88088764522942,-1.443966923370862,81.88088764522942,-1.4439669233708645,81.88088764522944,-1.4439669233707686,81.88088764522944,-1.4439669233707686
280000000.0,81.88069192181831,-1.4491387232462283,81.88069192181831,-1.4491387232462283,81.88069192181825,-1.4491387232462027,81.88069192181825,-1.4491387232462027
281000000.0,81.88049549915173,-1.4543104833324063,81.88049549915173,-1.4543104833323992,81.88049549915179,-1.4543104833323721,81.88049549915179,-1.4543104833323721
282000000.0,81.88029837724054,-1.459482203487634,81.88029837724054,-1.459482203487634,81.88029837724054,-1.4594822034878785,81.88029837724054,-1.4594822034878785
283000000.0,81.8801005560955,-1.4646538835701526,81.8801005560955,-1.4646538835701515,81.88010055609539,-1.4646538835703278,81.88010055609539,-1.4646538835703278
284000000.0,81.87990203572748,-1.469825523438207,81.87990203572748,-1.4698255234382034,81.87990203572754,-1.4698255234381075,81.87990203572754,-1.4698255234381075
285000000.0,81.8797028161474,-1.4749971229500458,81.87970281614739,-1.4749971229500491,81.87970281614736,-1.4749971229500223,81.87970281614736,-1.4749971229500223
286000000.0,81.8795028973662,-1.480168681963921,81.87950289736618,-1.4801686819639197,81.87950289736635,-1.4801686819639146,81.87950289736635,-1.4801686819639146
287000000.0,81.87930227939482,-1.4853402003380896,81.8793022793948,-1.4853402003380893,81.87930227939492,-1.485340200338148,81.87930227939492,-1.485340200338148
288000000.0,81.87910096224431,-1.4905116779308107,81.87910096224431,-1.4905116779308096,81.87910096224441,-1.490511677930792,81.87910096224441,-1.490511677930792
289000000.0,81.87889894592568,-1.4956831146003475,81.87889894592567,-1.4956831146003413,81.87889894592567,-1.4956831146004728,81.87889894592567,-1.4956831146004728
290000000.0,81.87869623045007,-1.5008545102049682,81.87869623045007,-1.5008545102049693,81.87869623045003,-1.5008545102050055,81.87869623045003,-1.5008545102050055
291000000.0,81.8784928158286,-1.506025864602943,81.8784928158286,-1.506025864602943,81.87849281582864,-1.5060258646029516,81.87849281582864,-1.5060258646029516
292000000.0,81.87828870207238,-1.5111971776525468,81.87828870207238,-1.511197177652554,81.87828870207244,-1.5111971776526487,81.87828870207244,-1.5111971776526487
293000000.0,81.87808388919271,-1.5163684492120584,81.87808388919271,-1.5163684492120584,81.87808388919281,-1.5163684492121714,81.87808388919281,-1.5163684492121714
294000000.0,81.87787837720074,-1.5215396791397595,81.87787837720074,-1.521539679139757,81.87787837720087,-1.5215396791396645,81.87787837720087,-1.5215396791396645
295000000.0,81.87767216610781,-1.526710867293937,81.8776721661078,-1.5267108672939345,81.87767216610794,-1.5267108672940417,81.87767216610794,-1.5267108672940417
296000000.0,81.8774652559252,-1.5318820135328801,81.8774652559252,-1.5318820135328812,81.87746525592519,-1.531882013532941,81.87746525592519,-1.531882013532941
297000000.0,81.87725764666432,-1.5370531177148836,81.8772576466643,-1.5370531177148823,81.87725764666452,-1.5370531177150375,81.87725764666452,-1.5370531177150375
298000000.0,81.87704933833653,-1.5422241796982445,81.87704933833653,-1.5422241796982399,81.8770493383367,-1.5422241796984801,81.8770493383367,-1.5422241796984801
299000000.0,81.87684033095327,-1.547395199341264,81.87684033095326,-1.5473951993412673,81.87684033095331,-1.5473951993412731,81.87684033095331,-1.5473951993412731
300000000.0,81.876630624526,-1.5525661765022483,81.876630624526,-1.5525661765022423,81.87663062452604,-1.5525661765024095,81.87663062452604,-1.5525661765024095
301000000.0,81.87642021906626,-1.5577371110395057,81.87642021906626,-1.5577371110395033,81.87642021906635,-1.5577371110392744,81.87642021906635,-1.5577371110392744
302000000.0,81.87620911458558,-1.5629080028113498,81.87620911458558,-1.5629080028113498,81.87620911458534,-1.5629080028113658,81.87620911458534,-1.5629080028113658
303000000.0,81.87599731109556,-1.5680788516760984,81.87599731109556,-1.568078851676096,81.8759973110955,-1.5680788516762791,81.8759973110955,-1.5680788516762791
304000000.0,81.8757848086078,-1.5732496574920714,81.8757848086078,-1.5732496574920778,81.87578480860753,-1.5732496574921022,81.87578480860753,-1.5732496574921022
305000000.0,81.875571607134,-1.5784204201175942,81.875571607134,-1.5784204201175949,81.87557160713399,-1.5784204201177243,81.87557160713399,-1.5784204201177243
306000000.0,81.87535770668585,-1.5835911394109956,81.87535770668583,-1.5835911394109972,81.87535770668589,-1.5835911394110485,81.87535770668589,-1.5835911394110485
307000000.0,81.8751431072751,-1.588761815230609,81.8751431072751,-1.5887618152306098,81.87514310727519,-1.5887618152306218,81.87514310727519,-1.5887618152306218
308000000.0,81.8749278089135,-1.5939324474347702,81.8749278089135,-1.5939324474347685,81.87492780891354,-1.5939324474350396,81.87492780891354,-1.5939324474350396
309000000.0,81.87471181161288,-1.5991030358818208,81.87471181161287,-1.5991030358818195,81.87471181161297,-1.5991030358816853,81.87471181161297,-1.5991030358816853
310000000.0,81.8744951153851,-1.6042735804301052,81.8744951153851,-1.6042735804301045,81.87449511538519,-1.6042735804300834,81.87449511538519,-1.6042735804300834
311000000.0,81.87427772024206,-1.6094440809379722,81.87427772024206,-1.6094440809379742,81.87427772024218,-1.609444080937959,81.87427772024218,-1.609444080937959
312000000.0,81.8740596261957,-1.6146145372637752,81.87405962619569,-1.6146145372637757,81.87405962619576,-1.614614537264071,81.87405962619576,-1.614614537264071
313000000.0,81.87384083325797,-1.6197849492658707,81.87384083325796,-1.6197849492658745,81.87384083325793,-1.6197849492657552,81.87384083325793,-1.6197849492657552
314000000.0,81.87362134144087,-1.6249553168026192,81.87362134144087,-1.6249553168026192,81.8736213414409,-1.6249553168028223,81.8736213414409,-1.6249553168028223
315000000.0,81.87340115075648,-1.6301256397323867,81.87340115075648,-1.6301256397323896,81.87340115075621,-1.6301256397326198,81.87340115075621,-1.6301256397326198
316000000.0,81.87318026121687,-1.6352959179135413,81.87318026121687,-1.6352959179135416,81.87318026121677,-1.6352959179134963,81.87318026121677,-1.6352959179134963
317000000.0,81.87295867283416,-1.640466151204457,81.87295867283416,-1.6404661512044527,81.87295867283419,-1.6404661512044216,81.87295867283419,-1.6404661512044216
318000000.0,81.87273638562048,-1.6456363394635103,81.87273638562048,-1.645636339463513,81.87273638562031,-1.645636339463435,81.87273638562031,-1.645636339463435
319000000.0,81.87251339958812,-1.6508064825490836,81.8725133995881,-1.6508064825490811,81.87251339958829,-1.6508064825489905,81.87251339958829,-1.6508064825489905
320000000.0,81.87228971474921,-1.6559765803195614,81.87228971474921,-1.6559765803195619,81.87228971474946,-1.6559765803195272,81.87228971474946,-1.6559765803195272
321000000.0,81.87206533111612,-1.6611466326333346,81.87206533111612,-1.6611466326333364,81.8720653311162,-1.6611466326332582,81.8720653311162,-1.6611466326332582
322000000.0,81.8718402487011,-1.666316639348796,81.8718402487011,-1.6663166393487971,81.87184024870108,-1.6663166393487823,81.87184024870108,-1.6663166393487823
323000000.0,81.87161446751652,-1.6714866003243436,81.87161446751652,-1.6714866003243438,81.87161446751644,-1.6714866003243272,81.87161446751644,-1.6714866003243272
324000000.0,81.8713879875748,-1.6766565154183803,81.8713879875748,-1.6766565154183766,81.87138798757476,-1.6766565154183923,81.87138798757476,-1.6766565154183923
325000000.0,81.87116080888835,-1.681826384489312,81.87116080888835,-1.6818263844893087,81.8711608088883,-1.681826384489311,81.8711608088883,-1.681826384489311
326000000.0,81.87093293146961,-1.6869962073955496,81.8709329314696,-1.686996207395552,81.87093293146968,-1.6869962073954046,81.87093293146968,-1.6869962073954046
327000000.0,81.87070435533113,-1.6921659839955072,81.87070435533113,-1.6921659839955083,81.87070435533123,-1.6921659839954082,81.87070435533123,-1.6921659839954082
328000000.0,81.87047508048542,-1.6973357141476049,81.8704750804854,-1.6973357141476015,81.87047508048549,-1.6973357141473024,81.87047508048549,-1.6973357141473024
329000000.0,81.87024510694509,-1.7025053977102653,81.87024510694509,-1.7025053977102647,81.87024510694515,-1.7025053977102462,81.87024510694515,-1.7025053977102462
330000000.0,81.87001443472273,-1.7076750345419158,81.87001443472273,-1.7076750345419194,81.87001443472278,-1.707675034541947,81.87001443472278,-1.707675034541947
331000000.0,81.86978306383105,-1.7128446245009892,81.86978306383105,-1.7128446245009892,81.86978306383105,-1.7128446245010105,81.86978306383105,-1.7128446245010105
332000000.0,81.86955099428269,-1.7180141674459204,81.86955099428269,-1.7180141674459168,81.86955099428272,-1.7180141674458276,81.86955099428272,-1.7180141674458276
333000000.0,81.86931822609041,-1.723183663235151,81.86931822609041,-1.7231836632351498,81.86931822609071,-1.7231836632351931,81.86931822609071,-1.7231836632351931
334000000.0,81.869084759267,-1.7283531117271245,81.869084759267,-1.7283531117271227,81.869084759267,-1.7283531117271957,81.869084759267,-1.7283531117271957
335000000.0,81.86885059382523,-1.7335225127802907,81.86885059382523,-1.7335225127802925,81.86885059382517,-1.7335225127803304,81.86885059382517,-1.7335225127803304
336000000.0,81.868615729778,-1.7386918662531032,81.868615729778,-1.7386918662531061,81.86861572977787,-1.738691866253028,81.86861572977787,-1.738691866253028
337000000.0,81.86838016713816,-1.7438611720040196,81.86838016713816,-1.7438611720040167,81.86838016713811,-1.7438611720039283,81.86838016713811,-1.7438611720039283
338000000.0,81.86814390591866,-1.7490304298915011,81.86814390591864,-1.749030429891497,81.86814390591871,-1.7490304298913752,81.86814390591871,-1.7490304298913752
339000000.0,81.86790694613244,-1.7541996397740156,81.86790694613242,-1.7541996397740154,81.86790694613252,-1.754199639773885,81.86790694613252,-1.754199639773885
340000000.0,81.86766928779252,-1.7593688015100328,81.86766928779252,-1.7593688015100264,81.86766928779244,-1.7593688015102011,81.86766928779244,-1.7593688015102011
341000000.0,81.86743093091194,-1.7645379149580283,81.86743093091194,-1.7645379149580271,81.8674309309118,-1.7645379149581226,81.8674309309118,-1.7645379149581226
342000000.0,81.86719187550379,-1.7697069799764824,81.86719187550379,-1.769706979976486,81.86719187550388,-1.7697069799767413,81.86719187550388,-1.7697069799767413
343000000.0,81.86695212158116,-1.7748759964238785,81.86695212158116,-1.774875996423876,81.8669521215811,-1.774875996423774,81.8669521215811,-1.774875996423774
344000000.0,81.86671166915724,-1.7800449641587053,81.86671166915723,-1.7800449641587075,81.86671166915704,-1.7800449641588916,81.86671166915704,-1.7800449641588916
345000000.0,81.8664705182452,-1.785213883039456,81.8664705182452,-1.7852138830394595,81.86647051824531,-1.7852138830394564,81.86647051824531,-1.7852138830394564
346000000.0,81.86622866885826,-1.7903827529246275,81.86622866885824,-1.7903827529246283,81.86622866885824,-1.7903827529246996,81.86622866885824,-1.7903827529246996
347000000.0,81.86598612100971,-1.7955515736727226,81.86598612100971,-1.795551573672725,81.86598612100978,-1.7955515736727956,81.86598612100978,-1.7955515736727956
348000000.0,81.86574287471286,-1.8007203451422473,81.86574287471286,-1.800720345142252,81.86574287471294,-1.8007203451423324,81.86574287471294,-1.8007203451423324
349000000.0,81.86549892998106,-1.8058890671917125,81.86549892998104,-1.8058890671917147,81.86549892998086,-1.8058890671919332,81.86549892998086,-1.8058890671919332
350000000.0,81.86525428682769,-1.811057739679634,81.86525428682769,-1.81105773967964,81.86525428682774,-1.8110577396796355,81.86525428682774,-1.8110577396796355
351000000.0,81.86500894526615,-1.816226362464531,81.86500894526615,-1.8162263624645345,81.86500894526614,-1.8162263624645096,81.86500894526614,-1.8162263624645096
352000000.0,81.86476290530995,-1.8213949354049292,81.86476290530995,-1.8213949354049281,81.86476290530989,-1.8213949354048908,81.86476290530989,-1.8213949354048908
353000000.0,81.86451616697254,-1.8265634583593566,81.86451616697254,-1.8265634583593566,81.86451616697262,-1.8265634583593862,81.86451616697262,-1.8265634583593862
354000000.0,81.86426873026748,-1.8317319311863476,81.86426873026748,-1.8317319311863487,81.8642687302675,-1.8317319311863298,81.8642687302675,-1.8317319311863298
355000000.0,81.86402059520836,-1.83690035374444,81.86402059520836,-1.8369003537444388,81.86402059520837,-1.8369003537445912,81.86402059520837,-1.8369003537445912
356000000.0,81.86377176180876,-1.842068725892177,81.86377176180875,-1.8420687258921757,81.86377176180886,-1.8420687258920438,81.86377176180886,-1.8420687258920438
357000000.0,81.86352223008238,-1.847237047488106,81.86352223008237,-1.8472370474881032,81.86352223008257,-1.8472370474882829,81.86352223008257,-1.8472370474882829
358000000.0,81.86327200004285,-1.8524053183907787,81.86327200004284,-1.852405318390776,81.8632720000427,-1.8524053183908533,81.8632720000427,-1.8524053183908533
359000000.0,81.86302107170395,-1.857573538458752,81.86302107170395,-1.8575735384587555,81.86302107170388,-1.8575735384587209,81.86302107170388,-1.8575735384587209
360000000.0,81.86276944507944,-1.8627417075505874,81.86276944507942,-1.8627417075505908,81.86276944507937,-1.8627417075504848,81.86276944507937,-1.8627417075504848
361000000.0,81.86251712018307,-1.8679098255248505,81.86251712018306,-1.8679098255248503,81.86251712018314,-1.8679098255248905,81.86251712018314,-1.8679098255248905
362000000.0,81.86226409702876,-1.8730778922401126,81.86226409702876,-1.8730778922401126,81.86226409702887,-1.8730778922402105,81.86226409702887,-1.8730778922402105
363000000.0,81.86201037563035,-1.8782459075549491,81.86201037563035,-1.8782459075549467,81.86201037563042,-1.8782459075549132,81.86201037563042,-1.8782459075549132
364000000.0,81.86175595600176,-1.8834138713279391,81.86175595600176,-1.8834138713279416,81.86175595600174,-1.8834138713277389,81.86175595600174,-1.8834138713277389
365000000.0,81.86150083815696,-1.8885817834176684,81.86150083815694,-1.8885817834176706,81.86150083815689,-1.88858178341763,81.86150083815689,-1.88858178341763
366000000.0,81.86124502210993,-1.893749643682726,81.86124502210993,-1.8937496436827284,81.86124502210997,-1.8937496436827117,81.86124502210997,-1.8937496436827117
367000000.0,81.86098850787472,-1.8989174519817065,81.86098850787472,-1.8989174519817065,81.86098850787464,-1.8989174519815504,81.86098850787464,-1.8989174519815504
368000000.0,81.86073129546538,-1.9040852081732078,81.86073129546538,-1.9040852081732054,81.86073129546536,-1.9040852081732755,81.86073129546536,-1.9040852081732755
369000000.0,81.86047338489607,-1.9092529121158353,81.86047338489605,-1.9092529121158304,81.86047338489603,-1.909252912115932,81.86047338489603,-1.909252912115932
370000000.0,81.86021477618087,-1.9144205636681961,81.86021477618087,-1.9144205636681937,81.86021477618078,-1.9144205636681144,81.86021477618078,-1.9144205636681144
371000000.0,81.85995546933401,-1.9195881626889042,81.85995546933401,-1.9195881626888995,81.85995546933415,-1.9195881626891391,81.85995546933415,-1.9195881626891391
372000000.0,81.85969546436972,-1.9247557090365777,81.85969546436972,-1.92475570903658,81.85969546436968,-1.924755709036828,81.85969546436968,-1.924755709036828
373000000.0,81.85943476130223,-1.9299232025698394,81.85943476130223,-1.9299232025698418,81.85943476130225,-1.9299232025699038,81.85943476130225,-1.9299232025699038
374000000.0,81.85917336014586,-1.935090643147317,81.85917336014586,-1.9350906431473145,81.85917336014582,-1.935090643147177,81.85917336014582,-1.935090643147177
375000000.0,81.85891126091495,-1.9402580306276431,81.85891126091495,-1.9402580306276407,81.858911260915,-1.9402580306276336,81.858911260915,-1.9402580306276336
376000000.0,81.85864846362388,-1.9454253648694553,81.85864846362388,-1.9454253648694577,81.85864846362396,-1.9454253648692632,81.85864846362396,-1.9454253648692632
377000000.0,81.85838496828707,-1.9505926457313958,81.85838496828707,-1.9505926457314005,81.85838496828713,-1.950592645731362,81.85838496828713,-1.950592645731362
378000000.0,81.85812077491896,-1.9557598730721122,81.85812077491896,-1.9557598730721097,81.85812077491882,-1.9557598730721362,81.85812077491882,-1.9557598730721362
379000000.0,81.85785588353404,-1.9609270467502558,81.85785588353403,-1.960927046750258,81.85785588353379,-1.960927046750241,81.85785588353379,-1.960927046750241
380000000.0,81.85759029414685,-1.966094166624484,81.85759029414683,-1.9660941666244887,81.85759029414665,-1.9660941666244376,81.85759029414665,-1.9660941666244376
381000000.0,81.85732400677195,-1.9712612325534584,81.85732400677193,-1.971261232553463,81.85732400677195,-1.971261232553391,81.85732400677195,-1.971261232553391
382000000.0,81.85705702142394,-1.9764282443958465,81.85705702142394,-1.9764282443958465,81.85705702142415,-1.9764282443956518,81.85705702142415,-1.9764282443956518
383000000.0,81.8567893381175,-1.9815952020103194,81.8567893381175,-1.9815952020103194,81.85678933811755,-1.9815952020102987,81.85678933811755,-1.9815952020102987
384000000.0,81.85652095686729,-1.9867621052555546,81.85652095686729,-1.9867621052555522,81.85652095686724,-1.9867621052557065,81.85652095686724,-1.9867621052557065
385000000.0,81.856251877688,-1.9919289539902325,81.856251877688,-1.9919289539902252,81.85625187768792,-1.9919289539901779,81.85625187768792,-1.9919289539901779
386000000.0,81.85598210059442,-1.9970957480730407,81.8559821005944,-1.9970957480730331,81.85598210059432,-1.9970957480734073,81.85598210059432,-1.9970957480734073
387000000.0,81.85571162560137,-2.0022624873626715,81.85571162560137,-2.0022624873626693,81.85571162560134,-2.0022624873626085,81.85571162560134,-2.0022624873626085
388000000.0,81.85544045272363,-2.0074291717178196,81.85544045272364,-2.0074291717178228,81.85544045272364,-2.007429171717898,81.85544045272364,-2.007429171717898
389000000.0,81.8551685819761,-2.0125958009971883,81.8551685819761,-2.0125958009971883,81.85516858197596,-2.0125958009974636,81.85516858197596,-2.0125958009974636
390000000.0,81.85489601337372,-2.0177623750594846,81.85489601337372,-2.017762375059482,81.85489601337362,-2.017762375059286,81.85489601337362,-2.017762375059286
391000000.0,81.85462274693138,-2.0229288937634182,81.85462274693137,-2.022928893763418,81.85462274693131,-2.02292889376358,81.85462274693131,-2.02292889376358
392000000.0,81.85434878266412,-2.0280953569677083,81.85434878266412,-2.028095356967711,81.85434878266412,-2.028095356967648,81.85434878266412,-2.028095356967648
393000000.0,81.85407412058694,-2.0332617645310758,81.85407412058693,-2.0332617645310727,81.85407412058693,-2.033261764531272,81.85407412058693,-2.033261764531272
394000000.0,81.85379876071491,-2.0384281163122475,81.85379876071491,-2.0384281163122475,81.85379876071488,-2.0384281163120694,81.85379876071488,-2.0384281163120694
395000000.0,81.85352270306313,-2.0435944121699556,81.85352270306313,-2.0435944121699583,81.85352270306312,-2.043594412170065,81.85352270306312,-2.043594412170065
396000000.0,81.85324594764673,-2.0487606519629376,81.85324594764673,-2.04876065196294,81.85324594764673,-2.048760651962942,81.85324594764673,-2.048760651962942
397000000.0,81.8529684944809,-2.053926835549935,81.8529684944809,-2.0539268355499325,81.85296849448085,-2.0539268355498006,81.85296849448085,-2.0539268355498006
398000000.0,81.85269034358086,-2.059092962789696,81.85269034358086,-2.0590929627896934,81.85269034358096,-2.0590929627897374,81.85269034358096,-2.0590929627897374
399000000.0,81.85241149496186,-2.0642590335409734,81.85241149496186,-2.0642590335409734,81.85241149496179,-2.0642590335410107,81.85241149496179,-2.0642590335410107
400000000.0,81.85213194863918,-2.0694250476625244,81.85213194863918,-2.069425047662527,81.85213194863907,-2.06942504766244,81.85213194863907,-2.06942504766244
401000000.0,81.85185170462817,-2.074591005013112,81.85185170462817,-2.074591005013117,81.8518517046281,-2.074591005013124,81.8518517046281,-2.074591005013124
402000000.0,81.85157076294418,-2.079756905451504,81.85157076294418,-2.0797569054515015,81.8515707629442,-2.079756905451303,81.8515707629442,-2.079756905451303
403000000.0,81.85128912360263,-2.0849227488364748,81.85128912360263,-2.0849227488364748,81.85128912360256,-2.0849227488363935,81.85128912360256,-2.0849227488363935
404000000.0,81.85100678661895,-2.0900885350268017,81.85100678661895,-2.0900885350268017,81.85100678661902,-2.0900885350266396,81.85100678661902,-2.0900885350266396
405000000.0,81.85072375200865,-2.095254263881269,81.85072375200865,-2.0952542638812717,81.8507237520087,-2.095254263881435,81.8507237520087,-2.095254263881435
406000000.0,81.85044001978723,-2.100419935258666,81.85044001978721,-2.1004199352586608,81.85044001978734,-2.1004199352588304,81.85044001978734,-2.1004199352588304
407000000.0,81.85015558997023,-2.1055855490177864,81.85015558997021,-2.105585549017781,81.85015558997021,-2.105585549017596,81.85015558997021,-2.105585549017596
408000000.0,81.84987046257328,-2.1107511050174295,81.84987046257326,-2.110751105017429,81.84987046257336,-2.110751105017386,81.84987046257336,-2.110751105017386
409000000.0,81.849584637612,-2.1159166031164007,81.849584637612,-2.1159166031163985,81.84958463761194,-2.1159166031162795,81.84958463761194,-2.1159166031162795
410000000.0,81.84929811510207,-2.1210820431735105,81.84929811510206,-2.12108204317351,81.84929811510202,-2.1210820431735806,81.84929811510202,-2.1210820431735806
411000000.0,81.84901089505921,-2.1262474250475734,81.8490108950592,-2.1262474250475756,81.84901089505928,-2.1262474250475676,81.84901089505928,-2.1262474250475676
412000000.0,81.84872297749914,-2.1314127485974095,81.84872297749912,-2.1314127485974046,81.84872297749907,-2.131412748597482,81.84872297749907,-2.131412748597482
413000000.0,81.84843436243767,-2.1365780136818464,81.84843436243767,-2.1365780136818464,81.8484343624377,-2.1365780136819446,81.8484343624377,-2.1365780136819446
414000000.0,81.84814504989062,-2.141743220159714,81.8481450498906,-2.1417432201597113,81.84814504989059,-2.1417432201597766,81.84814504989059,-2.1417432201597766
415000000.0,81.84785503987385,-2.14690836788985,81.84785503987383,-2.146908367889852,81.84785503987386,-2.1469083678898997,81.84785503987386,-2.1469083678898997
416000000.0,81.84756433240328,-2.1520734567310966,81.84756433240328,-2.1520734567310944,81.84756433240324,-2.15207345673139,81.84756433240324,-2.15207345673139
417000000.0,81.8472729274948,-2.1572384865422998,81.84727292749479,-2.157238486542302,81.84727292749476,-2.1572384865422904,81.84727292749476,-2.1572384865422904
418000000.0,81.84698082516445,-2.162403457182314,81.84698082516444,-2.1624034571823185,81.84698082516447,-2.1624034571822706,81.84698082516447,-2.1624034571822706
419000000.0,81.84668802542821,-2.1675683685099965,81.8466880254282,-2.1675683685099933,81.84668802542815,-2.1675683685100338,81.84668802542815,-2.1675683685100338
420000000.0,81.84639452830214,-2.172733220384212,81.84639452830214,-2.172733220384207,81.8463945283021,-2.1727332203840324,81.8463945283021,-2.1727332203840324
421000000.0,81.84610033380233,-2.1778980126638277,81.84610033380233,-2.1778980126638303,81.8461003338024,-2.1778980126638925,81.8461003338024,-2.1778980126638925
422000000.0,81.8458054419449,-2.18306274520772,81.84580544194489,-2.1830627452077196,81.84580544194493,-2.1830627452078444,81.84580544194493,-2.1830627452078444
423000000.0,81.84550985274606,-2.1882274178747685,81.84550985274606,-2.188227417874771,81.84550985274616,-2.1882274178748653,81.84550985274616,-2.1882274178748653
424000000.0,81.84521356622196,-2.193392030523858,81.84521356622196,-2.193392030523858,81.84521356622191,-2.193392030524018,81.84521356622191,-2.193392030524018
425000000.0,81.84491658238886,-2.1985565830138794,81.84491658238886,-2.198556583013877,81.84491658238892,-2.198556583014071,81.84491658238892,-2.198556583014071
426000000.0,81.84461890126308,-2.2037210752037306,81.84461890126308,-2.2037210752037355,81.84461890126322,-2.203721075203727,81.84461890126322,-2.203721075203727
427000000.0,81.84432052286091,-2.2088855069523117,81.84432052286091,-2.2088855069523117,81.84432052286115,-2.2088855069523508,81.84432052286115,-2.2088855069523508
428000000.0,81.84402144719871,-2.2140498781185314,81.84402144719871,-2.214049878118529,81.84402144719861,-2.214049878118506,81.84402144719861,-2.214049878118506
429000000.0,81.84372167429285,-2.2192141885613017,81.84372167429285,-2.2192141885613017,81.84372167429291,-2.21921418856161,81.84372167429291,-2.21921418856161
430000000.0,81.84342120415981,-2.224378438139542,81.84342120415981,-2.224378438139542,81.84342120415981,-2.2243784381394214,81.84342120415981,-2.2243784381394214
431000000.0,81.84312003681603,-2.229542626712176,81.84312003681603,-2.229542626712171,81.84312003681593,-2.229542626712185,81.84312003681593,-2.229542626712185
432000000.0,81.84281817227806,-2.2347067541381334,81.84281817227806,-2.234706754138131,81.84281817227792,-2.2347067541381223,81.84281817227792,-2.2347067541381223
433000000.0,81.8425156105624,-2.2398708202763498,81.8425156105624,-2.2398708202763475,81.84251561056236,-2.239870820276147,81.84251561056236,-2.239870820276147
434000000.0,81.84221235168565,-2.2450348249857646,81.84221235168563,-2.245034824985767,81.84221235168552,-2.2450348249856478,81.84221235168552,-2.2450348249856478
435000000.0,81.84190839566445,-2.250198768125326,81.84190839566445,-2.2501987681253284,81.84190839566433,-2.2501987681253444,81.84190839566433,-2.2501987681253444
436000000.0,81.84160374251546,-2.2553626495539865,81.84160374251545,-2.2553626495539887,81.84160374251557,-2.2553626495541983,81.84160374251557,-2.2553626495541983
437000000.0,81.84129839225535,-2.260526469130701,81.84129839225535,-2.260526469130696,81.84129839225508,-2.2605264691304687,81.84129839225508,-2.2605264691304687
438000000.0,81.84099234490091,-2.2656902267144354,81.84099234490091,-2.2656902267144354,81.84099234490094,-2.2656902267142853,81.84099234490094,-2.2656902267142853
439000000.0,81.84068560046889,-2.2708539221641586,81.84068560046887,-2.270853922164158,81.84068560046876,-2.2708539221642354,81.84068560046876,-2.2708539221642354
440000000.0,81.84037815897607,-2.2760175553388433,81.84037815897607,-2.276017555338848,81.84037815897605,-2.2760175553389472,81.84037815897605,-2.2760175553389472
441000000.0,81.84007002043934,-2.281181126097472,81.84007002043933,-2.2811811260974717,81.8400700204392,-2.2811811260973034,81.8400700204392,-2.2811811260973034
442000000.0,81.8397611848756,-2.2863446342990303,81.8397611848756,-2.2863446342990255,81.83976118487573,-2.2863446342992786,81.83976118487573,-2.2863446342992786
443000000.0,81.83945165230176,-2.2915080798025094,81.83945165230176,-2.2915080798025094,81.8394516523016,-2.2915080798027,81.8394516523016,-2.2915080798027
444000000.0,81.8391414227348,-2.2966714624669065,81.8391414227348,-2.2966714624669065,81.83914142273493,-2.296671462467073,81.83914142273493,-2.296671462467073
445000000.0,81.83883049619169,-2.301834782151226,81.83883049619169,-2.301834782151231,81.83883049619197,-2.3018347821512584,81.83883049619197,-2.3018347821512584
446000000.0,81.83851887268952,-2.306998038714476,81.83851887268952,-2.306998038714476,81.83851887268972,-2.3069980387146583,81.83851887268972,-2.3069980387146583
447000000.0,81.83820655224534,-2.312161232015672,81.83820655224532,-2.312161232015667,81.83820655224545,-2.3121612320158964,81.83820655224545,-2.3121612320158964
448000000.0,81.83789353487626,-2.3173243619138337,81.83789353487624,-2.3173243619138333,81.83789353487617,-2.3173243619138124,81.83789353487617,-2.3173243619138124
449000000.0,81.83757982059946,-2.3224874282679875,81.83757982059946,-2.3224874282679875,81.83757982059949,-2.322487428268032,81.83757982059949,-2.322487428268032
450000000.0,81.83726540943212,-2.3276504309371666,81.83726540943212,-2.3276504309371715,81.83726540943213,-2.327650430937116,81.83726540943213,-2.327650430937116
451000000.0,81.83695030139148,-2.3328133697804074,81.83695030139148,-2.3328133697804074,81.83695030139147,-2.3328133697805393,81.83695030139147,-2.3328133697805393
452000000.0,81.8366344964948,-2.337976244656755,81.8366344964948,-2.33797624465676,81.83663449649478,-2.337976244656692,81.83663449649478,-2.337976244656692
453000000.0,81.83631799475941,-2.343139055425259,81.83631799475941,-2.343139055425254,81.83631799475944,-2.343139055425558,81.83631799475944,-2.343139055425558
454000000.0,81.83600079620263,-2.3483018019449737,81.83600079620261,-2.348301801944969,81.83600079620255,-2.348301801944792,81.83600079620255,-2.348301801944792
455000000.0,81.83568290084186,-2.3534644840749612,81.83568290084186,-2.3534644840749612,81.83568290084179,-2.3534644840748307,81.83568290084179,-2.3534644840748307
456000000.0,81.83536430869452,-2.358627101674289,81.83536430869452,-2.358627101674289,81.83536430869438,-2.3586271016741382,81.83536430869438,-2.3586271016741382
457000000.0,81.83504501977806,-2.3637896546020287,81.83504501977808,-2.363789654602034,81.83504501977819,-2.3637896546020243,81.83504501977819,-2.3637896546020243
458000000.0,81.83472503411001,-2.3689521427172617,81.83472503411002,-2.368952142717267,81.83472503411008,-2.3689521427172107,81.83472503411008,-2.3689521427172107
459000000.0,81.83440435170786,-2.3741145658790708,81.83440435170785,-2.374114565879066,81.83440435170769,-2.3741145658792995,81.83440435170769,-2.3741145658792995
460000000.0,81.83408297258921,-2.3792769239465477,81.83408297258921,-2.3792769239465428,81.83408297258914,-2.379276923946731,81.83408297258914,-2.379276923946731
461000000.0,81.83376089677168,-2.384439216778789,81.83376089677168,-2.384439216778789,81.83376089677188,-2.384439216778886,81.83376089677188,-2.384439216778886
462000000.0,81.83343812427289,-2.389601444234897,81.83343812427289,-2.389601444234902,81.8334381242729,-2.3896014442350686,81.8334381242729,-2.3896014442350686
463000000.0,81.83311465511053,-2.394763606173982,81.83311465511053,-2.394763606173982,81.83311465511053,-2.3947636061738904,81.83311465511053,-2.3947636061738904
464000000.0,81.83279048930237,-2.3999257024551577,81.83279048930237,-2.3999257024551577,81.83279048930231,-2.3999257024550102,81.83279048930231,-2.3999257024550102
465000000.0,81.83246562686615,-2.405087732937544,81.83246562686615,-2.405087732937539,81.83246562686605,-2.405087732937518,81.83246562686605,-2.405087732937518
466000000.0,81.83214006781964,-2.410249697480268,81.83214006781964,-2.410249697480273,81.83214006781965,-2.410249697480265,81.83214006781965,-2.410249697480265
467000000.0,81.83181381218074,-2.4154115959424636,81.83181381218074,-2.4154115959424685,81.83181381218097,-2.4154115959424547,81.83181381218097,-2.4154115959424547
468000000.0,81.83148685996727,-2.420573428183268,81.83148685996727,-2.420573428183263,81.83148685996726,-2.4205734281833737,81.83148685996726,-2.4205734281833737
469000000.0,81.83115921119717,-2.425735194061827,81.83115921119717,-2.425735194061832,81.83115921119732,-2.425735194061789,81.83115921119732,-2.425735194061789
470000000.0,81.8308308658884,-2.4308968934372905,81.8308308658884,-2.4308968934372905,81.83083086588853,-2.430896893437354,81.83083086588853,-2.430896893437354
471000000.0,81.83050182405896,-2.4360585261688166,81.83050182405897,-2.436058526168822,81.83050182405889,-2.436058526168531,81.83050182405889,-2.436058526168531
472000000.0,81.83017208572683,-2.4412200921155667,81.83017208572683,-2.441220092115562,81.83017208572667,-2.4412200921156386,81.83017208572667,-2.4412200921156386
473000000.0,81.82984165091014,-2.4463815911367117,81.82984165091014,-2.446381591136707,81.82984165091015,-2.4463815911368267,81.82984165091015,-2.4463815911368267
474000000.0,81.82951051962695,-2.451543023091425,81.82951051962695,-2.4515430230914297,81.82951051962696,-2.4515430230915682,81.82951051962696,-2.4515430230915682
475000000.0,81.82917869189542,-2.4567043878388892,81.82917869189542,-2.456704387838894,81.82917869189555,-2.4567043878387946,81.82917869189555,-2.4567043878387946
476000000.0,81.82884616773373,-2.461865685238291,81.82884616773373,-2.461865685238291,81.82884616773356,-2.4618656852384166,81.82884616773356,-2.4618656852384166
477000000.0,81.82851294716009,-2.467026915148824,81.82851294716009,-2.467026915148829,81.82851294716028,-2.4670269151489026,81.82851294716028,-2.4670269151489026
478000000.0,81.82817903019279,-2.472188077429689,81.82817903019279,-2.472188077429689,81.8281790301928,-2.472188077429869,81.8281790301928,-2.472188077429869
479000000.0,81.8278444168501,-2.4773491719400913,81.82784441685008,-2.4773491719400957,81.82784441685,-2.4773491719400966,81.82784441685,-2.4773491719400966
480000000.0,81.82750910715035,-2.4825101985392424,81.82750910715035,-2.4825101985392424,81.82750910715015,-2.482510198539192,81.82750910715015,-2.482510198539192
481000000.0,81.8271731011119,-2.4876711570863606,81.82717310111188,-2.48767115708636,81.82717310111192,-2.48767115708643,81.82717310111192,-2.48767115708643
482000000.0,81.82683639875316,-2.492832047440671,81.82683639875316,-2.492832047440671,81.82683639875316,-2.4928320474409102,81.82683639875316,-2.4928320474409102
483000000.0,81.82649900009262,-2.497992869461405,81.82649900009262,-2.497992869461405,81.8264990000926,-2.497992869461336,81.8264990000926,-2.497992869461336
484000000.0,81.82616090514873,-2.503153623007798,81.82616090514873,-2.503153623007793,81.8261609051487,-2.5031536230077416,81.8261609051487,-2.5031536230077416
485000000.0,81.82582211393999,-2.5083143079390937,81.82582211393999,-2.5083143079390937,81.82582211393978,-2.5083143079389174,81.82582211393978,-2.5083143079389174
486000000.0,81.82548262648501,-2.5134749241145427,81.825482626485,-2.513474924114542,81.82548262648508,-2.5134749241145617,81.82548262648508,-2.5134749241145617
487000000.0,81.82514244280236,-2.518635471393399,81.82514244280236,-2.518635471393399,81.82514244280225,-2.518635471393517,81.82514244280225,-2.518635471393517
488000000.0,81.82480156291066,-2.523795949634925,81.82480156291066,-2.52379594963493,81.82480156291066,-2.5237959496349975,81.82480156291066,-2.5237959496349975
489000000.0,81.82445998682863,-2.528956358698391,81.82445998682863,-2.528956358698396,81.82445998682859,-2.528956358698622,81.82445998682859,-2.528956358698622
490000000.0,81.82411771457495,-2.5341166984430696,81.82411771457495,-2.5341166984430696,81.82411771457511,-2.5341166984431336,81.82411771457511,-2.5341166984431336
491000000.0,81.82377474616837,-2.539276968728242,81.82377474616837,-2.539276968728247,81.82377474616825,-2.539276968728123,81.82377474616825,-2.539276968728123
492000000.0,81.82343108162769,-2.5444371694131958,81.82343108162769,-2.5444371694132006,81.82343108162789,-2.5444371694130266,81.82343108162789,-2.5444371694130266
493000000.0,81.8230867209717,-2.5495973003572248,81.8230867209717,-2.5495973003572248,81.82308672097182,-2.549597300357157,81.82308672097182,-2.549597300357157
494000000.0,81.82274166421932,-2.5547573614196293,81.82274166421932,-2.5547573614196244,81.82274166421936,-2.55475736141973,81.82274166421936,-2.55475736141973
495000000.0,81.8223959113894,-2.5599173524597147,81.82239591138939,-2.5599173524597094,81.82239591138924,-2.5599173524596015,81.82239591138924,-2.5599173524596015
496000000.0,81.82204946250091,-2.565077273336794,81.82204946250091,-2.5650772733367893,81.82204946250097,-2.5650772733368217,81.82204946250097,-2.5650772733368217
497000000.0,81.82170231757283,-2.5702371239101875,81.82170231757283,-2.5702371239101875,81.82170231757277,-2.570237123910059,81.82170231757277,-2.570237123910059
498000000.0,81.82135447662415,-2.5753969040392195,81.82135447662415,-2.5753969040392195,81.82135447662405,-2.5753969040392297,81.82135447662405,-2.5753969040392297
499000000.0,81.82100593967394,-2.580556613583223,81.82100593967394,-2.580556613583228,81.82100593967411,-2.580556613583351,81.82100593967411,-2.580556613583351
500000000.0,81.82065670674129,-2.585716252401535,81.82065670674129,-2.585716252401535,81.82065670674122,-2.585716252401435,81.82065670674122,-2.585716252401435
501000000.0,81.8203067778453,-2.5908758203535016,81.82030677784529,-2.590875820353501,81.8203067778451,-2.590875820353464,81.8203067778451,-2.590875820353464
502000000.0,81.81995615300518,-2.5960353172984747,81.81995615300518,-2.5960353172984747,81.81995615300524,-2.5960353172986954,81.81995615300524,-2.5960353172986954
503000000.0,81.8196048322401,-2.601194743095811,81.8196048322401,-2.601194743095811,81.81960483223996,-2.601194743095651,81.81960483223996,-2.601194743095651
504000000.0,81.81925281556934,-2.606354097604875,81.81925281556934,-2.6063540976048802,81.81925281556943,-2.6063540976048567,81.81925281556943,-2.6063540976048567
505000000.0,81.81890010301213,-2.6115133806850372,81.81890010301213,-2.6115133806850372,81.81890010301201,-2.6115133806851816,81.81890010301201,-2.6115133806851816
506000000.0,81.81854669458781,-2.6166725921956764,81.81854669458781,-2.6166725921956764,81.81854669458782,-2.616672592195567,81.81854669458782,-2.616672592195567
507000000.0,81.81819259031575,-2.6218317319961746,81.81819259031573,-2.621831731996174,81.81819259031568,-2.6218317319963136,81.81819259031568,-2.6218317319963136
508000000.0,81.81783779021532,-2.6269907999459243,81.81783779021532,-2.6269907999459243,81.81783779021534,-2.6269907999459323,81.81783779021534,-2.6269907999459323
509000000.0,81.81748229430598,-2.632149795904321,81.81748229430598,-2.632149795904321,81.81748229430606,-2.63214979590437,81.81748229430606,-2.63214979590437
510000000.0,81.81712610260716,-2.6373087197307687,81.81712610260716,-2.6373087197307687,81.81712610260738,-2.6373087197307754,81.81712610260738,-2.6373087197307754
511000000.0,81.81676921513841,-2.6424675712846772,81.8167692151384,-2.6424675712846715,81.81676921513846,-2.6424675712847767,81.81676921513846,-2.6424675712847767
512000000.0,81.81641163191925,-2.647626350425464,81.81641163191925,-2.6476263504254587,81.81641163191915,-2.647626350425346,81.81641163191915,-2.647626350425346
513000000.0,81.81605335296925,-2.6527850570125513,81.81605335296923,-2.652785057012551,81.81605335296949,-2.6527850570127023,81.81605335296949,-2.6527850570127023
514000000.0,81.81569437830805,-2.6579436909053697,81.81569437830804,-2.657943690905364,81.81569437830785,-2.657943690905413,81.81569437830785,-2.657943690905413
515000000.0,81.81533470795529,-2.663102251963355,81.81533470795529,-2.663102251963355,81.81533470795517,-2.663102251963295,81.81533470795517,-2.663102251963295
516000000.0,81.81497434193071,-2.668260740045952,81.81497434193071,-2.668260740045947,81.81497434193061,-2.668260740046207,81.81497434193061,-2.668260740046207
517000000.0,81.81461328025398,-2.6734191550126094,81.81461328025397,-2.6734191550126036,81.81461328025392,-2.67341915501271,81.81461328025392,-2.67341915501271
518000000.0,81.81425152294491,-2.6785774967227836,81.81425152294491,-2.6785774967227782,81.81425152294484,-2.6785774967228226,81.81425152294484,-2.6785774967228226
519000000.0,81.81388907002332,-2.6837357650359386,81.81388907002332,-2.6837357650359386,81.81388907002345,-2.68373576503583,81.81388907002345,-2.68373576503583
520000000.0,81.81352592150904,-2.6888939598115438,81.81352592150904,-2.6888939598115438,81.81352592150918,-2.6888939598114994,81.81352592150918,-2.6888939598114994
521000000.0,81.81316207742194,-2.6940520809090756,81.81316207742194,-2.6940520809090756,81.81316207742177,-2.694052080908866,81.81316207742177,-2.694052080908866
522000000.0,81.81279753778196,-2.699210128188018,81.81279753778195,-2.6992101281880125,81.81279753778203,-2.6992101281881027,81.81279753778203,-2.6992101281881027
523000000.0,81.81243230260907,-2.7043681015078604,81.81243230260907,-2.7043681015078658,81.812432302609,-2.704368101507682,81.812432302609,-2.704368101507682
524000000.0,81.81206637192324,-2.7095260007280997,81.81206637192324,-2.7095260007280997,81.8120663719233,-2.7095260007281667,81.8120663719233,-2.7095260007281667
525000000.0,81.81169974574452,-2.7146838257082395,81.81169974574452,-2.7146838257082395,81.81169974574468,-2.714683825708351,81.81169974574468,-2.714683825708351
526000000.0,81.81133242409301,-2.71984157630779,81.81133242409301,-2.7198415763077954,81.81133242409285,-2.719841576307717,81.81133242409285,-2.719841576307717
527000000.0,81.81096440698877,-2.7249992523862687,81.81096440698877,-2.7249992523862634,81.8109644069888,-2.7249992523864326,81.8109644069888,-2.7249992523864326
528000000.0,81.81059569445199,-2.7301568538031997,81.81059569445199,-2.730156853803205,81.81059569445164,-2.730156853802846,81.81059569445164,-2.730156853802846
529000000.0,81.81022628650285,-2.7353143804181133,81.81022628650285,-2.7353143804181186,81.81022628650277,-2.735314380418295,81.81022628650277,-2.735314380418295
530000000.0,81.80985618316157,-2.740471832090546,81.80985618316157,-2.740471832090546,81.80985618316166,-2.740471832090593,81.80985618316166,-2.740471832090593
531000000.0,81.8094853844484,-2.7456292086800436,81.8094853844484,-2.7456292086800382,81.8094853844483,-2.7456292086798615,81.8094853844483,-2.7456292086798615
532000000.0,81.80911389038367,-2.7507865100461575,81.80911389038367,-2.7507865100461575,81.80911389038364,-2.7507865100462983,81.80911389038364,-2.7507865100462983
533000000.0,81.80874170098768,-2.7559437360484447,81.80874170098768,-2.75594373604845,81.80874170098758,-2.7559437360481325,81.80874170098758,-2.7559437360481325
534000000.0,81.80836881628085,-2.7611008865464703,81.80836881628085,-2.7611008865464703,81.80836881628079,-2.761100886546143,81.80836881628079,-2.761100886546143
535000000.0,81.80799523628355,-2.766257961399807,81.80799523628355,-2.7662579613998015,81.80799523628353,-2.766257961399963,81.80799523628353,-2.766257961399963
536000000.0,81.80762096101627,-2.771414960468033,81.80762096101628,-2.771414960468039,81.80762096101586,-2.771414960467648,81.80762096101586,-2.771414960467648
537000000.0,81.80724599049948,-2.7765718836107336,81.80724599049948,-2.7765718836107283,81.8072459904996,-2.776571883610796,81.8072459904996,-2.776571883610796
538000000.0,81.8068703247537,-2.7817287306875014,81.8068703247537,-2.7817287306875067,81.80687032475352,-2.78172873068755,81.80687032475352,-2.78172873068755
539000000.0,81.80649396379951,-2.786885501557936,81.80649396379951,-2.786885501557936,81.80649396379955,-2.7868855015578573,81.80649396379955,-2.7868855015578573
540000000.0,81.8061169076575,-2.792042196081644,81.8061169076575,-2.792042196081649,81.80611690765748,-2.792042196081815,81.80611690765748,-2.792042196081815
541000000.0,81.80573915634834,-2.7971988141182385,81.80573915634832,-2.7971988141182433,81.80573915634827,-2.7971988141182376,81.80573915634827,-2.7971988141182376
542000000.0,81.80536070989267,-2.8023553555273404,81.80536070989265,-2.802355355527335,81.80536070989262,-2.802355355527473,81.80536070989262,-2.802355355527473
543000000.0,81.80498156831122,-2.8075118201685765,81.8049815683112,-2.8075118201685814,81.80498156831132,-2.807511820168882,81.80498156831132,-2.807511820168882
544000000.0,81.80460173162474,-2.8126682079015812,81.80460173162474,-2.8126682079015812,81.80460173162484,-2.8126682079015572,81.80460173162484,-2.8126682079015572
545000000.0,81.80422119985404,-2.817824518585996,81.80422119985404,-2.817824518585996,81.80422119985417,-2.8178245185861397,81.80422119985417,-2.8178245185861397
546000000.0,81.80383997301992,-2.8229807520814685,81.80383997301992,-2.8229807520814685,81.80383997301985,-2.8229807520814303,81.80383997301985,-2.8229807520814303
547000000.0,81.80345805114328,-2.828136908247656,81.80345805114328,-2.828136908247661,81.80345805114315,-2.8281369082475925,81.80345805114315,-2.8281369082475925
548000000.0,81.803075434245,-2.8332929869442194,81.803075434245,-2.8332929869442194,81.80307543424497,-2.83329298694408,81.80307543424497,-2.83329298694408
549000000.0,81.80269212234603,-2.838448988030828,81.80269212234603,-2.838448988030828,81.80269212234627,-2.8384489880312507,81.80269212234627,-2.8384489880312507
550000000.0,81.80230811546734,-2.8436049113671595,81.80230811546733,-2.843604911367159,81.80230811546737,-2.843604911367068,81.80230811546737,-2.843604911367068
551000000.0,81.80192341362996,-2.8487607568128968,81.80192341362996,-2.8487607568129016,81.80192341362991,-2.8487607568129403,81.80192341362991,-2.8487607568129403
552000000.0,81.80153801685496,-2.853916524227731,81.80153801685496,-2.853916524227736,81.80153801685506,-2.853916524227828,81.80153801685506,-2.853916524227828
553000000.0,81.80115192516341,-2.8590722134713604,81.8011519251634,-2.8590722134713653,81.80115192516332,-2.859072213471359,81.80115192516332,-2.859072213471359
554000000.0,81.80076513857644,-2.8642278244034887,81.80076513857644,-2.8642278244034887,81.80076513857635,-2.8642278244035704,81.80076513857635,-2.8642278244035704
555000000.0,81.80037765711522,-2.8693833568838296,81.80037765711522,-2.8693833568838296,81.80037765711525,-2.86938335688371,81.80037765711525,-2.86938335688371
556000000.0,81.79998948080097,-2.874538810772101,81.79998948080096,-2.8745388107721057,81.79998948080105,-2.874538810772151,81.79998948080105,-2.874538810772151
557000000.0,81.79960060965493,-2.8796941859280296,81.79960060965492,-2.879694185928019,81.7996006096548,-2.8796941859281397,81.7996006096548,-2.8796941859281397
558000000.0,81.79921104369836,-2.8848494822113495,81.79921104369835,-2.884849482211344,81.7992110436982,-2.8848494822114024,81.7992110436982,-2.8848494822114024
559000000.0,81.79882078295262,-2.8900046994818025,81.79882078295262,-2.8900046994818025,81.79882078295246,-2.8900046994815076,81.79882078295246,-2.8900046994815076
560000000.0,81.79842982743904,-2.8951598375991345,81.79842982743902,-2.895159837599134,81.79842982743911,-2.895159837599191,81.79842982743911,-2.895159837599191
561000000.0,81.798038177179,-2.900314896423102,81.79803817717898,-2.9003148964230965,81.79803817717894,-2.9003148964235494,81.79803817717894,-2.9003148964235494
562000000.0,81.79764583219396,-2.905469875813467,81.79764583219396,-2.905469875813472,81.79764583219361,-2.905469875813385,81.79764583219361,-2.905469875813385
563000000.0,81.79725279250539,-2.91062477563,81.79725279250539,-2.91062477563,81.7972527925052,-2.9106247756300823,81.7972527925052,-2.9106247756300823
564000000.0,81.7968590581348,-2.9157795957324772,81.7968590581348,-2.9157795957324772,81.79685905813486,-2.9157795957325643,81.79685905813486,-2.9157795957325643
565000000.0,81.79646462910371,-2.9209343359806823,81.79646462910371,-2.9209343359806774,81.79646462910387,-2.920934335980678,81.79646462910387,-2.920934335980678
566000000.0,81.79606950543372,-2.9260889962344083,81.79606950543372,-2.926088996234413,81.79606950543364,-2.926088996234232,81.79606950543364,-2.926088996234232
567000000.0,81.79567368714646,-2.931243576353453,81.79567368714646,-2.931243576353448,81.7956736871463,-2.931243576353259,81.7956736871463,-2.931243576353259
568000000.0,81.79527717426356,-2.936398076197622,81.79527717426356,-2.936398076197617,81.79527717426342,-2.9363980761976984,81.79527717426342,-2.9363980761976984
569000000.0,81.79487996680673,-2.941552495626729,81.79487996680673,-2.941552495626729,81.79487996680672,-2.9415524956265227,81.79487996680672,-2.9415524956265227
570000000.0,81.79448206479773,-2.946706834500596,81.79448206479772,-2.9467068345005956,81.79448206479782,-2.9467068345007434,81.79448206479782,-2.9467068345007434
571000000.0,81.7940834682583,-2.951861092679049,81.7940834682583,-2.951861092679054,81.79408346825842,-2.9518610926788327,81.79408346825842,-2.9518610926788327
572000000.0,81.79368417721025,-2.957015270021925,81.79368417721025,-2.957015270021925,81.79368417721031,-2.9570152700218797,81.79368417721031,-2.9570152700218797
573000000.0,81.79328419167544,-2.962169366389066,81.79328419167544,-2.962169366389066,81.79328419167551,-2.962169366389085,81.79328419167551,-2.962169366389085
574000000.0,81.79288351167575,-2.967323381640322,81.79288351167575,-2.967323381640322,81.79288351167587,-2.967323381640371,81.79288351167587,-2.967323381640371
575000000.0,81.79248213723312,-2.972477315635552,81.79248213723311,-2.9724773156355515,81.79248213723304,-2.9724773156355733,81.79248213723304,-2.9724773156355733
576000000.0,81.79208006836949,-2.977631168234619,81.79208006836947,-2.9776311682346135,81.79208006836939,-2.97763116823457,81.79208006836939,-2.97763116823457
577000000.0,81.79167730510683,-2.9827849392973955,81.79167730510683,-2.982784939297401,81.79167730510679,-2.982784939297373,81.79167730510679,-2.982784939297373
578000000.0,81.79127384746722,-2.987938628683762,81.79127384746722,-2.987938628683762,81.79127384746731,-2.9879386286834926,81.79127384746731,-2.9879386286834926
579000000.0,81.79086969547274,-2.9930922362536068,81.79086969547272,-2.993092236253601,81.79086969547268,-2.993092236253681,81.79086969547268,-2.993092236253681
580000000.0,81.79046484914547,-2.998245761866823,81.79046484914547,-2.998245761866828,81.7904648491454,-2.998245761866825,81.7904648491454,-2.998245761866825
581000000.0,81.79005930850755,-3.0033992053833125,81.79005930850755,-3.003399205383307,81.7900593085075,-3.0033992053829497,81.7900593085075,-3.0033992053829497
582000000.0,81.78965307358119,-3.0085525666629858,81.78965307358119,-3.0085525666629858,81.78965307358115,-3.008552566662632,81.78965307358115,-3.008552566662632
583000000.0,81.78924614438861,-3.01370584556576,81.78924614438861,-3.01370584556576,81.78924614438873,-3.0137058455657058,81.78924614438873,-3.0137058455657058
584000000.0,81.78883852095207,-3.018859041951559,81.78883852095207,-3.018859041951559,81.78883852095198,-3.0188590419512185,81.78883852095198,-3.0188590419512185
585000000.0,81.78843020329386,-3.024012155680316,81.78843020329386,-3.0240121556803214,81.78843020329387,-3.0240121556800306,81.78843020329387,-3.0240121556800306
586000000.0,81.7880211914363,-3.029165186611969,81.7880211914363,-3.029165186611974,81.78802119143636,-3.029165186611999,81.78802119143636,-3.029165186611999
587000000.0,81.78761148540181,-3.0343181346064667,81.78761148540181,-3.0343181346064614,81.78761148540185,-3.034318134606604,81.78761148540185,-3.034318134606604
588000000.0,81.78720108521277,-3.039470999523763,81.78720108521276,-3.0394709995237625,81.78720108521276,-3.0394709995238838,81.78720108521276,-3.0394709995238838
589000000.0,81.78678999089165,-3.0446237812238213,81.78678999089165,-3.0446237812238266,81.7867899908916,-3.044623781223842,81.7867899908916,-3.044623781223842
590000000.0,81.78637820246091,-3.0497764795666096,81.78637820246091,-3.0497764795666096,81.7863782024608,-3.049776479566777,81.7863782024608,-3.049776479566777
591000000.0,81.78596571994306,-3.0549290944121066,81.78596571994306,-3.054929094412112,81.78596571994288,-3.054929094412001,81.78596571994288,-3.054929094412001
592000000.0,81.78555254336072,-3.060081625620298,81.78555254336071,-3.0600816256202923,81.78555254336077,-3.0600816256203074,81.78555254336077,-3.0600816256203074
593000000.0,81.78513867273645,-3.065234073051175,81.78513867273644,-3.0652340730511694,81.78513867273654,-3.0652340730511214,81.78513867273654,-3.0652340730511214
594000000.0,81.78472410809289,-3.070386436564739,81.78472410809289,-3.0703864365647497,81.78472410809283,-3.0703864365645255,81.78472410809283,-3.0703864365645255
595000000.0,81.78430884945273,-3.075538716020998,81.78430884945273,-3.0755387160210033,81.7843088494524,-3.0755387160206813,81.7843088494524,-3.0755387160206813
596000000.0,81.78389289683867,-3.080690911279967,81.78389289683867,-3.080690911279962,81.78389289683862,-3.080690911279893,81.78389289683862,-3.080690911279893
597000000.0,81.78347625027345,-3.0858430222016695,81.78347625027345,-3.0858430222016695,81.78347625027352,-3.0858430222017663,81.78347625027352,-3.0858430222017663
598000000.0,81.78305890977987,-3.090995048646136,81.78305890977987,-3.0909950486461413,81.78305890977997,-3.0909950486463225,81.78305890977997,-3.0909950486463225
599000000.0,81.78264087538076,-3.0961469904734065,81.78264087538076,-3.0961469904734065,81.78264087538057,-3.0961469904734216,81.78264087538057,-3.0961469904734216
600000000.0,81.78222214709898,-3.1012988475435264,81.78222214709898,-3.1012988475435264,81.7822221470989,-3.101298847543535,81.7822221470989,-3.101298847543535
601000000.0,81.78180272495742,-3.1064506197165493,81.7818027249574,-3.106450619716549,81.78180272495715,-3.106450619716389,81.78180272495715,-3.106450619716389
602000000.0,81.78138260897903,-3.1116023068525385,81.78138260897903,-3.111602306852533,81.78138260897914,-3.111602306852569,81.78138260897914,-3.111602306852569
603000000.0,81.78096179918676,-3.1167539088115617,81.78096179918676,-3.1167539088115617,81.78096179918677,-3.1167539088113414,81.78096179918677,-3.1167539088113414
604000000.0,81.78054029560366,-3.1219054254536975,81.78054029560366,-3.1219054254536975,81.78054029560381,-3.1219054254537464,81.78054029560381,-3.1219054254537464
605000000.0,81.78011809825277,-3.1270568566390318,81.78011809825276,-3.127056856639026,81.78011809825286,-3.1270568566390873,81.78011809825286,-3.1270568566390873
606000000.0,81.77969520715715,-3.132208202227655,81.77969520715715,-3.1322082022276496,81.77969520715708,-3.132208202227598,81.77969520715708,-3.132208202227598
607000000.0,81.77927162233995,-3.1373594620796696,81.77927162233995,-3.1373594620796696,81.77927162234023,-3.137359462079862,81.77927162234023,-3.137359462079862
608000000.0,81.77884734382432,-3.142510636055183,81.77884734382431,-3.1425106360551878,81.7788473438243,-3.142510636055136,81.7788473438243,-3.142510636055136
609000000.0,81.77842237163348,-3.1476617240143123,81.77842237163348,-3.147661724014307,81.77842237163321,-3.147661724013908,81.77842237163321,-3.147661724013908
610000000.0,81.77799670579066,-3.1528127258171814,81.77799670579064,-3.152812725817181,81.77799670579083,-3.152812725817127,81.77799670579083,-3.152812725817127
611000000.0,81.77757034631914,-3.1579636413239225,81.77757034631912,-3.157963641323922,81.77757034631927,-3.157963641324246,81.77757034631927,-3.157963641324246
612000000.0,81.7771432932422,-3.163114470394674,81.7771432932422,-3.163114470394674,81.77714329324222,-3.163114470394794,81.77714329324222,-3.163114470394794
613000000.0,81.77671554658325,-3.1682652128895863,81.77671554658325,-3.1682652128895863,81.77671554658333,-3.1682652128895237,81.77671554658333,-3.1682652128895237
614000000.0,81.77628710636561,-3.173415868668812,81.77628710636561,-3.173415868668812,81.77628710636559,-3.173415868669,81.77628710636559,-3.173415868669
615000000.0,81.77585797261278,-3.1785664375925164,81.7758579726128,-3.1785664375925173,81.77585797261293,-3.178566437592468,81.77585797261293,-3.178566437592468
616000000.0,81.77542814534816,-3.1837169195208697,81.77542814534816,-3.183716919520875,81.7754281453482,-3.1837169195207995,81.7754281453482,-3.1837169195207995
617000000.0,81.77499762459527,-3.188867314314052,81.77499762459527,-3.188867314314052,81.77499762459507,-3.1888673143141193,81.77499762459507,-3.1888673143141193
618000000.0,81.77456641037766,-3.1940176218322494,81.77456641037764,-3.1940176218322436,81.77456641037767,-3.1940176218320895,81.77456641037767,-3.1940176218320895
619000000.0,81.7741345027189,-3.1991678419356586,81.7741345027189,-3.1991678419356533,81.77413450271874,-3.199167841935492,81.77413450271874,-3.199167841935492
620000000.0,81.7737019016426,-3.2043179744844816,81.7737019016426,-3.2043179744844816,81.77370190164261,-3.204317974484355,81.77370190164261,-3.204317974484355
621000000.0,81.77326860717241,-3.20946801933893,81.77326860717241,-3.20946801933894,81.77326860717241,-3.209468019338969,81.77326860717241,-3.209468019338969
622000000.0,81.77283461933203,-3.214617976359223,81.77283461933203,-3.214617976359223,81.77283461933222,-3.2146179763591527,81.77283461933222,-3.2146179763591527
623000000.0,81.77239993814517,-3.2197678454055865,81.77239993814517,-3.219767845405581,81.77239993814514,-3.2197678454055385,81.77239993814514,-3.2197678454055385
624000000.0,81.7719645636356,-3.224917626338257,81.7719645636356,-3.2249176263382515,81.7719645636355,-3.2249176263381303,81.7719645636355,-3.2249176263381303
625000000.0,81.77152849582713,-3.2300673190174765,81.77152849582713,-3.230067319017482,81.77152849582714,-3.230067319017564,81.77152849582714,-3.230067319017564
626000000.0,81.77109173474358,-3.2352169233034966,81.77109173474358,-3.2352169233034913,81.77109173474364,-3.2352169233036117,81.77109173474364,-3.2352169233036117
627000000.0,81.77065428040883,-3.2403664390565763,81.77065428040883,-3.2403664390565763,81.77065428040854,-3.2403664390563303,81.77065428040854,-3.2403664390563303
628000000.0,81.77021613284683,-3.245515866136983,81.77021613284684,-3.245515866136989,81.77021613284687,-3.245515866136893,81.77021613284687,-3.245515866136893
629000000.0,81.76977729208149,-3.250665204404992,81.76977729208147,-3.250665204404987,81.76977729208143,-3.25066520440478,81.76977729208143,-3.25066520440478
630000000.0,81.76933775813679,-3.2558144537208866,81.76933775813677,-3.255814453720886,81.76933775813683,-3.25581445372062,81.76933775813683,-3.25581445372062
631000000.0,81.76889753103679,-3.260963613944957,81.76889753103679,-3.260963613944957,81.7688975310367,-3.2609636139449436,81.7688975310367,-3.2609636139449436
632000000.0,81.76845661080552,-3.266112684937504,81.76845661080552,-3.266112684937494,81.76845661080543,-3.2661126849375863,81.76845661080543,-3.2661126849375863
633000000.0,81.7680149974671,-3.271261666558836,81.7680149974671,-3.271261666558836,81.76801499746684,-3.2712616665587144,81.76801499746684,-3.2712616665587144
634000000.0,81.76757269104569,-3.276410558669267,81.76757269104569,-3.276410558669267,81.76757269104584,-3.276410558669409,81.76757269104584,-3.276410558669409
635000000.0,81.76712969156542,-3.2815593611291227,81.76712969156542,-3.2815593611291227,81.76712969156534,-3.281559361129052,81.76712969156534,-3.281559361129052
636000000.0,81.76668599905052,-3.2867080737987338,81.76668599905052,-3.286708073798729,81.76668599905045,-3.2867080737988985,81.76668599905045,-3.2867080737988985
637000000.0,81.76624161352527,-3.2918566965384413,81.76624161352525,-3.291856696538441,81.76624161352504,-3.291856696538098,81.76624161352504,-3.291856696538098
638000000.0,81.76579653501392,-3.2970052292085934,81.7657965350139,-3.2970052292085983,81.76579653501406,-3.2970052292086742,81.76579653501406,-3.2970052292086742
639000000.0,81.76535076354081,-3.3021536716695468,81.7653507635408,-3.3021536716695414,81.76535076354087,-3.3021536716695334,81.76535076354087,-3.3021536716695334
640000000.0,81.76490429913031,-3.3073020237816664,81.76490429913031,-3.3073020237816664,81.7649042991303,-3.3073020237815265,81.7649042991303,-3.3073020237815265
641000000.0,81.76445714180679,-3.3124502854053253,81.76445714180679,-3.3124502854053253,81.76445714180686,-3.312450285405243,81.76445714180686,-3.312450285405243
642000000.0,81.76400929159473,-3.3175984564009044,81.76400929159473,-3.3175984564009044,81.76400929159469,-3.3175984564007277,81.76400929159469,-3.3175984564007277
643000000.0,81.76356074851859,-3.3227465366287943,81.76356074851857,-3.322746536628794,81.76356074851863,-3.322746536628769,81.76356074851863,-3.322746536628769
644000000.0,81.76311151260286,-3.3278945259493917,81.76311151260285,-3.3278945259493913,81.76311151260283,-3.3278945259494392,81.76311151260283,-3.3278945259494392
645000000.0,81.7626615838721,-3.3330424242231023,81.76266158387212,-3.3330424242231134,81.76266158387227,-3.3330424242231635,81.76266158387227,-3.3330424242231635
646000000.0,81.76221096235093,-3.338190231310342,81.76221096235093,-3.3381902313103473,81.76221096235088,-3.338190231310583,81.76221096235088,-3.338190231310583
647000000.0,81.76175964806393,-3.343337947071532,81.76175964806393,-3.343337947071537,81.76175964806393,-3.3433379470714675,81.76175964806393,-3.3433379470714675
648000000.0,81.76130764103581,-3.348485571367105,81.76130764103581,-3.3484855713670996,81.7613076410359,-3.3484855713670236,81.7613076410359,-3.3484855713670236
649000000.0,81.76085494129123,-3.3536331040574985,81.76085494129121,-3.3536331040574874,81.7608549412915,-3.3536331040574145,81.7608549412915,-3.3536331040574145
650000000.0,81.76040154885493,-3.3587805450031603,81.76040154885492,-3.35878054500316,81.76040154885501,-3.3587805450031447,81.76040154885501,-3.3587805450031447
651000000.0,81.75994746375171,-3.3639278940645476,81.75994746375171,-3.3639278940645423,81.75994746375174,-3.36392789406442,81.75994746375174,-3.36392789406442
652000000.0,81.75949268600635,-3.3690751511021237,81.75949268600635,-3.369075151102129,81.75949268600638,-3.369075151102371,81.75949268600638,-3.369075151102371
653000000.0,81.75903721564373,-3.374222315976361,81.75903721564373,-3.374222315976361,81.75903721564399,-3.374222315976274,81.75903721564399,-3.374222315976274
654000000.0,81.75858105268871,-3.379369388547742,81.75858105268871,-3.3793693885477367,81.75858105268873,-3.379369388547687,81.75858105268873,-3.379369388547687
655000000.0,81.75812419716624,-3.3845163686767554,81.75812419716623,-3.384516368676755,81.7581241971661,-3.384516368676578,81.7581241971661,-3.384516368676578
656000000.0,81.75766664910127,-3.3896632562238986,81.75766664910127,-3.389663256223904,81.75766664910125,-3.3896632562241016,81.75766664910125,-3.3896632562241016
657000000.0,81.75720840851878,-3.3948100510496775,81.75720840851878,-3.3948100510496775,81.75720840851882,-3.39481005105,81.75720840851882,-3.39481005105
658000000.0,81.75674947544384,-3.3999567530146084,81.75674947544383,-3.3999567530146027,81.75674947544398,-3.3999567530148247,81.75674947544398,-3.3999567530148247
659000000.0,81.7562898499015,-3.4051033619792137,81.7562898499015,-3.4051033619792137,81.75628984990148,-3.4051033619793545,81.75628984990148,-3.4051033619793545
660000000.0,81.75582953191689,-3.4102498778040244,81.75582953191687,-3.410249877804024,81.75582953191682,-3.4102498778042003,81.75582953191682,-3.4102498778042003
661000000.0,81.75536852151514,-3.415396300349581,81.75536852151514,-3.415396300349571,81.75536852151475,-3.4153963003494656,81.75536852151475,-3.4153963003494656
662000000.0,81.75490681872142,-3.420542629476432,81.75490681872141,-3.4205426294764263,81.75490681872142,-3.420542629476708,81.75490681872142,-3.420542629476708
663000000.0,81.75444442356101,-3.4256888650451356,81.75444442356101,-3.4256888650451356,81.7544444235611,-3.425688865045104,81.7544444235611,-3.425688865045104
664000000.0,81.75398133605913,-3.430835006916255,81.75398133605911,-3.4308350069162494,81.75398133605911,-3.4308350069163036,81.75398133605911,-3.4308350069163036
665000000.0,81.75351755624106,-3.4359810549503664,81.75351755624105,-3.4359810549503713,81.75351755624102,-3.435981054950443,81.75351755624102,-3.435981054950443
666000000.0,81.75305308413219,-3.4411270090080524,81.75305308413219,-3.4411270090080524,81.75305308413213,-3.4411270090079986,81.75305308413213,-3.4411270090079986
667000000.0,81.75258791975786,-3.446272868949903,81.75258791975786,-3.446272868949898,81.75258791975801,-3.4462728689498396,81.75258791975801,-3.4462728689498396
668000000.0,81.75212206314346,-3.4514186346365174,81.75212206314345,-3.451418634636517,81.75212206314333,-3.4514186346363314,81.75212206314333,-3.4514186346363314
669000000.0,81.75165551431449,-3.4565643059285067,81.75165551431449,-3.4565643059285067,81.75165551431455,-3.4565643059283784,81.75165551431455,-3.4565643059283784
670000000.0,81.75118827329639,-3.461709882686485,81.75118827329639,-3.4617098826864905,81.75118827329646,-3.461709882686537,81.75118827329646,-3.461709882686537
671000000.0,81.75072034011471,-3.466855364771079,81.75072034011471,-3.466855364771079,81.75072034011497,-3.4668553647709692,81.75072034011497,-3.4668553647709692
672000000.0,81.75025171479498,-3.472000752042922,81.75025171479498,-3.472000752042917,81.75025171479486,-3.472000752042973,81.75025171479486,-3.472000752042973
673000000.0,81.74978239736281,-3.477146044362658,81.74978239736281,-3.477146044362663,81.7497823973629,-3.4771460443624074,81.7497823973629,-3.4771460443624074
674000000.0,81.74931238784386,-3.4822912415909375,81.74931238784384,-3.4822912415909317,81.7493123878439,-3.4822912415909992,81.7493123878439,-3.4822912415909992
675000000.0,81.74884168626376,-3.48743634358842,81.74884168626377,-3.487436343588426,81.74884168626348,-3.487436343588209,81.74884168626348,-3.487436343588209
676000000.0,81.74837029264825,-3.4925813502157745,81.74837029264825,-3.4925813502157745,81.74837029264826,-3.49258135021586,81.74837029264826,-3.49258135021586
677000000.0,81.74789820702306,-3.4977262613336793,81.74789820702304,-3.497726261333679,81.747898207023,-3.4977262613335087,81.747898207023,-3.4977262613335087
678000000.0,81.74742542941398,-3.5028710768028195,81.74742542941398,-3.5028710768028195,81.74742542941358,-3.502871076802746,81.74742542941358,-3.502871076802746
679000000.0,81.74695195984683,-3.508015796483889,81.74695195984683,-3.508015796483889,81.74695195984685,-3.50801579648395,81.74695195984685,-3.50801579648395
680000000.0,81.74647779834746,-3.513160420237592,81.74647779834746,-3.513160420237592,81.74647779834704,-3.513160420237548,81.74647779834704,-3.513160420237548
681000000.0,81.74600294494176,-3.518304947924641,81.74600294494176,-3.518304947924641,81.74600294494184,-3.5183049479245727,81.74600294494184,-3.5183049479245727
682000000.0,81.7455273996557,-3.523449379405757,81.74552739965569,-3.523449379405751,81.74552739965557,-3.523449379405584,81.74552739965557,-3.523449379405584
683000000.0,81.74505116251521,-3.528593714541668,81.74505116251521,-3.528593714541668,81.74505116251537,-3.5285937145417323,81.74505116251537,-3.5285937145417323
684000000.0,81.74457423354629,-3.5337379531931132,81.74457423354629,-3.533737953193108,81.74457423354637,-3.533737953193459,81.74457423354637,-3.533737953193459
685000000.0,81.74409661277504,-3.538882095220841,81.74409661277504,-3.538882095220841,81.74409661277504,-3.538882095220772,81.74409661277504,-3.538882095220772
686000000.0,81.74361830022748,-3.5440261404856055,81.74361830022748,-3.5440261404856055,81.74361830022738,-3.5440261404857303,81.74361830022738,-3.5440261404857303
687000000.0,81.74313929592978,-3.5491700888481716,81.74313929592978,-3.549170088848177,81.7431392959296,-3.5491700888481743,81.7431392959296,-3.5491700888481743
688000000.0,81.74265959990807,-3.554313940169314,81.74265959990807,-3.554313940169314,81.7426595999078,-3.5543139401689934,81.7426595999078,-3.5543139401689934
689000000.0,81.74217921218852,-3.5594576943098133,81.7421792121885,-3.559457694309818,81.74217921218823,-3.5594576943097094,81.74217921218823,-3.5594576943097094
690000000.0,81.74169813279741,-3.564601351130462,81.74169813279741,-3.564601351130462,81.7416981327973,-3.564601351130385,81.7416981327973,-3.564601351130385
691000000.0,81.74121636176096,-3.569744910492059,81.74121636176096,-3.569744910492059,81.74121636176103,-3.5697449104921772,81.74121636176103,-3.5697449104921772
692000000.0,81.74073389910554,-3.574888372255415,81.74073389910554,-3.5748883722554097,81.74073389910573,-3.5748883722554092,81.74073389910573,-3.5748883722554092
693000000.0,81.74025074485742,-3.5800317362813456,81.74025074485742,-3.5800317362813403,81.74025074485718,-3.5800317362813647,81.74025074485718,-3.5800317362813647
694000000.0,81.73976689904303,-3.5851750024306788,81.73976689904302,-3.585175002430673,81.73976689904316,-3.5851750024308546,81.73976689904316,-3.5851750024308546
695000000.0,81.73928236168878,-3.5903181705642497,81.73928236168878,-3.590318170564255,81.73928236168868,-3.5903181705642813,81.73928236168868,-3.5903181705642813
696000000.0,81.7387971328211,-3.595461240542902,81.73879713282109,-3.595461240542896,81.73879713282098,-3.5954612405427833,81.73879713282098,-3.5954612405427833
697000000.0,81.7383112124665,-3.600604212227489,81.7383112124665,-3.600604212227489,81.73831121246639,-3.600604212227512,81.73831121246639,-3.600604212227512
698000000.0,81.7378246006515,-3.6057470854788742,81.73782460065149,-3.6057470854788685,81.73782460065136,-3.6057470854787455,81.73782460065136,-3.6057470854787455
699000000.0,81.73733729740268,-3.610889860157927,81.73733729740266,-3.610889860157921,81.73733729740255,-3.610889860158032,81.73733729740255,-3.610889860158032
700000000.0,81.73684930274663,-3.61603253612553,81.73684930274662,-3.616032536125524,81.73684930274656,-3.616032536125418,81.73684930274656,-3.616032536125418
701000000.0,81.73636061671002,-3.62117511324257,81.73636061671002,-3.6211751132425753,81.73636061670999,-3.6211751132424195,81.73636061670999,-3.6211751132424195
702000000.0,81.73587123931947,-3.6263175913699457,81.73587123931947,-3.6263175913699457,81.73587123931948,-3.626317591369928,81.73587123931948,-3.626317591369928
703000000.0,81.73538117060174,-3.631459970368565,81.73538117060174,-3.6314599703685597,81.73538117060153,-3.6314599703686223,81.73538117060153,-3.6314599703686223
704000000.0,81.73489041058357,-3.6366022500993433,81.73489041058357,-3.6366022500993433,81.73489041058346,-3.6366022500994104,81.73489041058346,-3.6366022500994104
705000000.0,81.73439895929177,-3.641744430423206,81.73439895929177,-3.6417444304232114,81.73439895929168,-3.641744430423492,81.73439895929168,-3.641744430423492
706000000.0,81.73390681675312,-3.6468865112010858,81.73390681675312,-3.6468865112010858,81.73390681675323,-3.646886511201231,81.73390681675323,-3.646886511201231
707000000.0,81.73341398299453,-3.652028492293929,81.73341398299453,-3.652028492293929,81.73341398299472,-3.6520284922940913,81.73341398299472,-3.6520284922940913
708000000.0,81.73292045804288,-3.657170373562684,81.73292045804288,-3.657170373562684,81.73292045804303,-3.6571703735627614,81.73292045804303,-3.6571703735627614
709000000.0,81.73242624192511,-3.6623121548683155,81.7324262419251,-3.662312154868315,81.73242624192527,-3.662312154868495,81.73242624192527,-3.662312154868495
710000000.0,81.73193133466819,-3.667453836071791,81.73193133466818,-3.667453836071785,81.73193133466847,-3.6674538360717768,81.73193133466847,-3.6674538360717768
711000000.0,81.73143573629915,-3.6725954170340915,81.73143573629915,-3.6725954170340915,81.73143573629913,-3.6725954170341373,81.73143573629913,-3.6725954170341373
712000000.0,81.73093944684503,-3.6777368976162066,81.73093944684501,-3.677736897616201,81.73093944684503,-3.6777368976161045,81.73093944684503,-3.6777368976161045
713000000.0,81.73044246633292,-3.6828782776791313,81.7304424663329,-3.6828782776791362,81.73044246633289,-3.682878277678935,81.73044246633289,-3.682878277678935
714000000.0,81.72994479478993,-3.6880195570838743,81.72994479478993,-3.688019557083869,81.72994479478993,-3.6880195570839485,81.72994479478993,-3.6880195570839485
715000000.0,81.72944643224324,-3.6931607356914515,81.72944643224324,-3.6931607356914515,81.72944643224335,-3.693160735691503,81.72944643224335,-3.693160735691503
716000000.0,81.72894737872004,-3.698301813362888,81.72894737872004,-3.698301813362888,81.72894737872008,-3.698301813363033,81.72894737872008,-3.698301813363033
717000000.0,81.72844763424756,-3.7034427899592166,81.72844763424756,-3.7034427899592113,81.7284476342475,-3.703442789959334,81.7284476342475,-3.703442789959334
718000000.0,81.7279471988531,-3.708583665341483,81.7279471988531,-3.708583665341483,81.72794719885327,-3.7085836653417115,81.72794719885327,-3.7085836653417115
719000000.0,81.72744607256394,-3.7137244393707385,81.72744607256394,-3.7137244393707385,81.7274460725641,-3.7137244393707918,81.7274460725641,-3.7137244393707918
720000000.0,81.72694425540745,-3.7188651119080447,81.72694425540745,-3.7188651119080447,81.72694425540729,-3.718865111907993,81.72694425540729,-3.718865111907993
721000000.0,81.72644174741099,-3.724005682814474,81.72644174741099,-3.724005682814474,81.72644174741119,-3.7240056828146937,81.72644174741119,-3.7240056828146937
722000000.0,81.725938548602,-3.7291461519511055,81.725938548602,-3.729146151951111,81.72593854860209,-3.729146151951035,81.72593854860209,-3.729146151951035
723000000.0,81.72543465900793,-3.7342865191790287,81.72543465900793,-3.734286519179034,81.72543465900787,-3.7342865191789993,81.72543465900787,-3.7342865191789993
724000000.0,81.72493007865627,-3.7394267843593423,81.72493007865627,-3.7394267843593423,81.72493007865594,-3.7394267843589755,81.72493007865594,-3.7394267843589755
725000000.0,81.72442480757458,-3.7445669473531558,81.72442480757456,-3.7445669473531606,81.72442480757447,-3.744566947353123,81.72442480757447,-3.744566947353123
726000000.0,81.72391884579041,-3.7497070080215855,81.72391884579041,-3.749707008021591,81.72391884579041,-3.749707008021722,81.72391884579041,-3.749707008021722
727000000.0,81.72341219333137,-3.754846966225758,81.72341219333137,-3.754846966225758,81.72341219333153,-3.7548469662258706,81.72341219333153,-3.7548469662258706
728000000.0,81.72290485022512,-3.7599868218268098,81.7229048502251,-3.759986821826804,81.72290485022496,-3.75998682182679,81.72290485022496,-3.75998682182679
729000000.0,81.72239681649931,-3.765126574685885,81.72239681649931,-3.765126574685885,81.72239681649901,-3.76512657468569,81.72239681649901,-3.76512657468569
730000000.0,81.72188809218167,-3.770266224664139,81.72188809218166,-3.7702662246641334,81.72188809218166,-3.7702662246642364,81.72188809218166,-3.7702662246642364
731000000.0,81.72137867729998,-3.7754057716227356,81.72137867729998,-3.7754057716227303,81.72137867729991,-3.775405771622726,81.72137867729991,-3.775405771622726
732000000.0,81.72086857188202,-3.780545215422849,81.72086857188202,-3.780545215422849,81.72086857188215,-3.78054521542288,81.72086857188215,-3.78054521542288
733000000.0,81.72035777595559,-3.7856845559256596,81.72035777595559,-3.7856845559256596,81.72035777595542,-3.7856845559254477,81.72035777595542,-3.7856845559254477
734000000.0,81.71984628954861,-3.790823792992362,81.7198462895486,-3.7908237929923563,81.71984628954833,-3.7908237929920334,81.71984628954833,-3.7908237929920334
735000000.0,81.71933411268894,-3.7959629264841555,81.71933411268893,-3.795962926484155,81.71933411268924,-3.7959629264842785,81.71933411268924,-3.7959629264842785
736000000.0,81.71882124540454,-3.801101956262251,81.71882124540453,-3.8011019562622503,81.71882124540461,-3.8011019562624235,81.71882124540461,-3.8011019562624235
737000000.0,81.71830768772341,-3.80624088218787,81.71830768772342,-3.8062408821878764,81.71830768772347,-3.8062408821880664,81.71830768772347,-3.8062408821880664
738000000.0,81.71779343967353,-3.811379704122242,81.71779343967351,-3.811379704122247,81.71779343967357,-3.8113797041222472,81.71779343967357,-3.8113797041222472
739000000.0,81.71727850128295,-3.8165184219266046,81.71727850128295,-3.81651842192661,81.7172785012829,-3.816518421926293,81.7172785012829,-3.816518421926293
740000000.0,81.71676287257979,-3.8216570354622084,81.7167628725798,-3.8216570354622146,81.71676287257986,-3.8216570354621524,81.71676287257986,-3.8216570354621524
741000000.0,81.71624655359217,-3.8267955445903103,81.71624655359217,-3.8267955445903103,81.71624655359236,-3.8267955445904143,81.71624655359236,-3.8267955445904143
742000000.0,81.71572954434825,-3.8319339491721776,81.71572954434824,-3.831933949172172,81.71572954434818,-3.8319339491720124,81.71572954434818,-3.8319339491720124
743000000.0,81.71521184487622,-3.837072249069087,81.71521184487622,-3.837072249069087,81.71521184487624,-3.837072249069164,81.71521184487624,-3.837072249069164
744000000.0,81.71469345520431,-3.8422104441423253,81.7146934552043,-3.8422104441423195,81.71469345520434,-3.842210444142402,81.71469345520434,-3.842210444142402
745000000.0,81.71417437536086,-3.84734853425319,81.71417437536086,-3.84734853425319,81.71417437536087,-3.8473485342531486,81.71417437536087,-3.8473485342531486
746000000.0,81.71365460537409,-3.8524865192629836,81.71365460537409,-3.8524865192629782,81.71365460537426,-3.852486519263272,81.71365460537426,-3.852486519263272
747000000.0,81.7131341452724,-3.8576243990330235,81.7131341452724,-3.857624399033018,81.71313414527239,-3.857624399033061,81.71313414527239,-3.857624399033061
748000000.0,81.71261299508419,-3.8627621734246333,81.7126129950842,-3.8627621734246396,81.71261299508427,-3.862762173424451,81.71261299508427,-3.862762173424451
749000000.0,81.71209115483786,-3.8678998422991486,81.71209115483786,-3.8678998422991486,81.7120911548379,-3.8678998422992636,81.7120911548379,-3.8678998422992636
750000000.0,81.71156862456186,-3.87303740551791,81.71156862456186,-3.87303740551791,81.71156862456199,-3.8730374055177714,81.71156862456199,-3.8730374055177714
751000000.0,81.71104540428472,-3.8781748629422736,81.71104540428472,-3.8781748629422736,81.71104540428475,-3.8781748629424144,81.71104540428475,-3.8781748629424144
752000000.0,81.71052149403495,-3.883312214433601,81.71052149403495,-3.8833122144336065,81.71052149403478,-3.8833122144336367,81.71052149403478,-3.8833122144336367
753000000.0,81.70999689384114,-3.888449459853266,81.70999689384114,-3.888449459853266,81.70999689384101,-3.8884494598533896,81.70999689384101,-3.8884494598533896
754000000.0,81.70947160373188,-3.8935865990626497,81.70947160373187,-3.8935865990626493,81.70947160373179,-3.8935865990622958,81.70947160373179,-3.8935865990622958
755000000.0,81.70894562373583,-3.8987236319231444,81.70894562373581,-3.8987236319231386,81.70894562373594,-3.8987236319232506,81.70894562373594,-3.8987236319232506
756000000.0,81.70841895388165,-3.9038605582961505,81.70841895388165,-3.9038605582961505,81.70841895388185,-3.903860558296218,81.70841895388185,-3.903860558296218
757000000.0,81.70789159419809,-3.9089973780430807,81.70789159419809,-3.9089973780430807,81.70789159419822,-3.908997378043237,81.70789159419822,-3.908997378043237
758000000.0,81.70736354471389,-3.9141340910253537,81.70736354471389,-3.9141340910253537,81.70736354471397,-3.9141340910256135,81.70736354471397,-3.9141340910256135
759000000.0,81.70683480545786,-3.9192706971044022,81.70683480545787,-3.9192706971044085,81.70683480545779,-3.9192706971041353,81.70683480545779,-3.9192706971041353
760000000.0,81.70630537645881,-3.9244071961416656,81.70630537645881,-3.924407196141671,81.70630537645876,-3.924407196141634,81.70630537645876,-3.924407196141634
761000000.0,81.70577525774561,-3.9295435879985923,81.7057752577456,-3.929543587998586,81.70577525774574,-3.929543587998659,81.70577525774574,-3.929543587998659
762000000.0,81.70524444934719,-3.9346798725366448,81.70524444934719,-3.9346798725366394,81.70524444934713,-3.934679872536648,81.70524444934713,-3.934679872536648
763000000.0,81.70471295129245,-3.9398160496172894,81.70471295129245,-3.9398160496172894,81.70471295129231,-3.93981604961721,81.70471295129231,-3.93981604961721
764000000.0,81.70418076361041,-3.9449521191020067,81.70418076361041,-3.9449521191020067,81.70418076361034,-3.944952119101848,81.70418076361034,-3.944952119101848
765000000.0,81.70364788633006,-3.9500880808522854,81.70364788633006,-3.9500880808522907,81.70364788632979,-3.950088080852401,81.70364788632979,-3.950088080852401
766000000.0,81.70311431948046,-3.955223934729623,81.70311431948046,-3.955223934729623,81.70311431948069,-3.955223934729934,81.70311431948069,-3.955223934729934
767000000.0,81.7025800630907,-3.9603596805955306,81.7025800630907,-3.9603596805955252,81.70258006309064,-3.9603596805955776,81.70258006309064,-3.9603596805955776
768000000.0,81.70204511718993,-3.965495318311524,81.70204511718993,-3.965495318311524,81.70204511719018,-3.9654953183116324,81.70204511719018,-3.9654953183116324
769000000.0,81.70150948180726,-3.970630847739131,81.70150948180726,-3.9706308477391365,81.70150948180745,-3.9706308477390673,81.70150948180745,-3.9706308477390673
770000000.0,81.70097315697195,-3.9757662687398914,81.70097315697197,-3.9757662687398976,81.70097315697195,-3.9757662687399993,81.70097315697195,-3.9757662687399993
771000000.0,81.70043614271319,-3.9809015811753508,81.70043614271319,-3.9809015811753508,81.70043614271313,-3.9809015811754103,81.70043614271313,-3.9809015811754103
772000000.0,81.69989843906029,-3.9860367849070686,81.69989843906029,-3.9860367849070633,81.69989843906076,-3.9860367849075793,81.69989843906076,-3.9860367849075793
773000000.0,81.69936004604254,-3.9911718797966107,81.69936004604254,-3.9911718797966107,81.69936004604259,-3.9911718797967346,81.69936004604259,-3.9911718797967346
774000000.0,81.6988209636893,-3.9963068657055545,81.69882096368929,-3.996306865705554,81.69882096368937,-3.996306865705578,81.69882096368937,-3.996306865705578
775000000.0,81.69828119202994,-4.001441742495487,81.69828119202994,-4.0014417424954924,81.69828119202967,-4.00144174249548,81.69828119202967,-4.00144174249548
776000000.0,81.69774073109392,-4.006576510028006,81.6977407310939,-4.0065765100280055,81.69774073109386,-4.006576510028116,81.69774073109386,-4.006576510028116
777000000.0,81.69719958091065,-4.011711168164719,81.69719958091065,-4.011711168164724,81.69719958091075,-4.011711168164528,81.69719958091075,-4.011711168164528
778000000.0,81.69665774150965,-4.016845716767241,81.69665774150967,-4.016845716767247,81.69665774150982,-4.016845716767315,81.69665774150982,-4.016845716767315
779000000.0,81.69611521292047,-4.0219801556972,81.69611521292047,-4.0219801556972,81.6961152129206,-4.021980155697116,81.6961152129206,-4.021980155697116
780000000.0,81.69557199517266,-4.027114484816233,81.69557199517266,-4.027114484816233,81.69557199517246,-4.027114484816239,81.69557199517246,-4.027114484816239
781000000.0,81.69502808829583,-4.032248703985984,81.69502808829581,-4.03224870398599,81.69502808829552,-4.032248703985765,81.69502808829552,-4.032248703985765
782000000.0,81.6944834923196,-4.0373828130681115,81.6944834923196,-4.0373828130681115,81.69448349231982,-4.0373828130683735,81.69448349231982,-4.0373828130683735
783000000.0,81.69393820727372,-4.042516811924284,81.69393820727372,-4.042516811924284,81.69393820727355,-4.042516811924433,81.69393820727355,-4.042516811924433
784000000.0,81.69339223318784,-4.047650700416176,81.69339223318785,-4.047650700416182,81.69339223318777,-4.0476507004162725,81.69339223318777,-4.0476507004162725
785000000.0,81.69284557009175,-4.052784478405474,81.69284557009175,-4.05278447840548,81.69284557009172,-4.052784478405683,81.69284557009172,-4.052784478405683
786000000.0,81.69229821801522,-4.0579181457538755,81.69229821801521,-4.057918145753869,81.69229821801532,-4.057918145753728,81.69229821801532,-4.057918145753728
787000000.0,81.69175017698811,-4.063051702323087,81.69175017698811,-4.063051702323087,81.69175017698798,-4.063051702322847,81.69175017698798,-4.063051702322847
788000000.0,81.69120144704024,-4.068185147974824,81.69120144704023,-4.068185147974823,81.69120144704067,-4.068185147975191,81.69120144704067,-4.068185147975191
789000000.0,81.69065202820157,-4.073318482570815,81.69065202820157,-4.073318482570815,81.69065202820154,-4.073318482570752,81.69065202820154,-4.073318482570752
790000000.0,81.69010192050199,-4.078451705972795,81.69010192050197,-4.078451705972789,81.69010192050197,-4.078451705972865,81.69010192050197,-4.078451705972865
791000000.0,81.6895511239715,-4.083584818042513,81.68955112397148,-4.083584818042507,81.68955112397155,-4.083584818042548,81.68955112397155,-4.083584818042548
792000000.0,81.6889996386401,-4.088717818641725,81.6889996386401,-4.088717818641725,81.68899963864014,-4.088717818641622,81.68899963864014,-4.088717818641622
793000000.0,81.68844746453784,-4.093850707632197,81.68844746453784,-4.093850707632197,81.68844746453803,-4.093850707632126,81.68844746453803,-4.093850707632126
794000000.0,81.68789460169484,-4.098983484875707,81.68789460169484,-4.0989834848757125,81.68789460169482,-4.0989834848759195,81.68789460169482,-4.0989834848759195
795000000.0,81.68734105014119,-4.104116150234043,81.68734105014119,-4.104116150234049,81.68734105014109,-4.10411615023429,81.68734105014109,-4.10411615023429
796000000.0,81.68678680990705,-4.109248703569003,81.68678680990705,-4.109248703569003,81.68678680990706,-4.109248703568978,81.68678680990706,-4.109248703568978
797000000.0,81.68623188102262,-4.114381144742393,81.68623188102262,-4.114381144742398,81.68623188102274,-4.114381144742426,81.68623188102274,-4.114381144742426
798000000.0,81.68567626351818,-4.119513473616032,81.68567626351816,-4.119513473616026,81.68567626351813,-4.119513473616034,81.68567626351813,-4.119513473616034
799000000.0,81.68511995742392,-4.1246456900517465,81.68511995742392,-4.124645690051752,81.68511995742382,-4.12464569005192,81.68511995742382,-4.12464569005192
800000000.0,81.6845629627702,-4.129777793911376,81.68456296277019,-4.129777793911369,81.68456296277014,-4.1297777939114875,81.68456296277014,-4.1297777939114875
801000000.0,81.68400527958738,-4.134909785056768,81.68400527958738,-4.134909785056774,81.68400527958727,-4.134909785057016,81.68400527958727,-4.134909785057016
802000000.0,81.68344690790579,-4.140041663349782,81.68344690790579,-4.140041663349782,81.68344690790573,-4.140041663349763,81.68344690790573,-4.140041663349763
803000000.0,81.6828878477559,-4.145173428652287,81.6828878477559,-4.145173428652287,81.68288784775592,-4.1451734286522655,81.68288784775592,-4.1451734286522655
804000000.0,81.68232809916813,-4.150305080826162,81.68232809916813,-4.150305080826162,81.68232809916823,-4.150305080826411,81.68232809916823,-4.150305080826411
805000000.0,81.68176766217299,-4.155436619733295,81.68176766217297,-4.155436619733289,81.68176766217294,-4.155436619733297,81.68176766217294,-4.155436619733297
806000000.0,81.681206536801,-4.160568045235586,81.68120653680099,-4.1605680452355855,81.68120653680116,-4.160568045235864,81.68120653680116,-4.160568045235864
807000000.0,81.68064472308274,-4.1656993571949466,81.68064472308274,-4.1656993571949466,81.6806447230829,-4.165699357195057,81.6806447230829,-4.165699357195057
808000000.0,81.68008222104878,-4.170830555473293,81.68008222104878,-4.170830555473287,81.68008222104868,-4.170830555473208,81.68008222104868,-4.170830555473208
809000000.0,81.67951903072981,-4.175961639932559,81.67951903072981,-4.175961639932559,81.67951903072981,-4.1759616399324475,81.67951903072981,-4.1759616399324475
810000000.0,81.67895515215648,-4.181092610434686,81.67895515215648,-4.181092610434686,81.67895515215646,-4.181092610434705,81.67895515215646,-4.181092610434705
811000000.0,81.67839058535948,-4.186223466841622,81.67839058535948,-4.186223466841622,81.67839058535941,-4.186223466841645,81.67839058535941,-4.186223466841645
812000000.0,81.67782533036957,-4.191354209015331,81.67782533036956,-4.191354209015325,81.6778253303692,-4.191354209015234,81.6778253303692,-4.191354209015234
813000000.0,81.67725938721757,-4.196484836817784,81.67725938721757,-4.196484836817784,81.6772593872175,-4.196484836817731,81.6772593872175,-4.196484836817731
814000000.0,81.6766927559343,-4.201615350110962,81.6766927559343,-4.201615350110962,81.67669275593428,-4.201615350110844,81.67669275593428,-4.201615350110844
815000000.0,81.67612543655058,-4.206745748756858,81.67612543655059,-4.206745748756864,81.67612543655073,-4.206745748756975,81.67612543655073,-4.206745748756975
816000000.0,81.67555742909734,-4.211876032617475,81.67555742909734,-4.211876032617475,81.6755574290973,-4.211876032617729,81.6755574290973,-4.211876032617729
817000000.0,81.6749887336055,-4.2170062015548275,81.67498873360549,-4.217006201554821,81.6749887336056,-4.217006201554784,81.6749887336056,-4.217006201554784
818000000.0,81.67441935010604,-4.222136255430938,81.67441935010604,-4.222136255430938,81.67441935010608,-4.2221362554305815,81.67441935010608,-4.2221362554305815
819000000.0,81.67384927862996,-4.22726619410784,81.67384927862996,-4.22726619410784,81.67384927862997,-4.227266194107731,81.67384927862997,-4.227266194107731
820000000.0,81.67327851920831,-4.23239601744758,81.67327851920831,-4.23239601744758,81.67327851920837,-4.2323960174478,81.67327851920837,-4.2323960174478
821000000.0,81.67270707187217,-4.237525725312211,81.67270707187217,-4.237525725312211,81.67270707187237,-4.237525725312148,81.67270707187237,-4.237525725312148
822000000.0,81.67213493665264,-4.242655317563798,81.67213493665263,-4.2426553175637975,81.67213493665248,-4.242655317563797,81.67213493665248,-4.242655317563797
823000000.0,81.6715621135809,-4.24778479406442,81.67156211358089,-4.247784794064419,81.67156211358083,-4.247784794064472,81.67156211358083,-4.247784794064472
824000000.0,81.67098860268814,-4.25291415467616,81.67098860268814,-4.25291415467616,81.67098860268834,-4.252914154676049,81.67098860268834,-4.252914154676049
825000000.0,81.67041440400558,-4.258043399261118,81.67041440400558,-4.258043399261118,81.67041440400521,-4.258043399261173,81.67041440400521,-4.258043399261173
826000000.0,81.6698395175645,-4.2631725276814,81.6698395175645,-4.2631725276814,81.66983951756468,-4.26317252768146,81.66983951756468,-4.26317252768146
827000000.0,81.66926394339615,-4.268301539799121,81.66926394339615,-4.268301539799115,81.66926394339598,-4.268301539799188,81.66926394339598,-4.268301539799188
828000000.0,81.66868768153192,-4.273430435476413,81.66868768153192,-4.273430435476413,81.66868768153192,-4.2734304354763895,81.66868768153192,-4.2734304354763895
829000000.0,81.66811073200317,-4.278559214575416,81.66811073200317,-4.278559214575416,81.66811073200326,-4.278559214575238,81.66811073200326,-4.278559214575238
830000000.0,81.66753309484133,-4.283687876958276,81.66753309484133,-4.28368787695827,81.66753309484129,-4.283687876958426,81.66753309484129,-4.283687876958426
831000000.0,81.66695477007782,-4.288816422487156,81.66695477007782,-4.288816422487162,81.66695477007804,-4.288816422487563,81.66695477007804,-4.288816422487563
832000000.0,81.66637575774413,-4.293944851024224,81.66637575774413,-4.293944851024224,81.66637575774419,-4.293944851024425,81.66637575774419,-4.293944851024425
833000000.0,81.66579605787179,-4.299073162431664,81.66579605787177,-4.299073162431663,81.66579605787173,-4.299073162431579,81.66579605787173,-4.299073162431579
834000000.0,81.66521567049237,-4.304201356571667,81.66521567049236,-4.304201356571666,81.6652156704922,-4.304201356571301,81.6652156704922,-4.304201356571301
835000000.0,81.66463459563742,-4.309329433306433,81.66463459563742,-4.30932943330644,81.66463459563757,-4.309329433306515,81.66463459563757,-4.309329433306515
836000000.0,81.66405283333864,-4.31445739249818,81.66405283333863,-4.314457392498179,81.66405283333873,-4.31445739249836,81.66405283333873,-4.31445739249836
837000000.0,81.66347038362765,-4.319585234009128,81.66347038362765,-4.319585234009128,81.66347038362773,-4.31958523400908,81.66347038362773,-4.31958523400908
838000000.0,81.66288724653616,-4.324712957701513,81.66288724653616,-4.324712957701513,81.662887246536,-4.3247129577014185,81.662887246536,-4.3247129577014185
839000000.0,81.66230342209593,-4.329840563437578,81.66230342209593,-4.3298405634375845,81.66230342209623,-4.329840563437667,81.66230342209623,-4.329840563437667
840000000.0,81.66171891033872,-4.334968051079582,81.6617189103387,-4.334968051079581,81.66171891033865,-4.334968051079576,81.66171891033865,-4.334968051079576
841000000.0,81.66113371129637,-4.34009542048979,81.66113371129636,-4.340095420489784,81.6611337112963,-4.340095420489947,81.6611337112963,-4.340095420489947
842000000.0,81.66054782500072,-4.345222671530479,81.66054782500072,-4.345222671530479,81.66054782500058,-4.34522267153042,81.66054782500058,-4.34522267153042
843000000.0,81.65996125148364,-4.350349804063937,81.65996125148362,-4.350349804063931,81.65996125148344,-4.350349804063728,81.65996125148344,-4.350349804063728
844000000.0,81.65937399077706,-4.355476817952462,81.65937399077706,-4.355476817952462,81.65937399077697,-4.355476817952549,81.65937399077697,-4.355476817952549
845000000.0,81.65878604291296,-4.360603713058364,81.65878604291298,-4.360603713058371,81.65878604291258,-4.3606037130581345,81.65878604291258,-4.3606037130581345
846000000.0,81.65819740792335,-4.365730489243964,81.65819740792334,-4.3657304892439575,81.65819740792341,-4.365730489244074,81.65819740792341,-4.365730489244074
847000000.0,81.65760808584025,-4.370857146371591,81.65760808584025,-4.3708571463715975,81.6576080858402,-4.370857146371523,81.6576080858402,-4.370857146371523
848000000.0,81.65701807669572,-4.3759836843035895,81.65701807669572,-4.3759836843035895,81.65701807669578,-4.375983684303793,81.65701807669578,-4.375983684303793
849000000.0,81.65642738052188,-4.381110102902308,81.65642738052188,-4.381110102902308,81.65642738052202,-4.381110102902598,81.65642738052202,-4.381110102902598
850000000.0,81.65583599735088,-4.386236402030112,81.65583599735088,-4.386236402030112,81.65583599735096,-4.386236402030472,81.65583599735096,-4.386236402030472
851000000.0,81.65524392721488,-4.391362581549375,81.65524392721488,-4.391362581549375,81.65524392721494,-4.391362581549275,81.65524392721494,-4.391362581549275
852000000.0,81.65465117014612,-4.396488641322484,81.65465117014612,-4.396488641322484,81.65465117014593,-4.396488641322342,81.65465117014593,-4.396488641322342
853000000.0,81.65405772617684,-4.401614581211831,81.65405772617684,-4.401614581211831,81.65405772617679,-4.401614581211724,81.65405772617679,-4.401614581211724
854000000.0,81.65346359533937,-4.4067404010798255,81.65346359533937,-4.4067404010798255,81.65346359533915,-4.406740401079473,81.65346359533915,-4.406740401079473
855000000.0,81.652868777666,-4.411866100788883,81.652868777666,-4.411866100788883,81.65286877766614,-4.411866100789197,81.65286877766614,-4.411866100789197
856000000.0,81.65227327318911,-4.416991680201432,81.65227327318911,-4.416991680201432,81.65227327318924,-4.416991680201467,81.65227327318924,-4.416991680201467
857000000.0,81.65167708194109,-4.422117139179914,81.65167708194109,-4.422117139179914,81.65167708194113,-4.422117139179896,81.65167708194113,-4.422117139179896
858000000.0,81.6510802039544,-4.427242477586778,81.6510802039544,-4.427242477586778,81.65108020395445,-4.427242477586745,81.65108020395445,-4.427242477586745
859000000.0,81.65048263926148,-4.432367695284482,81.65048263926148,-4.432367695284482,81.65048263926143,-4.432367695284348,81.65048263926143,-4.432367695284348
860000000.0,81.64988438789487,-4.437492792135502,81.64988438789486,-4.437492792135496,81.64988438789486,-4.437492792135608,81.64988438789486,-4.437492792135608
861000000.0,81.64928544988713,-4.442617768002317,81.64928544988713,-4.442617768002323,81.64928544988713,-4.442617768002384,81.64928544988713,-4.442617768002384
862000000.0,81.6486858252708,-4.447742622747425,81.6486858252708,-4.447742622747425,81.64868582527072,-4.447742622747441,81.64868582527072,-4.447742622747441
863000000.0,81.64808551407855,-4.452867356233328,81.64808551407855,-4.452867356233328,81.64808551407862,-4.45286735623334,81.64808551407862,-4.45286735623334
864000000.0,81.64748451634298,-4.457991968322541,81.64748451634298,-4.457991968322541,81.64748451634314,-4.457991968322841,81.64748451634314,-4.457991968322841
865000000.0,81.64688283209686,-4.463116458877594,81.64688283209685,-4.463116458877593,81.64688283209674,-4.4631164588776855,81.64688283209674,-4.4631164588776855
866000000.0,81.64628046137285,-4.468240827761021,81.64628046137285,-4.468240827761021,81.6462804613727,-4.468240827760937,81.6462804613727,-4.468240827760937
867000000.0,81.64567740420377,-4.473365074835373,81.64567740420377,-4.473365074835373,81.64567740420371,-4.4733650748354465,81.64567740420371,-4.4733650748354465
868000000.0,81.6450736606224,-4.478489199963208,81.64507366062239,-4.478489199963201,81.64507366062242,-4.478489199963225,81.64507366062242,-4.478489199963225
869000000.0,81.64446923066156,-4.483613203007098,81.64446923066156,-4.483613203007098,81.64446923066126,-4.483613203006735,81.64446923066126,-4.483613203006735
870000000.0,81.64386411435419,-4.488737083829626,81.64386411435419,-4.48873708382962,81.64386411435407,-4.488737083829482,81.64386411435407,-4.488737083829482
871000000.0,81.64325831173313,-4.493860842293382,81.64325831173313,-4.493860842293382,81.64325831173291,-4.493860842293437,81.64325831173291,-4.493860842293437
872000000.0,81.64265182283138,-4.498984478260972,81.64265182283138,-4.498984478260972,81.64265182283161,-4.498984478261457,81.64265182283161,-4.498984478261457
873000000.0,81.64204464768191,-4.504107991595011,81.64204464768191,-4.504107991595011,81.64204464768177,-4.504107991594971,81.64204464768177,-4.504107991594971
874000000.0,81.64143678631775,-4.509231382158124,81.64143678631775,-4.509231382158117,81.64143678631777,-4.509231382158196,81.64143678631777,-4.509231382158196
875000000.0,81.64082823877196,-4.514354649812948,81.64082823877196,-4.514354649812948,81.64082823877176,-4.514354649812918,81.64082823877176,-4.514354649812918
876000000.0,81.64021900507761,-4.51947779442213,81.64021900507761,-4.51947779442213,81.6402190050775,-4.519477794422197,81.6402190050775,-4.519477794422197
877000000.0,81.63960908526788,-4.524600815848333,81.63960908526788,-4.5246008158483395,81.63960908526816,-4.524600815848529,81.63960908526816,-4.524600815848529
878000000.0,81.63899847937589,-4.529723713954225,81.6389984793759,-4.529723713954232,81.63899847937567,-4.529723713954032,81.63899847937567,-4.529723713954032
879000000.0,81.63838718743489,-4.534846488602489,81.63838718743489,-4.534846488602489,81.63838718743477,-4.534846488602431,81.63838718743477,-4.534846488602431
880000000.0,81.63777520947811,-4.539969139655818,81.6377752094781,-4.539969139655811,81.63777520947816,-4.539969139656137,81.63777520947816,-4.539969139656137
881000000.0,81.6371625455388,-4.545091666976914,81.6371625455388,-4.545091666976914,81.63716254553889,-4.545091666977117,81.63716254553889,-4.545091666977117
882000000.0,81.6365491956503,-4.550214070428494,81.6365491956503,-4.550214070428494,81.6365491956502,-4.550214070428411,81.6365491956502,-4.550214070428411
883000000.0,81.63593515984597,-4.555336349873284,81.63593515984599,-4.555336349873291,81.63593515984618,-4.555336349873298,81.63593515984618,-4.555336349873298
884000000.0,81.6353204381592,-4.560458505174021,81.63532043815918,-4.5604585051740205,81.63532043815914,-4.560458505173681,81.63532043815914,-4.560458505173681
885000000.0,81.63470503062338,-4.565580536193455,81.63470503062338,-4.565580536193455,81.63470503062351,-4.565580536193581,81.63470503062351,-4.565580536193581
886000000.0,81.63408893727201,-4.570702442794346,81.634088937272,-4.570702442794345,81.63408893727173,-4.570702442794179,81.63408893727173,-4.570702442794179
887000000.0,81.63347215813857,-4.575824224839463,81.63347215813857,-4.575824224839463,81.63347215813856,-4.57582422483944,81.63347215813856,-4.57582422483944
888000000.0,81.6328546932566,-4.580945882191592,81.63285469325659,-4.580945882191591,81.63285469325656,-4.580945882191617,81.63285469325656,-4.580945882191617
889000000.0,81.63223654265967,-4.586067414713525,81.63223654265965,-4.58606741471353,81.63223654265981,-4.58606741471357,81.63223654265981,-4.58606741471357
890000000.0,81.63161770638138,-4.591188822268068,81.63161770638136,-4.591188822268067,81.63161770638173,-4.591188822268546,81.63161770638173,-4.591188822268546
891000000.0,81.6309981844554,-4.596310104718037,81.6309981844554,-4.596310104718037,81.63099818445541,-4.5963101047179595,81.63099818445541,-4.5963101047179595
892000000.0,81.63037797691536,-4.601431261926259,81.63037797691536,-4.601431261926259,81.63037797691577,-4.601431261926457,81.63037797691577,-4.601431261926457
893000000.0,81.62975708379501,-4.606552293755573,81.62975708379501,-4.606552293755573,81.62975708379524,-4.606552293755858,81.62975708379524,-4.606552293755858
894000000.0,81.62913550512813,-4.611673200068833,81.62913550512813,-4.611673200068833,81.62913550512829,-4.611673200069055,81.62913550512829,-4.611673200069055
895000000.0,81.62851324094845,-4.616793980728895,81.62851324094845,-4.616793980728895,81.62851324094832,-4.616793980728965,81.62851324094832,-4.616793980728965
896000000.0,81.62789029128984,-4.621914635598637,81.62789029128984,-4.621914635598637,81.62789029128975,-4.621914635598632,81.62789029128975,-4.621914635598632
897000000.0,81.62726665618615,-4.627035164540941,81.62726665618615,-4.627035164540941,81.62726665618617,-4.627035164540936,81.62726665618617,-4.627035164540936
898000000.0,81.62664233567128,-4.632155567418703,81.62664233567126,-4.632155567418702,81.62664233567148,-4.632155567418765,81.62664233567148,-4.632155567418765
899000000.0,81.62601732977916,-4.637275844094831,81.62601732977915,-4.63727584409483,81.62601732977906,-4.637275844094771,81.62601732977906,-4.637275844094771
900000000.0,81.62539163854376,-4.642395994432245,81.62539163854375,-4.6423959944322375,81.62539163854407,-4.642395994432542,81.62539163854407,-4.642395994432542
901000000.0,81.6247652619991,-4.647516018293872,81.6247652619991,-4.647516018293872,81.62476526199876,-4.6475160182939765,81.62476526199876,-4.6475160182939765
902000000.0,81.62413820017923,-4.652635915542654,81.62413820017923,-4.652635915542648,81.62413820017903,-4.652635915542614,81.62413820017903,-4.652635915542614
903000000.0,81.62351045311819,-4.657755686041545,81.62351045311819,-4.657755686041551,81.62351045311821,-4.657755686041868,81.62351045311821,-4.657755686041868
904000000.0,81.62288202085014,-4.66287532965351,81.62288202085014,-4.66287532965351,81.62288202085024,-4.662875329653498,81.62288202085024,-4.662875329653498
905000000.0,81.62225290340922,-4.667994846241525,81.62225290340922,-4.667994846241531,81.62225290340915,-4.667994846241278,81.62225290340915,-4.667994846241278
906000000.0,81.62162310082962,-4.673114235668576,81.62162310082962,-4.673114235668576,81.62162310082932,-4.673114235668499,81.62162310082932,-4.673114235668499
907000000.0,81.62099261314557,-4.678233497797663,81.62099261314557,-4.678233497797663,81.62099261314503,-4.6782334977972635,81.62099261314503,-4.6782334977972635
908000000.0,81.62036144039135,-4.683352632491795,81.62036144039133,-4.683352632491788,81.62036144039102,-4.683352632491617,81.62036144039102,-4.683352632491617
909000000.0,81.61972958260121,-4.688471639613994,81.61972958260121,-4.688471639613994,81.61972958260118,-4.688471639613895,81.61972958260118,-4.688471639613895
910000000.0,81.61909703980952,-4.6935905190272935,81.6190970398095,-4.693590519027293,81.61909703980952,-4.693590519027207,81.61909703980952,-4.693590519027207
911000000.0,81.61846381205065,-4.69870927059474,81.61846381205065,-4.69870927059474,81.61846381205048,-4.698709270594549,81.61846381205048,-4.698709270594549
912000000.0,81.61782989935901,-4.70382789417939,81.61782989935901,-4.70382789417939,81.61782989935891,-4.703827894179264,81.61782989935891,-4.703827894179264
913000000.0,81.61719530176903,-4.708946389644307,81.61719530176903,-4.708946389644307,81.61719530176912,-4.708946389644506,81.61719530176912,-4.708946389644506
914000000.0,81.61656001931522,-4.714064756852576,81.61656001931522,-4.714064756852576,81.61656001931514,-4.714064756852581,81.61656001931514,-4.714064756852581
915000000.0,81.61592405203206,-4.7191829956672855,81.61592405203206,-4.7191829956672855,81.61592405203189,-4.719182995667274,81.61592405203189,-4.719182995667274
916000000.0,81.61528739995413,-4.724301105951539,81.61528739995411,-4.724301105951545,81.61528739995408,-4.72430110595162,81.61528739995408,-4.72430110595162
917000000.0,81.61465006311602,-4.72941908756845,81.61465006311602,-4.72941908756845,81.61465006311629,-4.7294190875684965,81.61465006311629,-4.7294190875684965
918000000.0,81.61401204155234,-4.734536940381147,81.61401204155234,-4.734536940381147,81.61401204155247,-4.734536940381233,81.61401204155247,-4.734536940381233
919000000.0,81.61337333529775,-4.739654664252764,81.61337333529775,-4.739654664252764,81.6133733352977,-4.739654664252744,81.6133733352977,-4.739654664252744
920000000.0,81.61273394438697,-4.744772259046451,81.61273394438697,-4.744772259046451,81.61273394438703,-4.74477225904635,81.61273394438703,-4.74477225904635
921000000.0,81.61209386885476,-4.749889724625372,81.61209386885477,-4.749889724625379,81.61209386885497,-4.7498897246254765,81.61209386885497,-4.7498897246254765
922000000.0,81.61145310873583,-4.755007060852697,81.61145310873583,-4.755007060852697,81.61145310873566,-4.7550070608526225,81.61145310873566,-4.7550070608526225
923000000.0,81.61081166406501,-4.760124267591611,81.61081166406501,-4.760124267591611,81.6108116640652,-4.760124267591803,81.6108116640652,-4.760124267591803
924000000.0,81.61016953487716,-4.765241344705309,81.61016953487714,-4.765241344705302,81.61016953487699,-4.765241344705262,81.61016953487699,-4.765241344705262
925000000.0,81.60952672120715,-4.770358292057001,81.60952672120716,-4.770358292057008,81.60952672120705,-4.77035829205715,81.60952672120705,-4.77035829205715
926000000.0,81.60888322308992,-4.775475109509905,81.60888322308992,-4.775475109509905,81.60888322308986,-4.775475109509827,81.60888322308986,-4.775475109509827
927000000.0,81.60823904056038,-4.7805917969272524,81.60823904056038,-4.7805917969272524,81.60823904056011,-4.7805917969270695,81.60823904056011,-4.7805917969270695
928000000.0,81.60759417365354,-4.785708354172285,81.60759417365355,-4.785708354172293,81.60759417365361,-4.7857083541721455,81.60759417365361,-4.7857083541721455
929000000.0,81.60694862240443,-4.790824781108258,81.60694862240443,-4.790824781108258,81.60694862240429,-4.7908247811081335,81.60694862240429,-4.7908247811081335
930000000.0,81.60630238684813,-4.795941077598439,81.60630238684811,-4.795941077598438,81.60630238684787,-4.795941077598278,81.60630238684787,-4.795941077598278
931000000.0,81.6056554670197,-4.801057243506104,81.6056554670197,-4.801057243506104,81.60565546701976,-4.801057243505899,81.60565546701976,-4.801057243505899
932000000.0,81.6050078629543,-4.806173278694543,81.60500786295428,-4.806173278694542,81.60500786295412,-4.806173278694425,81.60500786295412,-4.806173278694425
933000000.0,81.60435957468708,-4.8112891830270605,81.60435957468708,-4.8112891830270605,81.60435957468708,-4.8112891830268785,81.60435957468708,-4.8112891830268785
934000000.0,81.60371060225327,-4.816404956366968,81.60371060225327,-4.816404956366968,81.6037106022533,-4.816404956367019,81.6037106022533,-4.816404956367019
935000000.0,81.60306094568811,-4.8215205985775915,81.60306094568811,-4.8215205985775915,81.60306094568809,-4.821520598577462,81.60306094568809,-4.821520598577462
936000000.0,81.60241060502688,-4.826636109522268,81.60241060502688,-4.826636109522268,81.60241060502688,-4.8266361095222585,81.60241060502688,-4.8266361095222585
937000000.0,81.60175958030487,-4.831751489064347,81.60175958030487,-4.831751489064347,81.60175958030489,-4.8317514890642,81.60175958030489,-4.8317514890642
938000000.0,81.60110787155747,-4.836866737067188,81.60110787155747,-4.836866737067188,81.60110787155728,-4.836866737067188,81.60110787155728,-4.836866737067188
939000000.0,81.60045547882005,-4.8419818533941665,81.60045547882005,-4.8419818533941665,81.60045547882025,-4.8419818533941505,81.60045547882025,-4.8419818533941505
940000000.0,81.59980240212803,-4.847096837908663,81.59980240212803,-4.847096837908657,81.59980240212788,-4.847096837908398,81.59980240212788,-4.847096837908398
941000000.0,81.59914864151688,-4.852211690474078,81.59914864151688,-4.852211690474078,81.5991486415168,-4.852211690473905,81.5991486415168,-4.852211690473905
942000000.0,81.59849419702209,-4.857326410953819,81.59849419702209,-4.857326410953819,81.59849419702192,-4.857326410954034,81.59849419702192,-4.857326410954034
943000000.0,81.5978390686792,-4.862440999211306,81.5978390686792,-4.862440999211306,81.59783906867963,-4.862440999211466,81.59783906867963,-4.862440999211466
944000000.0,81.59718325652378,-4.867555455109971,81.59718325652378,-4.867555455109971,81.5971832565237,-4.86755545510956,81.5971832565237,-4.86755545510956
945000000.0,81.59652676059144,-4.872669778513259,81.59652676059143,-4.872669778513258,81.59652676059116,-4.8726697785132655,81.59652676059116,-4.8726697785132655
946000000.0,81.59586958091779,-4.877783969284626,81.59586958091779,-4.877783969284626,81.59586958091765,-4.877783969284518,81.59586958091765,-4.877783969284518
947000000.0,81.59521171753856,-4.882898027287539,81.59521171753856,-4.882898027287539,81.59521171753859,-4.882898027287609,81.59521171753859,-4.882898027287609
948000000.0,81.59455317048942,-4.888011952385481,81.5945531704894,-4.888011952385474,81.59455317048955,-4.888011952385683,81.59455317048955,-4.888011952385683
949000000.0,81.59389393980614,-4.893125744441942,81.59389393980614,-4.8931257444419485,81.59389393980615,-4.893125744441846,81.59389393980615,-4.893125744441846
950000000.0,81.59323402552451,-4.898239403320427,81.5932340255245,-4.898239403320426,81.59323402552445,-4.898239403320294,81.59323402552445,-4.898239403320294
951000000.0,81.59257342768032,-4.903352928884451,81.59257342768032,-4.903352928884457,81.59257342768032,-4.90335292888451,81.59257342768032,-4.90335292888451
952000000.0,81.5919121463095,-4.908466320997545,81.5919121463095,-4.908466320997545,81.59191214630943,-4.908466320997465,81.59191214630943,-4.908466320997465
953000000.0,81.59125018144786,-4.913579579523247,81.59125018144785,-4.913579579523246,81.5912501814479,-4.913579579523163,81.5912501814479,-4.913579579523163
954000000.0,81.5905875331314,-4.918692704325108,81.5905875331314,-4.918692704325108,81.59058753313116,-4.9186927043249575,81.59058753313116,-4.9186927043249575
955000000.0,81.58992420139604,-4.9238056952666955,81.58992420139604,-4.9238056952666955,81.5899242013961,-4.923805695266784,81.5899242013961,-4.923805695266784
956000000.0,81.58926018627784,-4.928918552211585,81.58926018627784,-4.928918552211579,81.58926018627795,-4.928918552211539,81.58926018627795,-4.928918552211539
957000000.0,81.58859548781275,-4.934031275023364,81.58859548781274,-4.934031275023363,81.5885954878129,-4.934031275023415,81.5885954878129,-4.934031275023415
958000000.0,81.58793010603695,-4.939143863565635,81.58793010603694,-4.9391438635656275,81.587930106037,-4.939143863565668,81.587930106037,-4.939143863565668
959000000.0,81.58726404098647,-4.944256317702009,81.58726404098647,-4.944256317702009,81.58726404098668,-4.944256317702067,81.58726404098668,-4.944256317702067
960000000.0,81.5865972926975,-4.949368637296112,81.5865972926975,-4.949368637296112,81.5865972926974,-4.949368637295718,81.5865972926974,-4.949368637295718
961000000.0,81.58592986120622,-4.95448082221158,81.58592986120621,-4.954480822211579,81.5859298612066,-4.95448082221173,81.5859298612066,-4.95448082221173
962000000.0,81.58526174654882,-4.9595928723120615,81.58526174654881,-4.959592872312061,81.58526174654901,-4.9595928723123155,81.58526174654901,-4.9595928723123155
963000000.0,81.58459294876162,-4.964704787461222,81.58459294876162,-4.964704787461228,81.58459294876184,-4.964704787461434,81.58459294876184,-4.964704787461434
964000000.0,81.58392346788085,-4.96981656752273,81.58392346788084,-4.969816567522729,81.58392346788101,-4.969816567522729,81.58392346788101,-4.969816567522729
965000000.0,81.58325330394287,-4.974928212360274,81.58325330394287,-4.974928212360274,81.5832533039429,-4.974928212360454,81.5832533039429,-4.974928212360454
966000000.0,81.58258245698403,-4.980039721837551,81.58258245698403,-4.980039721837545,81.58258245698407,-4.980039721837458,81.58258245698407,-4.980039721837458
967000000.0,81.58191092704074,-4.985151095818272,81.58191092704074,-4.985151095818272,81.58191092704051,-4.985151095818204,81.58191092704051,-4.985151095818204
968000000.0,81.58123871414944,-4.990262334166157,81.58123871414942,-4.9902623341661565,81.58123871414946,-4.99026233416639,81.58123871414946,-4.99026233416639
969000000.0,81.5805658183466,-4.995373436744942,81.5805658183466,-4.995373436744942,81.58056581834663,-4.9953734367450675,81.58056581834663,-4.9953734367450675
970000000.0,81.57989223966874,-5.000484403418376,81.57989223966874,-5.000484403418376,81.5798922396689,-5.00048440341871,81.5798922396689,-5.00048440341871
971000000.0,81.57921797815236,-5.005595234050214,81.57921797815236,-5.005595234050214,81.57921797815233,-5.005595234050134,81.57921797815233,-5.005595234050134
972000000.0,81.5785430338341,-5.010705928504231,81.5785430338341,-5.010705928504231,81.57854303383434,-5.010705928504475,81.57854303383434,-5.010705928504475
973000000.0,81.57786740675056,-5.015816486644208,81.57786740675056,-5.015816486644208,81.57786740675041,-5.015816486644024,81.57786740675041,-5.015816486644024
974000000.0,81.57719109693836,-5.020926908333941,81.57719109693836,-5.020926908333941,81.57719109693801,-5.02092690833352,81.57719109693801,-5.02092690833352
975000000.0,81.57651410443422,-5.026037193437239,81.57651410443422,-5.026037193437239,81.57651410443425,-5.026037193437207,81.57651410443425,-5.026037193437207
976000000.0,81.5758364292749,-5.031147341817923,81.5758364292749,-5.031147341817923,81.57583642927455,-5.031147341817522,81.57583642927455,-5.031147341817522
977000000.0,81.57515807149709,-5.036257353339824,81.57515807149709,-5.036257353339824,81.5751580714971,-5.036257353339702,81.5751580714971,-5.036257353339702
978000000.0,81.57447903113763,-5.04136722786679,81.57447903113763,-5.04136722786679,81.57447903113794,-5.0413672278669965,81.57447903113794,-5.0413672278669965
979000000.0,81.57379930823335,-5.046476965262676,81.57379930823335,-5.046476965262676,81.57379930823355,-5.046476965262716,81.57379930823355,-5.046476965262716
980000000.0,81.5731189028211,-5.051586565391352,81.5731189028211,-5.051586565391352,81.57311890282108,-5.051586565391068,81.57311890282108,-5.051586565391068
981000000.0,81.5724378149378,-5.056696028116701,81.57243781493779,-5.0566960281167,81.57243781493797,-5.056696028116696,81.57243781493797,-5.056696028116696
982000000.0,81.57175604462041,-5.061805353302618,81.57175604462041,-5.061805353302618,81.57175604462053,-5.061805353302635,81.57175604462053,-5.061805353302635
983000000.0,81.57107359190589,-5.066914540813009,81.57107359190587,-5.066914540813008,81.57107359190594,-5.066914540813013,81.57107359190594,-5.066914540813013
984000000.0,81.57039045683123,-5.072023590511792,81.57039045683122,-5.072023590511791,81.57039045683118,-5.072023590511781,81.57039045683118,-5.072023590511781
985000000.0,81.56970663943353,-5.077132502262904,81.56970663943353,-5.077132502262904,81.5697066394337,-5.077132502263201,81.5697066394337,-5.077132502263201
986000000.0,81.56902213974985,-5.0822412759302855,81.56902213974985,-5.0822412759302855,81.56902213975003,-5.08224127593045,81.56902213975003,-5.08224127593045
987000000.0,81.56833695781731,-5.087349911377893,81.56833695781731,-5.087349911377893,81.56833695781755,-5.087349911377863,81.56833695781755,-5.087349911377863
988000000.0,81.56765109367306,-5.092458408469696,81.56765109367306,-5.092458408469696,81.56765109367286,-5.092458408469327,81.56765109367286,-5.092458408469327
989000000.0,81.56696454735429,-5.097566767069676,81.56696454735429,-5.097566767069676,81.56696454735425,-5.097566767069592,81.56696454735425,-5.097566767069592
990000000.0,81.56627731889829,-5.102674987041828,81.56627731889829,-5.102674987041828,81.56627731889861,-5.102674987042037,81.56627731889861,-5.102674987042037
991000000.0,81.56558940834223,-5.107783068250159,81.56558940834223,-5.107783068250159,81.56558940834248,-5.107783068250481,81.56558940834248,-5.107783068250481
992000000.0,81.5649008157235,-5.112891010558685,81.5649008157235,-5.112891010558685,81.56490081572345,-5.11289101055863,81.56490081572345,-5.11289101055863
993000000.0,81.56421154107939,-5.117998813831442,81.56421154107939,-5.117998813831442,81.56421154107935,-5.1179988138315045,81.56421154107935,-5.1179988138315045
994000000.0,81.56352158444729,-5.123106477932472,81.56352158444727,-5.123106477932471,81.56352158444697,-5.123106477932192,81.56352158444697,-5.123106477932192
995000000.0,81.5628309458646,-5.128214002725832,81.5628309458646,-5.128214002725838,81.56283094586446,-5.128214002725914,81.56283094586446,-5.128214002725914
996000000.0,81.56213962536876,-5.13332138807559,81.56213962536876,-5.13332138807559,81.56213962536896,-5.133321388075736,81.56213962536896,-5.133321388075736
997000000.0,81.56144762299725,-5.138428633845829,81.56144762299725,-5.138428633845829,81.56144762299706,-5.138428633845847,81.56144762299706,-5.138428633845847
998000000.0,81.56075493878762,-5.143535739900644,81.56075493878761,-5.143535739900643,81.5607549387876,-5.143535739900564,81.5607549387876,-5.143535739900564
999000000.0,81.5600615727774,-5.148642706104141,81.5600615727774,-5.148642706104141,81.56006157277706,-5.148642706103845,81.56006157277706,-5.148642706103845
1000000000.0,81.55936752500419,-5.153749532320438,81.55936752500418,-5.153749532320443,81.55936752500415,-5.153749532320335,81.55936752500415,-5.153749532320335
1001000000.0,81.55867279550559,-5.1588562184136695,81.55867279550559,-5.1588562184136695,81.55867279550544,-5.158856218413524,81.55867279550544,-5.158856218413524
1002000000.0,81.55797738431927,-5.16396276424798,81.55797738431927,-5.16396276424798,81.55797738431932,-5.163962764248199,81.55797738431932,-5.163962764248199
1003000000.0,81.55728129148295,-5.1690691696875275,81.55728129148294,-5.169069169687527,81.55728129148305,-5.169069169687601,81.55728129148305,-5.169069169687601
1004000000.0,81.55658451703435,-5.1741754345964805,81.55658451703435,-5.1741754345964805,81.5565845170343,-5.174175434596334,81.5565845170343,-5.174175434596334
1005000000.0,81.55588706101125,-5.1792815588390235,81.55588706101125,-5.1792815588390235,81.55588706101132,-5.179281558839147,81.55588706101132,-5.179281558839147
1006000000.0,81.55518892345144,-5.18438754227935,81.55518892345144,-5.18438754227935,81.55518892345151,-5.184387542279419,81.55518892345151,-5.184387542279419
1007000000.0,81.55449010439276,-5.1894933847816676,81.55449010439276,-5.1894933847816676,81.55449010439268,-5.189493384781794,81.55449010439268,-5.189493384781794
1008000000.0,81.55379060387307,-5.194599086210199,81.55379060387307,-5.194599086210199,81.55379060387291,-5.194599086210328,81.55379060387291,-5.194599086210328
1009000000.0,81.55309042193032,-5.199704646429178,81.5530904219303,-5.199704646429177,81.5530904219306,-5.199704646429382,81.5530904219306,-5.199704646429382
1010000000.0,81.55238955860246,-5.2048100653028495,81.55238955860246,-5.2048100653028495,81.55238955860247,-5.204810065303092,81.55238955860247,-5.204810065303092
1011000000.0,81.55168801392743,-5.209915342695473,81.55168801392742,-5.209915342695465,81.5516880139275,-5.209915342695414,81.5516880139275,-5.209915342695414
1012000000.0,81.55098578794329,-5.215020478471319,81.55098578794329,-5.215020478471319,81.55098578794312,-5.215020478471196,81.55098578794312,-5.215020478471196
1013000000.0,81.55028288068807,-5.220125472494673,81.55028288068807,-5.220125472494673,81.55028288068792,-5.220125472494563,81.55028288068792,-5.220125472494563
1014000000.0,81.54957929219988,-5.225230324629831,81.54957929219988,-5.225230324629831,81.54957929219987,-5.2252303246299325,81.54957929219987,-5.2252303246299325
1015000000.0,81.54887502251685,-5.230335034741104,81.54887502251684,-5.230335034741097,81.5488750225168,-5.230335034741235,81.5488750225168,-5.230335034741235
1016000000.0,81.54817007167713,-5.235439602692817,81.54817007167713,-5.235439602692823,81.54817007167709,-5.235439602692989,81.54817007167709,-5.235439602692989
1017000000.0,81.54746443971894,-5.2405440283493006,81.54746443971894,-5.2405440283493006,81.54746443971872,-5.240544028349084,81.54746443971872,-5.240544028349084
1018000000.0,81.5467581266805,-5.245648311574908,81.54675812668052,-5.245648311574916,81.54675812668049,-5.245648311574915,81.54675812668049,-5.245648311574915
1019000000.0,81.54605113260007,-5.250752452233996,81.54605113260006,-5.2507524522339954,81.54605113260023,-5.2507524522344236,81.54605113260023,-5.2507524522344236
1020000000.0,81.54534345751598,-5.255856450190942,81.54534345751598,-5.255856450190942,81.54534345751621,-5.25585645019128,81.54534345751621,-5.25585645019128
1021000000.0,81.54463510146657,-5.260960305310131,81.54463510146657,-5.260960305310131,81.54463510146674,-5.260960305310397,81.54463510146674,-5.260960305310397
1022000000.0,81.54392606449018,-5.266064017455961,81.54392606449018,-5.266064017455961,81.54392606448994,-5.2660640174556335,81.54392606448994,-5.2660640174556335
1023000000.0,81.54321634662529,-5.27116758649285,81.54321634662529,-5.27116758649285,81.54321634662519,-5.271167586492718,81.54321634662519,-5.271167586492718
1024000000.0,81.5425059479103,-5.2762710122852186,81.5425059479103,-5.2762710122852186,81.54250594791023,-5.276271012285207,81.54250594791023,-5.276271012285207
1025000000.0,81.54179486838372,-5.281374294697507,81.54179486838372,-5.281374294697507,81.541794868384,-5.281374294697696,81.541794868384,-5.281374294697696
1026000000.0,81.54108310808407,-5.286477433594166,81.54108310808407,-5.2864774335941735,81.54108310808387,-5.286477433593826,81.54108310808387,-5.286477433593826
1027000000.0,81.5403706670499,-5.291580428839661,81.5403706670499,-5.291580428839654,81.54037066705001,-5.291580428839549,81.54037066705001,-5.291580428839549
1028000000.0,81.5396575453198,-5.296683280298466,81.5396575453198,-5.296683280298466,81.53965754531978,-5.29668328029861,81.53965754531978,-5.29668328029861
1029000000.0,81.5389437429324,-5.301785987835074,81.5389437429324,-5.301785987835074,81.53894374293256,-5.301785987835352,81.53894374293256,-5.301785987835352
1030000000.0,81.5382292599264,-5.306888551313988,81.53822925992638,-5.30688855131398,81.53822925992648,-5.30688855131388,81.53822925992648,-5.30688855131388
1031000000.0,81.53751409634044,-5.311990970599722,81.53751409634044,-5.311990970599715,81.53751409634042,-5.311990970599827,81.53751409634042,-5.311990970599827
1032000000.0,81.5367982522133,-5.317093245556805,81.5367982522133,-5.317093245556805,81.53679825221315,-5.317093245556872,81.53679825221315,-5.317093245556872
1033000000.0,81.53608172758375,-5.322195376049781,81.53608172758373,-5.322195376049774,81.53608172758356,-5.322195376049737,81.53608172758356,-5.322195376049737
1034000000.0,81.53536452249057,-5.327297361943203,81.53536452249057,-5.327297361943203,81.53536452249051,-5.327297361943098,81.53536452249051,-5.327297361943098
1035000000.0,81.53464663697265,-5.332399203101641,81.53464663697265,-5.332399203101641,81.53464663697268,-5.332399203101681,81.53464663697268,-5.332399203101681
1036000000.0,81.53392807106883,-5.337500899389672,81.53392807106883,-5.3375008993896795,81.533928071069,-5.337500899389959,81.533928071069,-5.337500899389959
1037000000.0,81.53320882481802,-5.342602450671894,81.53320882481802,-5.342602450671887,81.53320882481793,-5.342602450671664,81.53320882481793,-5.342602450671664
1038000000.0,81.53248889825922,-5.347703856812912,81.53248889825922,-5.347703856812912,81.53248889825936,-5.347703856813158,81.53248889825936,-5.347703856813158
1039000000.0,81.53176829143138,-5.352805117677348,81.53176829143138,-5.352805117677348,81.53176829143135,-5.352805117677367,81.53176829143135,-5.352805117677367
1040000000.0,81.53104700437352,-5.357906233129833,81.53104700437352,-5.357906233129833,81.53104700437333,-5.357906233129757,81.53104700437333,-5.357906233129757
1041000000.0,81.5303250371247,-5.363007203035012,81.5303250371247,-5.363007203035012,81.53032503712475,-5.363007203035089,81.53032503712475,-5.363007203035089
1042000000.0,81.52960238972405,-5.3681080272575485,81.52960238972405,-5.3681080272575485,81.52960238972405,-5.368108027257574,81.52960238972405,-5.368108027257574
1043000000.0,81.52887906221065,-5.373208705662111,81.52887906221063,-5.373208705662103,81.52887906221079,-5.373208705662557,81.52887906221079,-5.373208705662557
1044000000.0,81.52815505462368,-5.3783092381133875,81.52815505462368,-5.3783092381133875,81.52815505462364,-5.378309238113483,81.52815505462364,-5.378309238113483
1045000000.0,81.52743036700237,-5.383409624476076,81.52743036700237,-5.383409624476076,81.52743036700248,-5.383409624476101,81.52743036700248,-5.383409624476101
1046000000.0,81.52670499938593,-5.388509864614888,81.52670499938593,-5.388509864614888,81.5267049993859,-5.388509864614926,81.5267049993859,-5.388509864614926
1047000000.0,81.52597895181363,-5.393609958394549,81.52597895181363,-5.393609958394549,81.52597895181333,-5.393609958394327,81.52597895181333,-5.393609958394327
1048000000.0,81.5252522243248,-5.398709905679796,81.5252522243248,-5.398709905679796,81.52525222432503,-5.398709905679858,81.52525222432503,-5.398709905679858
1049000000.0,81.52452481695875,-5.40380970633538,81.52452481695875,-5.40380970633538,81.52452481695862,-5.403809706335253,81.52452481695862,-5.403809706335253
1050000000.0,81.52379672975489,-5.408909360226068,81.52379672975489,-5.408909360226068,81.52379672975519,-5.408909360226389,81.52379672975519,-5.408909360226389
1051000000.0,81.52306796275262,-5.414008867216634,81.52306796275262,-5.414008867216634,81.52306796275275,-5.414008867216869,81.52306796275275,-5.414008867216869
1052000000.0,81.52233851599141,-5.419108227171871,81.52233851599142,-5.419108227171879,81.52233851599128,-5.419108227171771,81.52233851599128,-5.419108227171771
1053000000.0,81.52160838951072,-5.424207439956585,81.52160838951072,-5.424207439956578,81.52160838951092,-5.42420743995673,81.52160838951092,-5.42420743995673
1054000000.0,81.5208775833501,-5.429306505435591,81.5208775833501,-5.429306505435584,81.52087758334999,-5.429306505435658,81.52087758334999,-5.429306505435658
1055000000.0,81.52014609754907,-5.434405423473718,81.52014609754906,-5.43440542347371,81.52014609754922,-5.4344054234739145,81.52014609754922,-5.4344054234739145
1056000000.0,81.51941393214727,-5.439504193935814,81.51941393214727,-5.439504193935814,81.51941393214726,-5.439504193935712,81.51941393214726,-5.439504193935712
1057000000.0,81.5186810871843,-5.444602816686733,81.5186810871843,-5.444602816686733,81.51868108718408,-5.444602816686543,81.51868108718408,-5.444602816686543
1058000000.0,81.51794756269983,-5.449701291591346,81.51794756269983,-5.449701291591346,81.51794756269992,-5.449701291591517,81.51794756269992,-5.449701291591517
1059000000.0,81.51721335873357,-5.454799618514536,81.51721335873357,-5.454799618514536,81.51721335873354,-5.454799618514302,81.51721335873354,-5.454799618514302
1060000000.0,81.51647847532523,-5.459897797321201,81.51647847532523,-5.459897797321201,81.51647847532534,-5.4598977973212675,81.51647847532534,-5.4598977973212675
1061000000.0,81.51574291251461,-5.464995827876252,81.51574291251461,-5.464995827876252,81.51574291251474,-5.464995827876688,81.51574291251474,-5.464995827876688
1062000000.0,81.51500667034149,-5.470093710044611,81.51500667034149,-5.470093710044611,81.51500667034182,-5.470093710045053,81.51500667034182,-5.470093710045053
1063000000.0,81.51426974884575,-5.475191443691216,81.51426974884575,-5.475191443691209,81.51426974884563,-5.475191443691258,81.51426974884563,-5.475191443691258
1064000000.0,81.51353214806724,-5.480289028681017,81.51353214806723,-5.480289028681009,81.51353214806737,-5.480289028681209,81.51353214806737,-5.480289028681209
1065000000.0,81.51279386804589,-5.485386464878977,81.51279386804589,-5.48538646487897,81.51279386804582,-5.48538646487875,81.51279386804582,-5.48538646487875
1066000000.0,81.51205490882163,-5.490483752150074,81.51205490882161,-5.490483752150066,81.51205490882157,-5.490483752149793,81.51205490882157,-5.490483752149793
1067000000.0,81.51131527043448,-5.495580890359298,81.51131527043447,-5.495580890359297,81.5113152704345,-5.495580890359445,81.5113152704345,-5.495580890359445
1068000000.0,81.51057495292442,-5.500677879371652,81.51057495292442,-5.5006778793716595,81.51057495292437,-5.500677879371438,81.51057495292437,-5.500677879371438
1069000000.0,81.50983395633153,-5.505774719052155,81.50983395633155,-5.505774719052163,81.50983395633178,-5.505774719052322,81.50983395633178,-5.505774719052322
1070000000.0,81.5090922806959,-5.510871409265837,81.5090922806959,-5.510871409265837,81.50909228069584,-5.510871409265703,81.50909228069584,-5.510871409265703
1071000000.0,81.50834992605763,-5.51596794987774,81.50834992605763,-5.51596794987774,81.50834992605785,-5.515967949877991,81.50834992605785,-5.515967949877991
1072000000.0,81.50760689245693,-5.521064340752925,81.50760689245692,-5.5210643407529245,81.50760689245662,-5.521064340752632,81.50760689245662,-5.521064340752632
1073000000.0,81.50686317993397,-5.52616058175646,81.50686317993396,-5.526160581756452,81.5068631799338,-5.52616058175659,81.5068631799338,-5.52616058175659
1074000000.0,81.506118788529,-5.53125667275343,81.50611878852901,-5.531256672753438,81.50611878852887,-5.531256672753546,81.50611878852887,-5.531256672753546
1075000000.0,81.50537371828227,-5.536352613608934,81.50537371828227,-5.536352613608934,81.50537371828227,-5.536352613608706,81.50537371828227,-5.536352613608706
1076000000.0,81.50462796923411,-5.541448404188084,81.50462796923412,-5.541448404188092,81.50462796923401,-5.541448404187988,81.50462796923401,-5.541448404187988
1077000000.0,81.50388154142482,-5.546544044356002,81.50388154142482,-5.546544044356002,81.50388154142492,-5.546544044356077,81.50388154142492,-5.546544044356077
1078000000.0,81.50313443489483,-5.551639533977831,81.50313443489483,-5.551639533977831,81.503134434895,-5.551639533977889,81.503134434895,-5.551639533977889
1079000000.0,81.50238664968451,-5.556734872918717,81.50238664968451,-5.556734872918717,81.50238664968457,-5.556734872918774,81.50238664968457,-5.556734872918774
1080000000.0,81.50163818583434,-5.56183006104383,81.50163818583434,-5.56183006104383,81.50163818583428,-5.561830061043993,81.50163818583428,-5.561830061043993
1081000000.0,81.50088904338476,-5.566925098218346,81.50088904338475,-5.566925098218345,81.50088904338502,-5.566925098218739,81.50088904338502,-5.566925098218739
1082000000.0,81.50013922237632,-5.57201998430746,81.5001392223763,-5.572019984307452,81.50013922237655,-5.572019984307435,81.50013922237655,-5.572019984307435
1083000000.0,81.49938872284957,-5.577114719176377,81.49938872284957,-5.577114719176377,81.4993887228496,-5.577114719176497,81.4993887228496,-5.577114719176497
1084000000.0,81.49863754484512,-5.582209302690319,81.49863754484512,-5.582209302690319,81.49863754484487,-5.582209302690096,81.49863754484487,-5.582209302690096
1085000000.0,81.49788568840354,-5.587303734714515,81.49788568840354,-5.587303734714515,81.49788568840333,-5.587303734714634,81.49788568840333,-5.587303734714634
1086000000.0,81.49713315356554,-5.592398015114216,81.49713315356554,-5.592398015114216,81.49713315356567,-5.592398015114305,81.49713315356567,-5.592398015114305
1087000000.0,81.4963799403718,-5.597492143754678,81.4963799403718,-5.597492143754678,81.49637994037204,-5.597492143754975,81.49637994037204,-5.597492143754975
1088000000.0,81.49562604886304,-5.602586120501181,81.49562604886304,-5.602586120501181,81.49562604886316,-5.602586120501181,81.49562604886316,-5.602586120501181
1089000000.0,81.49487147908003,-5.607679945219006,81.49487147908003,-5.607679945219006,81.49487147908,-5.607679945218621,81.49487147908,-5.607679945218621
1090000000.0,81.4941162310636,-5.612773617773461,81.4941162310636,-5.612773617773461,81.49411623106324,-5.612773617773216,81.49411623106324,-5.612773617773216
1091000000.0,81.49336030485456,-5.617867138029857,81.49336030485456,-5.617867138029857,81.49336030485476,-5.617867138029933,81.49336030485476,-5.617867138029933
1092000000.0,81.49260370049379,-5.622960505853525,81.49260370049379,-5.622960505853525,81.49260370049376,-5.6229605058533565,81.49260370049376,-5.6229605058533565
1093000000.0,81.4918464180222,-5.628053721109808,81.49184641802219,-5.628053721109807,81.49184641802212,-5.628053721109739,81.49184641802212,-5.628053721109739
1094000000.0,81.49108845748071,-5.633146783664057,81.49108845748071,-5.633146783664057,81.49108845748081,-5.633146783664141,81.49108845748081,-5.633146783664141
1095000000.0,81.49032981891035,-5.638239693381648,81.49032981891035,-5.638239693381648,81.49032981891051,-5.638239693381947,81.49032981891051,-5.638239693381947
1096000000.0,81.4895705023521,-5.643332450127961,81.4895705023521,-5.643332450127961,81.48957050235227,-5.643332450127806,81.48957050235227,-5.643332450127806
1097000000.0,81.488810507847,-5.648425053768395,81.488810507847,-5.648425053768395,81.48881050784709,-5.648425053768458,81.48881050784709,-5.648425053768458
1098000000.0,81.48804983543619,-5.653517504168361,81.48804983543619,-5.653517504168361,81.48804983543594,-5.653517504168018,81.48804983543594,-5.653517504168018
1099000000.0,81.48728848516072,-5.658609801193283,81.48728848516072,-5.658609801193283,81.48728848516083,-5.658609801193146,81.48728848516083,-5.658609801193146
1100000000.0,81.48652645706179,-5.663701944708599,81.48652645706179,-5.663701944708599,81.48652645706196,-5.663701944708848,81.48652645706196,-5.663701944708848
1101000000.0,81.4857637511806,-5.6687939345797655,81.4857637511806,-5.6687939345797655,81.48576375118056,-5.6687939345796945,81.48576375118056,-5.6687939345796945
1102000000.0,81.48500036755834,-5.673885770672244,81.48500036755834,-5.6738857706722365,81.48500036755836,-5.673885770672276,81.48500036755836,-5.673885770672276
1103000000.0,81.48423630623628,-5.678977452851513,81.48423630623628,-5.678977452851513,81.48423630623621,-5.678977452851295,81.48423630623621,-5.678977452851295
1104000000.0,81.48347156725576,-5.684068980983073,81.48347156725576,-5.684068980983073,81.48347156725599,-5.6840689809831355,81.48347156725599,-5.6840689809831355
1105000000.0,81.48270615065807,-5.689160354932427,81.48270615065807,-5.689160354932427,81.48270615065803,-5.689160354932458,81.48270615065803,-5.689160354932458
1106000000.0,81.4819400564846,-5.694251574565098,81.4819400564846,-5.694251574565098,81.48194005648465,-5.694251574565245,81.48194005648465,-5.694251574565245
1107000000.0,81.48117328477674,-5.699342639746621,81.48117328477674,-5.699342639746621,81.4811732847765,-5.699342639746491,81.4811732847765,-5.699342639746491
1108000000.0,81.48040583557597,-5.704433550342544,81.48040583557597,-5.704433550342544,81.48040583557587,-5.70443355034221,81.48040583557587,-5.70443355034221
1109000000.0,81.47963770892369,-5.709524306218431,81.47963770892369,-5.709524306218431,81.47963770892365,-5.709524306218515,81.47963770892365,-5.709524306218515
1110000000.0,81.47886890486147,-5.714614907239859,81.47886890486147,-5.714614907239859,81.4788689048615,-5.714614907239892,81.4788689048615,-5.714614907239892
1111000000.0,81.47809942343085,-5.71970535327242,81.47809942343083,-5.719705353272411,81.47809942343085,-5.719705353272379,81.47809942343085,-5.719705353272379
1112000000.0,81.47732926467339,-5.724795644181715,81.47732926467339,-5.724795644181715,81.4773292646734,-5.724795644181667,81.4773292646734,-5.724795644181667
1113000000.0,81.47655842863071,-5.729885779833365,81.4765584286307,-5.7298857798333565,81.47655842863081,-5.729885779833248,81.47655842863081,-5.729885779833248
1114000000.0,81.47578691534446,-5.734975760093004,81.47578691534446,-5.734975760093004,81.47578691534427,-5.734975760092817,81.47578691534427,-5.734975760092817
1115000000.0,81.47501472485635,-5.740065584826277,81.47501472485635,-5.740065584826277,81.47501472485634,-5.740065584826563,81.47501472485634,-5.740065584826563
1116000000.0,81.47424185720809,-5.745155253898844,81.47424185720809,-5.745155253898844,81.47424185720807,-5.745155253898863,81.47424185720807,-5.745155253898863
1117000000.0,81.47346831244141,-5.750244767176379,81.47346831244141,-5.750244767176379,81.47346831244114,-5.750244767176379,81.47346831244114,-5.750244767176379
1118000000.0,81.47269409059814,-5.755334124524572,81.47269409059814,-5.7553341245245795,81.47269409059821,-5.755334124524704,81.47269409059821,-5.755334124524704
1119000000.0,81.4719191917201,-5.760423325809125,81.47191919172012,-5.760423325809134,81.4719191917202,-5.760423325809331,81.4719191917202,-5.760423325809331
1120000000.0,81.47114361584917,-5.765512370895755,81.47114361584917,-5.765512370895755,81.47114361584941,-5.76551237089608,81.47114361584941,-5.76551237089608
1121000000.0,81.4703673630272,-5.770601259650189,81.4703673630272,-5.770601259650189,81.4703673630273,-5.770601259650313,81.4703673630273,-5.770601259650313
1122000000.0,81.46959043329616,-5.775689991938178,81.46959043329616,-5.775689991938178,81.46959043329635,-5.775689991938147,81.46959043329635,-5.775689991938147
1123000000.0,81.46881282669801,-5.780778567625473,81.46881282669801,-5.780778567625473,81.46881282669803,-5.780778567625567,81.46881282669803,-5.780778567625567
1124000000.0,81.46803454327475,-5.785866986577851,81.46803454327475,-5.785866986577851,81.46803454327458,-5.785866986577883,81.46803454327458,-5.785866986577883
1125000000.0,81.46725558306844,-5.7909552486610965,81.46725558306844,-5.7909552486610965,81.46725558306849,-5.790955248661142,81.46725558306849,-5.790955248661142
1126000000.0,81.46647594612112,-5.796043353741012,81.46647594612112,-5.796043353741012,81.46647594612124,-5.796043353740716,81.46647594612124,-5.796043353740716
1127000000.0,81.46569563247495,-5.801131301683409,81.46569563247493,-5.801131301683401,81.46569563247482,-5.801131301683275,81.46569563247482,-5.801131301683275
1128000000.0,81.46491464217202,-5.8062190923541195,81.46491464217202,-5.8062190923541195,81.46491464217206,-5.8062190923544525,81.46491464217206,-5.8062190923544525
1129000000.0,81.46413297525456,-5.811306725618986,81.46413297525456,-5.811306725618986,81.46413297525454,-5.8113067256190005,81.46413297525454,-5.8113067256190005
1130000000.0,81.46335063176474,-5.816394201343865,81.46335063176474,-5.816394201343865,81.46335063176491,-5.816394201344095,81.46335063176491,-5.816394201344095
1131000000.0,81.46256761174486,-5.821481519394627,81.46256761174486,-5.821481519394627,81.46256761174465,-5.821481519394194,81.46256761174465,-5.821481519394194
1132000000.0,81.46178391523718,-5.826568679637157,81.46178391523718,-5.826568679637157,81.46178391523709,-5.826568679637071,81.46178391523709,-5.826568679637071
1133000000.0,81.460999542284,-5.831655681937356,81.46099954228399,-5.831655681937355,81.46099954228379,-5.831655681937043,81.46099954228379,-5.831655681937043
1134000000.0,81.46021449292772,-5.836742526161135,81.46021449292772,-5.836742526161135,81.46021449292762,-5.836742526161193,81.46021449292762,-5.836742526161193
1135000000.0,81.45942876721071,-5.841829212174425,81.45942876721071,-5.841829212174425,81.45942876721074,-5.8418292121744315,81.45942876721074,-5.8418292121744315
1136000000.0,81.45864236517541,-5.846915739843166,81.45864236517541,-5.846915739843166,81.45864236517545,-5.846915739843239,81.45864236517545,-5.846915739843239
1137000000.0,81.45785528686427,-5.852002109033315,81.45785528686427,-5.852002109033315,81.45785528686437,-5.852002109033357,81.45785528686437,-5.852002109033357
1138000000.0,81.45706753231978,-5.857088319610841,81.45706753231978,-5.857088319610841,81.45706753231968,-5.8570883196105585,81.45706753231968,-5.8570883196105585
1139000000.0,81.45627910158449,-5.862174371441729,81.45627910158449,-5.862174371441729,81.45627910158461,-5.862174371442167,81.45627910158461,-5.862174371442167
1140000000.0,81.45548999470097,-5.8672602643919785,81.45548999470097,-5.8672602643919785,81.45548999470087,-5.867260264392171,81.45548999470087,-5.867260264392171
1141000000.0,81.4547002117118,-5.872345998327601,81.4547002117118,-5.872345998327609,81.45470021171177,-5.872345998327647,81.45470021171177,-5.872345998327647
1142000000.0,81.45390975265964,-5.877431573114625,81.45390975265964,-5.877431573114625,81.4539097526595,-5.877431573114317,81.4539097526595,-5.877431573114317
1143000000.0,81.45311861758717,-5.882516988619092,81.45311861758717,-5.882516988619084,81.45311861758707,-5.882516988619025,81.45311861758707,-5.882516988619025
1144000000.0,81.45232680653707,-5.8876022447070575,81.45232680653707,-5.8876022447070575,81.45232680653722,-5.887602244707123,81.45232680653722,-5.887602244707123
1145000000.0,81.45153431955211,-5.892687341244592,81.45153431955211,-5.892687341244592,81.45153431955211,-5.892687341244561,81.45153431955211,-5.892687341244561
1146000000.0,81.45074115667506,-5.897772278097779,81.45074115667506,-5.897772278097779,81.45074115667506,-5.897772278097598,81.45074115667506,-5.897772278097598
1147000000.0,81.44994731794874,-5.902857055132719,81.44994731794874,-5.902857055132719,81.44994731794888,-5.9028570551327215,81.44994731794888,-5.9028570551327215
1148000000.0,81.44915280341598,-5.907941672215521,81.44915280341598,-5.907941672215521,81.4491528034159,-5.9079416722153555,81.4491528034159,-5.9079416722153555
1149000000.0,81.44835761311968,-5.913026129212315,81.44835761311967,-5.913026129212306,81.44835761311997,-5.913026129212553,81.44835761311997,-5.913026129212553
1150000000.0,81.44756174710278,-5.918110425989244,81.44756174710278,-5.918110425989252,81.44756174710267,-5.918110425989062,81.44756174710267,-5.918110425989062
1151000000.0,81.4467652054082,-5.923194562412464,81.4467652054082,-5.923194562412464,81.44676520540837,-5.923194562412305,81.44676520540837,-5.923194562412305
1152000000.0,81.44596798807893,-5.928278538348142,81.44596798807893,-5.928278538348142,81.44596798807903,-5.928278538348081,81.44596798807903,-5.928278538348081
1153000000.0,81.44517009515803,-5.933362353662465,81.44517009515803,-5.933362353662465,81.44517009515789,-5.933362353662464,81.44517009515789,-5.933362353662464
1154000000.0,81.44437152668853,-5.938446008221633,81.44437152668853,-5.938446008221633,81.44437152668854,-5.938446008221848,81.44437152668854,-5.938446008221848
1155000000.0,81.44357228271352,-5.943529501891857,81.44357228271352,-5.943529501891857,81.44357228271323,-5.943529501891708,81.44357228271323,-5.943529501891708
1156000000.0,81.44277236327616,-5.948612834539366,81.44277236327616,-5.948612834539366,81.4427723632761,-5.948612834539276,81.4427723632761,-5.948612834539276
1157000000.0,81.44197176841959,-5.9536960060304045,81.44197176841959,-5.9536960060304045,81.44197176841942,-5.953696006030521,81.44197176841942,-5.953696006030521
1158000000.0,81.44117049818703,-5.958779016231228,81.44117049818703,-5.958779016231228,81.44117049818708,-5.958779016231389,81.44117049818708,-5.958779016231389
1159000000.0,81.4403685526217,-5.963861865008106,81.4403685526217,-5.963861865008106,81.4403685526217,-5.963861865008205,81.4403685526217,-5.963861865008205
1160000000.0,81.4395659317669,-5.9689445522273274,81.4395659317669,-5.9689445522273274,81.4395659317668,-5.968944552227135,81.4395659317668,-5.968944552227135
1161000000.0,81.43876263566587,-5.974027077755189,81.43876263566587,-5.974027077755189,81.43876263566573,-5.974027077755147,81.43876263566573,-5.974027077755147
1162000000.0,81.43795866436201,-5.979109441458008,81.43795866436201,-5.979109441458008,81.43795866436211,-5.979109441458086,81.43795866436211,-5.979109441458086
1163000000.0,81.43715401789866,-5.98419164320211,81.43715401789865,-5.984191643202101,81.4371540178984,-5.984191643202048,81.4371540178984,-5.984191643202048
1164000000.0,81.43634869631929,-5.989273682853844,81.43634869631929,-5.989273682853844,81.43634869631917,-5.989273682853831,81.43634869631917,-5.989273682853831
1165000000.0,81.43554269966728,-5.9943555602795655,81.43554269966728,-5.9943555602795655,81.43554269966712,-5.99435556027951,81.43554269966712,-5.99435556027951
1166000000.0,81.43473602798615,-5.999437275345649,81.43473602798615,-5.999437275345641,81.43473602798632,-5.999437275345609,81.43473602798632,-5.999437275345609
1167000000.0,81.43392868131939,-6.004518827918477,81.43392868131939,-6.004518827918477,81.43392868131923,-6.004518827918308,81.43392868131923,-6.004518827918308
1168000000.0,81.43312065971054,-6.009600217864454,81.43312065971054,-6.009600217864454,81.43312065971047,-6.009600217864131,81.43312065971047,-6.009600217864131
1169000000.0,81.43231196320323,-6.014681445049998,81.43231196320323,-6.014681445049998,81.43231196320328,-6.0146814450499,81.43231196320328,-6.0146814450499
1170000000.0,81.43150259184105,-6.019762509341537,81.43150259184104,-6.019762509341528,81.43150259184108,-6.019762509341794,81.43150259184108,-6.019762509341794
1171000000.0,81.4306925456677,-6.02484341060552,81.4306925456677,-6.02484341060552,81.43069254566743,-6.024843410605551,81.43069254566743,-6.024843410605551
1172000000.0,81.4298818247268,-6.029924148708403,81.4298818247268,-6.029924148708403,81.42988182472706,-6.029924148708739,81.42988182472706,-6.029924148708739
1173000000.0,81.42907042906214,-6.035004723516664,81.42907042906212,-6.035004723516655,81.42907042906211,-6.035004723516675,81.42907042906211,-6.035004723516675
1174000000.0,81.42825835871741,-6.04008513489679,81.42825835871741,-6.040085134896798,81.42825835871722,-6.0400851348966205,81.42825835871722,-6.0400851348966205
1175000000.0,81.4274456137365,-6.045165382715288,81.42744561373648,-6.045165382715279,81.42744561373644,-6.045165382715116,81.42744561373644,-6.045165382715116
1176000000.0,81.42663219416315,-6.050245466838673,81.42663219416315,-6.050245466838673,81.4266321941629,-6.050245466838332,81.4266321941629,-6.050245466838332
1177000000.0,81.4258181000413,-6.055325387133482,81.4258181000413,-6.055325387133482,81.42581810004108,-6.055325387133203,81.42581810004108,-6.055325387133203
1178000000.0,81.4250033314148,-6.060405143466259,81.4250033314148,-6.060405143466259,81.4250033314146,-6.0604051434661415,81.4250033314146,-6.0604051434661415
1179000000.0,81.42418788832758,-6.065484735703566,81.42418788832758,-6.065484735703566,81.42418788832757,-6.0654847357036346,81.42418788832757,-6.0654847357036346
1180000000.0,81.42337177082366,-6.070564163711986,81.42337177082366,-6.070564163711986,81.42337177082365,-6.070564163712273,81.42337177082365,-6.070564163712273
1181000000.0,81.42255497894702,-6.075643427358107,81.42255497894702,-6.075643427358107,81.42255497894672,-6.075643427357839,81.42255497894672,-6.075643427357839
1182000000.0,81.4217375127417,-6.080722526508536,81.4217375127417,-6.080722526508536,81.42173751274159,-6.080722526508341,81.42173751274159,-6.080722526508341
1183000000.0,81.42091937225177,-6.085801461029894,81.42091937225177,-6.085801461029894,81.42091937225165,-6.085801461029807,81.42091937225165,-6.085801461029807
1184000000.0,81.42010055752135,-6.090880230788819,81.42010055752135,-6.090880230788819,81.42010055752155,-6.090880230788939,81.42010055752155,-6.090880230788939
1185000000.0,81.41928106859456,-6.095958835651958,81.41928106859454,-6.095958835651957,81.41928106859484,-6.095958835652017,81.41928106859484,-6.095958835652017
1186000000.0,81.41846090551563,-6.10103727548598,81.41846090551563,-6.10103727548598,81.41846090551594,-6.101037275486377,81.41846090551594,-6.101037275486377
1187000000.0,81.41764006832872,-6.106115550157565,81.41764006832872,-6.106115550157573,81.41764006832896,-6.106115550157972,81.41764006832896,-6.106115550157972
1188000000.0,81.41681855707812,-6.111193659533407,81.41681855707812,-6.111193659533407,81.41681855707839,-6.111193659533348,81.41681855707839,-6.111193659533348
1189000000.0,81.4159963718081,-6.116271603480217,81.4159963718081,-6.116271603480225,81.41599637180812,-6.116271603480232,81.41599637180812,-6.116271603480232
1190000000.0,81.415173512563,-6.12134938186472,81.415173512563,-6.121349381864728,81.41517351256334,-6.121349381864859,81.41517351256334,-6.121349381864859
1191000000.0,81.41434997938714,-6.126426994553654,81.41434997938714,-6.126426994553654,81.41434997938713,-6.1264269945537215,81.41434997938713,-6.1264269945537215
1192000000.0,81.41352577232492,-6.131504441413774,81.41352577232492,-6.131504441413774,81.41352577232475,-6.131504441413839,81.41352577232475,-6.131504441413839
1193000000.0,81.41270089142077,-6.136581722311849,81.41270089142076,-6.136581722311848,81.41270089142078,-6.136581722311714,81.41270089142078,-6.136581722311714
1194000000.0,81.41187533671915,-6.1416588371146625,81.41187533671915,-6.1416588371146545,81.41187533671898,-6.1416588371149325,81.41187533671898,-6.1416588371149325
1195000000.0,81.41104910826456,-6.146735785689015,81.41104910826456,-6.146735785689007,81.41104910826465,-6.14673578568912,81.41104910826465,-6.14673578568912
1196000000.0,81.41022220610154,-6.151812567901721,81.41022220610154,-6.151812567901721,81.41022220610148,-6.15181256790161,81.41022220610148,-6.15181256790161
1197000000.0,81.4093946302746,-6.156889183619605,81.4093946302746,-6.156889183619605,81.4093946302744,-6.1568891836195085,81.4093946302744,-6.1568891836195085
1198000000.0,81.4085663808284,-6.161965632709515,81.4085663808284,-6.161965632709515,81.4085663808285,-6.161965632709359,81.4085663808285,-6.161965632709359
1199000000.0,81.40773745780754,-6.167041915038308,81.40773745780753,-6.167041915038298,81.40773745780741,-6.167041915038082,81.40773745780741,-6.167041915038082
1200000000.0,81.40690786125671,-6.172118030472856,81.40690786125671,-6.172118030472864,81.40690786125663,-6.172118030472641,81.40690786125663,-6.172118030472641
1201000000.0,81.40607759122061,-6.177193978880047,81.40607759122061,-6.177193978880047,81.40607759122038,-6.1771939788797585,81.40607759122038,-6.1771939788797585
1202000000.0,81.40524664774394,-6.182269760126785,81.40524664774394,-6.182269760126785,81.40524664774394,-6.182269760126752,81.40524664774394,-6.182269760126752
1203000000.0,81.40441503087152,-6.18734537407999,81.40441503087152,-6.18734537407999,81.40441503087166,-6.1873453740800635,81.40441503087166,-6.1873453740800635
1204000000.0,81.40358274064813,-6.192420820606593,81.40358274064813,-6.192420820606593,81.40358274064822,-6.192420820606786,81.40358274064822,-6.192420820606786
1205000000.0,81.40274977711863,-6.197496099573542,81.40274977711863,-6.197496099573542,81.40274977711893,-6.197496099573874,81.40274977711893,-6.197496099573874
1206000000.0,81.4019161403279,-6.202571210847801,81.40191614032788,-6.2025712108478,81.40191614032784,-6.202571210847744,81.40191614032784,-6.202571210847744
1207000000.0,81.40108183032082,-6.207646154296347,81.40108183032082,-6.207646154296347,81.40108183032083,-6.20764615429638,81.40108183032083,-6.20764615429638
1208000000.0,81.40024684714237,-6.212720929786173,81.40024684714236,-6.2127209297861725,81.40024684714241,-6.212720929786235,81.40024684714241,-6.212720929786235
1209000000.0,81.39941119083751,-6.217795537184289,81.39941119083751,-6.217795537184289,81.39941119083778,-6.2177955371847125,81.39941119083778,-6.2177955371847125
1210000000.0,81.39857486145128,-6.222869976357715,81.39857486145128,-6.222869976357715,81.3985748614512,-6.222869976357485,81.3985748614512,-6.222869976357485
1211000000.0,81.39773785902872,-6.227944247173492,81.39773785902872,-6.227944247173492,81.39773785902867,-6.2279442471732605,81.39773785902867,-6.2279442471732605
1212000000.0,81.3969001836149,-6.233018349498672,81.3969001836149,-6.233018349498672,81.39690018361483,-6.233018349498792,81.39690018361483,-6.233018349498792
1213000000.0,81.39606183525498,-6.238092283200324,81.39606183525498,-6.238092283200324,81.39606183525494,-6.23809228320042,81.39606183525494,-6.23809228320042
1214000000.0,81.39522281399407,-6.243166048145528,81.39522281399407,-6.243166048145536,81.39522281399427,-6.243166048145926,81.39522281399427,-6.243166048145926
1215000000.0,81.39438311987738,-6.2482396442013854,81.39438311987738,-6.248239644201393,81.39438311987725,-6.248239644201465,81.39438311987725,-6.248239644201465
1216000000.0,81.39354275295014,-6.253313071235009,81.39354275295014,-6.253313071235009,81.39354275295027,-6.253313071235174,81.39354275295027,-6.253313071235174
1217000000.0,81.39270171325761,-6.258386329113527,81.3927017132576,-6.258386329113526,81.3927017132572,-6.258386329113359,81.3927017132572,-6.258386329113359
1218000000.0,81.39186000084509,-6.263459417704085,81.39186000084509,-6.263459417704085,81.39186000084514,-6.263459417704174,81.39186000084514,-6.263459417704174
1219000000.0,81.39101761575787,-6.268532336873838,81.39101761575787,-6.268532336873838,81.39101761575766,-6.268532336873907,81.39101761575766,-6.268532336873907
1220000000.0,81.39017455804135,-6.273605086489963,81.39017455804135,-6.273605086489963,81.39017455804138,-6.27360508649016,81.39017455804138,-6.27360508649016
1221000000.0,81.38933082774093,-6.2786776664196475,81.38933082774093,-6.2786776664196475,81.38933082774118,-6.2786776664198305,81.38933082774118,-6.2786776664198305
1222000000.0,81.38848642490203,-6.283750076530096,81.38848642490203,-6.283750076530096,81.38848642490234,-6.283750076529982,81.38848642490234,-6.283750076529982
1223000000.0,81.38764134957013,-6.288822316688528,81.38764134957012,-6.2888223166885275,81.38764134957019,-6.288822316688621,81.38764134957019,-6.288822316688621
1224000000.0,81.38679560179072,-6.29389438676218,81.38679560179072,-6.29389438676218,81.3867956017906,-6.293894386762078,81.3867956017906,-6.293894386762078
1225000000.0,81.38594918160935,-6.2989662866183,81.38594918160935,-6.2989662866183,81.38594918160973,-6.2989662866185006,81.38594918160973,-6.2989662866185006
1226000000.0,81.38510208907157,-6.304038016124152,81.38510208907157,-6.304038016124152,81.3851020890717,-6.304038016124067,81.3851020890717,-6.304038016124067
1227000000.0,81.38425432422301,-6.309109575147017,81.38425432422301,-6.309109575147017,81.38425432422284,-6.309109575146907,81.38425432422284,-6.309109575146907
1228000000.0,81.38340588710929,-6.3141809635541915,81.38340588710929,-6.3141809635541915,81.38340588710933,-6.314180963554209,81.38340588710933,-6.314180963554209
1229000000.0,81.38255677777612,-6.319252181212985,81.38255677777612,-6.319252181212985,81.38255677777603,-6.3192521812128835,81.38255677777603,-6.3192521812128835
1230000000.0,81.38170699626917,-6.324323227990723,81.38170699626917,-6.324323227990731,81.38170699626926,-6.324323227990659,81.38170699626926,-6.324323227990659
1231000000.0,81.3808565426342,-6.329394103754746,81.3808565426342,-6.329394103754746,81.3808565426342,-6.329394103754897,81.3808565426342,-6.329394103754897
1232000000.0,81.38000541691702,-6.334464808372413,81.38000541691702,-6.334464808372413,81.38000541691723,-6.334464808372512,81.38000541691723,-6.334464808372512
1233000000.0,81.37915361916339,-6.339535341711095,81.37915361916338,-6.339535341711094,81.3791536191636,-6.339535341711139,81.3791536191636,-6.339535341711139
1234000000.0,81.3783011494192,-6.344605703638178,81.3783011494192,-6.344605703638178,81.37830114941931,-6.344605703638418,81.37830114941931,-6.344605703638418
1235000000.0,81.37744800773034,-6.349675894021066,81.37744800773034,-6.349675894021066,81.37744800773045,-6.349675894021089,81.37744800773045,-6.349675894021089
1236000000.0,81.37659419414268,-6.354745912727173,81.37659419414268,-6.354745912727173,81.37659419414246,-6.354745912726941,81.37659419414246,-6.354745912726941
1237000000.0,81.3757397087022,-6.3598157596239355,81.37573970870221,-6.359815759623945,81.37573970870196,-6.359815759623801,81.37573970870196,-6.359815759623801
1238000000.0,81.37488455145491,-6.364885434578801,81.37488455145491,-6.364885434578801,81.374884551455,-6.364885434578618,81.374884551455,-6.364885434578618
1239000000.0,81.37402872244681,-6.369954937459232,81.37402872244681,-6.369954937459232,81.37402872244678,-6.369954937459186,81.37402872244678,-6.369954937459186
1240000000.0,81.37317222172396,-6.37502426813271,81.37317222172396,-6.375024268132718,81.37317222172386,-6.375024268132717,81.37317222172386,-6.375024268132717
1241000000.0,81.37231504933244,-6.3800934264667255,81.37231504933244,-6.3800934264667255,81.37231504933241,-6.380093426466619,81.37231504933241,-6.380093426466619
1242000000.0,81.37145720531838,-6.385162412328791,81.37145720531838,-6.385162412328791,81.37145720531838,-6.385162412328798,81.37145720531838,-6.385162412328798
1243000000.0,81.37059868972796,-6.39023122558643,81.37059868972796,-6.39023122558643,81.37059868972811,-6.390231225586601,81.37059868972811,-6.390231225586601
1244000000.0,81.36973950260736,-6.3952998661071865,81.36973950260736,-6.3952998661071865,81.36973950260771,-6.395299866107314,81.36973950260771,-6.395299866107314
1245000000.0,81.36887964400282,-6.400368333758614,81.3688796440028,-6.400368333758604,81.36887964400286,-6.400368333758813,81.36887964400286,-6.400368333758813
1246000000.0,81.36801911396057,-6.405436628408282,81.36801911396057,-6.405436628408282,81.36801911396066,-6.40543662840827,81.36801911396066,-6.40543662840827
1247000000.0,81.36715791252698,-6.410504749923781,81.36715791252698,-6.410504749923781,81.36715791252695,-6.410504749923678,81.36715791252695,-6.410504749923678
1248000000.0,81.36629603974829,-6.415572698172711,81.36629603974829,-6.415572698172711,81.36629603974818,-6.415572698172744,81.36629603974818,-6.415572698172744
1249000000.0,81.36543349567094,-6.420640473022691,81.36543349567094,-6.420640473022691,81.36543349567049,-6.420640473022451,81.36543349567049,-6.420640473022451
1250000000.0,81.36457028034131,-6.425708074341354,81.36457028034131,-6.425708074341354,81.36457028034141,-6.425708074341541,81.36457028034141,-6.425708074341541
1251000000.0,81.36370639380581,-6.430775501996346,81.36370639380581,-6.430775501996346,81.36370639380588,-6.43077550199618,81.36370639380588,-6.43077550199618
1252000000.0,81.36284183611097,-6.435842755855337,81.36284183611097,-6.435842755855337,81.36284183611107,-6.435842755855302,81.36284183611107,-6.435842755855302
1253000000.0,81.36197660730323,-6.440909835786001,81.36197660730323,-6.440909835785993,81.36197660730323,-6.440909835785994,81.36197660730323,-6.440909835785994
1254000000.0,81.36111070742919,-6.445976741656035,81.36111070742919,-6.445976741656035,81.36111070742903,-6.4459767416557705,81.36111070742903,-6.4459767416557705
1255000000.0,81.36024413653539,-6.451043473333152,81.36024413653539,-6.451043473333152,81.36024413653537,-6.4510434733330735,81.36024413653537,-6.4510434733330735
1256000000.0,81.35937689466843,-6.456110030685075,81.35937689466842,-6.456110030685065,81.35937689466832,-6.456110030685025,81.35937689466832,-6.456110030685025
1257000000.0,81.35850898187498,-6.461176413579549,81.35850898187499,-6.461176413579559,81.35850898187475,-6.461176413579367,81.35850898187475,-6.461176413579367
1258000000.0,81.35764039820171,-6.466242621884329,81.35764039820171,-6.466242621884329,81.3576403982017,-6.46624262188417,81.3576403982017,-6.46624262188417
1259000000.0,81.35677114369533,-6.4713086554671895,81.35677114369533,-6.4713086554671895,81.35677114369534,-6.471308655466987,81.35677114369534,-6.471308655466987
1260000000.0,81.3559012184026,-6.476374514195918,81.3559012184026,-6.476374514195918,81.35590121840265,-6.47637451419575,81.35590121840265,-6.47637451419575
1261000000.0,81.35503062237026,-6.481440197938318,81.35503062237028,-6.481440197938328,81.3550306223698,-6.481440197938213,81.3550306223698,-6.481440197938213
1262000000.0,81.3541593556452,-6.486505706562213,81.3541593556452,-6.486505706562213,81.35415935564525,-6.486505706562539,81.35415935564525,-6.486505706562539
1263000000.0,81.35328741827419,-6.491571039935434,81.35328741827419,-6.491571039935434,81.35328741827416,-6.491571039935655,81.35328741827416,-6.491571039935655
1264000000.0,81.35241481030417,-6.496636197925834,81.35241481030417,-6.496636197925834,81.35241481030414,-6.496636197925874,81.35241481030414,-6.496636197925874
1265000000.0,81.35154153178203,-6.501701180401279,81.35154153178203,-6.501701180401279,81.35154153178212,-6.501701180401389,81.35154153178212,-6.501701180401389
1266000000.0,81.35066758275475,-6.506765987229652,81.35066758275475,-6.506765987229652,81.35066758275494,-6.506765987229755,81.35066758275494,-6.506765987229755
1267000000.0,81.3497929632693,-6.511830618278852,81.3497929632693,-6.511830618278852,81.34979296326942,-6.511830618278917,81.34979296326942,-6.511830618278917
1268000000.0,81.3489176733727,-6.516895073416789,81.3489176733727,-6.516895073416789,81.34891767337257,-6.5168950734167765,81.34891767337257,-6.5168950734167765
1269000000.0,81.34804171311202,-6.521959352511397,81.34804171311202,-6.521959352511397,81.34804171311227,-6.521959352511493,81.34804171311227,-6.521959352511493
1270000000.0,81.34716508253435,-6.5270234554306175,81.34716508253435,-6.5270234554306175,81.3471650825345,-6.527023455430849,81.3471650825345,-6.527023455430849
1271000000.0,81.3462877816868,-6.5320873820424135,81.3462877816868,-6.5320873820424215,81.34628778168673,-6.532087382042367,81.34628778168673,-6.532087382042367
1272000000.0,81.34540981061653,-6.537151132214758,81.34540981061652,-6.537151132214748,81.34540981061626,-6.537151132214736,81.34540981061626,-6.537151132214736
1273000000.0,81.34453116937077,-6.542214705815648,81.34453116937075,-6.542214705815638,81.3445311693709,-6.542214705815903,81.3445311693709,-6.542214705815903
1274000000.0,81.34365185799672,-6.547278102713087,81.34365185799672,-6.547278102713087,81.34365185799653,-6.547278102712865,81.34365185799653,-6.547278102712865
1275000000.0,81.34277187654166,-6.552341322775103,81.34277187654166,-6.552341322775103,81.34277187654135,-6.552341322775036,81.34277187654135,-6.552341322775036
1276000000.0,81.34189122505286,-6.557404365869732,81.34189122505286,-6.557404365869732,81.34189122505265,-6.5574043658697,81.34189122505265,-6.5574043658697
1277000000.0,81.34100990357766,-6.562467231865029,81.34100990357766,-6.562467231865029,81.34100990357777,-6.562467231865011,81.34100990357777,-6.562467231865011
1278000000.0,81.34012791216345,-6.5675299206290685,81.34012791216345,-6.5675299206290685,81.34012791216352,-6.567529920629113,81.34012791216352,-6.567529920629113
1279000000.0,81.33924525085762,-6.572592432029933,81.33924525085762,-6.572592432029933,81.33924525085753,-6.572592432029959,81.33924525085753,-6.572592432029959
1280000000.0,81.33836191970761,-6.57765476593573,81.33836191970761,-6.57765476593573,81.33836191970744,-6.577654765935756,81.33836191970744,-6.577654765935756
1281000000.0,81.33747791876085,-6.582716922214574,81.33747791876085,-6.582716922214574,81.33747791876092,-6.582716922214528,81.33747791876092,-6.582716922214528
1282000000.0,81.33659324806491,-6.587778900734599,81.33659324806491,-6.587778900734599,81.33659324806473,-6.5877789007345,81.33659324806473,-6.5877789007345
1283000000.0,81.33570790766726,-6.592840701363955,81.33570790766726,-6.592840701363955,81.3357079076673,-6.592840701363944,81.3357079076673,-6.592840701363944
1284000000.0,81.33482189761554,-6.597902323970812,81.33482189761554,-6.597902323970812,81.33482189761561,-6.5979023239708665,81.33482189761561,-6.5979023239708665
1285000000.0,81.33393521795729,-6.602963768423349,81.33393521795729,-6.602963768423349,81.33393521795739,-6.602963768423501,81.33393521795739,-6.602963768423501
1286000000.0,81.33304786874022,-6.608025034589765,81.33304786874022,-6.608025034589765,81.33304786874038,-6.608025034589914,81.33304786874038,-6.608025034589914
1287000000.0,81.33215985001195,-6.613086122338271,81.33215985001195,-6.613086122338271,81.33215985001205,-6.61308612233805,81.33215985001205,-6.61308612233805
1288000000.0,81.3312711618202,-6.618147031537096,81.3312711618202,-6.618147031537096,81.33127116182028,-6.618147031537182,81.33127116182028,-6.618147031537182
1289000000.0,81.33038180421272,-6.623207762054488,81.33038180421272,-6.623207762054488,81.33038180421282,-6.623207762054557,81.33038180421282,-6.623207762054557
1290000000.0,81.32949177723731,-6.628268313758707,81.32949177723731,-6.628268313758716,81.32949177723715,-6.628268313758444,81.32949177723715,-6.628268313758444
1291000000.0,81.32860108094177,-6.633328686518033,81.32860108094177,-6.633328686518033,81.32860108094154,-6.633328686518114,81.32860108094154,-6.633328686518114
1292000000.0,81.32770971537393,-6.638388880200754,81.32770971537393,-6.638388880200745,81.32770971537383,-6.638388880200712,81.32770971537383,-6.638388880200712
1293000000.0,81.32681768058168,-6.643448894675183,81.32681768058168,-6.643448894675183,81.32681768058157,-6.643448894675071,81.32681768058157,-6.643448894675071
1294000000.0,81.32592497661294,-6.648508729809643,81.32592497661294,-6.648508729809643,81.32592497661305,-6.648508729809794,81.32592497661305,-6.648508729809794
1295000000.0,81.32503160351565,-6.653568385472477,81.32503160351565,-6.653568385472477,81.32503160351551,-6.653568385472233,81.32503160351551,-6.653568385472233
1296000000.0,81.3241375613378,-6.65862786153204,81.3241375613378,-6.65862786153204,81.32413756133774,-6.658627861531881,81.32413756133774,-6.658627861531881
1297000000.0,81.32324285012741,-6.663687157856705,81.32324285012741,-6.663687157856705,81.3232428501275,-6.663687157856791,81.3232428501275,-6.663687157856791
1298000000.0,81.32234746993254,-6.668746274314863,81.32234746993254,-6.668746274314863,81.32234746993242,-6.668746274314874,81.32234746993242,-6.668746274314874
1299000000.0,81.32145142080127,-6.673805210774916,81.32145142080127,-6.673805210774916,81.32145142080127,-6.673805210774972,81.32145142080127,-6.673805210774972
1300000000.0,81.32055470278172,-6.67886396710529,81.32055470278172,-6.67886396710529,81.32055470278179,-6.6788639671052685,81.32055470278179,-6.6788639671052685
1301000000.0,81.31965731592204,-6.6839225431744165,81.31965731592204,-6.683922543174425,81.31965731592213,-6.68392254317419,81.31965731592213,-6.68392254317419
1302000000.0,81.31875926027041,-6.688980938850751,81.31875926027041,-6.688980938850751,81.31875926027068,-6.68898093885072,81.31875926027068,-6.68898093885072
1303000000.0,81.31786053587507,-6.6940391540027635,81.31786053587507,-6.6940391540027635,81.31786053587503,-6.694039154002848,81.31786053587503,-6.694039154002848
1304000000.0,81.31696114278428,-6.699097188498938,81.31696114278427,-6.699097188498928,81.31696114278438,-6.6990971884989285,81.31696114278438,-6.6990971884989285
1305000000.0,81.31606108104634,-6.704155042207778,81.31606108104634,-6.704155042207787,81.31606108104631,-6.704155042207753,81.31606108104631,-6.704155042207753
1306000000.0,81.31516035070955,-6.709212714997797,81.31516035070955,-6.709212714997797,81.31516035070977,-6.709212714997923,81.31516035070977,-6.709212714997923
1307000000.0,81.31425895182227,-6.714270206737532,81.31425895182227,-6.714270206737532,81.31425895182214,-6.714270206737676,81.31425895182214,-6.714270206737676
1308000000.0,81.3133568844329,-6.719327517295531,81.3133568844329,-6.719327517295531,81.31335688443315,-6.719327517295639,81.31335688443315,-6.719327517295639
1309000000.0,81.3124541485899,-6.7243846465403605,81.3124541485899,-6.7243846465403605,81.31245414859005,-6.724384646540715,81.31245414859005,-6.724384646540715
1310000000.0,81.31155074434169,-6.729441594340602,81.31155074434169,-6.729441594340602,81.31155074434152,-6.7294415943404085,81.31155074434152,-6.7294415943404085
1311000000.0,81.31064667173676,-6.734498360564853,81.31064667173676,-6.734498360564853,81.31064667173635,-6.7344983605645785,81.31064667173635,-6.7344983605645785
1312000000.0,81.3097419308237,-6.73955494508173,81.3097419308237,-6.73955494508173,81.30974193082366,-6.739554945081559,81.30974193082366,-6.739554945081559
1313000000.0,81.30883652165103,-6.744611347759859,81.30883652165103,-6.744611347759859,81.308836521651,-6.744611347759643,81.308836521651,-6.744611347759643
1314000000.0,81.30793044426734,-6.749667568467892,81.30793044426733,-6.749667568467882,81.30793044426741,-6.749667568467772,81.30793044426741,-6.749667568467772
1315000000.0,81.3070236987213,-6.754723607074489,81.30702369872131,-6.754723607074499,81.30702369872135,-6.7547236070745,81.30702369872135,-6.7547236070745
1316000000.0,81.30611628506156,-6.759779463448329,81.30611628506156,-6.759779463448329,81.30611628506138,-6.759779463448304,81.30611628506138,-6.759779463448304
1317000000.0,81.3052082033368,-6.764835137458106,81.3052082033368,-6.764835137458106,81.3052082033368,-6.764835137458117,81.3052082033368,-6.764835137458117
1318000000.0,81.30429945359577,-6.769890628972533,81.30429945359577,-6.769890628972542,81.30429945359526,-6.769890628972209,81.30429945359526,-6.769890628972209
1319000000.0,81.30339003588728,-6.774945937860338,81.30339003588728,-6.774945937860338,81.30339003588693,-6.774945937860141,81.30339003588693,-6.774945937860141
1320000000.0,81.30247995026006,-6.780001063990263,81.30247995026008,-6.780001063990274,81.30247995026025,-6.780001063990434,81.30247995026025,-6.780001063990434
1321000000.0,81.30156919676301,-6.785056007231071,81.30156919676301,-6.785056007231071,81.301569196763,-6.785056007231179,81.301569196763,-6.785056007231179
1322000000.0,81.30065777544498,-6.790110767451536,81.30065777544498,-6.790110767451545,81.30065777544499,-6.79011076745157,81.30065777544499,-6.79011076745157
1323000000.0,81.29974568635485,-6.795165344520451,81.29974568635484,-6.7951653445204405,81.29974568635477,-6.795165344520322,81.29974568635477,-6.795165344520322
1324000000.0,81.29883292954159,-6.800219738306627,81.29883292954159,-6.800219738306627,81.29883292954146,-6.800219738306445,81.29883292954146,-6.800219738306445
1325000000.0,81.29791950505417,-6.805273948678886,81.29791950505417,-6.805273948678886,81.29791950505434,-6.805273948678863,81.29791950505434,-6.805273948678863
1326000000.0,81.2970054129416,-6.810327975506073,81.29700541294159,-6.810327975506063,81.29700541294129,-6.810327975506073,81.29700541294129,-6.810327975506073
1327000000.0,81.29609065325293,-6.815381818657045,81.29609065325293,-6.815381818657045,81.2960906532531,-6.815381818657173,81.2960906532531,-6.815381818657173
1328000000.0,81.2951752260372,-6.820435478000673,81.2951752260372,-6.820435478000673,81.2951752260372,-6.8204354780006025,81.2951752260372,-6.8204354780006025
1329000000.0,81.29425913134355,-6.825488953405852,81.29425913134355,-6.825488953405852,81.29425913134368,-6.825488953405978,81.29425913134368,-6.825488953405978
1330000000.0,81.29334236922112,-6.830542244741486,81.29334236922112,-6.830542244741477,81.29334236922135,-6.830542244741522,81.29334236922135,-6.830542244741522
1331000000.0,81.29242493971908,-6.835595351876501,81.29242493971908,-6.83559535187651,81.2924249397188,-6.835595351876348,81.2924249397188,-6.835595351876348
1332000000.0,81.29150684288665,-6.840648274679833,81.29150684288665,-6.840648274679833,81.29150684288695,-6.840648274679987,81.29150684288695,-6.840648274679987
1333000000.0,81.29058807877308,-6.8457010130204425,81.29058807877308,-6.8457010130204425,81.29058807877288,-6.845701013020453,81.29058807877288,-6.845701013020453
1334000000.0,81.28966864742763,-6.850753566767298,81.28966864742763,-6.850753566767289,81.28966864742767,-6.850753566767237,81.28966864742767,-6.850753566767237
1335000000.0,81.28874854889963,-6.855805935789389,81.28874854889963,-6.855805935789389,81.28874854889987,-6.855805935789526,81.28874854889987,-6.855805935789526
1336000000.0,81.28782778323844,-6.860858119955725,81.28782778323844,-6.860858119955725,81.28782778323833,-6.860858119955698,81.28782778323833,-6.860858119955698
1337000000.0,81.28690635049342,-6.865910119135323,81.28690635049342,-6.865910119135323,81.28690635049314,-6.865910119135129,81.28690635049314,-6.865910119135129
1338000000.0,81.28598425071401,-6.870961933197225,81.28598425071401,-6.870961933197225,81.28598425071408,-6.8709619331972895,81.28598425071408,-6.8709619331972895
1339000000.0,81.28506148394962,-6.876013562010482,81.2850614839496,-6.876013562010471,81.28506148394965,-6.8760135620105345,81.28506148394965,-6.8760135620105345
1340000000.0,81.28413805024978,-6.881065005444167,81.28413805024978,-6.881065005444167,81.28413805024994,-6.8810650054440785,81.28413805024994,-6.8810650054440785
1341000000.0,81.28321394966397,-6.886116263367368,81.28321394966397,-6.886116263367368,81.28321394966427,-6.886116263367539,81.28321394966427,-6.886116263367539
1342000000.0,81.28228918224177,-6.891167335649189,81.28228918224178,-6.891167335649199,81.2822891822417,-6.891167335648965,81.2822891822417,-6.891167335648965
1343000000.0,81.28136374803273,-6.896218222158747,81.28136374803273,-6.896218222158747,81.28136374803265,-6.896218222158687,81.28136374803265,-6.896218222158687
1344000000.0,81.28043764708653,-6.901268922765184,81.28043764708653,-6.901268922765193,81.28043764708653,-6.901268922765341,81.28043764708653,-6.901268922765341
1345000000.0,81.27951087945274,-6.906319437337652,81.27951087945274,-6.906319437337652,81.27951087945266,-6.9063194373376104,81.27951087945266,-6.9063194373376104
1346000000.0,81.27858344518113,-6.911369765745321,81.27858344518113,-6.911369765745321,81.27858344518118,-6.9113697657450714,81.27858344518118,-6.9113697657450714
1347000000.0,81.27765534432137,-6.916419907857377,81.27765534432137,-6.916419907857377,81.27765534432142,-6.916419907857233,81.27765534432142,-6.916419907857233
1348000000.0,81.27672657692325,-6.921469863543025,81.27672657692325,-6.921469863543016,81.27672657692331,-6.921469863542975,81.27672657692331,-6.921469863542975
1349000000.0,81.27579714303654,-6.926519632671483,81.27579714303654,-6.926519632671483,81.27579714303639,-6.926519632671445,81.27579714303639,-6.926519632671445
1350000000.0,81.27486704271105,-6.931569215111987,81.27486704271105,-6.931569215111987,81.27486704271108,-6.931569215111847,81.27486704271108,-6.931569215111847
1351000000.0,81.27393627599666,-6.936618610733793,81.27393627599666,-6.936618610733793,81.27393627599662,-6.936618610733607,81.27393627599662,-6.936618610733607
1352000000.0,81.27300484294324,-6.941667819406167,81.27300484294324,-6.941667819406167,81.27300484294321,-6.941667819406103,81.27300484294321,-6.941667819406103
1353000000.0,81.27207274360072,-6.946716840998395,81.27207274360072,-6.946716840998395,81.27207274360056,-6.9467168409983335,81.27207274360056,-6.9467168409983335
1354000000.0,81.2711399780191,-6.951765675379785,81.27113997801908,-6.951765675379774,81.27113997801895,-6.951765675379657,81.27113997801895,-6.951765675379657
1355000000.0,81.27020654624832,-6.9568143224196515,81.27020654624832,-6.9568143224196515,81.27020654624852,-6.956814322419797,81.27020654624852,-6.956814322419797
1356000000.0,81.2692724483384,-6.961862781987331,81.26927244833838,-6.96186278198732,81.26927244833861,-6.961862781987534,81.26927244833861,-6.961862781987534
1357000000.0,81.26833768433944,-6.966911053952178,81.26833768433943,-6.966911053952169,81.26833768433951,-6.96691105395232,81.26833768433951,-6.96691105395232
1358000000.0,81.26740225430153,-6.9719591381835615,81.26740225430153,-6.9719591381835615,81.26740225430162,-6.971959138183543,81.26740225430162,-6.971959138183543
1359000000.0,81.26646615827478,-6.977007034550866,81.26646615827478,-6.977007034550866,81.26646615827467,-6.9770070345509,81.26646615827467,-6.9770070345509
1360000000.0,81.26552939630936,-6.982054742923497,81.26552939630936,-6.982054742923497,81.26552939630967,-6.982054742923643,81.26552939630967,-6.982054742923643
1361000000.0,81.26459196845546,-6.98710226317087,81.26459196845548,-6.987102263170881,81.2645919684551,-6.987102263170718,81.2645919684551,-6.987102263170718
1362000000.0,81.2636538747633,-6.992149595162424,81.2636538747633,-6.992149595162424,81.26365387476325,-6.992149595162192,81.26365387476325,-6.992149595162192
1363000000.0,81.26271511528317,-6.997196738767611,81.26271511528317,-6.997196738767611,81.26271511528343,-6.99719673876765,81.26271511528343,-6.99719673876765
1364000000.0,81.26177569006536,-7.0022436938559025,81.26177569006535,-7.0022436938559105,81.26177569006549,-7.002243693855915,81.26177569006549,-7.002243693855915
1365000000.0,81.26083559916019,-7.007290460296781,81.26083559916019,-7.007290460296781,81.26083559916005,-7.007290460296674,81.26083559916005,-7.007290460296674
1366000000.0,81.25989484261801,-7.012337037959751,81.25989484261798,-7.01233703795974,81.25989484261811,-7.0123370379600125,81.25989484261811,-7.0123370379600125
1367000000.0,81.25895342048926,-7.017383426714336,81.25895342048926,-7.017383426714336,81.25895342048939,-7.017383426714295,81.25895342048939,-7.017383426714295
1368000000.0,81.25801133282434,-7.022429626430068,81.25801133282434,-7.022429626430059,81.25801133282465,-7.022429626430158,81.25801133282465,-7.022429626430158
1369000000.0,81.25706857967371,-7.027475636976501,81.25706857967371,-7.027475636976501,81.25706857967398,-7.027475636976683,81.25706857967398,-7.027475636976683
1370000000.0,81.25612516108788,-7.032521458223204,81.25612516108788,-7.032521458223195,81.25612516108798,-7.03252145822326,81.25612516108798,-7.03252145822326
1371000000.0,81.25518107711741,-7.0375670900397695,81.25518107711743,-7.03756709003978,81.2551810771176,-7.037567090039772,81.2551810771176,-7.037567090039772
1372000000.0,81.25423632781282,-7.042612532295795,81.25423632781282,-7.042612532295795,81.25423632781279,-7.042612532295699,81.25423632781279,-7.042612532295699
1373000000.0,81.25329091322475,-7.047657784860905,81.25329091322475,-7.047657784860905,81.25329091322479,-7.047657784861128,81.25329091322479,-7.047657784861128
1374000000.0,81.25234483340382,-7.052702847604736,81.25234483340381,-7.052702847604735,81.25234483340373,-7.052702847604608,81.25234483340373,-7.052702847604608
1375000000.0,81.25139808840069,-7.057747720396941,81.25139808840068,-7.05774772039694,81.2513980884007,-7.057747720397079,81.2513980884007,-7.057747720397079
1376000000.0,81.25045067826606,-7.062792403107192,81.25045067826606,-7.062792403107192,81.25045067826619,-7.06279240310736,81.25045067826619,-7.06279240310736
1377000000.0,81.24950260305069,-7.067836895605177,81.24950260305069,-7.067836895605186,81.24950260305087,-7.067836895605245,81.24950260305087,-7.067836895605245
1378000000.0,81.24855386280532,-7.072881197760601,81.24855386280532,-7.0728811977605925,81.24855386280544,-7.072881197760743,81.24855386280544,-7.072881197760743
1379000000.0,81.24760445758078,-7.077925309443185,81.24760445758076,-7.0779253094431755,81.2476044575808,-7.077925309443324,81.2476044575808,-7.077925309443324
1380000000.0,81.24665438742788,-7.08296923052267,81.2466543874279,-7.08296923052268,81.24665438742763,-7.0829692305223775,81.24665438742763,-7.0829692305223775
1381000000.0,81.24570365239752,-7.088012960868807,81.24570365239752,-7.088012960868807,81.24570365239741,-7.088012960868753,81.24570365239741,-7.088012960868753
1382000000.0,81.24475225254056,-7.093056500351372,81.24475225254056,-7.093056500351372,81.2447522525403,-7.093056500351384,81.2447522525403,-7.093056500351384
1383000000.0,81.243800187908,-7.098099848840155,81.243800187908,-7.098099848840155,81.24380018790822,-7.098099848840249,81.24380018790822,-7.098099848840249
1384000000.0,81.24284745855076,-7.10314300620496,81.24284745855074,-7.103143006204959,81.24284745855064,-7.103143006204821,81.24284745855064,-7.103143006204821
1385000000.0,81.24189406451985,-7.108185972315611,81.24189406451985,-7.108185972315611,81.24189406452011,-7.10818597231571,81.24189406452011,-7.10818597231571
1386000000.0,81.24094000586635,-7.1132287470419495,81.24094000586635,-7.1132287470419495,81.24094000586642,-7.113228747042049,81.24094000586642,-7.113228747042049
1387000000.0,81.23998528264127,-7.1182713302538305,81.23998528264127,-7.118271330253839,81.23998528264137,-7.118271330253817,81.23998528264137,-7.118271330253817
1388000000.0,81.23902989489578,-7.12331372182113,81.23902989489578,-7.12331372182113,81.23902989489572,-7.123313721821099,81.23902989489572,-7.123313721821099
1389000000.0,81.23807384268098,-7.128355921613739,81.23807384268098,-7.12835592161373,81.2380738426813,-7.12835592161379,81.2380738426813,-7.12835592161379
1390000000.0,81.23711712604803,-7.133397929501565,81.23711712604802,-7.133397929501564,81.23711712604792,-7.133397929501536,81.23711712604792,-7.133397929501536
1391000000.0,81.23615974504818,-7.1384397453545345,81.23615974504817,-7.138439745354534,81.2361597450483,-7.138439745354808,81.2361597450483,-7.138439745354808
1392000000.0,81.23520169973266,-7.143481369042589,81.23520169973266,-7.143481369042589,81.23520169973284,-7.143481369042599,81.23520169973284,-7.143481369042599
1393000000.0,81.2342429901527,-7.148522800435686,81.2342429901527,-7.148522800435686,81.23424299015258,-7.14852280043557,81.23424299015258,-7.14852280043557
1394000000.0,81.23328361635966,-7.153564039403807,81.23328361635966,-7.153564039403807,81.23328361635973,-7.15356403940403,81.23328361635973,-7.15356403940403
1395000000.0,81.23232357840486,-7.158605085816938,81.23232357840486,-7.158605085816938,81.23232357840452,-7.158605085816602,81.23232357840452,-7.158605085816602
1396000000.0,81.23136287633967,-7.163645939545096,81.23136287633966,-7.163645939545095,81.23136287633966,-7.163645939545029,81.23136287633966,-7.163645939545029
1397000000.0,81.23040151021551,-7.168686600458305,81.23040151021553,-7.168686600458312,81.23040151021554,-7.168686600458281,81.23040151021554,-7.168686600458281
1398000000.0,81.22943948008381,-7.1737270684266115,81.22943948008381,-7.173727068426607,81.22943948008357,-7.173727068426435,81.22943948008357,-7.173727068426435
1399000000.0,81.22847678599608,-7.178767343320076,81.22847678599608,-7.178767343320076,81.22847678599607,-7.178767343319956,81.22847678599607,-7.178767343319956
1400000000.0,81.22751342800377,-7.183807425008778,81.22751342800376,-7.183807425008777,81.22751342800395,-7.183807425009082,81.22751342800395,-7.183807425009082
1401000000.0,81.22654940615847,-7.188847313362814,81.22654940615845,-7.188847313362809,81.22654940615838,-7.188847313362871,81.22654940615838,-7.188847313362871
1402000000.0,81.22558472051173,-7.193887008252296,81.22558472051175,-7.193887008252302,81.2255847205119,-7.193887008252377,81.2255847205119,-7.193887008252377
1403000000.0,81.22461937111518,-7.198926509547355,81.22461937111518,-7.198926509547355,81.22461937111535,-7.198926509547155,81.22461937111535,-7.198926509547155
1404000000.0,81.22365335802046,-7.203965817118138,81.22365335802047,-7.2039658171181395,81.22365335802034,-7.203965817118063,81.22365335802034,-7.203965817118063
1405000000.0,81.22268668127924,-7.209004930834811,81.22268668127923,-7.20900493083481,81.2226866812789,-7.209004930834814,81.2226866812789,-7.209004930834814
1406000000.0,81.22171934094321,-7.2140438505675535,81.2217193409432,-7.214043850567553,81.22171934094315,-7.214043850567427,81.22171934094315,-7.214043850567427
1407000000.0,81.22075133706414,-7.219082576186566,81.22075133706414,-7.219082576186562,81.22075133706423,-7.21908257618648,81.22075133706423,-7.21908257618648
1408000000.0,81.21978266969381,-7.224121107562065,81.21978266969381,-7.224121107562061,81.21978266969369,-7.224121107561992,81.21978266969369,-7.224121107561992
1409000000.0,81.21881333888402,-7.2291594445642815,81.218813338884,-7.229159444564281,81.2188133388838,-7.229159444564019,81.2188133388838,-7.229159444564019
1410000000.0,81.21784334468661,-7.23419758706347,81.21784334468661,-7.23419758706347,81.21784334468653,-7.234197587063632,81.21784334468653,-7.234197587063632
1411000000.0,81.21687268715347,-7.239235534929893,81.21687268715348,-7.239235534929899,81.21687268715324,-7.239235534929746,81.21687268715324,-7.239235534929746
1412000000.0,81.21590136633651,-7.24427328803384,81.21590136633651,-7.2442732880338445,81.21590136633638,-7.244273288033655,81.21590136633638,-7.244273288033655
1413000000.0,81.21492938228766,-7.249310846245613,81.21492938228766,-7.249310846245613,81.21492938228774,-7.24931084624545,81.21492938228774,-7.24931084624545
1414000000.0,81.21395673505891,-7.2543482094355305,81.21395673505891,-7.254348209435526,81.21395673505911,-7.254348209435807,81.21395673505911,-7.254348209435807
1415000000.0,81.21298342470227,-7.2593853774739285,81.21298342470226,-7.259385377473923,81.21298342470233,-7.259385377474019,81.21298342470233,-7.259385377474019
1416000000.0,81.21200945126978,-7.264422350231162,81.21200945126976,-7.264422350231157,81.2120094512698,-7.2644223502310865,81.2120094512698,-7.2644223502310865
1417000000.0,81.21103481481353,-7.269459127577605,81.21103481481352,-7.269459127577599,81.21103481481316,-7.269459127577577,81.21103481481316,-7.269459127577577
1418000000.0,81.21005951538562,-7.274495709383642,81.21005951538562,-7.274495709383642,81.21005951538568,-7.274495709383409,81.21005951538568,-7.274495709383409
1419000000.0,81.2090835530382,-7.279532095519679,81.20908355303818,-7.279532095519674,81.20908355303825,-7.279532095519877,81.20908355303825,-7.279532095519877
1420000000.0,81.20810692782345,-7.284568285856144,81.20810692782345,-7.284568285856144,81.2081069278235,-7.2845682858563245,81.2081069278235,-7.2845682858563245
1421000000.0,81.20712963979358,-7.2896042802634735,81.20712963979356,-7.289604280263468,81.20712963979354,-7.289604280263551,81.20712963979354,-7.289604280263551
1422000000.0,81.20615168900083,-7.294640078612129,81.20615168900083,-7.294640078612133,81.20615168900049,-7.294640078611859,81.20615168900049,-7.294640078611859
1423000000.0,81.2051730754975,-7.299675680772583,81.2051730754975,-7.2996756807725784,81.20517307549753,-7.299675680772665,81.20517307549753,-7.299675680772665
1424000000.0,81.20419379933587,-7.3047110866153275,81.20419379933587,-7.304711086615332,81.20419379933585,-7.304711086615479,81.20419379933585,-7.304711086615479
1425000000.0,81.20321386056831,-7.309746296010878,81.20321386056831,-7.309746296010878,81.20321386056824,-7.309746296010619,81.20321386056824,-7.309746296010619
1426000000.0,81.2022332592472,-7.314781308829756,81.20223325924718,-7.3147813088297555,81.2022332592471,-7.3147813088297555,81.2022332592471,-7.3147813088297555
1427000000.0,81.20125199542494,-7.319816124942511,81.20125199542493,-7.3198161249425056,81.20125199542512,-7.319816124942481,81.20125199542512,-7.319816124942481
1428000000.0,81.20027006915397,-7.3248507442197015,81.20027006915397,-7.3248507442197015,81.20027006915406,-7.324850744219773,81.20027006915406,-7.324850744219773
1429000000.0,81.19928748048679,-7.329885166531911,81.1992874804868,-7.329885166531917,81.19928748048684,-7.329885166532014,81.19928748048684,-7.329885166532014
1430000000.0,81.19830422947591,-7.334919391749735,81.19830422947591,-7.3349193917497395,81.19830422947587,-7.334919391749747,81.19830422947587,-7.334919391749747
1431000000.0,81.19732031617384,-7.339953419743787,81.19732031617383,-7.3399534197437815,81.19732031617397,-7.339953419743843,81.19732031617397,-7.339953419743843
1432000000.0,81.1963357406332,-7.344987250384702,81.1963357406332,-7.344987250384702,81.19633574063313,-7.344987250384651,81.19633574063313,-7.344987250384651
1433000000.0,81.1953505029066,-7.350020883543127,81.19535050290659,-7.350020883543126,81.19535050290652,-7.35002088354325,81.19535050290652,-7.35002088354325
1434000000.0,81.19436460304667,-7.35505431908973,81.19436460304668,-7.355054319089736,81.19436460304624,-7.355054319089674,81.19436460304624,-7.355054319089674
1435000000.0,81.19337804110609,-7.360087556895198,81.19337804110609,-7.360087556895198,81.19337804110613,-7.360087556895187,81.19337804110613,-7.360087556895187
1436000000.0,81.19239081713756,-7.365120596830227,81.19239081713756,-7.365120596830227,81.19239081713751,-7.365120596830266,81.19239081713751,-7.365120596830266
1437000000.0,81.19140293119388,-7.370153438765543,81.19140293119386,-7.370153438765538,81.19140293119395,-7.3701534387657,81.19140293119395,-7.3701534387657
1438000000.0,81.19041438332776,-7.375186082571879,81.19041438332776,-7.375186082571879,81.19041438332779,-7.375186082571862,81.19041438332779,-7.375186082571862
1439000000.0,81.18942517359206,-7.380218528119993,81.18942517359206,-7.380218528119993,81.18942517359214,-7.3802185281198955,81.18942517359214,-7.3802185281198955
1440000000.0,81.1884353020396,-7.385250775280653,81.1884353020396,-7.385250775280653,81.1884353020399,-7.385250775280895,81.1884353020399,-7.385250775280895
1441000000.0,81.18744476872328,-7.390282823924654,81.18744476872327,-7.390282823924653,81.1874447687231,-7.390282823924236,81.1874447687231,-7.390282823924236
1442000000.0,81.186453573696,-7.395314673922799,81.186453573696,-7.395314673922799,81.18645357369603,-7.395314673922826,81.18645357369603,-7.395314673922826
1443000000.0,81.18546171701068,-7.400346325145914,81.18546171701068,-7.400346325145914,81.18546171701075,-7.400346325145983,81.18546171701075,-7.400346325145983
1444000000.0,81.18446919872034,-7.405377777464841,81.18446919872032,-7.405377777464835,81.18446919872042,-7.405377777465038,81.18446919872042,-7.405377777465038
1445000000.0,81.18347601887798,-7.410409030750441,81.18347601887798,-7.410409030750445,81.1834760188781,-7.410409030750398,81.1834760188781,-7.410409030750398
1446000000.0,81.18248217753664,-7.415440084873591,81.18248217753664,-7.415440084873591,81.18248217753684,-7.415440084873577,81.18248217753684,-7.415440084873577
1447000000.0,81.1814876747494,-7.420470939705188,81.1814876747494,-7.420470939705188,81.18148767474946,-7.420470939705175,81.18148767474946,-7.420470939705175
1448000000.0,81.18049251056935,-7.42550159511614,81.18049251056937,-7.425501595116146,81.18049251056908,-7.425501595116178,81.18049251056908,-7.425501595116178
1449000000.0,81.17949668504968,-7.430532050977384,81.17949668504968,-7.430532050977384,81.17949668504953,-7.430532050977254,81.17949668504953,-7.430532050977254
1450000000.0,81.17850019824354,-7.435562307159864,81.17850019824354,-7.435562307159868,81.17850019824351,-7.435562307159796,81.17850019824351,-7.435562307159796
1451000000.0,81.17750305020414,-7.440592363534546,81.17750305020414,-7.440592363534546,81.17750305020411,-7.4405923635346145,81.17750305020411,-7.4405923635346145
1452000000.0,81.17650524098474,-7.4456222199724165,81.17650524098474,-7.445622219972421,81.17650524098467,-7.445622219972262,81.17650524098467,-7.445622219972262
1453000000.0,81.1755067706386,-7.450651876344474,81.1755067706386,-7.450651876344474,81.1755067706386,-7.450651876344381,81.1755067706386,-7.450651876344381
1454000000.0,81.17450763921902,-7.455681332521736,81.17450763921902,-7.45568133252174,81.17450763921904,-7.455681332521843,81.17450763921904,-7.455681332521843
1455000000.0,81.17350784677937,-7.460710588375241,81.17350784677937,-7.460710588375241,81.17350784677933,-7.460710588375265,81.17350784677933,-7.460710588375265
1456000000.0,81.17250739337302,-7.465739643776043,81.17250739337302,-7.465739643776043,81.17250739337305,-7.465739643775976,81.17250739337305,-7.465739643775976
1457000000.0,81.17150627905339,-7.470768498595216,81.17150627905339,-7.470768498595216,81.17150627905353,-7.470768498595356,81.17150627905353,-7.470768498595356
1458000000.0,81.17050450387391,-7.475797152703847,81.1705045038739,-7.475797152703846,81.17050450387411,-7.475797152704019,81.17050450387411,-7.475797152704019
1459000000.0,81.16950206788805,-7.480825605973043,81.16950206788806,-7.480825605973049,81.16950206788802,-7.480825605973051,81.16950206788802,-7.480825605973051
1460000000.0,81.16849897114932,-7.48585385827393,81.16849897114932,-7.48585385827393,81.16849897114938,-7.485853858274128,81.16849897114938,-7.485853858274128
1461000000.0,81.16749521371128,-7.490881909477652,81.16749521371129,-7.490881909477658,81.16749521371126,-7.490881909477775,81.16749521371126,-7.490881909477775
1462000000.0,81.16649079562751,-7.495909759455369,81.16649079562751,-7.495909759455369,81.16649079562735,-7.495909759455453,81.16649079562735,-7.495909759455453
1463000000.0,81.1654857169516,-7.50093740807826,81.16548571695158,-7.500937408078263,81.16548571695151,-7.500937408078272,81.16548571695151,-7.500937408078272
1464000000.0,81.16447997773717,-7.5059648552175195,81.16447997773717,-7.505964855217515,81.1644799777369,-7.505964855217246,81.1644799777369,-7.505964855217246
1465000000.0,81.16347357803795,-7.510992100744365,81.16347357803795,-7.510992100744365,81.16347357803825,-7.510992100744559,81.16347357803825,-7.510992100744559
1466000000.0,81.16246651790762,-7.516019144530024,81.16246651790762,-7.51601914453002,81.16246651790784,-7.516019144529992,81.16246651790784,-7.516019144529992
1467000000.0,81.16145879739992,-7.52104598644575,81.16145879739992,-7.52104598644575,81.16145879739962,-7.521045986445809,81.16145879739962,-7.521045986445809
1468000000.0,81.16045041656862,-7.526072626362809,81.16045041656862,-7.526072626362809,81.1604504165686,-7.526072626362867,81.1604504165686,-7.526072626362867
1469000000.0,81.15944137546754,-7.531099064152484,81.15944137546754,-7.531099064152484,81.15944137546752,-7.531099064152451,81.15944137546752,-7.531099064152451
1470000000.0,81.15843167415052,-7.536125299686084,81.15843167415052,-7.536125299686084,81.15843167415034,-7.536125299686017,81.15843167415034,-7.536125299686017
1471000000.0,81.15742131267142,-7.541151332834923,81.15742131267142,-7.541151332834923,81.15742131267127,-7.54115133283484,81.15742131267127,-7.54115133283484
1472000000.0,81.15641029108416,-7.546177163470347,81.15641029108416,-7.546177163470351,81.15641029108409,-7.54617716347039,81.15641029108409,-7.54617716347039
1473000000.0,81.15539860944268,-7.551202791463709,81.15539860944267,-7.551202791463712,81.15539860944256,-7.551202791463695,81.15539860944256,-7.551202791463695
1474000000.0,81.15438626780094,-7.556228216686384,81.15438626780093,-7.5562282166863834,81.154386267801,-7.556228216686174,81.154386267801,-7.556228216686174
1475000000.0,81.15337326621295,-7.561253439009764,81.15337326621297,-7.5612534390097705,81.15337326621305,-7.5612534390097395,81.15337326621305,-7.5612534390097395
1476000000.0,81.15235960473277,-7.566278458305263,81.15235960473277,-7.566278458305263,81.15235960473305,-7.56627845830548,81.15235960473305,-7.56627845830548
1477000000.0,81.15134528341446,-7.571303274444308,81.15134528341444,-7.571303274444302,81.15134528341453,-7.571303274444362,81.15134528341453,-7.571303274444362
1478000000.0,81.1503303023121,-7.5763278872983415,81.1503303023121,-7.5763278872983415,81.15033030231231,-7.576327887298748,81.15033030231231,-7.576327887298748
1479000000.0,81.14931466147985,-7.5813522967388325,81.14931466147985,-7.5813522967388325,81.14931466147979,-7.581352296738711,81.14931466147979,-7.581352296738711
1480000000.0,81.14829836097189,-7.586376502637264,81.14829836097189,-7.586376502637268,81.14829836097198,-7.586376502637179,81.14829836097198,-7.586376502637179
1481000000.0,81.1472814008424,-7.591400504865132,81.1472814008424,-7.591400504865128,81.14728140084219,-7.591400504865029,81.14728140084219,-7.591400504865029
1482000000.0,81.14626378114565,-7.596424303293959,81.14626378114563,-7.5964243032939525,81.14626378114575,-7.596424303293915,81.14626378114575,-7.596424303293915
1483000000.0,81.14524550193589,-7.601447897795281,81.14524550193589,-7.601447897795277,81.14524550193573,-7.601447897795219,81.14524550193573,-7.601447897795219
1484000000.0,81.1442265632674,-7.606471288240648,81.14422656326741,-7.606471288240654,81.14422656326731,-7.606471288240627,81.14422656326731,-7.606471288240627
1485000000.0,81.14320696519455,-7.6114944745016375,81.14320696519455,-7.611494474501642,81.14320696519457,-7.6114944745018045,81.14320696519457,-7.6114944745018045
1486000000.0,81.1421867077717,-7.616517456449837,81.1421867077717,-7.616517456449837,81.14218670777184,-7.616517456449943,81.14218670777184,-7.616517456449943
1487000000.0,81.14116579105325,-7.621540233956855,81.14116579105327,-7.621540233956861,81.14116579105342,-7.621540233956925,81.14116579105342,-7.621540233956925
1488000000.0,81.14014421509363,-7.62656280689432,81.14014421509363,-7.6265628068943245,81.14014421509373,-7.626562806894409,81.14014421509373,-7.626562806894409
1489000000.0,81.1391219799473,-7.631585175133875,81.1391219799473,-7.631585175133875,81.13912197994735,-7.631585175133978,81.13912197994735,-7.631585175133978
1490000000.0,81.1380990856688,-7.636607338547183,81.1380990856688,-7.636607338547183,81.13809908566867,-7.63660733854719,81.13809908566867,-7.63660733854719
1491000000.0,81.1370755323126,-7.641629297005922,81.1370755323126,-7.6416292970059265,81.13707553231265,-7.641629297006005,81.13707553231265,-7.641629297006005
1492000000.0,81.13605131993333,-7.646651050381797,81.13605131993333,-7.646651050381801,81.13605131993353,-7.646651050381938,81.13605131993353,-7.646651050381938
1493000000.0,81.13502644858555,-7.651672598546517,81.13502644858555,-7.651672598546517,81.1350264485854,-7.651672598546599,81.1350264485854,-7.651672598546599
1494000000.0,81.13400091832389,-7.656693941371823,81.13400091832389,-7.656693941371823,81.13400091832415,-7.656693941372289,81.13400091832415,-7.656693941372289
1495000000.0,81.13297472920304,-7.661715078729465,81.13297472920304,-7.661715078729469,81.13297472920317,-7.661715078729492,81.13297472920317,-7.661715078729492
1496000000.0,81.13194788127768,-7.666736010491214,81.13194788127767,-7.6667360104912134,81.13194788127763,-7.666736010491135,81.13194788127763,-7.666736010491135
1497000000.0,81.13092037460257,-7.671756736528864,81.13092037460257,-7.671756736528864,81.13092037460258,-7.67175673652876,81.13092037460258,-7.67175673652876
1498000000.0,81.12989220923242,-7.6767772567142165,81.12989220923241,-7.676777256714211,81.12989220923234,-7.676777256714059,81.12989220923234,-7.676777256714059
1499000000.0,81.12886338522206,-7.681797570919099,81.12886338522205,-7.681797570919094,81.12886338522236,-7.681797570919347,81.12886338522236,-7.681797570919347
1500000000.0,81.12783390262634,-7.6868176790153555,81.12783390262635,-7.686817679015362,81.12783390262668,-7.686817679015658,81.12783390262668,-7.686817679015658
1501000000.0,81.12680376150007,-7.69183758087485,81.12680376150007,-7.69183758087485,81.12680376150006,-7.6918375808747035,81.12680376150006,-7.6918375808747035
1502000000.0,81.12577296189818,-7.696857276369459,81.12577296189818,-7.696857276369464,81.1257729618983,-7.696857276369576,81.1257729618983,-7.696857276369576
1503000000.0,81.1247415038756,-7.701876765371085,81.12474150387561,-7.701876765371091,81.12474150387548,-7.701876765371051,81.12474150387548,-7.701876765371051
1504000000.0,81.12370938748728,-7.706896047751641,81.12370938748727,-7.706896047751636,81.12370938748722,-7.706896047751546,81.12370938748722,-7.706896047751546
1505000000.0,81.12267661278821,-7.711915123383064,81.12267661278821,-7.711915123383064,81.12267661278803,-7.71191512338308,81.12267661278803,-7.71191512338308
1506000000.0,81.12164317983343,-7.716933992137306,81.12164317983343,-7.716933992137301,81.12164317983334,-7.716933992137227,81.12164317983334,-7.716933992137227
1507000000.0,81.12060908867797,-7.721952653886336,81.12060908867797,-7.721952653886332,81.12060908867797,-7.721952653886347,81.12060908867797,-7.721952653886347
1508000000.0,81.11957433937697,-7.7269711085021475,81.11957433937697,-7.7269711085021475,81.11957433937701,-7.726971108502291,81.11957433937701,-7.726971108502291
1509000000.0,81.1185389319855,-7.731989355856746,81.1185389319855,-7.731989355856742,81.11853893198551,-7.731989355856979,81.11853893198551,-7.731989355856979
1510000000.0,81.11750286655877,-7.73700739582216,81.11750286655877,-7.737007395822156,81.1175028665585,-7.73700739582218,81.1175028665585,-7.73700739582218
1511000000.0,81.11646614315192,-7.742025228270431,81.11646614315192,-7.742025228270431,81.11646614315207,-7.742025228270505,81.11646614315207,-7.742025228270505
1512000000.0,81.11542876182023,-7.747042853073623,81.11542876182021,-7.747042853073626,81.1154287618201,-7.7470428530734985,81.1154287618201,-7.7470428530734985
1513000000.0,81.11439072261888,-7.752060270103815,81.11439072261888,-7.752060270103815,81.11439072261906,-7.752060270103847,81.11439072261906,-7.752060270103847
1514000000.0,81.11335202560323,-7.757077479233111,81.11335202560323,-7.757077479233111,81.11335202560316,-7.757077479233083,81.11335202560316,-7.757077479233083
1515000000.0,81.11231267082857,-7.762094480333622,81.11231267082859,-7.762094480333628,81.1123126708288,-7.76209448033351,81.1123126708288,-7.76209448033351
1516000000.0,81.11127265835027,-7.767111273277489,81.11127265835027,-7.767111273277489,81.11127265835,-7.767111273277371,81.11127265835,-7.767111273277371
1517000000.0,81.11023198822369,-7.772127857936865,81.11023198822367,-7.772127857936864,81.11023198822365,-7.772127857936818,81.11023198822365,-7.772127857936818
1518000000.0,81.10919066050425,-7.77714423418392,81.10919066050425,-7.77714423418392,81.10919066050442,-7.777144234183962,81.10919066050442,-7.777144234183962
1519000000.0,81.10814867524745,-7.782160401890849,81.10814867524745,-7.782160401890844,81.108148675247,-7.782160401890418,81.108148675247,-7.782160401890418
1520000000.0,81.10710603250871,-7.787176360929859,81.10710603250871,-7.787176360929863,81.1071060325087,-7.787176360929799,81.1071060325087,-7.787176360929799
1521000000.0,81.10606273234359,-7.792192111173177,81.10606273234359,-7.792192111173177,81.10606273234366,-7.792192111172992,81.10606273234366,-7.792192111172992
1522000000.0,81.10501877480763,-7.797207652493051,81.10501877480763,-7.797207652493051,81.10501877480785,-7.797207652493196,81.10501877480785,-7.797207652493196
1523000000.0,81.10397415995642,-7.802222984761746,81.10397415995642,-7.802222984761746,81.10397415995642,-7.802222984761874,81.10397415995642,-7.802222984761874
1524000000.0,81.10292888784554,-7.807238107851543,81.10292888784554,-7.807238107851547,81.10292888784562,-7.807238107851459,81.10292888784562,-7.807238107851459
1525000000.0,81.10188295853068,-7.812253021634744,81.10188295853068,-7.812253021634744,81.10188295853065,-7.8122530216348895,81.10188295853065,-7.8122530216348895
1526000000.0,81.10083637206752,-7.81726772598367,81.10083637206752,-7.817267725983665,81.10083637206775,-7.817267725983774,81.10083637206775,-7.817267725983774
1527000000.0,81.09978912851176,-7.822282220770657,81.09978912851176,-7.822282220770662,81.09978912851184,-7.8222822207708,81.09978912851184,-7.8222822207708
1528000000.0,81.09874122791912,-7.827296505868061,81.09874122791912,-7.827296505868056,81.09874122791896,-7.827296505868092,81.09874122791896,-7.827296505868092
1529000000.0,81.09769267034542,-7.832310581148262,81.09769267034542,-7.832310581148257,81.09769267034535,-7.832310581148239,81.09769267034535,-7.832310581148239
1530000000.0,81.09664345584646,-7.837324446483649,81.09664345584648,-7.837324446483655,81.09664345584615,-7.837324446483541,81.09664345584615,-7.837324446483541
1531000000.0,81.09559358447808,-7.842338101746637,81.09559358447808,-7.842338101746637,81.09559358447805,-7.842338101746594,81.09559358447805,-7.842338101746594
1532000000.0,81.09454305629616,-7.847351546809654,81.09454305629616,-7.847351546809654,81.094543056296,-7.847351546809566,81.094543056296,-7.847351546809566
1533000000.0,81.09349187135659,-7.85236478154515,81.09349187135658,-7.852364781545145,81.09349187135655,-7.852364781545059,81.09349187135655,-7.852364781545059
1534000000.0,81.09244002971535,-7.857377805825596,81.09244002971536,-7.857377805825602,81.09244002971555,-7.857377805825598,81.09244002971555,-7.857377805825598
1535000000.0,81.0913875314284,-7.8623906195234765,81.0913875314284,-7.8623906195234765,81.09138753142871,-7.862390619523715,81.09138753142871,-7.862390619523715
1536000000.0,81.09033437655172,-7.867403222511292,81.09033437655174,-7.867403222511299,81.09033437655124,-7.867403222510829,81.09033437655124,-7.867403222510829
1537000000.0,81.08928056514138,-7.872415614661571,81.08928056514138,-7.872415614661575,81.08928056514115,-7.872415614661489,81.08928056514115,-7.872415614661489
1538000000.0,81.08822609725345,-7.877427795846852,81.08822609725345,-7.877427795846857,81.08822609725335,-7.877427795846837,81.08822609725335,-7.877427795846837
1539000000.0,81.08717097294402,-7.882439765939698,81.08717097294402,-7.882439765939698,81.08717097294391,-7.882439765939643,81.08717097294391,-7.882439765939643
1540000000.0,81.08611519226922,-7.887451524812686,81.0861151922692,-7.887451524812685,81.08611519226929,-7.8874515248126515,81.08611519226929,-7.8874515248126515
1541000000.0,81.08505875528527,-7.892463072338417,81.08505875528526,-7.892463072338411,81.08505875528508,-7.892463072338344,81.08505875528508,-7.892463072338344
1542000000.0,81.08400166204832,-7.8974744083895025,81.08400166204832,-7.897474408389498,81.08400166204827,-7.897474408389359,81.08400166204827,-7.897474408389359
1543000000.0,81.08294391261462,-7.902485532838581,81.08294391261462,-7.902485532838585,81.08294391261452,-7.902485532838491,81.08294391261452,-7.902485532838491
1544000000.0,81.08188550704045,-7.907496445558303,81.08188550704044,-7.907496445558298,81.08188550704052,-7.907496445558528,81.08188550704052,-7.907496445558528
1545000000.0,81.08082644538212,-7.912507146421343,81.0808264453821,-7.912507146421342,81.08082644538243,-7.912507146421524,81.08082644538243,-7.912507146421524
1546000000.0,81.0797667276959,-7.91751763530039,81.0797667276959,-7.917517635300385,81.07976672769598,-7.9175176353005865,81.07976672769598,-7.9175176353005865
1547000000.0,81.07870635403822,-7.922527912068155,81.07870635403823,-7.922527912068161,81.07870635403843,-7.922527912068345,81.07870635403843,-7.922527912068345
1548000000.0,81.07764532446546,-7.927537976597365,81.07764532446548,-7.927537976597371,81.07764532446566,-7.927537976597466,81.07764532446566,-7.927537976597466
1549000000.0,81.07658363903406,-7.9325478287607645,81.07658363903407,-7.932547828760771,81.07658363903438,-7.932547828761155,81.07658363903438,-7.932547828761155
1550000000.0,81.07552129780045,-7.937557468431124,81.07552129780044,-7.937557468431123,81.07552129780092,-7.9375574684313195,81.07552129780092,-7.9375574684313195
1551000000.0,81.07445830082116,-7.942566895481225,81.07445830082116,-7.942566895481225,81.07445830082115,-7.942566895481004,81.07445830082115,-7.942566895481004
1552000000.0,81.0733946481527,-7.94757610978387,81.0733946481527,-7.94757610978387,81.07339464815236,-7.947576109783838,81.07339464815236,-7.947576109783838
1553000000.0,81.07233033985162,-7.95258511121188,81.07233033985162,-7.95258511121188,81.07233033985143,-7.952585111211899,81.07233033985143,-7.952585111211899
1554000000.0,81.07126537597453,-7.957593899638096,81.07126537597453,-7.95759389963809,81.07126537597429,-7.957593899637768,81.07126537597429,-7.957593899637768
1555000000.0,81.07019975657806,-7.962602474935378,81.07019975657806,-7.962602474935383,81.07019975657785,-7.962602474935118,81.07019975657785,-7.962602474935118
1556000000.0,81.06913348171886,-7.967610836976601,81.06913348171886,-7.967610836976607,81.06913348171875,-7.967610836976517,81.06913348171875,-7.967610836976517
1557000000.0,81.06806655145361,-7.972618985634663,81.06806655145361,-7.972618985634663,81.0680665514534,-7.972618985634752,81.0680665514534,-7.972618985634752
1558000000.0,81.06699896583905,-7.97762692078248,81.06699896583905,-7.97762692078248,81.06699896583915,-7.977626920782521,81.06699896583915,-7.977626920782521
1559000000.0,81.06593072493193,-7.982634642292988,81.06593072493193,-7.982634642292988,81.06593072493226,-7.982634642293129,81.06593072493226,-7.982634642293129
1560000000.0,81.064861828789,-7.987642150039132,81.06486182878899,-7.987642150039126,81.06486182878898,-7.987642150039055,81.06486182878898,-7.987642150039055
1561000000.0,81.06379227746714,-7.9926494438938915,81.06379227746713,-7.992649443893891,81.06379227746702,-7.992649443893758,81.06379227746702,-7.992649443893758
1562000000.0,81.06272207102319,-7.997656523730255,81.06272207102319,-7.997656523730255,81.06272207102334,-7.997656523730357,81.06272207102334,-7.997656523730357
1563000000.0,81.061651209514,-8.002663389421228,81.061651209514,-8.002663389421228,81.06165120951415,-8.002663389421386,81.06165120951415,-8.002663389421386
1564000000.0,81.0605796929965,-8.007670040839841,81.0605796929965,-8.007670040839846,81.06057969299643,-8.00767004083969,81.06057969299643,-8.00767004083969
1565000000.0,81.05950752152765,-8.012676477859143,81.05950752152765,-8.012676477859143,81.05950752152755,-8.012676477859149,81.05950752152755,-8.012676477859149
1566000000.0,81.05843469516442,-8.017682700352198,81.05843469516442,-8.017682700352193,81.05843469516434,-8.017682700352166,81.05843469516434,-8.017682700352166
1567000000.0,81.05736121396384,-8.02268870819209,81.05736121396384,-8.02268870819209,81.05736121396392,-8.022688708192232,81.05736121396392,-8.022688708192232
1568000000.0,81.05628707798294,-8.027694501251922,81.05628707798294,-8.027694501251927,81.05628707798289,-8.027694501252029,81.05628707798289,-8.027694501252029
1569000000.0,81.0552122872788,-8.032700079404819,81.05521228727882,-8.032700079404826,81.05521228727886,-8.032700079405034,81.05521228727886,-8.032700079405034
1570000000.0,81.05413684190856,-8.03770544252392,81.05413684190856,-8.03770544252392,81.05413684190836,-8.037705442523997,81.05413684190836,-8.037705442523997
1571000000.0,81.05306074192931,-8.042710590482384,81.0530607419293,-8.042710590482377,81.05306074192912,-8.042710590482189,81.05306074192912,-8.042710590482189
1572000000.0,81.05198398739827,-8.047715523153395,81.05198398739827,-8.0477155231534,81.05198398739827,-8.047715523153478,81.05198398739827,-8.047715523153478
1573000000.0,81.05090657837265,-8.052720240410146,81.05090657837263,-8.052720240410144,81.05090657837263,-8.052720240410194,81.05090657837263,-8.052720240410194
1574000000.0,81.04982851490965,-8.057724742125853,81.04982851490965,-8.057724742125853,81.04982851490992,-8.05772474212607,81.04982851490992,-8.05772474212607
1575000000.0,81.04874979706655,-8.062729028173756,81.04874979706653,-8.06272902817375,81.04874979706631,-8.06272902817366,81.04874979706631,-8.06272902817366
1576000000.0,81.04767042490069,-8.067733098427107,81.04767042490069,-8.067733098427112,81.04767042490077,-8.067733098426888,81.04767042490077,-8.067733098426888
1577000000.0,81.04659039846939,-8.07273695275918,81.04659039846939,-8.07273695275918,81.0465903984694,-8.072736952759145,81.0465903984694,-8.072736952759145
1578000000.0,81.04550971783003,-8.07774059104327,81.04550971783002,-8.077740591043268,81.04550971783019,-8.077740591043437,81.04550971783019,-8.077740591043437
1579000000.0,81.04442838303996,-8.082744013152684,81.04442838303994,-8.082744013152679,81.04442838304031,-8.082744013152892,81.04442838304031,-8.082744013152892
1580000000.0,81.04334639415667,-8.087747218960757,81.04334639415666,-8.087747218960752,81.04334639415661,-8.087747218960843,81.04334639415661,-8.087747218960843
1581000000.0,81.04226375123761,-8.092750208340838,81.0422637512376,-8.092750208340831,81.04226375123716,-8.09275020834071,81.04226375123716,-8.09275020834071
1582000000.0,81.04118045434028,-8.097752981166296,81.04118045434026,-8.09775298116629,81.04118045434049,-8.097752981166465,81.04118045434049,-8.097752981166465
1583000000.0,81.04009650352221,-8.102755537310516,81.04009650352221,-8.102755537310511,81.04009650352212,-8.10275553731065,81.04009650352212,-8.10275553731065
1584000000.0,81.03901189884095,-8.107757876646907,81.03901189884095,-8.107757876646907,81.03901189884114,-8.107757876647092,81.03901189884114,-8.107757876647092
1585000000.0,81.03792664035412,-8.112759999048896,81.03792664035412,-8.112759999048896,81.03792664035451,-8.112759999049093,81.03792664035451,-8.112759999049093
1586000000.0,81.03684072811933,-8.117761904389923,81.03684072811932,-8.117761904389917,81.03684072811926,-8.117761904390047,81.03684072811926,-8.117761904390047
1587000000.0,81.03575416219424,-8.122763592543453,81.03575416219424,-8.122763592543453,81.03575416219405,-8.12276359254317,81.03575416219405,-8.12276359254317
1588000000.0,81.03466694263653,-8.127765063382974,81.03466694263652,-8.127765063382968,81.03466694263658,-8.127765063383096,81.03466694263658,-8.127765063383096
1589000000.0,81.03357906950394,-8.13276631678198,81.03357906950394,-8.132766316781986,81.03357906950394,-8.13276631678211,81.03357906950394,-8.13276631678211
1590000000.0,81.03249054285425,-8.137767352614,81.03249054285425,-8.137767352614,81.03249054285398,-8.137767352613878,81.03249054285398,-8.137767352613878
1591000000.0,81.0314013627452,-8.14276817075257,81.0314013627452,-8.14276817075257,81.03140136274507,-8.142768170752518,81.03140136274507,-8.142768170752518
1592000000.0,81.03031152923464,-8.14776877107125,81.03031152923464,-8.147768771071245,81.03031152923461,-8.147768771071181,81.03031152923461,-8.147768771071181
1593000000.0,81.02922104238041,-8.15276915344362,81.02922104238041,-8.15276915344362,81.02922104238057,-8.152769153443773,81.02922104238057,-8.152769153443773
1594000000.0,81.02812990224041,-8.157769317743274,81.02812990224041,-8.157769317743274,81.02812990224032,-8.15776931774304,81.02812990224032,-8.15776931774304
1595000000.0,81.02703810887255,-8.162769263843831,81.02703810887256,-8.162769263843838,81.02703810887266,-8.162769263843867,81.02703810887266,-8.162769263843867
1596000000.0,81.02594566233476,-8.167768991618926,81.02594566233476,-8.167768991618926,81.02594566233506,-8.167768991619134,81.02594566233506,-8.167768991619134
1597000000.0,81.02485256268504,-8.172768500942215,81.02485256268504,-8.17276850094222,81.02485256268511,-8.172768500942336,81.02485256268511,-8.172768500942336
1598000000.0,81.02375880998142,-8.177767791687371,81.02375880998142,-8.177767791687371,81.02375880998153,-8.177767791687316,81.02375880998153,-8.177767791687316
1599000000.0,81.02266440428191,-8.182766863728089,81.02266440428191,-8.182766863728089,81.02266440428204,-8.182766863728274,81.02266440428204,-8.182766863728274
1600000000.0,81.02156934564462,-8.187765716938081,81.02156934564462,-8.187765716938081,81.02156934564466,-8.18776571693803,81.02156934564466,-8.18776571693803
1601000000.0,81.02047363412763,-8.192764351191078,81.02047363412761,-8.192764351191073,81.02047363412758,-8.192764351191094,81.02047363412758,-8.192764351191094
1602000000.0,81.01937726978909,-8.197762766360828,81.01937726978909,-8.197762766360828,81.01937726978905,-8.197762766360619,81.01937726978905,-8.197762766360619
1603000000.0,81.01828025268719,-8.202760962321108,81.01828025268719,-8.202760962321108,81.01828025268722,-8.202760962321126,81.01828025268722,-8.202760962321126
1604000000.0,81.01718258288012,-8.207758938945704,81.01718258288014,-8.20775893894571,81.01718258288022,-8.207758938945757,81.01718258288022,-8.207758938945757
1605000000.0,81.01608426042614,-8.212756696108423,81.01608426042614,-8.212756696108428,81.01608426042607,-8.212756696108395,81.01608426042607,-8.212756696108395
1606000000.0,81.01498528538349,-8.217754233683095,81.01498528538347,-8.21775423368309,81.01498528538346,-8.217754233683012,81.01498528538346,-8.217754233683012
1607000000.0,81.01388565781049,-8.222751551543565,81.01388565781049,-8.22275155154356,81.01388565781055,-8.222751551543562,81.01388565781055,-8.222751551543562
1608000000.0,81.01278537776548,-8.227748649563704,81.01278537776547,-8.227748649563702,81.01278537776548,-8.227748649563928,81.01278537776548,-8.227748649563928
1609000000.0,81.0116844453068,-8.232745527617391,81.0116844453068,-8.232745527617391,81.01168444530676,-8.232745527617583,81.01168444530676,-8.232745527617583
1610000000.0,81.01058286049287,-8.237742185578538,81.01058286049287,-8.237742185578544,81.01058286049283,-8.237742185578458,81.01058286049283,-8.237742185578458
1611000000.0,81.00948062338213,-8.242738623321065,81.00948062338213,-8.242738623321065,81.0094806233821,-8.242738623321179,81.0094806233821,-8.242738623321179
1612000000.0,81.008377734033,-8.247734840718914,81.008377734033,-8.247734840718914,81.00837773403283,-8.247734840718817,81.00837773403283,-8.247734840718817
1613000000.0,81.00727419250403,-8.252730837646054,81.00727419250403,-8.252730837646054,81.00727419250417,-8.252730837646213,81.00727419250417,-8.252730837646213
1614000000.0,81.00616999885371,-8.25772661397646,81.00616999885371,-8.257726613976466,81.00616999885384,-8.257726613976628,81.00616999885384,-8.257726613976628
1615000000.0,81.0050651531406,-8.26272216958414,81.0050651531406,-8.26272216958414,81.00506515314088,-8.262722169584203,81.00506515314088,-8.262722169584203
1616000000.0,81.00395965542332,-8.26771750434311,81.00395965542332,-8.267717504343116,81.00395965542363,-8.26771750434331,81.00395965542363,-8.26771750434331
1617000000.0,81.00285350576044,-8.272712618127413,81.00285350576044,-8.272712618127418,81.0028535057605,-8.272712618127505,81.0028535057605,-8.272712618127505
1618000000.0,81.00174670421065,-8.277707510811108,81.00174670421065,-8.277707510811103,81.00174670421077,-8.277707510811322,81.00174670421077,-8.277707510811322
1619000000.0,81.00063925083265,-8.282702182268277,81.00063925083263,-8.282702182268272,81.00063925083234,-8.28270218226801,81.00063925083234,-8.28270218226801
1620000000.0,80.99953114568511,-8.287696632373013,80.99953114568511,-8.287696632373013,80.99953114568522,-8.28769663237303,80.99953114568522,-8.28769663237303
1621000000.0,80.99842238882684,-8.29269086099944,80.99842238882684,-8.29269086099944,80.99842238882671,-8.292690860999377,80.99842238882671,-8.292690860999377
1622000000.0,80.99731298031658,-8.297684868021689,80.99731298031656,-8.297684868021681,80.99731298031625,-8.2976848680215,80.99731298031625,-8.2976848680215
1623000000.0,80.99620292021315,-8.302678653313919,80.99620292021314,-8.302678653313913,80.99620292021308,-8.302678653313976,80.99620292021308,-8.302678653313976
1624000000.0,80.9950922085754,-8.307672216750307,80.99509220857539,-8.307672216750305,80.99509220857557,-8.307672216750364,80.99509220857557,-8.307672216750364
1625000000.0,80.99398084546222,-8.31266555820505,80.99398084546222,-8.312665558205044,80.9939808454623,-8.312665558205081,80.9939808454623,-8.312665558205081
1626000000.0,80.99286883093251,-8.317658677552359,80.99286883093251,-8.317658677552354,80.99286883093251,-8.317658677552334,80.99286883093251,-8.317658677552334
1627000000.0,80.9917561650452,-8.322651574666471,80.9917561650452,-8.322651574666471,80.99175616504508,-8.32265157466642,80.99175616504508,-8.32265157466642
1628000000.0,80.99064284785928,-8.32764424942164,80.99064284785928,-8.327644249421645,80.99064284785932,-8.327644249421613,80.99064284785932,-8.327644249421613
1629000000.0,80.98952887943375,-8.332636701692138,80.98952887943375,-8.332636701692138,80.98952887943393,-8.332636701692136,80.98952887943393,-8.332636701692136
1630000000.0,80.98841425982765,-8.33762893135226,80.98841425982765,-8.33762893135226,80.9884142598275,-8.337628931352102,80.9884142598275,-8.337628931352102
1631000000.0,80.98729898910004,-8.342620938276315,80.98729898910003,-8.342620938276308,80.98729898910013,-8.342620938276472,80.98729898910013,-8.342620938276472
1632000000.0,80.98618306731004,-8.34761272233864,80.98618306731004,-8.34761272233864,80.98618306730994,-8.347612722338571,80.98618306730994,-8.347612722338571
1633000000.0,80.98506649451679,-8.352604283413584,80.98506649451679,-8.352604283413584,80.98506649451681,-8.352604283413731,80.98506649451681,-8.352604283413731
1634000000.0,80.9839492707794,-8.357595621375516,80.98394927077939,-8.35759562137551,80.9839492707791,-8.357595621375546,80.9839492707791,-8.357595621375546
1635000000.0,80.98283139615711,-8.362586736098828,80.98283139615711,-8.362586736098823,80.98283139615717,-8.362586736098946,80.98283139615717,-8.362586736098946
1636000000.0,80.98171287070916,-8.367577627457932,80.98171287070916,-8.367577627457937,80.9817128707091,-8.367577627457882,80.9817128707091,-8.367577627457882
1637000000.0,80.98059369449479,-8.372568295327254,80.98059369449479,-8.372568295327259,80.98059369449481,-8.372568295327108,80.98059369449481,-8.372568295327108
1638000000.0,80.97947386757328,-8.377558739581245,80.97947386757326,-8.377558739581238,80.97947386757308,-8.377558739581204,80.97947386757308,-8.377558739581204
1639000000.0,80.97835339000399,-8.382548960094374,80.97835339000397,-8.382548960094368,80.97835339000372,-8.382548960094335,80.97835339000372,-8.382548960094335
1640000000.0,80.97723226184623,-8.387538956741128,80.97723226184621,-8.387538956741123,80.9772322618465,-8.38753895674126,80.9772322618465,-8.38753895674126
1641000000.0,80.97611048315943,-8.392528729396018,80.97611048315943,-8.392528729396018,80.97611048315977,-8.392528729396039,80.97611048315977,-8.392528729396039
1642000000.0,80.97498805400299,-8.39751827793357,80.97498805400299,-8.39751827793357,80.97498805400299,-8.397518277933562,80.97498805400299,-8.397518277933562
1643000000.0,80.97386497443637,-8.40250760222833,80.97386497443637,-8.40250760222833,80.97386497443615,-8.402507602228075,80.97386497443615,-8.402507602228075
1644000000.0,80.97274124451903,-8.407496702154864,80.97274124451904,-8.407496702154871,80.97274124451899,-8.407496702154702,80.97274124451899,-8.407496702154702
1645000000.0,80.97161686431049,-8.41248557758776,80.97161686431049,-8.412485577587764,80.97161686431056,-8.412485577587717,80.97161686431056,-8.412485577587717
1646000000.0,80.97049183387035,-8.417474228401627,80.97049183387035,-8.417474228401627,80.97049183387048,-8.417474228401725,80.97049183387048,-8.417474228401725
1647000000.0,80.96936615325812,-8.422462654471087,80.96936615325812,-8.422462654471087,80.96936615325805,-8.42246265447092,80.96936615325805,-8.42246265447092
1648000000.0,80.96823982253343,-8.427450855670783,80.96823982253345,-8.42745085567079,80.96823982253348,-8.4274508556707,80.96823982253348,-8.4274508556707
1649000000.0,80.96711284175595,-8.432438831875386,80.96711284175595,-8.432438831875386,80.96711284175596,-8.432438831875421,80.96711284175596,-8.432438831875421
1650000000.0,80.96598521098531,-8.437426582959578,80.96598521098531,-8.437426582959578,80.96598521098524,-8.43742658295953,80.96598521098524,-8.43742658295953
1651000000.0,80.96485693028126,-8.442414108798065,80.96485693028124,-8.44241410879806,80.96485693028116,-8.442414108798031,80.96485693028116,-8.442414108798031
1652000000.0,80.96372799970351,-8.447401409265568,80.9637279997035,-8.447401409265563,80.96372799970337,-8.447401409265453,80.96372799970337,-8.447401409265453
1653000000.0,80.9625984193118,-8.452388484236833,80.9625984193118,-8.452388484236833,80.96259841931172,-8.452388484236646,80.96259841931172,-8.452388484236646
1654000000.0,80.961468189166,-8.457375333586622,80.961468189166,-8.457375333586617,80.96146818916601,-8.457375333586603,80.96146818916601,-8.457375333586603
1655000000.0,80.96033730932591,-8.462361957189723,80.9603373093259,-8.462361957189717,80.9603373093258,-8.462361957189643,80.9603373093258,-8.462361957189643
1656000000.0,80.95920577985136,-8.467348354920933,80.95920577985136,-8.467348354920933,80.95920577985143,-8.467348354920976,80.95920577985143,-8.467348354920976
1657000000.0,80.95807360080228,-8.47233452665508,80.95807360080228,-8.47233452665508,80.95807360080197,-8.47233452665482,80.95807360080197,-8.47233452665482
1658000000.0,80.9569407722386,-8.477320472267003,80.9569407722386,-8.477320472267003,80.95694077223901,-8.47732047226719,80.95694077223901,-8.47732047226719
1659000000.0,80.95580729422028,-8.482306191631569,80.95580729422028,-8.482306191631563,80.9558072942206,-8.482306191632011,80.9558072942206,-8.482306191632011
1660000000.0,80.95467316680727,-8.487291684623653,80.95467316680727,-8.487291684623653,80.95467316680717,-8.487291684623594,80.95467316680717,-8.487291684623594
1661000000.0,80.95353839005966,-8.492276951118164,80.95353839005965,-8.492276951118159,80.9535383900597,-8.492276951118107,80.9535383900597,-8.492276951118107
1662000000.0,80.95240296403745,-8.497261990990019,80.95240296403745,-8.497261990990019,80.95240296403738,-8.497261990989946,80.95240296403738,-8.497261990989946
1663000000.0,80.95126688880075,-8.502246804114163,80.95126688880073,-8.502246804114156,80.95126688880073,-8.50224680411415,80.95126688880073,-8.50224680411415
1664000000.0,80.95013016440966,-8.507231390365556,80.95013016440967,-8.507231390365563,80.95013016440969,-8.507231390365613,80.95013016440969,-8.507231390365613
1665000000.0,80.94899279092432,-8.512215749619179,80.94899279092432,-8.512215749619179,80.94899279092405,-8.512215749618843,80.94899279092405,-8.512215749618843
1666000000.0,80.94785476840497,-8.517199881750035,80.94785476840498,-8.517199881750042,80.94785476840472,-8.51719988174988,80.94785476840472,-8.51719988174988
1667000000.0,80.94671609691174,-8.522183786633141,80.94671609691174,-8.522183786633141,80.9467160969117,-8.52218378663304,80.9467160969117,-8.52218378663304
1668000000.0,80.94557677650494,-8.527167464143542,80.94557677650494,-8.527167464143542,80.94557677650518,-8.52716746414378,80.94557677650518,-8.52716746414378
1669000000.0,80.9444368072448,-8.532150914156295,80.94443680724481,-8.532150914156302,80.94443680724503,-8.532150914156407,80.94443680724503,-8.532150914156407
1670000000.0,80.94329618919166,-8.537134136546484,80.94329618919166,-8.537134136546484,80.94329618919144,-8.537134136546435,80.94329618919144,-8.537134136546435
1671000000.0,80.94215492240582,-8.542117131189208,80.94215492240583,-8.542117131189215,80.94215492240596,-8.542117131189098,80.94215492240596,-8.542117131189098
1672000000.0,80.9410130069477,-8.54709989795959,80.9410130069477,-8.54709989795959,80.94101300694766,-8.54709989795936,80.94101300694766,-8.54709989795936
1673000000.0,80.93987044287765,-8.552082436732766,80.93987044287765,-8.552082436732766,80.93987044287732,-8.552082436732517,80.93987044287732,-8.552082436732517
1674000000.0,80.93872723025615,-8.5570647473839,80.93872723025613,-8.557064747383903,80.9387272302564,-8.55706474738407,80.9387272302564,-8.55706474738407
1675000000.0,80.93758336914362,-8.56204682978817,80.93758336914362,-8.56204682978817,80.93758336914351,-8.562046829788168,80.93758336914351,-8.562046829788168
1676000000.0,80.93643885960057,-8.567028683820775,80.93643885960057,-8.56702868382078,80.9364388596004,-8.567028683820682,80.9364388596004,-8.567028683820682
1677000000.0,80.93529370168756,-8.572010309356939,80.93529370168756,-8.572010309356944,80.93529370168754,-8.572010309356969,80.93529370168754,-8.572010309356969
1678000000.0,80.9341478954651,-8.576991706271897,80.9341478954651,-8.576991706271897,80.93414789546496,-8.576991706271924,80.93414789546496,-8.576991706271924
1679000000.0,80.93300144099382,-8.581972874440913,80.93300144099383,-8.58197287444092,80.93300144099393,-8.581972874440828,80.93300144099393,-8.581972874440828
1680000000.0,80.9318543383343,-8.586953813739267,80.9318543383343,-8.586953813739262,80.93185433833447,-8.586953813739294,80.93185433833447,-8.586953813739294
1681000000.0,80.93070658754725,-8.591934524042259,80.93070658754725,-8.591934524042259,80.93070658754688,-8.591934524042019,80.93070658754688,-8.591934524042019
1682000000.0,80.9295581886933,-8.596915005225204,80.9295581886933,-8.59691500522521,80.92955818869355,-8.596915005225327,80.92955818869355,-8.596915005225327
1683000000.0,80.92840914183321,-8.601895257163449,80.92840914183321,-8.601895257163449,80.92840914183324,-8.601895257163351,80.92840914183324,-8.601895257163351
1684000000.0,80.92725944702768,-8.60687527973235,80.92725944702768,-8.606875279732344,80.9272594470278,-8.606875279732439,80.9272594470278,-8.606875279732439
1685000000.0,80.92610910433753,-8.611855072807288,80.92610910433753,-8.611855072807288,80.92610910433741,-8.611855072807355,80.92610910433741,-8.611855072807355
1686000000.0,80.92495811382356,-8.616834636263663,80.92495811382355,-8.616834636263661,80.92495811382364,-8.616834636263723,80.92495811382364,-8.616834636263723
1687000000.0,80.9238064755466,-8.621813969976895,80.92380647554661,-8.621813969976902,80.92380647554671,-8.621813969976857,80.92380647554671,-8.621813969976857
1688000000.0,80.92265418956754,-8.626793073822427,80.92265418956754,-8.626793073822427,80.92265418956775,-8.626793073822686,80.92265418956775,-8.626793073822686
1689000000.0,80.92150125594728,-8.631771947675714,80.92150125594726,-8.631771947675713,80.92150125594753,-8.631771947675713,80.92150125594753,-8.631771947675713
1690000000.0,80.92034767474674,-8.636750591412241,80.92034767474674,-8.636750591412241,80.92034767474671,-8.636750591412307,80.92034767474671,-8.636750591412307
1691000000.0,80.91919344602691,-8.641729004907505,80.91919344602691,-8.64172900490751,80.91919344602672,-8.64172900490749,80.91919344602672,-8.64172900490749
1692000000.0,80.91803856984878,-8.646707188037032,80.91803856984878,-8.646707188037032,80.918038569849,-8.646707188037048,80.918038569849,-8.646707188037048
1693000000.0,80.91688304627337,-8.651685140676355,80.91688304627337,-8.651685140676355,80.91688304627368,-8.651685140676458,80.91688304627368,-8.651685140676458
1694000000.0,80.91572687536176,-8.65666286270104,80.91572687536177,-8.656662862701047,80.91572687536168,-8.65666286270101,80.91572687536168,-8.65666286270101
1695000000.0,80.91457005717503,-8.661640353986666,80.91457005717503,-8.661640353986666,80.91457005717511,-8.661640353986604,80.91457005717511,-8.661640353986604
1696000000.0,80.91341259177432,-8.666617614408835,80.91341259177432,-8.666617614408835,80.91341259177429,-8.66661761440872,80.91341259177429,-8.66661761440872
1697000000.0,80.91225447922078,-8.67159464384317,80.91225447922078,-8.67159464384317,80.91225447922089,-8.67159464384329,80.91225447922089,-8.67159464384329
1698000000.0,80.9110957195756,-8.676571442165308,80.91109571957558,-8.676571442165306,80.91109571957595,-8.676571442165345,80.91109571957595,-8.676571442165345
1699000000.0,80.90993631289999,-8.681548009250914,80.90993631289999,-8.681548009250914,80.9099363128997,-8.681548009250784,80.9099363128997,-8.681548009250784
1700000000.0,80.90877625925519,-8.68652434497567,80.90877625925519,-8.68652434497567,80.90877625925535,-8.686524344975659,80.90877625925535,-8.686524344975659
1701000000.0,80.90761555870252,-8.691500449215276,80.9076155587025,-8.691500449215269,80.90761555870245,-8.691500449215198,80.90761555870245,-8.691500449215198
1702000000.0,80.90645421130323,-8.696476321845452,80.90645421130324,-8.69647632184546,80.90645421130313,-8.696476321845436,80.90645421130313,-8.696476321845436
1703000000.0,80.90529221711873,-8.701451962741945,80.90529221711873,-8.70145196274194,80.9052922171187,-8.701451962741974,80.9052922171187,-8.701451962741974
1704000000.0,80.90412957621035,-8.706427371780519,80.90412957621034,-8.706427371780512,80.90412957621021,-8.706427371780412,80.90412957621021,-8.706427371780412
1705000000.0,80.90296628863953,-8.711402548836949,80.90296628863953,-8.711402548836944,80.90296628863965,-8.71140254883703,80.90296628863965,-8.71140254883703
1706000000.0,80.90180235446768,-8.716377493787043,80.90180235446768,-8.716377493787043,80.9018023544678,-8.716377493786974,80.9018023544678,-8.716377493786974
1707000000.0,80.90063777375629,-8.721352206506621,80.90063777375629,-8.721352206506621,80.9006377737561,-8.721352206506594,80.9006377737561,-8.721352206506594
1708000000.0,80.89947254656684,-8.726326686871532,80.89947254656684,-8.726326686871532,80.89947254656688,-8.726326686871577,80.89947254656688,-8.726326686871577
1709000000.0,80.89830667296087,-8.731300934757636,80.89830667296087,-8.73130093475763,80.89830667296086,-8.731300934757565,80.89830667296086,-8.731300934757565
1710000000.0,80.89714015299995,-8.736274950040817,80.89714015299994,-8.736274950040816,80.89714015299994,-8.736274950040917,80.89714015299994,-8.736274950040917
1711000000.0,80.89597298674568,-8.741248732596983,80.89597298674568,-8.741248732596983,80.89597298674552,-8.741248732596986,80.89597298674552,-8.741248732596986
1712000000.0,80.89480517425967,-8.746222282302053,80.89480517425967,-8.746222282302053,80.89480517425977,-8.746222282301973,80.89480517425977,-8.746222282301973
1713000000.0,80.89363671560359,-8.751195599031975,80.89363671560358,-8.751195599031973,80.8936367156039,-8.75119559903223,80.8936367156039,-8.75119559903223
1714000000.0,80.89246761083909,-8.756168682662713,80.89246761083909,-8.756168682662713,80.89246761083912,-8.756168682662667,80.89246761083912,-8.756168682662667
1715000000.0,80.89129786002796,-8.761141533070255,80.89129786002796,-8.761141533070255,80.89129786002805,-8.761141533070367,80.89129786002805,-8.761141533070367
1716000000.0,80.89012746323188,-8.766114150130603,80.89012746323188,-8.766114150130603,80.89012746323162,-8.76611415013048,80.89012746323162,-8.76611415013048
1717000000.0,80.88895642051267,-8.771086533719787,80.88895642051267,-8.771086533719787,80.88895642051259,-8.771086533719687,80.88895642051259,-8.771086533719687
1718000000.0,80.88778473193214,-8.776058683713853,80.88778473193213,-8.776058683713847,80.88778473193216,-8.776058683713826,80.88778473193216,-8.776058683713826
1719000000.0,80.88661239755213,-8.781030599988865,80.88661239755213,-8.78103059998887,80.88661239755218,-8.781030599988835,80.88661239755218,-8.781030599988835
1720000000.0,80.88543941743453,-8.786002282420915,80.88543941743454,-8.786002282420922,80.88543941743465,-8.786002282420842,80.88543941743465,-8.786002282420842
1721000000.0,80.8842657916412,-8.790973730886103,80.8842657916412,-8.790973730886103,80.88426579164135,-8.790973730886178,80.88426579164135,-8.790973730886178
1722000000.0,80.88309152023412,-8.795944945260565,80.8830915202341,-8.795944945260558,80.88309152023439,-8.795944945260722,80.88309152023439,-8.795944945260722
1723000000.0,80.88191660327523,-8.800915925420446,80.88191660327523,-8.800915925420451,80.8819166032751,-8.800915925420316,80.8819166032751,-8.800915925420316
1724000000.0,80.88074104082658,-8.805886671241916,80.88074104082659,-8.805886671241923,80.88074104082655,-8.805886671242025,80.88074104082655,-8.805886671242025
1725000000.0,80.87956483295014,-8.810857182601163,80.87956483295014,-8.810857182601158,80.87956483295017,-8.810857182601143,80.87956483295017,-8.810857182601143
1726000000.0,80.87838797970801,-8.815827459374399,80.87838797970801,-8.815827459374399,80.87838797970784,-8.81582745937416,80.87838797970784,-8.81582745937416
1727000000.0,80.87721048116225,-8.82079750143785,80.87721048116227,-8.820797501437857,80.87721048116231,-8.820797501437784,80.87721048116231,-8.820797501437784
1728000000.0,80.87603233737504,-8.82576730866777,80.87603233737504,-8.825767308667764,80.87603233737497,-8.825767308667725,80.87603233737497,-8.825767308667725
1729000000.0,80.87485354840848,-8.83073688094043,80.87485354840847,-8.830736880940428,80.87485354840842,-8.830736880940469,80.87485354840842,-8.830736880940469
1730000000.0,80.87367411432479,-8.83570621813212,80.87367411432479,-8.83570621813212,80.87367411432473,-8.835706218132144,80.87367411432473,-8.835706218132144
1731000000.0,80.87249403518618,-8.840675320119153,80.87249403518618,-8.840675320119159,80.87249403518638,-8.840675320119288,80.87249403518638,-8.840675320119288
1732000000.0,80.87131331105488,-8.84564418677786,80.87131331105488,-8.84564418677786,80.8713133110547,-8.845644186777958,80.8713133110547,-8.845644186777958
1733000000.0,80.8701319419932,-8.850612817984597,80.8701319419932,-8.850612817984603,80.87013194199324,-8.850612817984741,80.87013194199324,-8.850612817984741
1734000000.0,80.86894992806342,-8.855581213615736,80.86894992806342,-8.855581213615736,80.86894992806317,-8.85558121361556,80.86894992806317,-8.85558121361556
1735000000.0,80.8677672693279,-8.86054937354767,80.8677672693279,-8.860549373547665,80.86776726932767,-8.86054937354745,80.86776726932767,-8.86054937354745
1736000000.0,80.86658396584902,-8.865517297656814,80.86658396584902,-8.865517297656814,80.86658396584912,-8.865517297656664,80.86658396584912,-8.865517297656664
1737000000.0,80.86540001768915,-8.870484985819601,80.86540001768915,-8.870484985819601,80.86540001768918,-8.870484985819534,80.86540001768918,-8.870484985819534
1738000000.0,80.86421542491077,-8.875452437912491,80.86421542491077,-8.875452437912491,80.86421542491057,-8.87545243791219,80.86421542491057,-8.87545243791219
1739000000.0,80.86303018757631,-8.880419653811959,80.86303018757631,-8.880419653811959,80.8630301875763,-8.88041965381205,80.8630301875763,-8.88041965381205
1740000000.0,80.8618443057483,-8.8853866333945,80.8618443057483,-8.885386633394495,80.86184430574859,-8.885386633394676,80.86184430574859,-8.885386633394676
1741000000.0,80.86065777948924,-8.890353376536634,80.86065777948926,-8.890353376536641,80.86065777948923,-8.89035337653668,80.86065777948923,-8.89035337653668
1742000000.0,80.8594706088617,-8.895319883114894,80.8594706088617,-8.895319883114894,80.85947060886204,-8.895319883115082,80.85947060886204,-8.895319883115082
1743000000.0,80.85828279392828,-8.900286153005844,80.85828279392828,-8.900286153005844,80.85828279392844,-8.900286153005917,80.85828279392844,-8.900286153005917
1744000000.0,80.85709433475158,-8.90525218608606,80.85709433475157,-8.905252186086052,80.85709433475142,-8.90525218608598,80.85709433475142,-8.90525218608598
1745000000.0,80.85590523139426,-8.91021798223214,80.85590523139425,-8.910217982232139,80.85590523139422,-8.91021798223233,80.85590523139422,-8.91021798223233
1746000000.0,80.85471548391901,-8.91518354132071,80.85471548391901,-8.91518354132071,80.8547154839187,-8.915183541320483,80.8547154839187,-8.915183541320483
1747000000.0,80.85352509238854,-8.920148863228404,80.85352509238854,-8.920148863228404,80.85352509238864,-8.9201488632284,80.85352509238864,-8.9201488632284
1748000000.0,80.8523340568656,-8.92511394783189,80.8523340568656,-8.92511394783189,80.85233405686562,-8.925113947831774,80.85233405686562,-8.925113947831774
1749000000.0,80.85114237741294,-8.930078795007846,80.85114237741294,-8.930078795007846,80.85114237741317,-8.930078795007791,80.85114237741317,-8.930078795007791
1750000000.0,80.8499500540934,-8.935043404632976,80.84995005409338,-8.935043404632975,80.84995005409347,-8.93504340463299,80.84995005409347,-8.93504340463299
1751000000.0,80.8487570869698,-8.940007776584002,80.84875708696978,-8.940007776584,80.84875708696971,-8.940007776583931,80.84875708696971,-8.940007776583931
1752000000.0,80.84756347610502,-8.944971910737673,80.84756347610502,-8.944971910737673,80.84756347610511,-8.944971910737733,80.84756347610511,-8.944971910737733
1753000000.0,80.84636922156194,-8.949935806970748,80.84636922156194,-8.949935806970743,80.84636922156169,-8.949935806970483,80.84636922156169,-8.949935806970483
1754000000.0,80.84517432340351,-8.954899465160016,80.84517432340351,-8.954899465160016,80.84517432340373,-8.954899465160269,80.84517432340373,-8.954899465160269
1755000000.0,80.8439787816927,-8.959862885182286,80.84397878169268,-8.959862885182284,80.84397878169254,-8.959862885182426,80.84397878169254,-8.959862885182426
1756000000.0,80.84278259649246,-8.964826066914377,80.84278259649246,-8.964826066914371,80.84278259649224,-8.964826066914275,80.84278259649224,-8.964826066914275
1757000000.0,80.84158576786585,-8.969789010233143,80.84158576786587,-8.96978901023315,80.84158576786582,-8.969789010233203,80.84158576786582,-8.969789010233203
1758000000.0,80.84038829587591,-8.974751715015453,80.8403882958759,-8.97475171501545,80.84038829587588,-8.974751715015342,80.84038829587588,-8.974751715015342
1759000000.0,80.83919018058573,-8.979714181138192,80.83919018058573,-8.979714181138192,80.83919018058587,-8.979714181138126,80.83919018058587,-8.979714181138126
1760000000.0,80.83799142205842,-8.984676408478272,80.83799142205842,-8.984676408478277,80.83799142205852,-8.984676408478306,80.83799142205852,-8.984676408478306
1761000000.0,80.83679202035717,-8.989638396912627,80.83679202035715,-8.989638396912625,80.83679202035697,-8.989638396912746,80.83679202035697,-8.989638396912746
1762000000.0,80.83559197554506,-8.9946001463182,80.83559197554504,-8.994600146318204,80.83559197554484,-8.994600146317943,80.83559197554484,-8.994600146317943
1763000000.0,80.83439128768538,-8.999561656571972,80.83439128768536,-8.99956165657197,80.83439128768546,-8.999561656571936,80.83439128768546,-8.999561656571936
1764000000.0,80.83318995684135,-9.004522927550934,80.83318995684135,-9.004522927550934,80.83318995684157,-9.004522927551154,80.83318995684157,-9.004522927551154
1765000000.0,80.83198798307623,-9.009483959132096,80.83198798307622,-9.009483959132089,80.83198798307627,-9.00948395913215,80.83198798307627,-9.00948395913215
1766000000.0,80.83078536645333,-9.014444751192496,80.83078536645333,-9.014444751192501,80.83078536645344,-9.014444751192444,80.83078536645344,-9.014444751192444
1767000000.0,80.82958210703598,-9.019405303609188,80.82958210703598,-9.019405303609188,80.82958210703596,-9.019405303609204,80.82958210703596,-9.019405303609204
1768000000.0,80.82837820488753,-9.02436561625925,80.82837820488753,-9.02436561625925,80.82837820488716,-9.024365616259217,80.82837820488716,-9.024365616259217
1769000000.0,80.82717366007137,-9.029325689019776,80.82717366007137,-9.029325689019776,80.8271736600714,-9.029325689019913,80.8271736600714,-9.029325689019913
1770000000.0,80.82596847265096,-9.03428552176789,80.82596847265094,-9.034285521767888,80.8259684726509,-9.034285521767906,80.8259684726509,-9.034285521767906
1771000000.0,80.82476264268972,-9.039245114380725,80.82476264268972,-9.039245114380725,80.82476264268976,-9.039245114380702,80.82476264268976,-9.039245114380702
1772000000.0,80.82355617025114,-9.044204466735444,80.82355617025114,-9.044204466735444,80.8235561702513,-9.044204466735561,80.8235561702513,-9.044204466735561
1773000000.0,80.82234905539875,-9.049163578709225,80.82234905539876,-9.049163578709232,80.82234905539859,-9.049163578709205,80.82234905539859,-9.049163578709205
1774000000.0,80.82114129819608,-9.05412245017927,80.82114129819608,-9.05412245017927,80.82114129819595,-9.054122450179264,80.82114129819595,-9.054122450179264
1775000000.0,80.81993289870672,-9.059081081022804,80.81993289870672,-9.059081081022804,80.81993289870691,-9.059081081023045,80.81993289870691,-9.059081081023045
1776000000.0,80.81872385699428,-9.064039471117068,80.81872385699428,-9.064039471117068,80.81872385699411,-9.064039471117102,80.81872385699411,-9.064039471117102
1777000000.0,80.81751417312239,-9.068997620339328,80.81751417312239,-9.068997620339328,80.81751417312243,-9.06899762033933,80.81751417312243,-9.06899762033933
1778000000.0,80.81630384715471,-9.073955528566866,80.81630384715471,-9.073955528566866,80.81630384715466,-9.073955528566822,80.81630384715466,-9.073955528566822
1779000000.0,80.81509287915499,-9.078913195676993,80.81509287915499,-9.078913195676993,80.81509287915506,-9.078913195677059,80.81509287915506,-9.078913195677059
1780000000.0,80.81388126918688,-9.08387062154703,80.81388126918688,-9.08387062154703,80.81388126918709,-9.083870621547357,80.81388126918709,-9.083870621547357
1781000000.0,80.81266901731422,-9.088827806054331,80.81266901731422,-9.088827806054331,80.81266901731402,-9.088827806054123,80.81266901731402,-9.088827806054123
1782000000.0,80.81145612360075,-9.09378474907626,80.81145612360075,-9.09378474907626,80.8114561236009,-9.093784749076478,80.8114561236009,-9.093784749076478
1783000000.0,80.81024258811031,-9.098741450490209,80.8102425881103,-9.098741450490202,80.81024258811016,-9.098741450490111,80.81024258811016,-9.098741450490111
1784000000.0,80.80902841090676,-9.103697910173588,80.80902841090676,-9.103697910173588,80.80902841090683,-9.103697910173688,80.80902841090683,-9.103697910173688
1785000000.0,80.80781359205398,-9.10865412800383,80.80781359205398,-9.10865412800383,80.80781359205395,-9.108654128003787,80.80781359205395,-9.108654128003787
1786000000.0,80.8065981316159,-9.113610103858388,80.80659813161589,-9.113610103858386,80.8065981316161,-9.113610103858495,80.8065981316161,-9.113610103858495
1787000000.0,80.80538202965643,-9.118565837614735,80.80538202965644,-9.118565837614742,80.80538202965647,-9.118565837614694,80.80538202965647,-9.118565837614694
1788000000.0,80.80416528623957,-9.123521329150366,80.80416528623957,-9.123521329150366,80.80416528623927,-9.123521329150348,80.80416528623927,-9.123521329150348
1789000000.0,80.80294790142933,-9.128476578342795,80.80294790142933,-9.128476578342795,80.80294790142894,-9.128476578342656,80.80294790142894,-9.128476578342656
1790000000.0,80.80172987528974,-9.133431585069562,80.80172987528972,-9.13343158506956,80.80172987528982,-9.133431585069706,80.80172987528982,-9.133431585069706
1791000000.0,80.80051120788485,-9.138386349208224,80.80051120788485,-9.138386349208224,80.80051120788467,-9.138386349208178,80.80051120788467,-9.138386349208178
1792000000.0,80.79929189927881,-9.143340870636361,80.7992918992788,-9.14334087063636,80.79929189927871,-9.143340870636296,80.79929189927871,-9.143340870636296
1793000000.0,80.7980719495357,-9.148295149231572,80.79807194953568,-9.14829514923157,80.79807194953572,-9.148295149231712,80.79807194953572,-9.148295149231712
1794000000.0,80.7968513587197,-9.153249184871477,80.7968513587197,-9.153249184871477,80.79685135871979,-9.1532491848716,80.79685135871979,-9.1532491848716
1795000000.0,80.795630126895,-9.15820297743372,80.795630126895,-9.15820297743372,80.79563012689486,-9.1582029774336,80.79563012689486,-9.1582029774336
1796000000.0,80.79440825412581,-9.163156526795962,80.79440825412581,-9.163156526795962,80.79440825412576,-9.163156526795987,80.79440825412576,-9.163156526795987
1797000000.0,80.7931857404764,-9.168109832835892,80.79318574047642,-9.1681098328359,80.79318574047652,-9.168109832835892,80.79318574047652,-9.168109832835892
1798000000.0,80.79196258601104,-9.173062895431212,80.79196258601104,-9.173062895431212,80.791962586011,-9.17306289543115,80.791962586011,-9.17306289543115
1799000000.0,80.79073879079404,-9.178015714459647,80.79073879079404,-9.178015714459647,80.79073879079394,-9.178015714459578,80.79073879079394,-9.178015714459578
1800000000.0,80.78951435488976,-9.18296828979895,80.78951435488975,-9.182968289798948,80.78951435488993,-9.182968289798975,80.78951435488993,-9.182968289798975
1801000000.0,80.78828927836254,-9.187920621326885,80.78828927836254,-9.187920621326885,80.78828927836278,-9.187920621326999,80.78828927836278,-9.187920621326999
1802000000.0,80.78706356127681,-9.192872708921243,80.78706356127681,-9.192872708921243,80.78706356127674,-9.192872708921207,80.78706356127674,-9.192872708921207
1803000000.0,80.78583720369701,-9.197824552459837,80.78583720369701,-9.197824552459837,80.78583720369724,-9.197824552459952,80.78583720369724,-9.197824552459952
1804000000.0,80.7846102056876,-9.202776151820501,80.7846102056876,-9.202776151820501,80.78461020568771,-9.202776151820482,80.78461020568771,-9.202776151820482
1805000000.0,80.78338256731307,-9.207727506881085,80.78338256731307,-9.207727506881085,80.7833825673132,-9.207727506881229,80.7833825673132,-9.207727506881229
1806000000.0,80.78215428863793,-9.212678617519463,80.78215428863793,-9.212678617519463,80.78215428863804,-9.212678617519451,80.78215428863804,-9.212678617519451
1807000000.0,80.78092536972677,-9.217629483613537,80.78092536972676,-9.217629483613536,80.78092536972675,-9.217629483613509,80.78092536972675,-9.217629483613509
1808000000.0,80.77969581064416,-9.222580105041217,80.77969581064414,-9.222580105041216,80.77969581064406,-9.222580105041363,80.77969581064406,-9.222580105041363
1809000000.0,80.77846561145472,-9.227530481680448,80.77846561145472,-9.227530481680448,80.77846561145475,-9.227530481680494,80.77846561145475,-9.227530481680494
1810000000.0,80.7772347722231,-9.232480613409184,80.7772347722231,-9.232480613409184,80.77723477222287,-9.232480613408944,80.77723477222287,-9.232480613408944
1811000000.0,80.77600329301396,-9.237430500105408,80.77600329301396,-9.237430500105408,80.7760032930138,-9.237430500105505,80.7760032930138,-9.237430500105505
1812000000.0,80.77477117389202,-9.24238014164712,80.774771173892,-9.242380141647118,80.77477117389226,-9.242380141647219,80.77477117389226,-9.242380141647219
1813000000.0,80.77353841492204,-9.247329537912348,80.77353841492204,-9.247329537912348,80.77353841492207,-9.247329537912327,80.77353841492207,-9.247329537912327
1814000000.0,80.77230501616877,-9.252278688779134,80.77230501616877,-9.252278688779134,80.77230501616863,-9.252278688779,80.77230501616863,-9.252278688779
1815000000.0,80.77107097769701,-9.257227594125542,80.77107097769701,-9.257227594125542,80.77107097769722,-9.257227594125741,80.77107097769722,-9.257227594125741
1816000000.0,80.76983629957158,-9.26217625382966,80.76983629957158,-9.26217625382966,80.76983629957155,-9.262176253829603,80.76983629957155,-9.262176253829603
1817000000.0,80.76860098185738,-9.267124667769599,80.76860098185739,-9.267124667769606,80.7686009818571,-9.26712466776928,80.7686009818571,-9.26712466776928
1818000000.0,80.76736502461924,-9.272072835823485,80.76736502461922,-9.272072835823483,80.7673650246191,-9.272072835823426,80.7673650246191,-9.272072835823426
1819000000.0,80.76612842792215,-9.277020757869472,80.76612842792215,-9.277020757869472,80.76612842792208,-9.277020757869591,80.76612842792208,-9.277020757869591
1820000000.0,80.76489119183101,-9.281968433785732,80.76489119183101,-9.281968433785732,80.76489119183125,-9.281968433785822,80.76489119183125,-9.281968433785822
1821000000.0,80.76365331641082,-9.286915863450456,80.76365331641081,-9.286915863450455,80.7636533164107,-9.286915863450403,80.7636533164107,-9.286915863450403
1822000000.0,80.7624148017266,-9.291863046741863,80.7624148017266,-9.291863046741868,80.76241480172646,-9.291863046741893,80.76241480172646,-9.291863046741893
1823000000.0,80.7611756478434,-9.29680998353819,80.7611756478434,-9.29680998353819,80.76117564784346,-9.296809983538367,80.76117564784346,-9.296809983538367
1824000000.0,80.75993585482625,-9.301756673717685,80.75993585482625,-9.301756673717685,80.7599358548262,-9.301756673717628,80.7599358548262,-9.301756673717628
1825000000.0,80.7586954227403,-9.306703117158635,80.7586954227403,-9.306703117158635,80.75869542274042,-9.306703117158712,80.75869542274042,-9.306703117158712
1826000000.0,80.75745435165068,-9.311649313739341,80.75745435165068,-9.311649313739341,80.75745435165055,-9.311649313739249,80.75745435165055,-9.311649313739249
1827000000.0,80.75621264162251,-9.31659526333812,80.75621264162251,-9.31659526333812,80.75621264162251,-9.316595263338204,80.75621264162251,-9.316595263338204
1828000000.0,80.75497029272104,-9.321540965833321,80.75497029272103,-9.32154096583332,80.75497029272097,-9.321540965833286,80.75497029272097,-9.321540965833286
1829000000.0,80.75372730501147,-9.326486421103306,80.75372730501145,-9.326486421103299,80.75372730501151,-9.326486421103239,80.75372730501151,-9.326486421103239
1830000000.0,80.75248367855905,-9.331431629026458,80.75248367855905,-9.331431629026458,80.75248367855897,-9.331431629026543,80.75248367855897,-9.331431629026543
1831000000.0,80.75123941342906,-9.336376589481189,80.75123941342906,-9.336376589481189,80.75123941342926,-9.336376589481254,80.75123941342926,-9.336376589481254
1832000000.0,80.74999450968684,-9.341321302345925,80.74999450968684,-9.341321302345925,80.74999450968747,-9.34132130234605,80.74999450968747,-9.34132130234605
1833000000.0,80.74874896739772,-9.346265767499116,80.7487489673977,-9.346265767499109,80.74874896739763,-9.346265767499045,80.74874896739763,-9.346265767499045
1834000000.0,80.7475027866271,-9.351209984819237,80.7475027866271,-9.351209984819237,80.74750278662704,-9.351209984819207,80.74750278662704,-9.351209984819207
1835000000.0,80.74625596744032,-9.356153954184775,80.7462559674403,-9.356153954184773,80.74625596744056,-9.35615395418487,80.74625596744056,-9.35615395418487
1836000000.0,80.7450085099029,-9.361097675474253,80.7450085099029,-9.361097675474253,80.74500850990293,-9.361097675474316,80.74500850990293,-9.361097675474316
1837000000.0,80.74376041408024,-9.366041148566199,80.74376041408024,-9.366041148566199,80.74376041408026,-9.366041148566183,80.74376041408026,-9.366041148566183
1838000000.0,80.7425116800379,-9.370984373339175,80.7425116800379,-9.370984373339175,80.742511680038,-9.370984373339356,80.742511680038,-9.370984373339356
1839000000.0,80.74126230784132,-9.375927349671755,80.74126230784131,-9.375927349671754,80.74126230784127,-9.375927349671684,80.74126230784127,-9.375927349671684
1840000000.0,80.74001229755615,-9.38087007744255,80.74001229755613,-9.380870077442548,80.740012297556,-9.380870077442442,80.740012297556,-9.380870077442442
1841000000.0,80.73876164924792,-9.385812556530169,80.7387616492479,-9.385812556530167,80.738761649248,-9.385812556530192,80.738761649248,-9.385812556530192
1842000000.0,80.73751036298226,-9.390754786813265,80.73751036298225,-9.390754786813263,80.73751036298252,-9.39075478681348,80.73751036298252,-9.39075478681348
1843000000.0,80.73625843882485,-9.3956967681705,80.73625843882485,-9.3956967681705,80.73625843882463,-9.395696768170547,80.73625843882463,-9.395696768170547
1844000000.0,80.73500587684131,-9.40063850048056,80.73500587684131,-9.40063850048056,80.73500587684156,-9.400638500480664,80.73500587684156,-9.400638500480664
1845000000.0,80.73375267709741,-9.405579983622157,80.73375267709741,-9.405579983622157,80.73375267709746,-9.405579983622337,80.73375267709746,-9.405579983622337
1846000000.0,80.73249883965883,-9.410521217474013,80.73249883965883,-9.410521217474008,80.73249883965852,-9.410521217473905,80.73249883965852,-9.410521217473905
1847000000.0,80.73124436459139,-9.415462201914888,80.73124436459139,-9.415462201914883,80.73124436459142,-9.415462201915053,80.73124436459142,-9.415462201915053
1848000000.0,80.72998925196084,-9.420402936823546,80.72998925196084,-9.420402936823546,80.72998925196089,-9.420402936823583,80.72998925196089,-9.420402936823583
1849000000.0,80.72873350183306,-9.425343422078791,80.72873350183306,-9.425343422078791,80.72873350183315,-9.42534342207876,80.72873350183315,-9.42534342207876
1850000000.0,80.72747711427385,-9.430283657559428,80.72747711427385,-9.430283657559428,80.7274771142741,-9.430283657559544,80.7274771142741,-9.430283657559544
1851000000.0,80.72622008934916,-9.435223643144306,80.72622008934916,-9.435223643144301,80.7262200893491,-9.435223643144331,80.7262200893491,-9.435223643144331
1852000000.0,80.72496242712485,-9.440163378712276,80.72496242712484,-9.440163378712274,80.72496242712532,-9.440163378712455,80.72496242712532,-9.440163378712455
1853000000.0,80.72370412766692,-9.445102864142223,80.7237041276669,-9.445102864142221,80.72370412766713,-9.445102864142205,80.72370412766713,-9.445102864142205
1854000000.0,80.72244519104133,-9.450042099313048,80.72244519104133,-9.450042099313048,80.72244519104122,-9.450042099313013,80.72244519104122,-9.450042099313013
1855000000.0,80.72118561731408,-9.454981084103675,80.72118561731406,-9.454981084103673,80.72118561731433,-9.454981084103913,80.72118561731433,-9.454981084103913
1856000000.0,80.71992540655121,-9.45991981839305,80.71992540655121,-9.45991981839305,80.71992540655106,-9.459919818393029,80.71992540655106,-9.459919818393029
1857000000.0,80.7186645588188,-9.464858302060138,80.7186645588188,-9.464858302060138,80.71866455881899,-9.464858302060208,80.71866455881899,-9.464858302060208
1858000000.0,80.71740307418295,-9.469796534983935,80.71740307418295,-9.469796534983935,80.717403074183,-9.4697965349839,80.717403074183,-9.4697965349839
1859000000.0,80.71614095270978,-9.47473451704344,80.71614095270978,-9.474734517043435,80.71614095270995,-9.47473451704351,80.71614095270995,-9.47473451704351
1860000000.0,80.71487819446547,-9.479672248117701,80.71487819446547,-9.479672248117701,80.71487819446565,-9.479672248117803,80.71487819446565,-9.479672248117803
1861000000.0,80.71361479951618,-9.484609728085758,80.71361479951617,-9.484609728085756,80.71361479951636,-9.484609728085847,80.71361479951636,-9.484609728085847
1862000000.0,80.71235076792814,-9.489546956826695,80.71235076792813,-9.489546956826693,80.71235076792811,-9.48954695682658,80.71235076792811,-9.48954695682658
1863000000.0,80.71108609976761,-9.494483934219605,80.71108609976761,-9.494483934219605,80.7110860997677,-9.49448393421963,80.7110860997677,-9.49448393421963
1864000000.0,80.70982079510085,-9.49942066014361,80.70982079510085,-9.49942066014361,80.70982079510121,-9.499420660143775,80.70982079510121,-9.499420660143775
1865000000.0,80.7085548539942,-9.50435713447785,80.7085548539942,-9.50435713447785,80.70855485399447,-9.504357134477997,80.70855485399447,-9.504357134477997
1866000000.0,80.70728827651398,-9.50929335710149,80.70728827651398,-9.509293357101495,80.70728827651394,-9.509293357101445,80.70728827651394,-9.509293357101445
1867000000.0,80.70602106272653,-9.514229327893707,80.70602106272653,-9.514229327893707,80.70602106272645,-9.514229327893634,80.70602106272645,-9.514229327893634
1868000000.0,80.70475321269832,-9.519165046733717,80.70475321269832,-9.519165046733717,80.70475321269856,-9.519165046734,80.70475321269856,-9.519165046734
1869000000.0,80.70348472649572,-9.52410051350074,80.7034847264957,-9.524100513500732,80.70348472649589,-9.524100513500878,80.70348472649589,-9.524100513500878
1870000000.0,80.7022156041852,-9.52903572807403,80.7022156041852,-9.52903572807403,80.70221560418508,-9.529035728073824,80.70221560418508,-9.529035728073824
1871000000.0,80.70094584583326,-9.533970690332858,80.70094584583326,-9.533970690332858,80.70094584583339,-9.533970690332989,80.70094584583339,-9.533970690332989
1872000000.0,80.69967545150641,-9.538905400156514,80.69967545150641,-9.538905400156514,80.69967545150651,-9.538905400156652,80.69967545150651,-9.538905400156652
1873000000.0,80.69840442127122,-9.543839857424318,80.69840442127122,-9.543839857424318,80.69840442127136,-9.543839857424448,80.69840442127136,-9.543839857424448
1874000000.0,80.69713275519425,-9.548774062015607,80.69713275519425,-9.548774062015607,80.69713275519423,-9.54877406201565,80.69713275519423,-9.54877406201565
1875000000.0,80.6958604533421,-9.553708013809732,80.6958604533421,-9.553708013809732,80.69586045334202,-9.553708013809667,80.69586045334202,-9.553708013809667
1876000000.0,80.69458751578144,-9.558641712686084,80.69458751578144,-9.55864171268609,80.69458751578138,-9.558641712686125,80.69458751578138,-9.558641712686125
1877000000.0,80.69331394257891,-9.563575158524058,80.69331394257891,-9.563575158524058,80.69331394257888,-9.56357515852408,80.69331394257888,-9.56357515852408
1878000000.0,80.69203973380124,-9.568508351203082,80.69203973380124,-9.568508351203082,80.69203973380115,-9.568508351203203,80.69203973380115,-9.568508351203203
1879000000.0,80.6907648895151,-9.573441290602597,80.6907648895151,-9.573441290602597,80.69076488951492,-9.573441290602627,80.69076488951492,-9.573441290602627
1880000000.0,80.6894894097873,-9.578373976602077,80.6894894097873,-9.578373976602077,80.68948940978729,-9.578373976602084,80.68948940978729,-9.578373976602084
1881000000.0,80.68821329468462,-9.58330640908101,80.68821329468462,-9.58330640908101,80.68821329468481,-9.583306409081183,80.68821329468481,-9.583306409081183
1882000000.0,80.68693654427386,-9.588238587918905,80.68693654427386,-9.588238587918905,80.68693654427393,-9.588238587918932,80.68693654427393,-9.588238587918932
1883000000.0,80.68565915862187,-9.593170512995298,80.68565915862187,-9.593170512995298,80.68565915862153,-9.593170512995064,80.68565915862153,-9.593170512995064
1884000000.0,80.68438113779555,-9.598102184189743,80.68438113779555,-9.598102184189743,80.68438113779575,-9.598102184189765,80.68438113779575,-9.598102184189765
1885000000.0,80.6831024818618,-9.603033601381819,80.68310248186178,-9.603033601381812,80.68310248186197,-9.603033601381918,80.68310248186197,-9.603033601381918
1886000000.0,80.68182319088753,-9.607964764451127,80.68182319088753,-9.607964764451127,80.68182319088751,-9.607964764451069,80.68182319088751,-9.607964764451069
1887000000.0,80.68054326493974,-9.612895673277283,80.68054326493974,-9.612895673277283,80.68054326493973,-9.612895673277281,80.68054326493973,-9.612895673277281
1888000000.0,80.67926270408539,-9.617826327739932,80.67926270408539,-9.617826327739932,80.67926270408537,-9.617826327739836,80.67926270408537,-9.617826327739836
1889000000.0,80.67798150839157,-9.622756727718741,80.67798150839157,-9.622756727718746,80.67798150839164,-9.622756727718865,80.67798150839164,-9.622756727718865
1890000000.0,80.67669967792526,-9.627686873093397,80.67669967792526,-9.627686873093397,80.67669967792528,-9.627686873093367,80.67669967792528,-9.627686873093367
1891000000.0,80.67541721275359,-9.632616763743606,80.67541721275359,-9.632616763743606,80.67541721275339,-9.632616763743487,80.67541721275339,-9.632616763743487
1892000000.0,80.67413411294368,-9.637546399549105,80.67413411294368,-9.637546399549105,80.67413411294395,-9.637546399549315,80.67413411294395,-9.637546399549315
1893000000.0,80.67285037856264,-9.642475780389638,80.67285037856263,-9.642475780389637,80.6728503785629,-9.642475780389814,80.6728503785629,-9.642475780389814
1894000000.0,80.67156600967769,-9.647404906144988,80.67156600967769,-9.647404906144988,80.67156600967765,-9.647404906144862,80.67156600967765,-9.647404906144862
1895000000.0,80.67028100635599,-9.652333776694947,80.67028100635599,-9.652333776694947,80.67028100635584,-9.652333776694912,80.67028100635584,-9.652333776694912
1896000000.0,80.66899536866482,-9.657262391919339,80.66899536866481,-9.657262391919332,80.66899536866488,-9.657262391919431,80.66899536866488,-9.657262391919431
1897000000.0,80.66770909667142,-9.662190751697999,80.66770909667142,-9.662190751697999,80.6677090966714,-9.66219075169809,80.6677090966714,-9.66219075169809
1898000000.0,80.66642219044309,-9.667118855910793,80.66642219044309,-9.667118855910793,80.66642219044297,-9.667118855910669,80.66642219044297,-9.667118855910669
1899000000.0,80.66513465004711,-9.672046704437602,80.66513465004711,-9.672046704437602,80.66513465004678,-9.672046704437548,80.66513465004678,-9.672046704437548
1900000000.0,80.66384647555091,-9.676974297158344,80.66384647555091,-9.676974297158344,80.66384647555125,-9.676974297158498,80.66384647555125,-9.676974297158498
1901000000.0,80.66255766702182,-9.681901633952933,80.66255766702182,-9.681901633952933,80.66255766702203,-9.681901633953041,80.66255766702203,-9.681901633953041
1902000000.0,80.66126822452726,-9.686828714701333,80.66126822452726,-9.686828714701333,80.66126822452742,-9.686828714701424,80.66126822452742,-9.686828714701424
1903000000.0,80.65997814813471,-9.69175553928351,80.65997814813471,-9.69175553928351,80.65997814813466,-9.691755539283607,80.65997814813466,-9.691755539283607
1904000000.0,80.6586874379116,-9.696682107579464,80.65868743791161,-9.696682107579472,80.65868743791141,-9.696682107579353,80.65868743791141,-9.696682107579353
1905000000.0,80.65739609392544,-9.701608419469208,80.65739609392543,-9.701608419469206,80.65739609392553,-9.701608419469228,80.65739609392553,-9.701608419469228
1906000000.0,80.65610411624377,-9.706534474832784,80.65610411624377,-9.706534474832784,80.65610411624384,-9.706534474832935,80.65610411624384,-9.706534474832935
1907000000.0,80.65481150493414,-9.711460273550252,80.65481150493414,-9.711460273550252,80.65481150493427,-9.711460273550305,80.65481150493427,-9.711460273550305
1908000000.0,80.65351826006415,-9.716385815501695,80.65351826006415,-9.7163858155017,80.65351826006398,-9.71638581550165,80.65351826006398,-9.71638581550165
1909000000.0,80.65222438170143,-9.721311100567224,80.65222438170143,-9.721311100567224,80.65222438170157,-9.721311100567277,80.65222438170157,-9.721311100567277
1910000000.0,80.65092986991358,-9.72623612862696,80.65092986991358,-9.726236128626965,80.65092986991343,-9.726236128626867,80.65092986991343,-9.726236128626867
1911000000.0,80.64963472476835,-9.731160899561058,80.64963472476833,-9.731160899561056,80.64963472476856,-9.731160899561122,80.64963472476856,-9.731160899561122
1912000000.0,80.6483389463334,-9.736085413249688,80.64833894633338,-9.736085413249693,80.64833894633321,-9.73608541324963,80.64833894633321,-9.73608541324963
1913000000.0,80.64704253467647,-9.741009669573046,80.64704253467646,-9.741009669573039,80.64704253467644,-9.741009669573131,80.64704253467644,-9.741009669573131
1914000000.0,80.64574548986538,-9.745933668411345,80.64574548986538,-9.745933668411345,80.64574548986523,-9.745933668411348,80.64574548986523,-9.745933668411348
1915000000.0,80.64444781196786,-9.750857409644832,80.64444781196785,-9.75085740964483,80.64444781196767,-9.750857409644775,80.64444781196767,-9.750857409644775
1916000000.0,80.64314950105178,-9.755780893153757,80.64314950105178,-9.755780893153757,80.64314950105197,-9.755780893153847,80.64314950105197,-9.755780893153847
1917000000.0,80.64185055718497,-9.760704118818408,80.64185055718495,-9.760704118818406,80.6418505571848,-9.760704118818355,80.6418505571848,-9.760704118818355
1918000000.0,80.64055098043532,-9.76562708651909,80.64055098043532,-9.765627086519096,80.64055098043517,-9.76562708651895,80.64055098043517,-9.76562708651895
1919000000.0,80.63925077087077,-9.770549796136136,80.63925077087077,-9.770549796136136,80.63925077087093,-9.770549796136217,80.63925077087093,-9.770549796136217
1920000000.0,80.63794992855925,-9.775472247549889,80.63794992855925,-9.775472247549889,80.63794992855928,-9.775472247549848,80.63794992855928,-9.775472247549848
1921000000.0,80.63664845356875,-9.780394440640721,80.63664845356875,-9.780394440640721,80.63664845356925,-9.78039444064087,80.63664845356925,-9.78039444064087
1922000000.0,80.63534634596722,-9.785316375289028,80.63534634596722,-9.785316375289028,80.63534634596698,-9.785316375289037,80.63534634596698,-9.785316375289037
1923000000.0,80.63404360582277,-9.79023805137523,80.63404360582277,-9.79023805137523,80.634043605823,-9.790238051375438,80.634043605823,-9.790238051375438
1924000000.0,80.6327402332034,-9.795159468779758,80.6327402332034,-9.795159468779763,80.63274023320346,-9.795159468779822,80.63274023320346,-9.795159468779822
1925000000.0,80.63143622817725,-9.800080627383082,80.63143622817725,-9.800080627383082,80.63143622817708,-9.80008062738308,80.63143622817708,-9.80008062738308
1926000000.0,80.6301315908124,-9.805001527065675,80.63013159081238,-9.805001527065674,80.63013159081241,-9.805001527065656,80.63013159081241,-9.805001527065656
1927000000.0,80.62882632117703,-9.809922167708052,80.62882632117703,-9.809922167708052,80.62882632117699,-9.809922167708041,80.62882632117699,-9.809922167708041
1928000000.0,80.6275204193393,-9.814842549190734,80.6275204193393,-9.814842549190734,80.6275204193394,-9.814842549190818,80.6275204193394,-9.814842549190818
1929000000.0,80.62621388536745,-9.819762671394278,80.62621388536745,-9.819762671394278,80.62621388536738,-9.819762671394257,80.62621388536738,-9.819762671394257
1930000000.0,80.6249067193297,-9.824682534199248,80.62490671932969,-9.824682534199246,80.62490671932979,-9.824682534199368,80.62490671932979,-9.824682534199368
1931000000.0,80.62359892129432,-9.829602137486246,80.62359892129432,-9.829602137486246,80.62359892129454,-9.82960213748641,80.62359892129454,-9.82960213748641
1932000000.0,80.62229049132958,-9.834521481135882,80.62229049132957,-9.834521481135875,80.62229049132947,-9.834521481135843,80.62229049132947,-9.834521481135843
1933000000.0,80.62098142950389,-9.839440565028802,80.62098142950389,-9.839440565028802,80.62098142950396,-9.839440565028847,80.62098142950396,-9.839440565028847
1934000000.0,80.61967173588552,-9.844359389045666,80.6196717358855,-9.844359389045659,80.61967173588538,-9.844359389045652,80.61967173588538,-9.844359389045652
1935000000.0,80.6183614105429,-9.849277953067157,80.6183614105429,-9.849277953067162,80.61836141054273,-9.849277953067197,80.61836141054273,-9.849277953067197
1936000000.0,80.61705045354444,-9.854196256973982,80.61705045354444,-9.854196256973982,80.6170504535445,-9.85419625697414,80.6170504535445,-9.85419625697414
1937000000.0,80.61573886495859,-9.859114300646869,80.61573886495859,-9.859114300646869,80.61573886495873,-9.859114300646983,80.61573886495873,-9.859114300646983
1938000000.0,80.61442664485381,-9.864032083966567,80.61442664485381,-9.864032083966567,80.61442664485392,-9.864032083966613,80.61442664485392,-9.864032083966613
1939000000.0,80.61311379329862,-9.868949606813858,80.61311379329861,-9.868949606813851,80.61311379329842,-9.868949606813777,80.61311379329842,-9.868949606813777
1940000000.0,80.61180031036155,-9.873866869069529,80.61180031036155,-9.873866869069529,80.61180031036149,-9.873866869069476,80.61180031036149,-9.873866869069476
1941000000.0,80.61048619611114,-9.878783870614402,80.61048619611114,-9.878783870614402,80.61048619611074,-9.878783870614265,80.61048619611074,-9.878783870614265
1942000000.0,80.60917145061603,-9.883700611329319,80.60917145061603,-9.883700611329319,80.60917145061575,-9.88370061132919,80.60917145061575,-9.88370061132919
1943000000.0,80.6078560739448,-9.888617091095142,80.6078560739448,-9.888617091095142,80.60785607394469,-9.888617091095108,80.60785607394469,-9.888617091095108
1944000000.0,80.6065400661661,-9.893533309792753,80.6065400661661,-9.893533309792758,80.60654006616603,-9.893533309792678,80.60654006616603,-9.893533309792678
1945000000.0,80.60522342734863,-9.898449267303066,80.60522342734863,-9.898449267303066,80.60522342734872,-9.898449267303004,80.60522342734872,-9.898449267303004
1946000000.0,80.6039061575611,-9.903364963507006,80.6039061575611,-9.903364963507006,80.6039061575608,-9.903364963506746,80.6039061575608,-9.903364963506746
1947000000.0,80.60258825687225,-9.908280398285532,80.60258825687224,-9.90828039828553,80.60258825687221,-9.908280398285521,80.60258825687221,-9.908280398285521
1948000000.0,80.60126972535083,-9.913195571519617,80.60126972535083,-9.913195571519617,80.6012697253509,-9.913195571519616,80.6012697253509,-9.913195571519616
1949000000.0,80.59995056306566,-9.91811048309026,80.59995056306565,-9.918110483090258,80.59995056306548,-9.91811048309018,80.59995056306548,-9.91811048309018
1950000000.0,80.59863077008553,-9.923025132878475,80.59863077008552,-9.923025132878474,80.59863077008526,-9.923025132878427,80.59863077008526,-9.923025132878427
1951000000.0,80.59731034647933,-9.927939520765312,80.59731034647933,-9.927939520765312,80.59731034647933,-9.927939520765225,80.59731034647933,-9.927939520765225
1952000000.0,80.59598929231593,-9.932853646631832,80.59598929231592,-9.932853646631825,80.59598929231576,-9.932853646631681,80.59598929231576,-9.932853646631681
1953000000.0,80.59466760766426,-9.93776751035913,80.59466760766425,-9.937767510359123,80.59466760766439,-9.937767510359151,80.59466760766439,-9.937767510359151
1954000000.0,80.59334529259326,-9.94268111182831,80.59334529259324,-9.942681111828309,80.5933452925933,-9.942681111828445,80.5933452925933,-9.942681111828445
1955000000.0,80.59202234717186,-9.947594450920507,80.59202234717186,-9.947594450920507,80.59202234717198,-9.947594450920528,80.59202234717198,-9.947594450920528
1956000000.0,80.5906987714691,-9.952507527516872,80.5906987714691,-9.952507527516872,80.59069877146918,-9.952507527516971,80.59069877146918,-9.952507527516971
1957000000.0,80.58937456555402,-9.95742034149859,80.58937456555402,-9.957420341498596,80.58937456555437,-9.957420341498795,80.58937456555437,-9.957420341498795
1958000000.0,80.58804972949567,-9.962332892746858,80.58804972949567,-9.962332892746858,80.5880497294957,-9.962332892746817,80.5880497294957,-9.962332892746817
1959000000.0,80.58672426336314,-9.967245181142902,80.58672426336314,-9.967245181142907,80.58672426336304,-9.967245181142866,80.58672426336304,-9.967245181142866
1960000000.0,80.58539816722555,-9.972157206567964,80.58539816722555,-9.972157206567964,80.58539816722543,-9.972157206568033,80.58539816722543,-9.972157206568033
1961000000.0,80.58407144115202,-9.977068968903312,80.584071441152,-9.97706896890331,80.58407144115175,-9.977068968903104,80.58407144115175,-9.977068968903104
1962000000.0,80.58274408521174,-9.98198046803024,80.58274408521174,-9.981980468030246,80.58274408521152,-9.981980468030027,80.58274408521152,-9.981980468030027
1963000000.0,80.58141609947394,-9.98689170383006,80.58141609947394,-9.98689170383006,80.58141609947414,-9.98689170383013,80.58141609947414,-9.98689170383013
1964000000.0,80.58008748400785,-9.99180267618411,80.58008748400785,-9.99180267618411,80.58008748400789,-9.991802676184202,80.58008748400789,-9.991802676184202
1965000000.0,80.5787582388827,-9.996713384973745,80.5787582388827,-9.996713384973745,80.57875823888263,-9.996713384973761,80.57875823888263,-9.996713384973761
1966000000.0,80.57742836416782,-10.00162383008035,80.57742836416782,-10.00162383008035,80.57742836416831,-10.001623830080598,80.57742836416831,-10.001623830080598
1967000000.0,80.57609785993252,-10.006534011385328,80.5760978599325,-10.006534011385327,80.57609785993246,-10.00653401138533,80.57609785993246,-10.00653401138533
1968000000.0,80.57476672624614,-10.0114439287701,80.57476672624615,-10.011443928770108,80.57476672624615,-10.0114439287701,80.57476672624615,-10.0114439287701
1969000000.0,80.57343496317807,-10.016353582116128,80.57343496317806,-10.016353582116126,80.57343496317793,-10.016353582115975,80.57343496317793,-10.016353582115975
1970000000.0,80.57210257079774,-10.021262971304871,80.57210257079774,-10.021262971304871,80.5721025707977,-10.021262971304964,80.5721025707977,-10.021262971304964
1971000000.0,80.57076954917454,-10.026172096217831,80.57076954917454,-10.026172096217826,80.5707695491748,-10.026172096217959,80.5707695491748,-10.026172096217959
1972000000.0,80.56943589837799,-10.031080956736524,80.56943589837798,-10.031080956736517,80.56943589837793,-10.031080956736327,80.56943589837793,-10.031080956736327
1973000000.0,80.56810161847756,-10.035989552742487,80.56810161847756,-10.035989552742487,80.56810161847764,-10.035989552742565,80.56810161847764,-10.035989552742565
1974000000.0,80.56676670954276,-10.040897884117285,80.56676670954275,-10.04089788411729,80.56676670954255,-10.040897884117125,80.56676670954255,-10.040897884117125
1975000000.0,80.56543117164316,-10.045805950742498,80.56543117164316,-10.045805950742498,80.56543117164343,-10.045805950742698,80.56543117164343,-10.045805950742698
1976000000.0,80.56409500484835,-10.050713752499746,80.56409500484835,-10.050713752499746,80.56409500484833,-10.050713752499693,80.56409500484833,-10.050713752499693
1977000000.0,80.56275820922798,-10.05562128927065,80.56275820922798,-10.05562128927065,80.56275820922771,-10.055621289270473,80.56275820922771,-10.055621289270473
1978000000.0,80.5614207848516,-10.060528560936868,80.5614207848516,-10.060528560936868,80.56142078485163,-10.060528560936998,80.56142078485163,-10.060528560936998
1979000000.0,80.56008273178897,-10.065435567380073,80.56008273178895,-10.06543556738007,80.56008273178877,-10.065435567379907,80.56008273178877,-10.065435567379907
1980000000.0,80.55874405010972,-10.070342308481967,80.55874405010972,-10.070342308481967,80.55874405010962,-10.070342308481921,80.55874405010962,-10.070342308481921
1981000000.0,80.55740473988362,-10.075248784124264,80.55740473988362,-10.075248784124264,80.55740473988364,-10.075248784124206,80.55740473988364,-10.075248784124206
1982000000.0,80.55606480118043,-10.080154994188723,80.55606480118043,-10.080154994188728,80.55606480118054,-10.08015499418887,80.55606480118054,-10.08015499418887
1983000000.0,80.55472423406991,-10.085060938557097,80.55472423406991,-10.085060938557097,80.55472423406958,-10.085060938556925,80.55472423406958,-10.085060938556925
1984000000.0,80.55338303862189,-10.089966617111184,80.55338303862187,-10.089966617111182,80.55338303862182,-10.089966617111049,80.55338303862182,-10.089966617111049
1985000000.0,80.55204121490623,-10.094872029732795,80.55204121490623,-10.094872029732795,80.55204121490631,-10.094872029732866,80.55204121490631,-10.094872029732866
1986000000.0,80.55069876299278,-10.099777176303764,80.55069876299278,-10.099777176303764,80.55069876299264,-10.099777176303638,80.55069876299264,-10.099777176303638
1987000000.0,80.54935568295144,-10.104682056705952,80.54935568295144,-10.104682056705952,80.5493556829517,-10.104682056706187,80.5493556829517,-10.104682056706187
1988000000.0,80.54801197485216,-10.109586670821239,80.54801197485216,-10.109586670821239,80.54801197485247,-10.1095866708214,80.54801197485247,-10.1095866708214
1989000000.0,80.54666763876489,-10.114491018531528,80.54666763876489,-10.114491018531528,80.54666763876502,-10.11449101853156,80.54666763876502,-10.11449101853156
1990000000.0,80.54532267475963,-10.119395099718748,80.54532267475962,-10.119395099718746,80.5453226747597,-10.11939509971872,80.5453226747597,-10.11939509971872
1991000000.0,80.54397708290638,-10.124298914264847,80.54397708290638,-10.124298914264852,80.54397708290654,-10.124298914264955,80.54397708290654,-10.124298914264955
1992000000.0,80.5426308632752,-10.129202462051799,80.5426308632752,-10.129202462051799,80.54263086327506,-10.129202462051728,80.54263086327506,-10.129202462051728
1993000000.0,80.54128401593616,-10.134105742961594,80.54128401593616,-10.134105742961594,80.54128401593577,-10.134105742961612,80.54128401593577,-10.134105742961612
1994000000.0,80.53993654095936,-10.139008756876262,80.53993654095936,-10.139008756876262,80.53993654095957,-10.139008756876313,80.53993654095957,-10.139008756876313
1995000000.0,80.53858843841496,-10.143911503677833,80.53858843841496,-10.143911503677833,80.5385884384149,-10.143911503677941,80.5385884384149,-10.143911503677941
1996000000.0,80.53723970837306,-10.148813983248374,80.53723970837306,-10.148813983248374,80.53723970837297,-10.148813983248374,80.53723970837297,-10.148813983248374
1997000000.0,80.53589035090393,-10.153716195469974,80.53589035090393,-10.153716195469979,80.53589035090405,-10.153716195469995,80.53589035090405,-10.153716195469995
1998000000.0,80.53454036607775,-10.158618140224746,80.53454036607775,-10.158618140224746,80.53454036607765,-10.158618140224675,80.53454036607765,-10.158618140224675
1999000000.0,80.53318975396475,-10.163519817394812,80.53318975396475,-10.163519817394812,80.53318975396444,-10.163519817394803,80.53318975396444,-10.163519817394803
2000000000.0,80.53183851463524,-10.168421226862336,80.53183851463524,-10.168421226862336,80.53183851463544,-10.168421226862394,80.53183851463544,-10.168421226862394
